# Blender 4.5.1 LTS
# www.blender.org
mtllib Building_02.mtl
o Untitled
v -1.100000 -0.000000 -1.700000
v 1.100000 -0.000000 -1.700000
v -1.100000 0.100000 -1.700000
v 1.100000 0.100000 -1.700000
v -0.700000 4.300000 -1.700000
v -0.400000 4.300000 -1.700000
v -1.250000 4.400000 -1.700001
v 1.250000 4.400000 -1.700001
v -0.700000 4.500000 -1.700000
v -0.400000 4.500000 -1.700000
v -1.250000 4.700000 -1.700001
v 1.250000 4.700000 -1.700001
v -1.400000 8.000000 -1.700001
v 1.400000 8.000000 -1.700001
v -1.400000 8.100000 -1.700001
v 1.400000 8.100000 -1.700001
v -1.300000 4.000000 -1.600001
v 1.300000 4.000000 -1.600001
v -0.400000 4.300000 -1.600001
v 1.200000 4.400000 -1.600001
v -0.700000 4.300000 -1.600001
v -1.400000 4.400000 -1.600000
v -1.300000 4.400000 -1.600000
v -1.200000 4.400000 -1.600000
v 1.300000 4.400000 -1.600000
v 1.400000 4.400000 -1.600000
v -0.700000 4.500000 -1.600001
v -0.400000 4.500000 -1.600000
v -1.200000 4.600000 -1.600001
v 1.200000 4.600000 -1.600000
v -1.400000 4.700000 -1.600000
v -1.300000 4.700000 -1.600000
v -1.200000 4.700000 -1.600000
v 1.200000 4.700000 -1.600000
v 1.300000 4.700000 -1.600000
v 1.400000 4.700000 -1.600000
v -1.100000 7.000000 -1.600001
v -1.000000 7.000000 -1.600001
v 1.000000 7.000000 -1.600001
v 1.100000 7.000000 -1.600001
v -0.700000 7.200000 -1.600001
v -0.600000 7.200000 -1.600001
v 0.600000 7.200000 -1.600001
v 0.700000 7.200000 -1.600001
v -0.300000 7.400000 -1.600001
v -0.200000 7.400000 -1.600001
v 0.200000 7.400000 -1.600001
v 0.300000 7.400000 -1.600001
v -1.100000 7.900000 -1.600001
v -1.000000 7.900000 -1.600001
v 1.000000 7.900000 -1.600001
v 1.100000 7.900000 -1.600001
v -1.300000 8.000000 -1.600001
v -1.200000 7.900000 -1.600001
v -0.700000 7.900000 -1.600001
v -0.600000 7.900000 -1.600001
v -0.300000 7.900000 -1.600001
v -0.200000 7.900000 -1.600001
v 0.200000 7.900000 -1.600001
v 0.300000 7.900000 -1.600001
v 0.600000 7.900000 -1.600001
v 0.700000 7.900000 -1.600001
v 1.200000 7.900000 -1.600001
v 1.300000 8.000000 -1.600001
v -1.300000 8.100000 -1.600001
v 1.300000 8.100000 -1.600001
v -1.300000 8.200000 -1.600001
v 1.300000 8.200000 -1.600001
v -1.200000 -0.000000 -1.500000
v -1.100000 -0.000000 -1.500000
v 1.100000 -0.000000 -1.500000
v 1.200000 -0.000000 -1.500000
v -1.200000 0.100000 -1.500000
v -1.100000 0.100000 -1.500000
v 1.100000 0.100000 -1.500000
v 1.200000 0.100000 -1.500000
v 0.400000 0.600000 -1.500000
v 0.700000 0.600000 -1.500000
v 0.400000 0.800000 -1.500000
v 0.700000 0.800000 -1.500000
v 1.200000 0.800000 -1.500000
v -1.000000 1.200000 -1.500000
v -0.900000 1.200000 -1.500000
v -0.400000 1.200000 -1.500000
v -0.300000 1.200000 -1.500000
v 0.300000 1.200000 -1.500000
v 0.400000 1.200000 -1.500000
v 0.700000 1.200000 -1.500000
v 0.900000 1.200000 -1.500000
v 1.000000 1.200000 -1.500000
v 1.200000 1.200000 -1.500000
v -1.200000 1.800000 -1.500000
v -1.000000 1.800000 -1.500000
v -0.900000 1.800000 -1.500000
v -0.400000 1.800000 -1.500000
v -0.300000 1.800000 -1.500000
v 0.300000 1.800000 -1.500000
v 0.400000 1.800000 -1.500000
v 0.900000 1.800000 -1.500000
v 1.000000 1.800000 -1.500000
v 1.200000 1.800000 -1.500000
v -1.200000 1.900000 -1.500000
v 1.200000 1.900000 -1.500000
v -1.200000 2.000000 -1.500000
v -0.900000 2.000000 -1.500000
v -1.200000 2.400000 -1.500000
v -0.900000 2.400000 -1.500000
v -0.300000 3.000000 -1.500000
v 0.000000 3.000000 -1.500000
v -0.300000 3.200000 -1.500000
v 0.000000 3.200000 -1.500000
v 0.100000 3.200000 -1.500000
v 0.400000 3.200000 -1.500000
v 0.100000 3.400000 -1.500000
v 0.400000 3.400000 -1.500000
v -1.200000 3.800000 -1.500000
v -1.000000 3.800000 -1.500000
v -0.900000 3.800000 -1.500000
v -0.500000 3.800000 -1.500000
v -0.200000 3.800000 -1.500000
v 0.200000 3.800000 -1.500000
v 0.500000 3.800000 -1.500000
v 0.900000 3.800000 -1.500000
v 1.000000 3.800000 -1.500000
v 1.200000 3.800000 -1.500000
v -1.200000 4.000000 -1.500000
v -1.000000 4.000000 -1.500000
v -0.900000 4.000000 -1.500000
v -0.500000 4.000000 -1.500000
v -0.200000 4.000000 -1.500000
v 0.200000 4.000000 -1.500000
v 0.500000 4.000000 -1.500000
v 0.900000 4.000000 -1.500000
v 1.000000 4.000000 -1.500000
v 1.200000 4.000000 -1.500000
v -1.400000 -0.000000 -1.400000
v -1.200000 -0.000000 -1.400000
v 1.200000 -0.000000 -1.400000
v 1.400000 -0.000000 -1.400000
v -1.400000 0.100000 -1.400000
v -1.200000 0.100000 -1.400000
v -1.100000 0.100000 -1.400000
v 1.100000 0.100000 -1.400000
v 1.200000 0.100000 -1.400000
v 1.400000 0.100000 -1.400000
v 0.400000 0.600000 -1.400000
v 0.700000 0.600000 -1.400000
v 1.100000 0.800000 -1.400000
v 0.400000 0.800000 -1.400000
v 0.700000 0.800000 -1.400000
v -1.000000 1.200000 -1.400000
v -0.900000 1.200000 -1.400000
v -0.400000 1.200000 -1.400000
v -0.300000 1.200000 -1.400000
v 0.300000 1.200000 -1.400000
v 0.400000 1.200000 -1.400000
v 0.700000 1.200000 -1.400000
v 0.900000 1.200000 -1.400000
v 1.000000 1.200000 -1.400000
v 1.100000 1.200000 -1.400000
v 0.400000 1.800000 -1.400000
v -1.100000 1.800000 -1.400000
v -1.000000 1.800000 -1.400000
v -0.900000 1.800000 -1.400000
v -0.400000 1.800000 -1.400000
v -0.300000 1.800000 -1.400000
v 0.300000 1.800000 -1.400000
v 0.900000 1.800000 -1.400000
v 1.000000 1.800000 -1.400000
v 1.100000 1.800000 -1.400000
v -1.100000 1.900000 -1.400000
v 1.100000 1.900000 -1.400000
v -1.100000 2.000000 -1.400000
v -0.900000 2.000000 -1.400000
v -1.100000 2.400000 -1.400000
v -0.900000 2.400000 -1.400000
v -0.300000 3.000000 -1.400000
v 0.000000 3.000000 -1.400000
v -0.300000 3.200000 -1.400000
v 0.000000 3.200000 -1.400000
v 0.100000 3.200000 -1.400000
v 0.400000 3.200000 -1.400000
v 0.100000 3.400000 -1.400000
v 0.400000 3.400000 -1.400000
v -1.100000 3.800000 -1.400000
v -1.000000 3.800000 -1.400000
v -0.900000 3.800000 -1.400000
v -0.500000 3.800000 -1.400000
v -0.200000 3.800000 -1.400000
v 0.200000 3.800000 -1.400000
v 0.500000 3.800000 -1.400000
v 0.900000 3.800000 -1.400000
v 1.000000 3.800000 -1.400000
v 1.100000 3.800000 -1.400000
v -1.000000 4.000000 -1.400000
v -0.900000 4.000000 -1.400000
v -0.500000 4.000000 -1.400000
v -0.200000 4.000000 -1.400000
v 0.200000 4.000000 -1.400000
v 0.500000 4.000000 -1.400000
v 0.900000 4.000000 -1.400000
v 1.000000 4.000000 -1.400000
v 1.300000 4.000000 -1.400000
v 1.400000 4.000000 -1.400000
v -1.400000 4.200000 -1.400000
v -1.300000 4.200000 -1.400000
v 1.300000 4.200000 -1.400000
v 1.400000 4.200000 -1.400000
v -1.400000 4.400000 -1.400000
v -1.300000 4.400000 -1.400000
v 0.600000 6.000000 -1.400000
v 0.900000 6.000000 -1.400000
v 0.600000 6.200000 -1.400000
v 0.900000 6.200000 -1.400000
v -1.300000 7.000000 -1.400000
v -1.200000 7.000000 -1.400000
v 1.200000 7.000000 -1.400000
v 1.300000 7.000000 -1.400000
v -1.100000 7.300000 -1.400001
v -0.600000 7.300000 -1.400001
v -1.300000 7.900000 -1.400001
v -1.200000 7.900000 -1.400001
v -1.100000 7.600000 -1.400001
v -0.600000 7.600000 -1.400001
v 1.200000 7.900000 -1.400001
v 1.300000 7.900000 -1.400001
v -1.200000 1.200000 -1.300000
v -1.100000 1.200000 -1.300000
v 1.100000 1.200000 -1.300000
v 1.200000 1.200000 -1.300000
v -1.100000 1.800000 -1.300000
v 1.100000 1.800000 -1.300000
v -1.200000 1.800000 -1.300000
v 1.200000 1.800000 -1.300000
v -1.000000 4.100000 -1.300000
v -0.200000 4.100000 -1.300000
v 0.200000 4.100000 -1.300000
v 1.000000 4.100000 -1.300000
v 0.900000 6.000000 -1.300000
v 0.600000 6.000000 -1.300000
v -0.300000 7.100000 -1.300000
v 0.600000 6.200000 -1.300000
v 0.900000 6.200000 -1.300000
v 0.300000 7.100000 -1.300000
v -0.200000 7.100000 -1.300000
v 0.200000 7.100000 -1.300000
v -1.000000 7.300000 -1.300001
v -0.600000 7.300000 -1.300001
v -1.000000 7.600000 -1.300001
v -0.600000 7.600000 -1.300001
v -0.300000 7.600000 -1.300001
v 0.300000 7.600000 -1.300001
v -0.400000 7.700000 -1.300001
v -1.000000 8.000000 -1.300001
v 1.000000 8.000000 -1.300001
v -1.200000 3.800000 -1.200000
v -1.100000 3.800000 -1.200000
v 1.100000 3.800000 -1.200000
v 1.200000 3.800000 -1.200000
v -1.200000 4.000000 -1.200000
v -1.100000 4.000000 -1.200000
v 1.100000 4.000000 -1.200000
v 1.200000 4.000000 -1.200000
v -0.200000 4.100000 -1.200000
v 0.200000 4.100000 -1.200000
v 1.300000 4.300000 -1.200000
v 1.400000 4.300000 -1.200000
v 1.300000 4.500000 -1.200000
v 1.400000 4.500000 -1.200000
v -0.100000 4.850000 -1.200000
v 0.100000 4.800000 -1.200000
v 0.100000 4.950000 -1.200000
v -0.100000 5.000000 -1.200000
v -0.100000 5.400000 -1.200000
v 0.100000 5.450000 -1.200000
v -0.100000 5.550000 -1.200001
v 0.100000 5.650000 -1.200001
v -0.100000 5.700000 -1.200001
v -0.100000 6.050000 -1.200001
v 0.100000 6.050000 -1.200001
v -0.100000 6.200000 -1.200001
v 0.100000 6.200000 -1.200001
v -0.100000 6.300000 -1.200001
v 0.100000 6.300000 -1.200001
v -0.100000 6.700000 -1.200001
v 0.100000 6.700000 -1.200001
v -0.100000 6.850000 -1.200001
v 0.100000 6.800000 -1.200001
v 0.100000 6.950000 -1.200001
v -0.100000 7.050000 -1.200001
v -0.300000 7.100000 -1.200001
v -0.200000 7.150000 -1.200001
v 0.100000 7.100000 -1.200001
v 0.200000 7.100000 -1.200001
v 0.300000 7.100000 -1.200001
v -0.100000 7.200000 -1.200001
v 0.100000 7.200000 -1.200001
v 0.200000 7.200000 -1.200001
v -0.200000 7.300000 -1.200001
v -0.100000 7.300000 -1.200001
v 0.100000 7.300000 -1.200001
v 0.200000 7.350000 -1.200001
v -0.200000 7.450000 -1.200001
v -0.100000 7.400000 -1.200001
v 0.100000 7.400000 -1.200001
v -0.100000 7.500000 -1.200001
v 0.100000 7.500000 -1.200001
v 0.200000 7.500000 -1.200001
v -0.300000 7.600000 -1.200001
v 0.300000 7.600000 -1.200001
v 0.300000 8.300000 -1.200001
v 0.900000 8.300000 -1.200001
v 0.300000 8.700000 -1.200001
v 0.900000 8.700000 -1.200001
v -1.100000 6.000000 -1.100001
v -1.000000 6.000000 -1.100001
v -1.100000 6.200000 -1.100001
v -1.000000 6.200000 -1.100001
v -1.100000 7.600000 -1.100001
v -1.000000 7.600000 -1.100001
v -1.100000 7.800000 -1.100001
v -1.000000 7.800000 -1.100001
v -0.800000 8.200000 -1.100001
v 0.800000 8.200000 -1.100001
v 0.300000 8.300000 -1.100001
v 0.800000 8.300000 -1.100001
v 0.300000 8.700000 -1.100001
v 0.800000 8.700000 -1.100001
v -0.800000 9.000000 -1.100001
v 0.800000 9.000000 -1.100001
v -1.400000 4.300000 -1.000000
v -1.300000 4.300000 -1.000000
v -1.400000 4.500000 -1.000000
v -1.300000 4.500000 -1.000000
v 1.000000 5.100000 -1.000000
v 1.100000 5.100000 -1.000000
v 1.000000 5.300000 -1.000000
v 1.100000 5.300000 -1.000000
v -1.300000 7.200000 -1.000001
v -1.200000 7.200000 -1.000001
v 1.200000 7.200000 -1.000001
v 1.300000 7.200000 -1.000001
v -1.300000 7.900000 -1.000001
v -1.200000 7.900000 -1.000001
v 1.200000 7.900000 -1.000001
v 1.300000 7.900000 -1.000001
v -0.600000 9.000000 -1.000001
v -0.100000 9.000000 -1.000001
v 0.100000 9.000000 -1.000001
v 0.600000 9.000000 -1.000001
v 0.100000 9.700000 -1.000001
v -0.600000 9.800000 -1.000001
v -0.100000 9.700000 -1.000001
v 0.600000 9.800000 -1.000001
v -0.700000 9.000000 -0.900001
v -0.600000 9.000000 -0.900001
v 0.600000 9.000000 -0.900001
v 0.700000 9.000000 -0.900001
v -0.700000 9.800000 -0.900001
v -0.600000 9.800000 -0.900001
v -0.500000 9.850000 -0.900001
v 0.500000 9.850000 -0.900001
v 0.600000 9.800000 -0.900001
v 0.700000 9.800000 -0.900001
v -1.200000 1.200000 -0.800000
v -1.100000 1.200000 -0.800000
v -1.100000 1.800000 -0.800000
v -1.200000 1.800000 -0.800000
v 1.100000 3.100000 -0.800000
v 1.200000 3.100000 -0.800000
v 1.100000 3.300000 -0.800000
v 1.200000 3.300000 -0.800000
v -0.800000 9.400000 -0.800001
v -0.700000 9.400000 -0.800001
v -0.800000 9.600000 -0.800001
v -0.700000 9.600000 -0.800001
v -0.600000 9.850000 -0.800001
v -0.500000 9.800000 -0.800001
v 0.500000 9.800000 -0.800001
v 0.600000 9.850000 -0.800001
v -0.500000 9.900000 -0.800001
v 0.500000 9.900000 -0.800001
v -0.500000 10.000000 -0.800001
v 0.500000 10.000000 -0.800001
v -1.400000 0.400000 -0.700000
v -1.100000 0.400000 -0.700000
v -1.200000 0.500000 -0.700000
v -1.100000 0.500000 -0.700000
v -1.200000 0.700000 -0.700000
v -1.100000 0.700000 -0.700000
v -1.400000 0.800000 -0.700000
v -1.300000 0.800000 -0.700000
v -1.200000 0.800000 -0.700000
v -1.100000 0.800000 -0.700000
v 1.100000 1.200000 -0.700000
v 1.200000 1.200000 -0.700000
v 1.100000 1.800000 -0.700000
v -1.300000 1.900000 -0.700000
v -1.200000 1.900000 -0.700000
v 1.200000 1.800000 -0.700000
v -1.400000 1.900000 -0.700000
v -1.100000 1.900000 -0.700000
v -1.400000 2.000000 -0.700000
v -1.250000 2.000000 -0.700000
v -1.100000 2.000000 -0.700000
v -1.400000 3.600000 -0.700000
v -1.250000 3.600000 -0.700000
v -1.100000 3.600000 -0.700000
v -1.400000 3.700000 -0.700000
v -1.100000 3.700000 -0.700000
v 0.850000 8.500000 -0.700001
v 0.800000 8.700000 -0.700001
v 0.900000 8.700000 -0.700001
v -0.100000 9.350000 -0.700001
v 0.100000 9.350000 -0.700001
v -1.000000 0.400000 -0.600000
v -0.900000 0.400000 -0.600000
v -1.000000 1.900000 -0.600000
v -0.900000 1.900000 -0.600000
v -1.000000 2.100000 -0.600000
v -0.900000 2.100000 -0.600000
v -1.000000 3.600000 -0.600000
v -0.900000 3.600000 -0.600000
v -1.300000 7.400000 -0.600001
v -1.200000 7.400000 -0.600001
v 1.200000 7.400000 -0.600001
v 1.300000 7.400000 -0.600001
v -1.300000 7.900000 -0.600001
v -1.200000 7.900000 -0.600001
v 1.200000 7.900000 -0.600001
v 1.300000 7.900000 -0.600001
v -1.400000 0.500000 -0.500000
v -1.300000 0.500000 -0.500000
v -1.400000 0.700000 -0.500000
v -1.300000 0.700000 -0.500000
v -1.200000 3.800000 -0.500000
v -1.100000 3.800000 -0.500000
v 1.100000 3.800000 -0.500000
v 1.200000 3.800000 -0.500000
v -1.100000 4.000000 -0.500000
v 1.100000 4.000000 -0.500000
v 1.200000 4.000000 -0.500000
v -1.200000 4.000000 -0.500000
v -1.200000 0.400000 -0.400000
v -1.100000 0.400000 -0.400000
v -1.200000 0.500000 -0.400000
v -1.100000 0.500000 -0.400000
v -1.200000 2.100000 -0.400000
v -1.100000 2.100000 -0.400000
v -1.200000 2.200000 -0.400000
v -1.100000 2.200000 -0.400000
v -0.900000 8.600000 -0.300001
v -0.800000 8.600000 -0.300001
v -0.900000 8.800000 -0.300001
v -0.800000 8.800000 -0.300001
v -1.400000 0.500000 -0.200000
v -1.300000 0.500000 -0.200000
v -1.400000 0.700000 -0.200000
v -1.300000 0.700000 -0.200000
v -0.700000 9.000000 -0.200001
v -0.100000 9.000000 -0.200001
v 0.100000 9.000000 -0.200001
v 0.700000 9.000000 -0.200001
v 0.700000 9.100000 -0.200001
v 0.800000 9.100000 -0.200001
v -0.400000 9.350000 -0.200001
v -0.300000 9.300000 -0.200001
v 0.300000 9.350000 -0.200001
v 0.400000 9.300000 -0.200001
v 0.700000 9.300000 -0.200001
v 0.800000 9.300000 -0.200001
v -0.300000 9.400000 -0.200001
v 0.400000 9.400000 -0.200001
v -0.700000 9.700000 -0.200001
v -0.100000 9.700000 -0.200001
v 0.100000 9.700000 -0.200001
v 0.700000 9.700000 -0.200001
v -1.100000 0.500000 -0.100000
v -0.900000 0.500000 -0.100000
v -1.000000 0.600000 -0.100000
v -0.900000 0.600000 -0.100000
v -1.000000 0.700000 -0.100000
v -0.900000 0.700000 -0.100000
v -1.000000 0.800000 -0.100000
v -0.900000 0.800000 -0.100000
v -1.000000 0.900000 -0.100000
v -0.900000 0.900000 -0.100000
v -1.000000 1.000000 -0.100000
v -0.900000 1.000000 -0.100000
v -1.000000 1.100000 -0.100000
v -0.900000 1.100000 -0.100000
v -1.100000 1.800000 -0.100000
v -1.000000 1.250000 -0.100000
v -0.900000 1.200000 -0.100000
v -0.900000 1.300000 -0.100000
v -1.000000 1.400000 -0.100000
v -0.900000 1.400000 -0.100000
v -1.000000 1.500000 -0.100000
v -0.900000 1.500000 -0.100000
v -1.000000 1.600000 -0.100000
v -0.900000 1.600000 -0.100000
v -1.000000 1.750000 -0.100000
v -0.900000 1.750000 -0.100000
v -1.200000 1.800000 -0.100000
v -1.200000 1.900000 -0.100000
v -1.000000 1.900000 -0.100000
v -1.100000 2.200000 -0.100000
v -0.900000 2.250000 -0.100000
v -1.000000 2.300000 -0.100000
v -1.000000 2.450000 -0.100000
v -0.900000 2.450000 -0.100000
v -1.000000 2.600000 -0.100000
v -0.900000 2.600000 -0.100000
v -1.000000 2.750000 -0.100000
v -0.900000 2.700000 -0.100000
v -0.900000 2.800000 -0.100000
v -1.000000 2.950000 -0.100000
v -0.900000 2.900000 -0.100000
v -0.900000 3.050000 -0.100000
v -1.000000 3.100000 -0.100000
v -1.000000 3.250000 -0.100000
v -0.900000 3.250000 -0.100000
v -1.000000 3.400000 -0.100000
v -0.900000 3.450000 -0.100000
v -1.000000 3.550000 -0.100000
v -1.100000 3.600000 -0.100000
v -1.000000 5.100000 -0.100000
v -0.900000 5.150000 -0.100000
v 0.900000 5.150000 -0.100000
v 1.000000 5.100000 -0.100000
v -0.800000 5.200000 -0.100000
v 0.800000 5.200000 -0.100000
v -0.900000 5.350000 -0.100000
v -0.800000 5.300000 -0.100000
v 0.800000 5.300000 -0.100000
v 0.900000 5.300000 -0.100000
v -0.800000 5.450000 -0.100000
v 0.800000 5.450000 -0.100000
v 0.900000 5.450000 -0.100000
v -0.900000 5.500000 -0.100000
v -0.900000 5.650000 -0.100000
v -0.800000 5.650000 -0.100000
v 0.800000 5.650000 -0.100000
v 0.900000 5.650000 -0.100000
v -0.900000 5.850000 -0.100000
v -0.800000 5.850000 -0.100000
v 0.800000 5.850000 -0.100000
v 0.900000 5.850000 -0.100000
v -0.900000 6.000000 -0.100000
v -0.800000 6.050000 -0.100000
v 0.800000 6.050000 -0.100000
v 0.900000 6.050000 -0.100000
v -0.900000 6.150000 -0.100000
v -0.800000 6.200000 -0.100000
v 0.800000 6.200000 -0.100000
v 0.900000 6.200000 -0.100000
v -0.900000 6.350000 -0.100000
v -0.800000 6.300000 -0.100000
v 0.800000 6.300000 -0.100000
v 0.900000 6.300000 -0.100000
v -0.800000 6.450000 -0.100000
v 0.800000 6.450000 -0.100000
v 0.900000 6.450000 -0.100000
v -0.900000 6.550000 -0.100001
v -0.800000 6.650000 -0.100001
v 0.800000 6.650000 -0.100001
v 0.900000 6.650000 -0.100001
v -0.900000 6.700000 -0.100001
v -0.900000 6.850000 -0.100001
v -0.800000 6.850000 -0.100001
v 0.800000 6.850000 -0.100001
v 0.900000 6.850000 -0.100001
v -0.900000 7.050000 -0.100001
v -0.800000 7.050000 -0.100001
v 0.800000 7.050000 -0.100001
v 0.900000 7.050000 -0.100001
v -0.900000 7.200000 -0.100001
v -0.800000 7.200000 -0.100001
v 0.800000 7.200000 -0.100001
v 0.900000 7.200000 -0.100001
v -0.900000 7.350000 -0.100001
v -0.800000 7.300000 -0.100001
v 0.800000 7.300000 -0.100001
v 0.900000 7.350000 -0.100001
v -1.300000 7.400000 -0.100001
v -1.200000 7.400000 -0.100001
v -0.800000 7.450000 -0.100001
v 0.800000 7.450000 -0.100001
v 1.200000 7.400000 -0.100001
v 1.300000 7.400000 -0.100001
v -0.900000 7.550000 -0.100001
v 0.900000 7.550000 -0.100001
v -1.000000 7.600000 -0.100001
v 1.000000 7.600000 -0.100001
v -1.300000 7.900000 -0.100001
v -1.200000 7.900000 -0.100001
v 1.200000 7.900000 -0.100001
v 1.300000 7.900000 -0.100001
v -1.300000 0.400000 -0.000000
v -1.100000 0.400000 -0.000000
v -1.400000 0.500000 -0.000000
v -1.250000 0.500000 -0.000000
v -1.100000 0.500000 -0.000000
v -1.400000 0.700000 -0.000000
v -1.250000 0.700000 -0.000000
v -1.100000 0.700000 -0.000000
v -1.300000 0.800000 -0.000000
v -1.200000 0.800000 -0.000000
v -1.100000 0.800000 -0.000000
v 1.100000 1.200000 -0.000000
v 1.200000 1.200000 -0.000000
v -1.200000 1.900000 -0.000000
v 1.100000 1.800000 -0.000000
v 1.200000 1.800000 -0.000000
v -1.300000 1.900000 -0.000000
v -1.250000 2.000000 -0.000000
v -1.250000 3.600000 -0.000000
v -0.800000 9.100000 -0.000001
v -0.700000 9.100000 -0.000001
v -0.800000 9.300000 -0.000001
v -0.700000 9.300000 -0.000001
v -0.100000 9.350000 -0.000001
v 0.100000 9.350000 -0.000001
v 1.100000 1.100000 0.100000
v 1.200000 1.100000 0.100000
v -1.200000 1.200000 0.100000
v -1.100000 1.200000 0.100000
v 1.100000 1.200000 0.100000
v 1.200000 1.200000 0.100000
v -1.200000 1.800000 0.100000
v -1.100000 1.800000 0.100000
v -1.200000 3.100000 0.200000
v -1.100000 3.100000 0.200000
v -1.200000 3.300000 0.200000
v -1.100000 3.300000 0.200000
v -1.200000 3.800000 0.200000
v -1.100000 3.800000 0.200000
v 1.100000 3.800000 0.200000
v 1.200000 3.800000 0.200000
v -1.200000 4.000000 0.200000
v -1.100000 4.000000 0.200000
v 1.100000 4.000000 0.200000
v 1.200000 4.000000 0.200000
v -1.100000 5.300000 0.200000
v -1.000000 5.300000 0.200000
v -1.100000 5.500000 0.200000
v -1.000000 5.500000 0.200000
v 1.000000 7.100000 0.199999
v 1.100000 7.100000 0.199999
v 1.000000 7.300000 0.199999
v 1.100000 7.300000 0.199999
v -0.900000 8.400000 0.199999
v -0.800000 8.400000 0.199999
v -0.900000 8.700000 0.199999
v -0.800000 8.700000 0.199999
v 1.100000 0.600000 0.300000
v 1.200000 0.600000 0.300000
v 1.100000 1.000000 0.300000
v 1.200000 1.000000 0.300000
v -1.300000 7.200000 0.299999
v -1.200000 7.200000 0.299999
v 1.200000 7.200000 0.299999
v 1.300000 7.200000 0.299999
v -1.300000 7.900000 0.299999
v -1.200000 7.900000 0.299999
v 1.200000 7.900000 0.299999
v 1.300000 7.900000 0.299999
v 0.800000 0.600000 0.400000
v 1.000000 0.600000 0.400000
v 0.800000 1.000000 0.400000
v 1.000000 1.000000 0.400000
v -1.200000 2.600000 0.400000
v -1.100000 2.600000 0.400000
v -1.000000 2.600000 0.400000
v -0.800000 2.600000 0.400000
v -1.200000 3.000000 0.400000
v -1.100000 3.000000 0.400000
v -1.000000 3.000000 0.400000
v -0.800000 3.000000 0.400000
v -0.200000 4.100000 0.500000
v 0.200000 4.100000 0.500000
v 1.000000 4.700000 0.500000
v 1.100000 4.700000 0.500000
v -0.100000 4.850000 0.500000
v 0.100000 4.800000 0.500000
v 0.100000 4.950000 0.500000
v -0.100000 5.000000 0.500000
v 1.000000 5.000000 0.500000
v 1.100000 5.000000 0.500000
v -0.100000 5.450000 0.500000
v 0.100000 5.450000 0.500000
v -0.100000 5.650000 0.500000
v 0.100000 5.650000 0.500000
v -0.100000 6.050000 0.500000
v 0.100000 6.000000 0.500000
v 0.100000 6.150000 0.500000
v -0.100000 6.200000 0.500000
v -0.100000 6.300000 0.500000
v 0.100000 6.300000 0.500000
v -0.100000 6.700000 0.499999
v 0.100000 6.700000 0.499999
v -0.100000 6.800000 0.499999
v 0.100000 6.850000 0.499999
v -0.100000 6.900000 0.499999
v -0.300000 7.000000 0.499999
v -0.200000 7.000000 0.499999
v -0.100000 7.050000 0.499999
v 0.100000 7.000000 0.499999
v -0.200000 7.200000 0.499999
v 0.100000 7.100000 0.499999
v 0.200000 7.100000 0.499999
v 0.300000 7.100000 0.499999
v -0.100000 7.200000 0.499999
v 0.100000 7.200000 0.499999
v 0.200000 7.200000 0.499999
v -0.200000 7.300000 0.499999
v -0.100000 7.300000 0.499999
v 0.100000 7.300000 0.499999
v 0.200000 7.350000 0.499999
v -0.200000 7.450000 0.499999
v -0.100000 7.400000 0.499999
v 0.100000 7.400000 0.499999
v -0.100000 7.500000 0.499999
v 0.100000 7.500000 0.499999
v 0.200000 7.500000 0.499999
v -0.300000 7.600000 0.499999
v 0.300000 7.600000 0.499999
v -0.300000 0.100000 0.600000
v 0.300000 0.100000 0.600000
v -0.200000 0.300000 0.600000
v -0.100000 0.300000 0.600000
v 0.100000 0.300000 0.600000
v 0.200000 0.300000 0.600000
v -0.200000 0.700000 0.600000
v -0.100000 0.700000 0.600000
v 0.100000 0.700000 0.600000
v 0.200000 0.700000 0.600000
v -0.200000 0.800000 0.600000
v -0.100000 0.800000 0.600000
v 0.100000 0.800000 0.600000
v 0.200000 0.800000 0.600000
v -1.200000 1.200000 0.600000
v -1.100000 1.200000 0.600000
v -0.200000 1.250000 0.600000
v -0.100000 1.200000 0.600000
v 0.100000 1.200000 0.600000
v 0.200000 1.250000 0.600000
v 1.100000 1.200000 0.600000
v 1.200000 1.200000 0.600000
v -0.100000 1.300000 0.600000
v 0.100000 1.300000 0.600000
v -0.200000 1.750000 0.600000
v -0.100000 1.700000 0.600000
v 0.100000 1.700000 0.600000
v 0.200000 1.750000 0.600000
v -1.200000 1.800000 0.600000
v -1.100000 1.800000 0.600000
v -0.100000 1.800000 0.600000
v 0.100000 1.800000 0.600000
v 1.100000 1.800000 0.600000
v 1.200000 1.800000 0.600000
v -0.200000 2.250000 0.600000
v -0.100000 2.200000 0.600000
v 0.100000 2.200000 0.600000
v 0.200000 2.250000 0.600000
v -0.100000 2.300000 0.600000
v 0.100000 2.300000 0.600000
v -0.200000 2.700000 0.600000
v -0.100000 2.700000 0.600000
v 0.100000 2.700000 0.600000
v 0.200000 2.700000 0.600000
v -0.300000 2.800000 0.600000
v -0.100000 2.800000 0.600000
v 0.100000 2.800000 0.600000
v 0.300000 2.800000 0.600000
v -0.100000 3.000000 0.600000
v 0.100000 3.000000 0.600000
v -0.800000 4.100000 0.600000
v -0.200000 4.100000 0.600000
v 0.200000 4.100000 0.600000
v 0.800000 4.100000 0.600000
v 1.300000 4.100000 0.600000
v 1.400000 4.100000 0.600000
v 1.300000 4.400000 0.600000
v 1.400000 4.400000 0.600000
v -0.300000 7.000000 0.599999
v 0.300000 7.100000 0.599999
v -0.200000 7.000000 0.599999
v 0.200000 7.100000 0.599999
v -0.300000 7.600000 0.599999
v 0.300000 7.600000 0.599999
v -0.800000 7.700000 0.599999
v 0.800000 7.700000 0.599999
v -1.000000 0.000000 0.700000
v 1.000000 0.000000 0.700000
v -0.300000 0.100000 0.700000
v 0.300000 0.100000 0.700000
v 0.800000 0.600000 0.700000
v 1.000000 0.600000 0.700000
v 0.800000 1.000000 0.700000
v 1.000000 1.000000 0.700000
v -1.000000 2.600000 0.700000
v 0.300000 2.800000 0.700000
v -0.800000 2.600000 0.700000
v -0.300000 2.800000 0.700000
v -0.100000 2.800000 0.700000
v 0.100000 2.800000 0.700000
v -0.100000 3.000000 0.700000
v 0.100000 3.000000 0.700000
v -1.000000 3.000000 0.700000
v -0.800000 3.000000 0.700000
v -1.000000 4.000000 0.700000
v 1.000000 4.000000 0.700000
v -1.200000 3.800000 0.700000
v -1.100000 3.800000 0.700000
v 1.100000 3.800000 0.700000
v 1.200000 3.800000 0.700000
v -1.200000 4.000000 0.700000
v -1.100000 4.000000 0.700000
v 1.100000 4.000000 0.700000
v 1.200000 4.000000 0.700000
v -1.300000 7.000000 0.699999
v -1.200000 7.000000 0.699999
v 1.200000 7.000000 0.699999
v 1.300000 7.000000 0.699999
v -1.300000 7.900000 0.699999
v -1.200000 7.900000 0.699999
v 1.200000 7.900000 0.699999
v 1.300000 7.900000 0.699999
v -1.400000 4.100000 0.800000
v -1.300000 4.100000 0.800000
v -1.400000 4.400000 0.800000
v -1.300000 4.400000 0.800000
v -1.200000 4.100000 0.900000
v 1.200000 4.100000 0.900000
v 1.200000 4.600000 0.900000
v -1.400000 4.400000 0.900000
v -1.300000 4.400000 0.900000
v 1.300000 4.400000 0.900000
v 1.400000 4.400000 0.900000
v -1.300000 4.600000 0.900000
v -1.200000 4.600000 0.900000
v 1.300000 4.650000 0.900000
v -1.400000 4.700000 0.900000
v -1.300000 4.700000 0.900000
v 1.400000 4.700000 0.900000
v -1.100000 7.000000 0.899999
v -1.000000 7.000000 0.899999
v 1.000000 7.000000 0.899999
v 1.100000 7.000000 0.899999
v -0.700000 7.200000 0.899999
v -0.600000 7.200000 0.899999
v 0.600000 7.200000 0.899999
v 0.700000 7.200000 0.899999
v -0.300000 7.400000 0.899999
v -0.200000 7.400000 0.899999
v 0.200000 7.400000 0.899999
v 0.300000 7.400000 0.899999
v -1.100000 7.900000 0.899999
v -1.000000 7.900000 0.899999
v 1.000000 7.900000 0.899999
v 1.100000 7.900000 0.899999
v 1.300000 7.900000 0.899999
v -1.300000 7.900000 0.899999
v -0.700000 7.900000 0.899999
v -0.600000 7.900000 0.899999
v -0.300000 7.900000 0.899999
v -0.200000 7.900000 0.899999
v 0.200000 7.900000 0.899999
v 0.300000 7.900000 0.899999
v 0.600000 7.900000 0.899999
v 0.700000 7.900000 0.899999
v -1.200000 7.900000 0.899999
v 1.200000 7.900000 0.899999
v -1.200000 8.000000 0.899999
v 1.200000 8.000000 0.899999
v -1.200000 4.100000 -1.500000
v 1.200000 4.100000 -1.500000
v -1.200000 4.600000 -1.500000
v 1.200000 4.600000 -1.500000
v -1.400000 4.400000 -1.500000
v -1.300000 4.400000 -1.500000
v 1.300000 4.400000 -1.500000
v 1.400000 4.400000 -1.500000
v -1.300000 4.600000 -1.500000
v 1.300000 4.650000 -1.500000
v -1.400000 4.700000 -1.500000
v -1.300000 4.700000 -1.500000
v 1.400000 4.700000 -1.500000
v -1.100000 7.000000 -1.500000
v -1.000000 7.000000 -1.500000
v 1.000000 7.000000 -1.500000
v 1.100000 7.000000 -1.500000
v -0.700000 7.200000 -1.500001
v -0.600000 7.200000 -1.500001
v 0.600000 7.200000 -1.500001
v 0.700000 7.200000 -1.500001
v -0.300000 7.400000 -1.500001
v -0.200000 7.400000 -1.500001
v 0.200000 7.400000 -1.500001
v 0.300000 7.400000 -1.500001
v -1.100000 7.900000 -1.500001
v -1.000000 7.900000 -1.500001
v 1.000000 7.900000 -1.500001
v 1.100000 7.900000 -1.500001
v -1.300000 7.900000 -1.500001
v -1.200000 7.900000 -1.500001
v -0.700000 7.900000 -1.500001
v -0.600000 7.900000 -1.500001
v -0.300000 7.900000 -1.500001
v -0.200000 7.900000 -1.500001
v 0.200000 7.900000 -1.500001
v 0.300000 7.900000 -1.500001
v 0.600000 7.900000 -1.500001
v 0.700000 7.900000 -1.500001
v 1.200000 7.900000 -1.500001
v 1.300000 7.900000 -1.500001
v -1.200000 8.000000 -1.500001
v 1.200000 8.000000 -1.500001
v -1.000000 -0.000000 -1.300000
v 1.000000 -0.000000 -1.300000
v 0.700000 0.900000 -1.300000
v 1.000000 0.900000 -1.300000
v 0.700000 1.000000 -1.300000
v 0.800000 1.000000 -1.300000
v -1.000000 2.000000 -1.300000
v 0.800000 1.300000 -1.300000
v 1.000000 1.300000 -1.300000
v -0.900000 2.000000 -1.300000
v -1.000000 2.400000 -1.300000
v -0.900000 2.400000 -1.300000
v -1.000000 4.000000 -1.300000
v 1.000000 4.000000 -1.300000
v -1.200000 3.800000 -1.300000
v -1.100000 3.800000 -1.300000
v 1.100000 3.800000 -1.300000
v 1.200000 3.800000 -1.300000
v -1.100000 4.000000 -1.300000
v 1.100000 4.000000 -1.300000
v 1.200000 4.000000 -1.300000
v -1.200000 4.000000 -1.300000
v -1.300000 7.000000 -1.300000
v -1.200000 7.000000 -1.300000
v 1.200000 7.000000 -1.300000
v 1.300000 7.000000 -1.300000
v -1.300000 7.900000 -1.300001
v -1.200000 7.900000 -1.300001
v 1.200000 7.900000 -1.300001
v 1.300000 7.900000 -1.300001
v -1.200000 1.200000 -1.200000
v -1.100000 1.200000 -1.200000
v 1.100000 1.200000 -1.200000
v 1.200000 1.200000 -1.200000
v -1.200000 1.800000 -1.200000
v -1.100000 1.800000 -1.200000
v 1.100000 1.800000 -1.200000
v 1.200000 1.800000 -1.200000
v -0.800000 4.100000 -1.200000
v -0.200000 4.100000 -1.200000
v 0.200000 4.100000 -1.200000
v 0.800000 4.100000 -1.200000
v 0.300000 7.100000 -1.200001
v -0.800000 7.700000 -1.200001
v -0.300000 7.100000 -1.200001
v -0.200000 7.100000 -1.200001
v 0.200000 7.100000 -1.200001
v -0.300000 7.600000 -1.200001
v 0.300000 7.600000 -1.200001
v 0.800000 7.700000 -1.200001
v 1.100000 0.800000 -1.100000
v 1.200000 0.800000 -1.100000
v 0.700000 0.900000 -1.100000
v 1.000000 0.900000 -1.100000
v 0.700000 1.000000 -1.100000
v 0.800000 1.000000 -1.100000
v 1.100000 1.200000 -1.100000
v 1.200000 1.200000 -1.100000
v 0.800000 1.300000 -1.100000
v 1.000000 1.300000 -1.100000
v 1.300000 4.000000 -1.100001
v 1.400000 4.000000 -1.100000
v -0.200000 4.100000 -1.100000
v 0.200000 4.100000 -1.100000
v -1.400000 4.200000 -1.100000
v -1.300000 4.200000 -1.100000
v 1.300000 4.200000 -1.100000
v 1.400000 4.200000 -1.100000
v -1.400000 4.400000 -1.100000
v -1.300000 4.400000 -1.100000
v -0.100000 4.800000 -1.100000
v 0.100000 4.850000 -1.100001
v -0.100000 4.950000 -1.100001
v 0.100000 5.000000 -1.100000
v -0.100000 5.450000 -1.100001
v 0.100000 5.400000 -1.100000
v 0.100000 5.550000 -1.100001
v -0.100000 5.650000 -1.100001
v 0.100000 5.700000 -1.100001
v -0.100000 6.050000 -1.100001
v 0.100000 6.050000 -1.100001
v -0.100000 6.200000 -1.100001
v 0.100000 6.200000 -1.100001
v -0.100000 6.300000 -1.100001
v 0.100000 6.300000 -1.100001
v -0.100000 6.700000 -1.100001
v 0.100000 6.700000 -1.100001
v -0.100000 6.800000 -1.100001
v 0.100000 6.850000 -1.100001
v -0.100000 6.950000 -1.100001
v 0.100000 7.050000 -1.100001
v -0.300000 7.100000 -1.100001
v -0.200000 7.150000 -1.100001
v -0.100000 7.100000 -1.100001
v 0.200000 7.100000 -1.100001
v 0.300000 7.100000 -1.100001
v -0.100000 7.200000 -1.100001
v 0.100000 7.200000 -1.100001
v 0.200000 7.200000 -1.100001
v -1.100000 7.300000 -1.100001
v -1.000000 7.300000 -1.100001
v -0.200000 7.300000 -1.100001
v -0.100000 7.300000 -1.100001
v 0.100000 7.300000 -1.100001
v 0.200000 7.350000 -1.100001
v -0.200000 7.450000 -1.100001
v -0.100000 7.400000 -1.100001
v 0.100000 7.400000 -1.100001
v -0.100000 7.500000 -1.100001
v 0.100000 7.500000 -1.100001
v 0.200000 7.500000 -1.100001
v -1.100000 7.600000 -1.100001
v -1.000000 7.600000 -1.100001
v -0.300000 7.600000 -1.100001
v 0.300000 7.600000 -1.100001
v -1.200000 2.000000 -1.000000
v -1.100000 2.000000 -1.000000
v -1.000000 2.000000 -1.000000
v -0.900000 2.000000 -1.000000
v -1.200000 2.400000 -1.000000
v -1.100000 2.400000 -1.000000
v -1.000000 2.400000 -1.000000
v -0.900000 2.400000 -1.000000
v 1.300000 4.300000 -0.900000
v 1.400000 4.300000 -0.900000
v 1.300000 4.500000 -0.900000
v 1.400000 4.500000 -0.900000
v -1.300000 7.200000 -0.900001
v -1.200000 7.200000 -0.900001
v 1.200000 7.200000 -0.900001
v 1.300000 7.200000 -0.900001
v -1.300000 7.900000 -0.900001
v -1.200000 7.900000 -0.900001
v 1.200000 7.900000 -0.900001
v 1.300000 7.900000 -0.900001
v 0.800000 8.300000 -0.900001
v 0.900000 8.300000 -0.900001
v 0.800000 8.700000 -0.900001
v 0.900000 8.700000 -0.900001
v -1.200000 3.800000 -0.800000
v -1.100000 3.800000 -0.800000
v 1.100000 3.800000 -0.800000
v 1.200000 3.800000 -0.800000
v -1.200000 4.000000 -0.800000
v -1.100000 4.000000 -0.800000
v 1.100000 4.000000 -0.800000
v 1.200000 4.000000 -0.800000
v -1.100000 6.000000 -0.800000
v -1.000000 6.000000 -0.800000
v -1.100000 6.200000 -0.800000
v -1.000000 6.200000 -0.800000
v -1.100000 7.600000 -0.800001
v -1.000000 7.600000 -0.800001
v -1.100000 7.800000 -0.800001
v -1.000000 7.800000 -0.800001
v -1.200000 1.300000 -0.700000
v -1.100000 1.300000 -0.700000
v -1.200000 1.900000 -0.700000
v -1.100000 1.900000 -0.700000
v -1.400000 4.300000 -0.700000
v -1.300000 4.300000 -0.700000
v -1.400000 4.500000 -0.700000
v -1.300000 4.500000 -0.700000
v 1.000000 5.100000 -0.700000
v 1.100000 5.100000 -0.700000
v 1.000000 5.300000 -0.700000
v 1.100000 5.300000 -0.700000
v -1.300000 0.400000 -0.600000
v -1.100000 0.400000 -0.600000
v -1.400000 0.500000 -0.600000
v -1.250000 0.500000 -0.600000
v -1.100000 0.500000 -0.600000
v -1.400000 0.700000 -0.600000
v -1.250000 0.700000 -0.600000
v -1.100000 0.700000 -0.600000
v -1.300000 0.800000 -0.600000
v -1.200000 0.800000 -0.600000
v -1.100000 0.800000 -0.600000
v -1.200000 1.250000 -0.600000
v -1.100000 1.250000 -0.600000
v 1.100000 1.200000 -0.600000
v 1.200000 1.200000 -0.600000
v -1.300000 1.900000 -0.600000
v -1.200000 1.900000 -0.600000
v 1.100000 1.800000 -0.600000
v 1.200000 1.800000 -0.600000
v -1.250000 2.000000 -0.600000
v -1.250000 3.600000 -0.600000
v -0.100000 9.350000 -0.600001
v 0.100000 9.350000 -0.600001
v -1.100000 0.500000 -0.500000
v -0.900000 0.500000 -0.500000
v -1.000000 0.600000 -0.500000
v -0.900000 0.600000 -0.500000
v -1.000000 0.700000 -0.500000
v -0.900000 0.700000 -0.500000
v -1.000000 0.800000 -0.500000
v -0.900000 0.800000 -0.500000
v -1.000000 0.900000 -0.500000
v -0.900000 0.900000 -0.500000
v -1.000000 1.000000 -0.500000
v -0.900000 1.000000 -0.500000
v -1.000000 1.100000 -0.500000
v -0.900000 1.100000 -0.500000
v -1.100000 1.900000 -0.500000
v -1.000000 1.250000 -0.500000
v -0.900000 1.200000 -0.500000
v -0.900000 1.300000 -0.500000
v -1.000000 1.400000 -0.500000
v -0.900000 1.400000 -0.500000
v -1.000000 1.500000 -0.500000
v -0.900000 1.500000 -0.500000
v -1.000000 1.600000 -0.500000
v -0.900000 1.600000 -0.500000
v -1.000000 1.750000 -0.500000
v -0.900000 1.750000 -0.500000
v -1.000000 1.900000 -0.500000
v -1.100000 2.200000 -0.500000
v -0.900000 2.200000 -0.500000
v -1.000000 2.300000 -0.500000
v -0.900000 2.300000 -0.500000
v -1.000000 2.450000 -0.500000
v -0.900000 2.450000 -0.500000
v -1.000000 2.600000 -0.500000
v -0.900000 2.600000 -0.500000
v -1.000000 2.750000 -0.500000
v -0.900000 2.700000 -0.500000
v -0.900000 2.800000 -0.500000
v -1.000000 2.900000 -0.500000
v -0.900000 2.900000 -0.500000
v -1.000000 3.050000 -0.500000
v -0.900000 3.050000 -0.500000
v 1.100000 3.100000 -0.500000
v 1.200000 3.100000 -0.500000
v -1.000000 3.250000 -0.500000
v -0.900000 3.250000 -0.500000
v 1.100000 3.300000 -0.500000
v 1.200000 3.300000 -0.500000
v -1.000000 3.450000 -0.500000
v -0.900000 3.450000 -0.500000
v -1.100000 3.600000 -0.500000
v -1.000000 3.600000 -0.500000
v -1.000000 5.100000 -0.500000
v -0.900000 5.150000 -0.500000
v 0.900000 5.150000 -0.500000
v 1.000000 5.100000 -0.500000
v -0.800000 5.200000 -0.500000
v 0.800000 5.200000 -0.500000
v -0.900000 5.350000 -0.500000
v -0.800000 5.300000 -0.500000
v 0.800000 5.300000 -0.500000
v 0.900000 5.300000 -0.500000
v -0.800000 5.450000 -0.500000
v 0.800000 5.450000 -0.500000
v 0.900000 5.450000 -0.500000
v -0.900000 5.550000 -0.500000
v -0.800000 5.650000 -0.500000
v 0.800000 5.650000 -0.500000
v 0.900000 5.650000 -0.500000
v -0.900000 5.700000 -0.500000
v -0.900000 5.850000 -0.500000
v -0.800000 5.850000 -0.500000
v 0.800000 5.850000 -0.500000
v 0.900000 5.850000 -0.500000
v -0.900000 6.050000 -0.500000
v -0.800000 6.050000 -0.500000
v 0.800000 6.050000 -0.500000
v 0.900000 6.000000 -0.500000
v 0.900000 6.150000 -0.500000
v -0.900000 6.200000 -0.500000
v -0.800000 6.200000 -0.500000
v 0.800000 6.200000 -0.500000
v -0.900000 6.350000 -0.500000
v -0.800000 6.300000 -0.500000
v 0.800000 6.300000 -0.500000
v 0.900000 6.300000 -0.500000
v -0.800000 6.450000 -0.500000
v 0.800000 6.450000 -0.500000
v 0.900000 6.450000 -0.500000
v -0.900000 6.550000 -0.500000
v -0.800000 6.650000 -0.500000
v 0.800000 6.650000 -0.500000
v 0.900000 6.650000 -0.500000
v -0.900000 6.700000 -0.500000
v -0.900000 6.800000 -0.500001
v -0.800000 6.850000 -0.500001
v 0.800000 6.850000 -0.500001
v 0.900000 6.850000 -0.500001
v -0.900000 6.950000 -0.500001
v -0.800000 7.050000 -0.500001
v 0.800000 7.050000 -0.500001
v 0.900000 7.050000 -0.500001
v -0.900000 7.150000 -0.500001
v -0.800000 7.200000 -0.500001
v 0.800000 7.200000 -0.500001
v 0.900000 7.200000 -0.500001
v -0.900000 7.300000 -0.500001
v -0.800000 7.300000 -0.500001
v 0.800000 7.300000 -0.500001
v 0.900000 7.350000 -0.500001
v -1.300000 7.400000 -0.500001
v -1.200000 7.400000 -0.500001
v -0.900000 7.450000 -0.500001
v -0.800000 7.450000 -0.500001
v 0.800000 7.450000 -0.500001
v 1.200000 7.400000 -0.500001
v 1.300000 7.400000 -0.500001
v 0.900000 7.550000 -0.500001
v -1.000000 7.600000 -0.500001
v -0.900000 7.600000 -0.500001
v 1.000000 7.600000 -0.500001
v -1.300000 7.900000 -0.500001
v -1.200000 7.900000 -0.500001
v 1.200000 7.900000 -0.500001
v 1.300000 7.900000 -0.500001
v -0.800000 9.400000 -0.500001
v -0.700000 9.400000 -0.500001
v -0.800000 9.600000 -0.500001
v -0.700000 9.600000 -0.500001
v -1.400000 0.500000 -0.400000
v -1.300000 0.500000 -0.400000
v -1.400000 0.700000 -0.400000
v -1.300000 0.700000 -0.400000
v 0.800000 8.500000 -0.400001
v 0.900000 8.500000 -0.400001
v 0.800000 8.700000 -0.400001
v 0.900000 8.700000 -0.400001
v -0.700000 9.000000 -0.400001
v -0.100000 9.000000 -0.400001
v 0.100000 9.000000 -0.400001
v 0.700000 9.000000 -0.400001
v -0.400000 9.350000 -0.400001
v -0.300000 9.300000 -0.400001
v 0.300000 9.350000 -0.400001
v 0.400000 9.300000 -0.400001
v -0.300000 9.400000 -0.400001
v 0.400000 9.400000 -0.400001
v -0.700000 9.700000 -0.400001
v -0.100000 9.700000 -0.400001
v 0.100000 9.700000 -0.400001
v 0.700000 9.700000 -0.400001
v -1.200000 0.400000 -0.200000
v -1.100000 0.400000 -0.200000
v -1.200000 0.500000 -0.200000
v -1.100000 0.500000 -0.200000
v -1.200000 2.100000 -0.200000
v -1.100000 2.100000 -0.200000
v -1.200000 2.200000 -0.200000
v -1.100000 2.200000 -0.200000
v -1.400000 0.500000 -0.100000
v -1.300000 0.500000 -0.100000
v -1.400000 0.700000 -0.100000
v -1.300000 0.700000 -0.100000
v -1.200000 3.800000 -0.100000
v -1.100000 3.800000 -0.100000
v 1.100000 3.800000 -0.100000
v 1.200000 3.800000 -0.100000
v -1.200000 4.000000 -0.100000
v -1.100000 4.000000 -0.100000
v 1.100000 4.000000 -0.100000
v 1.200000 4.000000 -0.100000
v -1.000000 0.400000 -0.000000
v -0.900000 0.400000 -0.000000
v -1.000000 1.900000 -0.000000
v -0.900000 1.900000 -0.000000
v -1.000000 2.100000 -0.000000
v -0.900000 2.100000 -0.000000
v -1.000000 3.600000 -0.000000
v -0.900000 3.600000 -0.000000
v -1.300000 7.400000 -0.000001
v -1.200000 7.400000 -0.000001
v 1.200000 7.400000 -0.000001
v 1.300000 7.400000 -0.000001
v -1.300000 7.900000 -0.000001
v -1.200000 7.900000 -0.000001
v 1.200000 7.900000 -0.000001
v 1.300000 7.900000 -0.000001
v -0.900000 8.600000 -0.000001
v -0.800000 8.600000 -0.000001
v -0.900000 8.800000 -0.000001
v -0.800000 8.800000 -0.000001
v -1.400000 0.400000 0.100000
v -1.100000 0.400000 0.100000
v -1.200000 0.500000 0.100000
v -1.100000 0.500000 0.100000
v -1.200000 0.700000 0.100000
v -1.100000 0.700000 0.100000
v -1.400000 0.800000 0.100000
v -1.300000 0.800000 0.100000
v -1.200000 0.800000 0.100000
v -1.100000 0.800000 0.100000
v 1.100000 1.300000 0.100000
v 1.200000 1.300000 0.100000
v 1.100000 1.800000 0.100000
v -1.200000 1.900000 0.100000
v 1.200000 1.800000 0.100000
v -1.400000 1.900000 0.100000
v -1.300000 1.900000 0.100000
v -1.100000 1.900000 0.100000
v -1.400000 2.000000 0.100000
v -1.250000 2.000000 0.100000
v -1.100000 2.000000 0.100000
v -1.400000 3.600000 0.100000
v -1.250000 3.600000 0.100000
v -1.100000 3.600000 0.100000
v -1.400000 3.700000 0.100000
v -1.100000 3.700000 0.100000
v 0.700000 9.100000 0.099999
v 0.800000 9.100000 0.099999
v -0.100000 9.350000 0.099999
v 0.100000 9.350000 0.099999
v 0.700000 9.300000 0.099999
v 0.800000 9.300000 0.099999
v -1.200000 1.200000 0.200000
v -1.100000 1.200000 0.200000
v -1.100000 1.800000 0.200000
v -1.200000 1.800000 0.200000
v -0.600000 9.850000 0.199999
v -0.500000 9.800000 0.199999
v 0.500000 9.800000 0.199999
v 0.600000 9.850000 0.199999
v -0.500000 9.900000 0.199999
v 0.500000 9.900000 0.199999
v -0.500000 10.000000 0.199999
v 0.500000 10.000000 0.199999
v -0.700000 9.000000 0.299999
v -0.600000 9.000000 0.299999
v 0.600000 9.000000 0.299999
v 0.700000 9.000000 0.299999
v -0.800000 9.100000 0.299999
v -0.700000 9.100000 0.299999
v -0.800000 9.300000 0.299999
v -0.700000 9.300000 0.299999
v -0.700000 9.800000 0.299999
v -0.600000 9.800000 0.299999
v -0.500000 9.850000 0.299999
v 0.500000 9.850000 0.299999
v 0.600000 9.800000 0.299999
v 0.700000 9.800000 0.299999
v 1.100000 1.100000 0.400000
v 1.200000 1.100000 0.400000
v 1.100000 1.300000 0.400000
v 1.200000 1.300000 0.400000
v -1.300000 7.200000 0.399999
v -1.200000 7.200000 0.399999
v 1.200000 7.200000 0.399999
v 1.300000 7.200000 0.399999
v -1.300000 7.900000 0.399999
v -1.200000 7.900000 0.399999
v 1.200000 7.900000 0.399999
v 1.300000 7.900000 0.399999
v -0.600000 9.000000 0.399999
v -0.100000 9.000000 0.399999
v 0.100000 9.000000 0.399999
v 0.600000 9.000000 0.399999
v -0.100000 9.700000 0.399999
v 0.100000 9.400000 0.399999
v 0.400000 9.400000 0.399999
v 0.100000 9.600000 0.399999
v 0.400000 9.600000 0.399999
v 0.600000 9.800000 0.399999
v 0.100000 9.700000 0.399999
v -0.600000 9.800000 0.399999
v -1.200000 3.100000 0.500000
v -1.100000 3.100000 0.500000
v -1.200000 3.300000 0.500000
v -1.100000 3.300000 0.500000
v -1.100000 5.300000 0.500000
v -1.000000 5.300000 0.500000
v -1.100000 5.500000 0.500000
v -1.000000 5.500000 0.500000
v 1.000000 7.100000 0.499999
v 1.100000 7.100000 0.499999
v 1.000000 7.300000 0.499999
v 1.100000 7.300000 0.499999
v -0.800000 8.200000 0.499999
v 0.800000 8.200000 0.499999
v -0.500000 8.400000 0.499999
v -0.800000 8.400000 0.499999
v 0.800000 9.000000 0.499999
v -0.800000 8.700000 0.499999
v -0.500000 8.700000 0.499999
v -0.800000 9.000000 0.499999
v 0.100000 9.400000 0.499999
v 0.400000 9.400000 0.499999
v 0.100000 9.600000 0.499999
v 0.400000 9.600000 0.499999
v -1.200000 3.800000 0.600000
v -1.100000 3.800000 0.600000
v 1.100000 3.800000 0.600000
v 1.200000 3.800000 0.600000
v -1.200000 4.000000 0.600000
v -1.100000 4.000000 0.600000
v 1.100000 4.000000 0.600000
v 1.200000 4.000000 0.600000
v -0.200000 4.100000 0.600000
v 0.200000 4.100000 0.600000
v -0.100000 4.850000 0.600000
v 0.100000 4.800000 0.600000
v 0.100000 4.950000 0.600000
v -0.100000 5.000000 0.600000
v -0.100000 5.450000 0.600000
v 0.100000 5.400000 0.600000
v 0.100000 5.550000 0.600000
v -0.100000 5.650000 0.600000
v 0.100000 5.700000 0.600000
v -0.100000 6.050000 0.600000
v 0.100000 6.000000 0.600000
v 0.100000 6.150000 0.600000
v -0.100000 6.200000 0.600000
v -0.200000 6.300000 0.600000
v -0.100000 6.300000 0.600000
v 0.100000 6.300000 0.600000
v -0.200000 7.150000 0.599999
v -0.100000 6.700000 0.600000
v 0.100000 6.700000 0.600000
v -0.100000 6.800000 0.599999
v 0.100000 6.850000 0.599999
v -0.100000 6.950000 0.599999
v 0.100000 7.050000 0.599999
v -0.300000 7.100000 0.599999
v -0.100000 7.100000 0.599999
v 0.200000 7.100000 0.599999
v 0.300000 7.100000 0.599999
v -0.100000 7.200000 0.599999
v 0.100000 7.200000 0.599999
v 0.200000 7.200000 0.599999
v -0.200000 7.350000 0.599999
v -0.100000 7.300000 0.599999
v 0.100000 7.300000 0.599999
v 0.200000 7.350000 0.599999
v -0.100000 7.400000 0.599999
v 0.100000 7.400000 0.599999
v -0.200000 7.500000 0.599999
v -0.100000 7.500000 0.599999
v 0.100000 7.500000 0.599999
v 0.200000 7.500000 0.599999
v -0.300000 7.600000 0.599999
v 0.300000 7.600000 0.599999
v -0.900000 8.400000 0.599999
v -0.500000 8.400000 0.599999
v -0.900000 8.700000 0.599999
v -0.500000 8.700000 0.599999
v -0.300000 0.100000 0.700000
v 0.300000 0.100000 0.700000
v -0.200000 0.300000 0.700000
v -0.100000 0.300000 0.700000
v 0.100000 0.300000 0.700000
v 0.200000 0.300000 0.700000
v -0.200000 0.700000 0.700000
v -0.100000 0.700000 0.700000
v 0.100000 0.700000 0.700000
v 0.200000 0.700000 0.700000
v -0.200000 0.800000 0.700000
v -0.100000 0.800000 0.700000
v 0.100000 0.800000 0.700000
v 0.200000 0.800000 0.700000
v -1.200000 1.200000 0.700000
v -1.100000 1.200000 0.700000
v -0.200000 1.250000 0.700000
v -0.100000 1.200000 0.700000
v 0.100000 1.200000 0.700000
v 0.200000 1.200000 0.700000
v 0.300000 1.200000 0.700000
v 1.100000 1.200000 0.700000
v 1.200000 1.200000 0.700000
v -0.100000 1.300000 0.700000
v 0.100000 1.300000 0.700000
v 0.200000 1.300000 0.700000
v -1.100000 1.800000 0.700000
v -0.200000 1.700000 0.700000
v -0.100000 1.700000 0.700000
v 0.100000 1.700000 0.700000
v 0.200000 1.750000 0.700000
v 1.100000 1.800000 0.700000
v -1.200000 1.800000 0.700000
v -0.300000 1.800000 0.700000
v -0.200000 1.800000 0.700000
v -0.100000 1.800000 0.700000
v 0.100000 1.800000 0.700000
v 0.300000 2.800000 0.700000
v 1.200000 1.800000 0.700000
v -0.200000 2.250000 0.700000
v -0.100000 2.200000 0.700000
v 0.100000 2.200000 0.700000
v 0.200000 2.250000 0.700000
v -0.100000 2.300000 0.700000
v 0.100000 2.300000 0.700000
v -0.200000 2.700000 0.700000
v -0.100000 2.700000 0.700000
v 0.100000 2.700000 0.700000
v 0.200000 2.700000 0.700000
v -0.300000 2.800000 0.700000
v -0.100000 2.800000 0.700000
v 0.100000 2.800000 0.700000
v -0.100000 3.000000 0.700000
v 0.100000 3.000000 0.700000
v -1.000000 4.100000 0.700000
v -0.200000 4.100000 0.700000
v 0.200000 4.100000 0.700000
v 1.000000 4.100000 0.700000
v 0.600000 4.700000 0.700000
v 1.000000 4.700000 0.700000
v -1.000000 4.850000 0.700000
v -0.600000 6.400000 0.700000
v 0.600000 5.000000 0.700000
v 1.000000 5.000000 0.700000
v 0.300000 7.100000 0.699999
v -0.300000 6.400000 0.700000
v -0.200000 7.100000 0.699999
v -0.800000 6.700000 0.700000
v -0.600000 6.600000 0.700000
v -0.300000 6.600000 0.700000
v -0.500000 6.700000 0.700000
v -0.800000 6.900000 0.699999
v -0.500000 6.900000 0.699999
v -0.300000 7.100000 0.699999
v 0.200000 7.100000 0.699999
v 0.300000 7.600000 0.699999
v -0.300000 7.600000 0.699999
v -1.000000 8.000000 0.699999
v 1.000000 8.000000 0.699999
v -1.400000 0.000000 0.800000
v -1.200000 0.000000 0.800000
v 1.200000 0.000000 0.800000
v 1.400000 0.000000 0.800000
v -1.400000 0.100000 0.800000
v -1.200000 0.100000 0.800000
v -1.100000 0.100000 0.800000
v -0.300000 0.100000 0.800000
v 0.300000 0.100000 0.800000
v 1.100000 0.100000 0.800000
v 1.200000 0.100000 0.800000
v 1.400000 0.100000 0.800000
v 0.800000 0.600000 0.800000
v 1.100000 0.600000 0.800000
v -1.000000 1.200000 0.800000
v 0.800000 1.000000 0.800000
v 1.100000 1.000000 0.800000
v 0.900000 1.200000 0.800000
v 1.000000 1.200000 0.800000
v -0.900000 1.200000 0.800000
v -0.500000 1.200000 0.800000
v -0.400000 1.200000 0.800000
v -0.300000 1.800000 0.800000
v 0.400000 1.200000 0.800000
v 0.500000 1.200000 0.800000
v -1.100000 1.800000 0.800000
v -1.000000 1.800000 0.800000
v -0.900000 1.800000 0.800000
v -0.500000 1.800000 0.800000
v 0.500000 1.800000 0.800000
v 0.900000 1.800000 0.800000
v 1.000000 1.800000 0.800000
v 1.100000 1.800000 0.800000
v -0.400000 1.800000 0.800000
v 0.300000 1.800000 0.800000
v 0.400000 1.800000 0.800000
v -1.100000 1.900000 0.800000
v -0.300000 1.900000 0.800000
v 0.300000 1.900000 0.800000
v 1.100000 1.900000 0.800000
v -1.100000 2.600000 0.800000
v -0.800000 2.600000 0.800000
v -0.300000 2.800000 0.800000
v -0.100000 2.800000 0.800000
v 0.100000 2.800000 0.800000
v 0.300000 2.800000 0.800000
v -0.100000 3.000000 0.800000
v 0.100000 3.000000 0.800000
v 0.500000 3.000000 0.800000
v 0.800000 3.000000 0.800000
v -1.100000 3.000000 0.800000
v -0.800000 3.000000 0.800000
v 0.200000 3.300000 0.800000
v 0.500000 3.200000 0.800000
v 0.800000 3.200000 0.800000
v 0.500000 3.300000 0.800000
v 0.200000 3.500000 0.800000
v 0.500000 3.500000 0.800000
v -0.500000 3.800000 0.800000
v -0.200000 3.800000 0.800000
v 0.200000 3.800000 0.800000
v 0.500000 3.800000 0.800000
v 0.900000 3.800000 0.800000
v 1.000000 3.800000 0.800000
v 1.100000 3.800000 0.800000
v -1.100000 3.800000 0.800000
v -1.000000 3.800000 0.800000
v -0.900000 3.800000 0.800000
v -1.000000 4.000000 0.800000
v -0.900000 4.000000 0.800000
v -0.500000 4.000000 0.800000
v -0.200000 4.000000 0.800000
v 0.200000 4.000000 0.800000
v 0.500000 4.000000 0.800000
v 0.900000 4.000000 0.800000
v 1.000000 4.000000 0.800000
v 0.600000 4.700000 0.800000
v 1.100000 4.700000 0.800000
v 0.600000 5.000000 0.800000
v 1.100000 5.000000 0.800000
v -0.600000 6.400000 0.800000
v -0.300000 6.400000 0.800000
v -0.600000 6.600000 0.800000
v -0.300000 6.600000 0.800000
v -0.800000 6.700000 0.800000
v -0.500000 6.700000 0.800000
v -0.800000 6.900000 0.799999
v -0.500000 6.900000 0.799999
v -1.300000 7.000000 0.800000
v -1.200000 7.000000 0.800000
v 1.200000 7.000000 0.800000
v 1.300000 7.000000 0.800000
v -1.300000 7.900000 0.799999
v -1.200000 7.900000 0.799999
v 1.200000 7.900000 0.799999
v 1.300000 7.900000 0.799999
v -1.200000 0.000000 0.900000
v -1.100000 0.000000 0.900000
v 1.100000 0.000000 0.900000
v 1.200000 0.000000 0.900000
v -1.200000 0.100000 0.900000
v -1.100000 0.100000 0.900000
v 1.100000 0.100000 0.900000
v 1.200000 0.100000 0.900000
v 0.800000 0.600000 0.900000
v 1.200000 0.600000 0.900000
v 0.800000 1.000000 0.900000
v 1.200000 1.000000 0.900000
v -1.000000 1.200000 0.900000
v -0.900000 1.200000 0.900000
v -0.500000 1.200000 0.900000
v -0.400000 1.200000 0.900000
v 0.400000 1.200000 0.900000
v 0.500000 1.200000 0.900000
v 0.900000 1.200000 0.900000
v 1.000000 1.200000 0.900000
v -1.200000 1.800000 0.900000
v -1.000000 1.800000 0.900000
v -0.900000 1.800000 0.900000
v -0.500000 1.800000 0.900000
v -0.400000 1.800000 0.900000
v -0.300000 1.800000 0.900000
v 0.300000 1.800000 0.900000
v 0.400000 1.800000 0.900000
v 0.500000 1.800000 0.900000
v 0.900000 1.800000 0.900000
v 1.000000 1.800000 0.900000
v 1.200000 1.800000 0.900000
v -1.200000 1.900000 0.900000
v -0.300000 1.900000 0.900000
v 0.300000 1.900000 0.900000
v 1.200000 1.900000 0.900000
v -1.200000 2.600000 0.900000
v -0.800000 2.600000 0.900000
v -1.200000 3.000000 0.900000
v -0.800000 3.000000 0.900000
v 0.500000 3.000000 0.900000
v 0.800000 3.000000 0.900000
v 0.500000 3.200000 0.900000
v 0.800000 3.200000 0.900000
v 0.200000 3.300000 0.900000
v 0.500000 3.300000 0.900000
v 0.200000 3.500000 0.900000
v 0.500000 3.500000 0.900000
v -1.200000 3.800000 0.900000
v -1.000000 3.800000 0.900000
v -0.900000 3.800000 0.900000
v -0.500000 3.800000 0.900000
v -0.200000 3.800000 0.900000
v 0.200000 3.800000 0.900000
v 0.500000 3.800000 0.900000
v 0.900000 3.800000 0.900000
v 1.000000 3.800000 0.900000
v 1.200000 3.800000 0.900000
v -1.200000 4.000000 0.900000
v -1.000000 4.000000 0.900000
v -0.900000 4.000000 0.900000
v -0.500000 4.000000 0.900000
v -0.200000 4.000000 0.900000
v 0.200000 4.000000 0.900000
v 0.500000 4.000000 0.900000
v 0.900000 4.000000 0.900000
v 1.000000 4.000000 0.900000
v 1.200000 4.000000 0.900000
v -1.300000 4.050000 1.000000
v 1.300000 4.000000 1.000000
v -0.900000 4.100000 1.000000
v -0.700000 4.100000 1.000000
v -0.400000 4.100000 1.000000
v 0.800000 4.300000 1.000000
v 1.250000 4.100000 1.000000
v -0.700000 4.300000 1.000000
v -0.400000 4.300000 1.000000
v 1.100000 4.300000 1.000000
v -1.400000 4.400000 1.000000
v -1.300000 4.400000 1.000000
v -1.200000 4.400000 1.000000
v -0.900000 4.400000 1.000000
v 1.200000 4.600000 1.000000
v 1.300000 4.400000 1.000000
v 1.400000 4.400000 1.000000
v 0.800000 4.500000 1.000000
v 1.100000 4.500000 1.000000
v -1.200000 4.600000 1.000000
v -1.400000 4.700000 1.000000
v -1.300000 4.700000 1.000000
v -1.200000 4.700000 1.000000
v 1.200000 4.700000 1.000000
v 1.300000 4.700000 1.000000
v 1.400000 4.700000 1.000000
v -1.100000 7.000000 0.999999
v -1.000000 7.000000 0.999999
v 1.000000 7.000000 0.999999
v 1.100000 7.000000 0.999999
v -0.700000 7.200000 0.999999
v -0.600000 7.200000 0.999999
v 0.600000 7.200000 0.999999
v 0.700000 7.200000 0.999999
v -0.300000 7.400000 0.999999
v -0.200000 7.400000 0.999999
v 0.200000 7.400000 0.999999
v 0.300000 7.400000 0.999999
v -1.100000 7.900000 0.999999
v -1.000000 7.900000 0.999999
v 1.000000 7.900000 0.999999
v 1.100000 7.900000 0.999999
v 1.200000 7.900000 0.999999
v -1.300000 8.000000 0.999999
v -1.200000 7.900000 0.999999
v -0.700000 7.900000 0.999999
v -0.600000 7.900000 0.999999
v -0.300000 7.900000 0.999999
v -0.200000 7.900000 0.999999
v 0.200000 7.900000 0.999999
v 0.300000 7.900000 0.999999
v 0.600000 7.900000 0.999999
v 0.700000 7.900000 0.999999
v 1.300000 8.000000 0.999999
v -1.300000 8.150000 0.999999
v 1.300000 8.150000 0.999999
v -1.100000 0.000000 1.100000
v -0.400000 0.000000 1.100000
v 0.400000 0.000000 1.100000
v 1.100000 0.000000 1.100000
v -1.100000 0.100000 1.100000
v -0.400000 0.100000 1.100000
v 0.400000 0.100000 1.100000
v 1.100000 0.100000 1.100000
v -1.400000 4.100000 1.100000
v -0.900000 4.100000 1.100000
v -0.700000 4.100000 1.100000
v -0.400000 4.100000 1.100000
v 1.200000 4.100000 1.100000
v 1.400000 4.100000 1.100000
v -0.700000 4.300000 1.100000
v -0.400000 4.300000 1.100000
v 0.800000 4.300000 1.100000
v 1.100000 4.300000 1.100000
v -1.400000 4.400000 1.100000
v -1.250000 4.400000 1.100000
v -0.900000 4.400000 1.100000
v 1.300000 4.400000 1.100000
v 1.400000 4.400000 1.100000
v 0.800000 4.500000 1.100000
v 1.100000 4.500000 1.100000
v -1.250000 4.700000 1.100000
v 1.250000 4.700000 1.100000
v -1.400000 8.000000 1.099999
v 1.400000 8.000000 1.099999
v -1.400000 8.100000 1.099999
v 1.400000 8.100000 1.099999
v -0.400000 0.000000 1.600000
v -0.300000 0.000000 1.600000
v 0.300000 0.000000 1.600000
v 0.400000 0.000000 1.600000
v -0.400000 0.100000 1.600000
v -0.300000 0.100000 1.600000
v 0.300000 0.100000 1.600000
v 0.400000 0.100000 1.600000
v -0.300000 0.000000 1.700000
v 0.300000 0.000000 1.700000
v -0.300000 0.100000 1.700000
v 0.300000 0.100000 1.700000
v -1.400000 8.000000 -1.700001
v -1.400000 8.100000 -1.700001
v -1.400000 4.400000 -1.600000
v -1.400000 4.700000 -1.600000
v -1.400000 4.400000 -1.500000
v -1.400000 4.700000 -1.500000
v -1.400000 -0.000000 -1.400000
v -1.400000 0.100000 -1.400000
v -1.400000 4.200000 -1.400000
v -1.400000 4.400000 -1.400000
v -1.400000 4.200000 -1.100000
v -1.400000 4.400000 -1.100000
v -1.400000 4.300000 -1.000000
v -1.400000 4.500000 -1.000000
v -1.400000 0.400000 -0.700000
v -1.400000 0.800000 -0.700000
v -1.400000 1.900000 -0.700000
v -1.400000 2.000000 -0.700000
v -1.400000 3.600000 -0.700000
v -1.400000 3.700000 -0.700000
v -1.400000 4.300000 -0.700000
v -1.400000 4.500000 -0.700000
v -1.400000 0.500000 -0.600000
v -1.400000 0.700000 -0.600000
v -1.400000 0.500000 -0.500000
v -1.400000 0.700000 -0.500000
v -1.400000 0.500000 -0.400000
v -1.400000 0.700000 -0.400000
v -1.400000 0.500000 -0.200000
v -1.400000 0.700000 -0.200000
v -1.400000 0.500000 -0.100000
v -1.400000 0.700000 -0.100000
v -1.400000 0.500000 -0.000000
v -1.400000 0.700000 -0.000000
v -1.400000 0.400000 0.100000
v -1.400000 0.800000 0.100000
v -1.400000 1.900000 0.100000
v -1.400000 2.000000 0.100000
v -1.400000 3.600000 0.100000
v -1.400000 3.700000 0.100000
v -1.400000 0.000000 0.800000
v -1.400000 0.100000 0.800000
v -1.400000 4.100000 0.800000
v -1.400000 4.400000 0.800000
v -1.400000 4.400000 0.900000
v -1.400000 4.700000 0.900000
v -1.400000 4.400000 1.000000
v -1.400000 4.700000 1.000000
v -1.400000 4.100000 1.100000
v -1.400000 4.400000 1.100000
v -1.400000 8.000000 1.099999
v -1.400000 8.100000 1.099999
v -1.300000 4.400000 -1.700000
v -1.300000 4.700000 -1.700000
v -1.300000 4.000000 -1.600000
v -1.300000 4.400000 -1.600000
v -1.300000 4.700000 -1.600000
v -1.300000 8.000000 -1.600001
v -1.300000 8.150000 -1.600001
v -1.300000 4.400000 -1.500000
v -1.300000 4.600000 -1.500000
v -1.300000 4.700000 -1.500000
v -1.300000 7.900000 -1.500001
v -1.300000 4.200000 -1.400000
v -1.300000 4.400000 -1.400000
v -1.300000 7.000000 -1.400000
v -1.300000 7.900000 -1.400001
v -1.300000 7.000000 -1.300000
v -1.300000 7.900000 -1.300001
v -1.300000 4.200000 -1.100000
v -1.300000 4.400000 -1.100000
v -1.300000 4.300000 -1.000000
v -1.300000 4.500000 -1.000000
v -1.300000 7.200000 -1.000001
v -1.300000 7.900000 -1.000001
v -1.300000 7.200000 -0.900001
v -1.300000 7.900000 -0.900001
v -1.300000 0.800000 -0.700000
v -1.300000 1.900000 -0.700000
v -1.300000 2.000000 -0.700000
v -1.300000 3.600000 -0.700000
v -1.300000 4.300000 -0.700000
v -1.300000 4.500000 -0.700000
v -1.300000 0.800000 -0.600000
v -1.300000 1.900000 -0.600000
v -1.300000 2.000000 -0.600000
v -1.300000 3.600000 -0.600000
v -1.300000 7.400000 -0.600001
v -1.300000 7.900000 -0.600001
v -1.300000 4.600000 0.100000
v -1.300000 7.400000 -0.500001
v -1.300000 7.900000 -0.500001
v -1.300000 7.400000 -0.100001
v -1.300000 7.900000 -0.100001
v -1.300000 0.800000 0.050000
v -1.300000 1.900000 0.050000
v -1.300000 2.000000 0.050000
v -1.300000 3.600000 0.050000
v -1.300000 7.400000 -0.000001
v -1.300000 7.900000 -0.000001
v -1.300000 4.100000 0.800000
v -1.300000 7.200000 0.299999
v -1.300000 7.900000 0.299999
v -1.300000 7.200000 0.399999
v -1.300000 7.900000 0.399999
v -1.300000 7.000000 0.699999
v -1.300000 7.900000 0.699999
v -1.300000 4.400000 0.800000
v -1.300000 7.000000 0.799999
v -1.300000 7.900000 0.799999
v -1.300000 4.400000 0.900000
v -1.300000 4.600000 0.900000
v -1.300000 4.700000 0.900000
v -1.300000 7.900000 0.899999
v -1.300000 8.000000 0.999999
v -1.300000 4.050000 1.000000
v -1.300000 4.400000 1.000000
v -1.300000 4.700000 1.000000
v -1.300000 8.150000 0.999999
v -1.300000 4.400000 1.100000
v -1.300000 4.700000 1.100000
v -1.200000 -0.000000 -1.500000
v -1.200000 0.100000 -1.500000
v -1.200000 1.800000 -1.500000
v -1.200000 1.900000 -1.500000
v -1.200000 2.000000 -1.500000
v -1.200000 2.400000 -1.500000
v -1.200000 3.800000 -1.500000
v -1.200000 4.000000 -1.500000
v -1.200000 -0.000000 -1.400000
v -1.200000 0.100000 -1.400000
v -1.200000 4.000000 -1.300000
v -1.200000 1.200000 -1.300000
v -1.200000 1.800000 -1.250000
v -1.200000 3.800000 -1.300000
v -1.200000 1.200000 -1.200000
v -1.200000 3.800000 -1.200000
v -1.200000 4.000000 -1.200000
v -1.200000 2.000000 -1.000000
v -1.200000 2.400000 -1.000000
v -1.200000 3.800000 -0.800000
v -1.200000 4.000000 -0.800000
v -1.200000 1.200000 -0.800000
v -1.200000 1.800000 -0.800000
v -1.200000 1.900000 -0.700000
v -1.200000 1.200000 -0.700000
v -1.200000 3.800000 -0.500000
v -1.200000 4.000000 -0.500000
v -1.200000 0.400000 -0.400000
v -1.200000 0.500000 -0.400000
v -1.200000 2.100000 -0.400000
v -1.200000 2.200000 -0.400000
v -1.200000 0.400000 -0.200000
v -1.200000 0.500000 -0.200000
v -1.200000 2.100000 -0.200000
v -1.200000 2.200000 -0.200000
v -1.200000 1.800000 -0.100000
v -1.200000 1.900000 -0.100000
v -1.200000 3.800000 -0.100000
v -1.200000 4.000000 -0.100000
v -1.200000 1.800000 -0.000000
v -1.200000 1.900000 -0.000000
v -1.200000 1.200000 0.100000
v -1.200000 1.900000 0.100000
v -1.200000 1.200000 0.200000
v -1.200000 1.800000 0.200000
v -1.200000 3.100000 0.200000
v -1.200000 3.300000 0.200000
v -1.200000 3.800000 0.200000
v -1.200000 4.000000 0.200000
v -1.200000 2.600000 0.400000
v -1.200000 3.000000 0.400000
v -1.200000 3.100000 0.500000
v -1.200000 3.300000 0.500000
v -1.200000 1.200000 0.600000
v -1.200000 1.800000 0.600000
v -1.200000 1.900000 0.900000
v -1.200000 3.800000 0.600000
v -1.200000 4.000000 0.600000
v -1.200000 1.200000 0.700000
v -1.200000 1.800000 0.700000
v -1.200000 3.800000 0.700000
v -1.200000 4.000000 0.700000
v -1.200000 0.000000 0.800000
v -1.200000 0.100000 0.800000
v -1.200000 0.000000 0.900000
v -1.200000 0.100000 0.900000
v -1.200000 1.800000 0.900000
v -1.200000 2.600000 0.900000
v -1.200000 3.000000 0.900000
v -1.200000 3.800000 0.900000
v -1.200000 4.000000 0.900000
v -1.100000 -0.000000 -1.700000
v -1.100000 0.100000 -1.700000
v -1.100000 7.000000 -1.600001
v -1.100000 7.900000 -1.600001
v -1.100000 -0.000000 -1.500000
v -1.100000 0.100000 -1.500000
v -1.100000 7.000000 -1.500000
v -1.100000 7.900000 -1.500001
v -1.100000 0.100000 -1.400000
v -1.100000 1.800000 -1.400000
v -1.100000 1.900000 -1.400000
v -1.100000 2.000000 -1.400000
v -1.100000 2.400000 -1.400000
v -1.100000 3.800000 -1.400000
v -1.100000 7.300000 -1.400001
v -1.100000 7.600000 -1.400001
v -1.100000 1.200000 -1.300000
v -1.100000 1.800000 -1.300000
v -1.100000 3.800000 -1.250000
v -1.100000 4.000000 -1.300000
v -1.100000 1.200000 -1.200000
v -1.100000 1.800000 -1.200000
v -1.100000 4.000000 -1.200000
v -1.100000 6.000000 -1.100001
v -1.100000 6.200000 -1.100001
v -1.100000 7.300000 -1.100001
v -1.100000 7.600000 -1.100001
v -1.100000 7.800000 -1.100001
v -1.100000 2.000000 -1.000000
v -1.100000 2.400000 -1.000000
v -1.100000 3.800000 -0.800000
v -1.100000 1.200000 -0.800000
v -1.100000 1.800000 -0.800000
v -1.100000 4.000000 -0.800000
v -1.100000 6.000000 -0.800000
v -1.100000 6.200000 -0.800000
v -1.100000 7.600000 -0.800001
v -1.100000 7.800000 -0.800001
v -1.100000 0.400000 -0.700000
v -1.100000 0.500000 -0.700000
v -1.100000 0.700000 -0.700000
v -1.100000 0.800000 -0.700000
v -1.100000 1.200000 -0.600000
v -1.100000 1.300000 -0.700000
v -1.100000 1.900000 -0.700000
v -1.100000 2.000000 -0.700000
v -1.100000 3.600000 -0.700000
v -1.100000 3.700000 -0.700000
v -1.100000 0.400000 -0.600000
v -1.100000 0.500000 -0.600000
v -1.100000 0.700000 -0.600000
v -1.100000 0.800000 -0.600000
v -1.100000 1.300000 -0.600000
v -1.100000 0.400000 -0.500000
v -1.100000 0.500000 -0.500000
v -1.100000 1.900000 -0.500000
v -1.100000 2.200000 -0.500000
v -1.100000 3.600000 -0.500000
v -1.100000 3.800000 -0.500000
v -1.100000 4.000000 -0.500000
v -1.100000 0.400000 -0.400000
v -1.100000 0.500000 -0.400000
v -1.100000 2.100000 -0.400000
v -1.100000 2.200000 -0.400000
v -1.100000 0.400000 -0.200000
v -1.100000 0.500000 -0.200000
v -1.100000 2.100000 -0.200000
v -1.100000 2.200000 -0.200000
v -1.100000 0.400000 -0.000000
v -1.100000 0.500000 -0.100000
v -1.100000 1.800000 -0.100000
v -1.100000 2.200000 -0.100000
v -1.100000 3.600000 -0.100000
v -1.100000 3.700000 0.100000
v -1.100000 3.800000 -0.100000
v -1.100000 4.000000 -0.100000
v -1.100000 0.500000 -0.000000
v -1.100000 0.700000 -0.000000
v -1.100000 0.800000 0.050000
v -1.100000 1.200000 0.100000
v -1.100000 1.800000 0.100000
v -1.100000 2.000000 0.100000
v -1.100000 3.600000 0.100000
v -1.100000 0.400000 0.100000
v -1.100000 0.500000 0.100000
v -1.100000 0.700000 0.100000
v -1.100000 1.900000 0.100000
v -1.100000 1.200000 0.200000
v -1.100000 1.800000 0.200000
v -1.100000 3.100000 0.200000
v -1.100000 3.300000 0.200000
v -1.100000 3.800000 0.200000
v -1.100000 4.000000 0.200000
v -1.100000 5.300000 0.200000
v -1.100000 5.500000 0.200000
v -1.100000 2.600000 0.400000
v -1.100000 3.000000 0.400000
v -1.100000 1.200000 0.600000
v -1.100000 1.800000 0.600000
v -1.100000 3.100000 0.500000
v -1.100000 3.300000 0.500000
v -1.100000 5.300000 0.500000
v -1.100000 5.500000 0.500000
v -1.100000 1.900000 0.800000
v -1.100000 3.000000 0.800000
v -1.100000 3.800000 0.600000
v -1.100000 4.000000 0.600000
v -1.100000 1.200000 0.700000
v -1.100000 1.800000 0.700000
v -1.100000 3.800000 0.700000
v -1.100000 4.000000 0.700000
v -1.100000 0.100000 0.800000
v -1.100000 1.800000 0.800000
v -1.100000 2.600000 0.800000
v -1.100000 3.800000 0.800000
v -1.100000 0.000000 0.900000
v -1.100000 0.100000 0.900000
v -1.100000 7.000000 0.899999
v -1.100000 7.900000 0.899999
v -1.100000 7.000000 0.999999
v -1.100000 7.900000 0.999999
v -1.100000 0.000000 1.100000
v -1.100000 0.100000 1.100000
v -1.000000 1.200000 -1.500000
v -1.000000 1.800000 -1.500000
v -1.000000 1.200000 -1.400000
v -1.000000 1.800000 -1.400000
v -1.000000 4.100000 -1.300000
v -1.000000 7.300000 -1.300001
v -1.000000 7.600000 -1.300001
v -1.000000 8.000000 -1.300001
v -1.000000 6.000000 -1.100001
v -1.000000 6.200000 -1.100001
v -1.000000 7.300000 -1.100001
v -1.000000 7.600000 -1.100001
v -1.000000 7.800000 -1.100001
v -1.000000 6.000000 -0.800000
v -1.000000 6.200000 -0.800000
v -1.000000 7.600000 -0.800001
v -1.000000 7.800000 -0.800001
v -1.000000 5.100000 -0.500000
v -1.000000 7.600000 -0.500001
v -1.000000 0.600000 -0.500000
v -1.000000 0.700000 -0.500000
v -1.000000 0.800000 -0.500000
v -1.000000 0.900000 -0.500000
v -1.000000 1.000000 -0.500000
v -1.000000 1.100000 -0.500000
v -1.000000 1.250000 -0.500000
v -1.000000 1.400000 -0.500000
v -1.000000 1.500000 -0.500000
v -1.000000 1.600000 -0.500000
v -1.000000 1.700000 -0.500000
v -1.000000 1.800000 -0.500000
v -1.000000 1.900000 -0.500000
v -1.000000 2.300000 -0.500000
v -1.000000 2.400000 -0.500000
v -1.000000 2.550000 -0.500000
v -1.000000 2.750000 -0.500000
v -1.000000 2.950000 -0.500000
v -1.000000 3.100000 -0.500000
v -1.000000 3.200000 -0.500000
v -1.000000 3.300000 -0.500000
v -1.000000 3.400000 -0.500000
v -1.000000 3.550000 -0.500000
v -1.000000 0.600000 -0.100000
v -1.000000 0.700000 -0.100000
v -1.000000 0.800000 -0.100000
v -1.000000 0.900000 -0.100000
v -1.000000 1.000000 -0.100000
v -1.000000 1.100000 -0.100000
v -1.000000 1.250000 -0.100000
v -1.000000 1.400000 -0.100000
v -1.000000 1.500000 -0.100000
v -1.000000 1.600000 -0.100000
v -1.000000 1.700000 -0.100000
v -1.000000 1.800000 -0.100000
v -1.000000 1.900000 -0.100000
v -1.000000 2.300000 -0.100000
v -1.000000 2.400000 -0.100000
v -1.000000 2.550000 -0.100000
v -1.000000 2.750000 -0.100000
v -1.000000 2.950000 -0.100000
v -1.000000 3.100000 -0.100000
v -1.000000 3.200000 -0.100000
v -1.000000 3.300000 -0.100000
v -1.000000 3.400000 -0.100000
v -1.000000 3.550000 -0.100000
v -1.000000 5.100000 -0.100000
v -1.000000 7.600000 -0.100001
v -1.000000 5.300000 0.200000
v -1.000000 5.500000 0.200000
v -1.000000 5.300000 0.500000
v -1.000000 5.500000 0.500000
v -1.000000 8.000000 0.699999
v -1.000000 4.100000 0.700000
v -1.000000 1.200000 0.800000
v -1.000000 1.800000 0.800000
v -1.000000 1.200000 0.900000
v -1.000000 1.800000 0.900000
v -0.900000 3.800000 -1.500000
v -0.900000 4.000000 -1.500000
v -0.900000 3.800000 -1.400000
v -0.900000 4.000000 -1.400000
v -0.900000 5.100000 -0.500000
v -0.900000 5.200000 -0.500000
v -0.900000 5.300000 -0.500000
v -0.900000 5.400000 -0.500000
v -0.900000 5.500000 -0.500000
v -0.900000 5.600000 -0.500000
v -0.900000 5.700000 -0.500000
v -0.900000 5.800000 -0.500000
v -0.900000 5.900000 -0.500000
v -0.900000 6.000000 -0.500000
v -0.900000 6.100000 -0.500000
v -0.900000 6.200000 -0.500000
v -0.900000 6.300000 -0.500000
v -0.900000 6.400000 -0.500000
v -0.900000 6.500000 -0.500000
v -0.900000 6.600000 -0.500000
v -0.900000 6.700000 -0.500000
v -0.900000 6.800000 -0.500001
v -0.900000 6.900000 -0.500001
v -0.900000 7.000000 -0.500001
v -0.900000 7.100000 -0.500001
v -0.900000 7.200000 -0.500001
v -0.900000 7.300000 -0.500001
v -0.900000 7.400000 -0.500001
v -0.900000 7.500000 -0.500001
v -0.900000 7.600000 -0.500001
v -0.900000 8.600000 -0.300001
v -0.900000 8.800000 -0.300001
v -0.900000 5.100000 -0.100000
v -0.900000 5.200000 -0.100000
v -0.900000 5.300000 -0.100000
v -0.900000 5.400000 -0.100000
v -0.900000 5.500000 -0.100000
v -0.900000 5.600000 -0.100000
v -0.900000 5.700000 -0.100000
v -0.900000 5.800000 -0.100000
v -0.900000 5.900000 -0.100000
v -0.900000 6.000000 -0.100000
v -0.900000 6.100000 -0.100000
v -0.900000 6.200000 -0.100000
v -0.900000 6.300000 -0.100000
v -0.900000 6.400000 -0.100000
v -0.900000 6.500000 -0.100000
v -0.900000 6.600000 -0.100001
v -0.900000 6.700000 -0.100001
v -0.900000 6.800000 -0.100001
v -0.900000 6.900000 -0.100001
v -0.900000 7.000000 -0.100001
v -0.900000 7.100000 -0.100001
v -0.900000 7.200000 -0.100001
v -0.900000 7.300000 -0.100001
v -0.900000 7.400000 -0.100001
v -0.900000 7.500000 -0.100001
v -0.900000 7.600000 -0.100001
v -0.900000 8.600000 -0.000001
v -0.900000 8.800000 -0.000001
v -0.900000 8.400000 0.199999
v -0.900000 8.700000 0.199999
v -0.900000 8.400000 0.599999
v -0.900000 8.700000 0.599999
v -0.900000 3.800000 0.800000
v -0.900000 4.000000 0.800000
v -0.900000 3.800000 0.900000
v -0.900000 4.000000 0.900000
v -0.800000 8.200000 -1.100001
v -0.800000 9.000000 -1.100001
v -0.800000 9.400000 -0.800001
v -0.800000 9.600000 -0.800001
v -0.800000 9.400000 -0.500001
v -0.800000 9.600000 -0.500001
v -0.800000 8.600000 -0.300001
v -0.800000 8.800000 -0.300001
v -0.800000 8.600000 -0.000001
v -0.800000 8.800000 -0.000001
v -0.800000 9.100000 -0.000001
v -0.800000 9.300000 -0.000001
v -0.800000 8.400000 0.199999
v -0.800000 8.700000 0.199999
v -0.800000 9.100000 0.299999
v -0.800000 9.300000 0.299999
v -0.800000 8.200000 0.499999
v -0.800000 8.400000 0.499999
v -0.800000 8.700000 0.499999
v -0.800000 9.000000 0.499999
v -0.800000 6.700000 0.700000
v -0.800000 6.900000 0.699999
v -0.800000 6.700000 0.800000
v -0.800000 6.900000 0.799999
v -0.700000 4.300000 -1.700000
v -0.700000 4.500000 -1.700000
v -0.700000 4.300000 -1.600000
v -0.700000 4.500000 -1.600000
v -0.700000 7.200000 -1.600001
v -0.700000 7.900000 -1.600001
v -0.700000 7.200000 -1.500001
v -0.700000 7.900000 -1.500001
v -0.700000 9.000000 -0.900001
v -0.700000 9.800000 -0.900001
v -0.700000 9.400000 -0.800001
v -0.700000 9.600000 -0.800001
v -0.700000 9.400000 -0.500001
v -0.700000 9.600000 -0.500001
v -0.700000 9.000000 -0.400001
v -0.700000 9.700000 -0.400001
v -0.700000 9.000000 -0.200001
v -0.700000 9.700000 -0.200001
v -0.700000 9.100000 -0.000001
v -0.700000 9.300000 -0.000001
v -0.700000 9.000000 0.299999
v -0.700000 9.100000 0.299999
v -0.700000 9.300000 0.299999
v -0.700000 9.800000 0.299999
v -0.700000 7.200000 0.899999
v -0.700000 7.900000 0.899999
v -0.700000 4.100000 1.000000
v -0.700000 4.300000 1.000000
v -0.700000 7.200000 0.999999
v -0.700000 7.900000 0.999999
v -0.700000 4.100000 1.100000
v -0.700000 4.300000 1.100000
v -0.600000 9.000000 -1.000001
v -0.600000 9.800000 -1.000001
v -0.600000 9.000000 -0.900001
v -0.600000 9.800000 -0.900001
v -0.600000 9.850000 -0.800001
v -0.600000 9.850000 0.199999
v -0.600000 9.000000 0.299999
v -0.600000 9.800000 0.299999
v -0.600000 9.000000 0.399999
v -0.600000 9.800000 0.399999
v -0.600000 6.400000 0.700000
v -0.600000 6.600000 0.700000
v -0.600000 6.400000 0.800000
v -0.600000 6.600000 0.800000
v -0.500000 9.850000 -0.900001
v -0.500000 9.800000 -0.800001
v -0.500000 9.900000 -0.800001
v -0.500000 10.000000 -0.800001
v -0.500000 9.800000 0.199999
v -0.500000 9.900000 0.199999
v -0.500000 10.000000 0.199999
v -0.500000 9.850000 0.299999
v -0.500000 1.200000 0.800000
v -0.500000 1.800000 0.800000
v -0.500000 1.200000 0.900000
v -0.500000 1.800000 0.900000
v -0.400000 1.200000 -1.500000
v -0.400000 1.800000 -1.500000
v -0.400000 1.200000 -1.400000
v -0.400000 1.800000 -1.400000
v -0.400000 9.350000 -0.400001
v -0.400000 9.350000 -0.200001
v -0.400000 0.000000 1.100000
v -0.400000 0.100000 1.100000
v -0.400000 0.000000 1.600000
v -0.400000 0.100000 1.600000
v -0.300000 7.400000 -1.600001
v -0.300000 7.900000 -1.600001
v -0.300000 3.000000 -1.500000
v -0.300000 3.200000 -1.500000
v -0.300000 7.400000 -1.500001
v -0.300000 7.900000 -1.500001
v -0.300000 3.000000 -1.400000
v -0.300000 3.200000 -1.400000
v -0.300000 7.100000 -1.200001
v -0.300000 7.600000 -1.200001
v -0.300000 7.100000 -1.100001
v -0.300000 7.600000 -1.100001
v -0.300000 7.000000 0.499999
v -0.300000 7.600000 0.499999
v -0.300000 0.100000 0.600000
v -0.300000 2.800000 0.600000
v -0.300000 7.000000 0.599999
v -0.300000 7.600000 0.599999
v -0.300000 0.100000 0.700000
v -0.300000 2.800000 0.700000
v -0.300000 7.400000 0.899999
v -0.300000 7.900000 0.899999
v -0.300000 7.400000 0.999999
v -0.300000 7.900000 0.999999
v -0.300000 0.000000 1.600000
v -0.300000 0.100000 1.600000
v -0.300000 0.000000 1.700000
v -0.300000 0.100000 1.700000
v -0.200000 3.800000 -1.500000
v -0.200000 4.000000 -1.500000
v -0.200000 3.800000 -1.400000
v -0.200000 4.000000 -1.400000
v -0.200000 4.100000 -1.200000
v -0.200000 7.100000 -1.200001
v -0.200000 4.100000 -1.100000
v -0.200000 7.100000 -1.100001
v -0.200000 4.100000 0.500000
v -0.200000 7.000000 0.499999
v -0.200000 4.100000 0.600000
v -0.200000 7.000000 0.599999
v -0.200000 3.800000 0.800000
v -0.200000 4.000000 0.800000
v -0.200000 3.800000 0.900000
v -0.200000 4.000000 0.900000
v -0.100000 7.200000 -1.200001
v -0.100000 7.300000 -1.200001
v -0.100000 7.450000 -1.200001
v -0.100000 7.200000 -1.100001
v -0.100000 7.300000 -1.100001
v -0.100000 7.450000 -1.100001
v -0.100000 7.200000 0.499999
v -0.100000 7.300000 0.499999
v -0.100000 7.450000 0.499999
v -0.100000 0.300000 0.600000
v -0.100000 0.700000 0.600000
v -0.100000 0.800000 0.600000
v -0.100000 1.200000 0.600000
v -0.100000 1.300000 0.600000
v -0.100000 1.700000 0.600000
v -0.100000 1.800000 0.600000
v -0.100000 2.200000 0.600000
v -0.100000 2.300000 0.600000
v -0.100000 2.700000 0.600000
v -0.100000 2.800000 0.600000
v -0.100000 3.000000 0.600000
v -0.100000 7.200000 0.599999
v -0.100000 7.300000 0.599999
v -0.100000 7.450000 0.599999
v -0.100000 0.300000 0.700000
v -0.100000 0.700000 0.700000
v -0.100000 0.800000 0.700000
v -0.100000 1.200000 0.700000
v -0.100000 1.300000 0.700000
v -0.100000 1.700000 0.700000
v -0.100000 1.800000 0.700000
v -0.100000 2.200000 0.700000
v -0.100000 2.300000 0.700000
v -0.100000 2.700000 0.700000
v -0.100000 2.800000 0.700000
v -0.100000 3.000000 0.700000
v 0.100000 3.200000 -1.500000
v 0.100000 3.400000 -1.500000
v 0.100000 3.200000 -1.400000
v 0.100000 3.400000 -1.400000
v 0.100000 4.850000 -1.200000
v 0.100000 5.000000 -1.200000
v 0.100000 5.400000 -1.200000
v 0.100000 5.550000 -1.200001
v 0.100000 5.700000 -1.200001
v 0.100000 6.000000 -1.200001
v 0.100000 6.150000 -1.200001
v 0.100000 6.300000 -1.200001
v 0.100000 6.700000 -1.200001
v 0.100000 6.850000 -1.200001
v 0.100000 7.050000 -1.200001
v 0.100000 7.350000 -1.200001
v 0.100000 4.850000 -1.100000
v 0.100000 5.000000 -1.100000
v 0.100000 5.400000 -1.100000
v 0.100000 5.550000 -1.100001
v 0.100000 5.700000 -1.100001
v 0.100000 6.000000 -1.100001
v 0.100000 6.150000 -1.100001
v 0.100000 6.300000 -1.100001
v 0.100000 6.700000 -1.100001
v 0.100000 6.850000 -1.100001
v 0.100000 7.050000 -1.100001
v 0.100000 7.350000 -1.100001
v 0.100000 9.000000 -1.000001
v 0.100000 9.700000 -1.000001
v 0.100000 9.300000 -0.700001
v 0.100000 9.400000 -0.700001
v 0.100000 9.350000 -0.600001
v 0.100000 9.000000 -0.400001
v 0.100000 9.700000 -0.400001
v 0.100000 9.000000 -0.200001
v 0.100000 9.700000 -0.200001
v 0.100000 9.300000 -0.000001
v 0.100000 9.400000 -0.000001
v 0.100000 9.350000 0.099999
v 0.100000 9.000000 0.399999
v 0.100000 9.400000 0.399999
v 0.100000 9.600000 0.399999
v 0.100000 9.700000 0.399999
v 0.100000 4.850000 0.500000
v 0.100000 5.000000 0.500000
v 0.100000 5.400000 0.500000
v 0.100000 5.550000 0.500000
v 0.100000 5.700000 0.500000
v 0.100000 6.000000 0.500000
v 0.100000 6.150000 0.500000
v 0.100000 6.300000 0.500000
v 0.100000 6.700000 0.499999
v 0.100000 6.850000 0.499999
v 0.100000 7.050000 0.499999
v 0.100000 7.350000 0.499999
v 0.100000 9.400000 0.499999
v 0.100000 9.600000 0.499999
v 0.100000 4.850000 0.600000
v 0.100000 5.000000 0.600000
v 0.100000 5.400000 0.600000
v 0.100000 5.550000 0.600000
v 0.100000 5.700000 0.600000
v 0.100000 6.000000 0.600000
v 0.100000 6.150000 0.600000
v 0.100000 6.300000 0.600000
v 0.100000 6.700000 0.600000
v 0.100000 6.850000 0.599999
v 0.100000 7.050000 0.599999
v 0.100000 7.350000 0.599999
v 0.100000 2.800000 0.700000
v 0.100000 3.000000 0.700000
v 0.100000 2.800000 0.800000
v 0.100000 3.000000 0.800000
v 0.200000 7.400000 -1.600001
v 0.200000 7.900000 -1.600001
v 0.200000 7.400000 -1.500001
v 0.200000 7.900000 -1.500001
v 0.200000 4.100000 -1.250000
v 0.200000 7.100000 -1.250000
v 0.200000 7.200000 -1.200001
v 0.200000 7.300000 -1.200001
v 0.200000 7.450000 -1.200001
v 0.200000 7.200000 -1.100001
v 0.200000 7.300000 -1.100001
v 0.200000 7.450000 -1.100001
v 0.200000 7.200000 0.499999
v 0.200000 7.300000 0.499999
v 0.200000 7.450000 0.499999
v 0.200000 0.300000 0.600000
v 0.200000 0.700000 0.600000
v 0.200000 0.800000 0.600000
v 0.200000 1.200000 0.600000
v 0.200000 1.300000 0.600000
v 0.200000 1.700000 0.600000
v 0.200000 1.800000 0.600000
v 0.200000 2.200000 0.600000
v 0.200000 2.300000 0.600000
v 0.200000 2.700000 0.600000
v 0.200000 4.100000 0.600000
v 0.200000 7.100000 0.599999
v 0.200000 7.200000 0.599999
v 0.200000 7.300000 0.599999
v 0.200000 7.450000 0.599999
v 0.200000 0.300000 0.700000
v 0.200000 0.700000 0.700000
v 0.200000 0.800000 0.700000
v 0.200000 1.200000 0.700000
v 0.200000 1.300000 0.700000
v 0.200000 1.700000 0.700000
v 0.200000 1.800000 0.700000
v 0.200000 2.200000 0.700000
v 0.200000 2.300000 0.700000
v 0.200000 2.700000 0.700000
v 0.200000 4.100000 0.700000
v 0.200000 7.100000 0.699999
v 0.200000 3.300000 0.800000
v 0.200000 3.500000 0.800000
v 0.200000 3.300000 0.900000
v 0.200000 3.500000 0.900000
v 0.200000 7.400000 0.899999
v 0.200000 7.900000 0.899999
v 0.200000 7.400000 0.999999
v 0.200000 7.900000 0.999999
v 0.300000 1.200000 -1.500000
v 0.300000 1.800000 -1.500000
v 0.300000 1.200000 -1.400000
v 0.300000 1.800000 -1.400000
v 0.300000 7.100000 -1.250000
v 0.300000 7.600000 -1.250001
v 0.300000 8.300000 -1.200001
v 0.300000 8.700000 -1.200001
v 0.300000 8.300000 -1.100001
v 0.300000 8.700000 -1.100001
v 0.300000 9.350000 -0.400001
v 0.300000 9.350000 -0.200001
v 0.300000 7.100000 0.599999
v 0.300000 7.600000 0.599999
v 0.300000 0.100000 0.700000
v 0.300000 2.800000 0.700000
v 0.300000 7.100000 0.699999
v 0.300000 7.600000 0.699999
v 0.300000 0.100000 0.800000
v 0.300000 1.800000 0.800000
v 0.300000 1.900000 0.800000
v 0.300000 2.800000 0.800000
v 0.300000 1.800000 0.900000
v 0.300000 1.900000 0.900000
v 0.400000 0.600000 -1.500000
v 0.400000 0.800000 -1.500000
v 0.400000 0.600000 -1.400000
v 0.400000 0.800000 -1.400000
v 0.400000 1.200000 0.800000
v 0.400000 1.800000 0.800000
v 0.400000 1.200000 0.900000
v 0.400000 1.800000 0.900000
v 0.500000 3.800000 -1.500000
v 0.500000 4.000000 -1.500000
v 0.500000 3.800000 -1.400000
v 0.500000 4.000000 -1.400000
v 0.500000 3.000000 0.800000
v 0.500000 3.200000 0.800000
v 0.500000 3.800000 0.800000
v 0.500000 4.000000 0.800000
v 0.500000 3.000000 0.900000
v 0.500000 3.200000 0.900000
v 0.500000 3.800000 0.900000
v 0.500000 4.000000 0.900000
v 0.600000 7.200000 -1.600001
v 0.600000 7.900000 -1.600001
v 0.600000 7.200000 -1.500001
v 0.600000 7.900000 -1.500001
v 0.600000 6.000000 -1.400000
v 0.600000 6.200000 -1.400000
v 0.600000 6.000000 -1.300000
v 0.600000 6.200000 -1.300000
v 0.600000 4.700000 0.700000
v 0.600000 5.000000 0.700000
v 0.600000 4.700000 0.800000
v 0.600000 5.000000 0.800000
v 0.600000 7.200000 0.899999
v 0.600000 7.900000 0.899999
v 0.600000 7.200000 0.999999
v 0.600000 7.900000 0.999999
v 0.700000 0.800000 -1.500000
v 0.700000 1.200000 -1.500000
v 0.700000 0.800000 -1.400000
v 0.700000 1.200000 -1.400000
v 0.700000 0.900000 -1.300000
v 0.700000 1.000000 -1.300000
v 0.700000 0.900000 -1.100000
v 0.700000 1.000000 -1.100000
v 0.800000 1.000000 -1.300000
v 0.800000 1.300000 -1.300000
v 0.800000 4.100000 -1.200000
v 0.800000 7.700000 -1.200001
v 0.800000 1.000000 -1.100000
v 0.800000 1.300000 -1.100000
v 0.800000 5.200000 -0.500000
v 0.800000 5.350000 -0.500000
v 0.800000 5.550000 -0.500000
v 0.800000 5.700000 -0.500000
v 0.800000 5.800000 -0.500000
v 0.800000 5.950000 -0.500000
v 0.800000 6.150000 -0.500000
v 0.800000 6.350000 -0.500000
v 0.800000 6.550000 -0.500000
v 0.800000 6.700000 -0.500000
v 0.800000 6.800000 -0.500001
v 0.800000 6.950000 -0.500001
v 0.800000 7.150000 -0.500001
v 0.800000 7.300000 -0.500001
v 0.800000 7.450000 -0.500001
v 0.800000 5.200000 -0.100000
v 0.800000 5.350000 -0.100000
v 0.800000 5.550000 -0.100000
v 0.800000 5.700000 -0.100000
v 0.800000 5.800000 -0.100000
v 0.800000 5.950000 -0.100000
v 0.800000 6.150000 -0.100000
v 0.800000 6.300000 -0.100000
v 0.800000 6.450000 -0.100000
v 0.800000 6.650000 -0.100001
v 0.800000 6.800000 -0.100001
v 0.800000 6.950000 -0.100001
v 0.800000 7.150000 -0.100001
v 0.800000 7.350000 -0.100001
v 0.800000 7.500000 -0.100001
v 0.800000 4.100000 0.600000
v 0.800000 0.600000 0.400000
v 0.800000 1.000000 0.400000
v 0.800000 7.700000 0.599999
v 0.800000 0.600000 0.700000
v 0.800000 1.000000 0.700000
v 0.800000 0.600000 0.800000
v 0.800000 1.000000 0.800000
v 0.800000 0.600000 0.900000
v 0.800000 1.000000 0.900000
v 0.800000 4.300000 1.000000
v 0.800000 4.500000 1.000000
v 0.800000 4.300000 1.100000
v 0.800000 4.500000 1.100000
v 0.900000 1.200000 -1.500000
v 0.900000 1.800000 -1.500000
v 0.900000 1.200000 -1.400000
v 0.900000 1.800000 -1.400000
v 0.900000 1.200000 0.800000
v 0.900000 1.800000 0.800000
v 0.900000 1.200000 0.900000
v 0.900000 1.800000 0.900000
v 1.000000 7.000000 -1.600001
v 1.000000 7.900000 -1.600001
v 1.000000 3.800000 -1.500000
v 1.000000 4.000000 -1.500000
v 1.000000 7.000000 -1.500000
v 1.000000 7.900000 -1.500001
v 1.000000 3.800000 -1.400000
v 1.000000 4.000000 -1.400000
v 1.000000 -0.000000 -1.300000
v 1.000000 0.900000 -1.300000
v 1.000000 1.300000 -1.300000
v 1.000000 4.000000 -1.300000
v 1.000000 1.300000 -1.100000
v 1.000000 0.900000 -1.100000
v 1.000000 1.000000 0.400000
v 1.000000 4.000000 0.700000
v 1.000000 0.600000 0.400000
v 1.000000 0.000000 0.700000
v 1.000000 0.600000 0.700000
v 1.000000 1.000000 0.700000
v 1.000000 3.800000 0.800000
v 1.000000 4.000000 0.800000
v 1.000000 3.800000 0.900000
v 1.000000 4.000000 0.900000
v 1.000000 7.000000 0.899999
v 1.000000 7.900000 0.899999
v 1.000000 7.000000 0.999999
v 1.000000 7.900000 0.999999
v 1.200000 4.400000 -1.700000
v 1.200000 4.700000 -1.700000
v 1.200000 4.400000 -1.600000
v 1.200000 4.650000 -1.600000
v 1.200000 7.900000 -1.600001
v 1.200000 4.100000 -1.500000
v 1.200000 4.600000 -1.500000
v 1.200000 7.900000 -1.500001
v 1.200000 8.000000 -1.500001
v 1.200000 7.000000 -1.400000
v 1.200000 7.900000 -1.400001
v 1.200000 7.000000 -1.300000
v 1.200000 7.900000 -1.300001
v 1.200000 7.200000 -1.000001
v 1.200000 7.900000 -1.000001
v 1.200000 7.200000 -0.900001
v 1.200000 7.900000 -0.900001
v 1.200000 7.400000 -0.600001
v 1.200000 7.900000 -0.600001
v 1.200000 7.400000 -0.500001
v 1.200000 7.900000 -0.500001
v 1.200000 7.400000 -0.100001
v 1.200000 7.900000 -0.100001
v 1.200000 7.400000 -0.000001
v 1.200000 7.900000 -0.000001
v 1.200000 7.200000 0.299999
v 1.200000 7.900000 0.299999
v 1.200000 4.100000 0.900000
v 1.200000 7.200000 0.399999
v 1.200000 7.900000 0.399999
v 1.200000 4.600000 0.900000
v 1.200000 7.000000 0.699999
v 1.200000 7.900000 0.699999
v 1.200000 7.000000 0.799999
v 1.200000 7.900000 0.799999
v 1.200000 7.900000 0.899999
v 1.200000 8.000000 0.899999
v 1.200000 4.100000 1.000000
v 1.200000 4.650000 1.000000
v 1.200000 7.900000 0.999999
v 1.200000 4.100000 1.100000
v 1.200000 4.700000 1.100000
v -1.300000 0.400000 -0.600000
v -1.300000 0.500000 -0.600000
v -1.300000 0.700000 -0.600000
v -1.300000 0.800000 -0.600000
v -1.300000 0.500000 -0.500000
v -1.300000 0.700000 -0.500000
v -1.300000 0.500000 -0.400000
v -1.300000 0.700000 -0.400000
v -1.300000 0.500000 -0.200000
v -1.300000 0.700000 -0.200000
v -1.300000 0.500000 -0.100000
v -1.300000 0.700000 -0.100000
v -1.300000 0.400000 -0.000000
v -1.300000 0.500000 -0.000000
v -1.300000 0.700000 -0.000000
v -1.300000 0.800000 -0.000000
v -1.200000 4.400000 -1.700000
v -1.200000 4.700000 -1.700000
v -1.200000 4.400000 -1.600000
v -1.200000 4.650000 -1.600000
v -1.200000 7.900000 -1.600001
v -1.200000 4.100000 -1.500000
v -1.200000 4.600000 -1.500000
v -1.200000 7.900000 -1.500001
v -1.200000 8.000000 -1.500001
v -1.200000 7.000000 -1.400000
v -1.200000 7.900000 -1.400001
v -1.200000 7.000000 -1.300000
v -1.200000 7.900000 -1.300001
v -1.200000 4.600000 0.900000
v -1.200000 7.200000 -1.000001
v -1.200000 7.900000 -1.000001
v -1.200000 7.200000 -0.900001
v -1.200000 7.900000 -0.900001
v -1.200000 0.500000 -0.700000
v -1.200000 0.700000 -0.700000
v -1.200000 0.800000 -0.700000
v -1.200000 1.200000 -0.700000
v -1.200000 1.300000 -0.700000
v -1.200000 1.900000 -0.700000
v -1.200000 2.000000 -0.700000
v -1.200000 3.600000 -0.700000
v -1.200000 0.500000 -0.600000
v -1.200000 0.700000 -0.600000
v -1.200000 0.800000 -0.600000
v -1.200000 1.200000 -0.600000
v -1.200000 1.300000 -0.600000
v -1.200000 1.900000 -0.600000
v -1.200000 2.000000 -0.600000
v -1.200000 3.600000 -0.600000
v -1.200000 7.400000 -0.600001
v -1.200000 7.900000 -0.600001
v -1.200000 7.400000 -0.500001
v -1.200000 7.900000 -0.500001
v -1.200000 4.100000 0.900000
v -1.200000 7.400000 -0.100001
v -1.200000 7.900000 -0.100001
v -1.200000 0.500000 0.050000
v -1.200000 0.700000 0.050000
v -1.200000 0.800000 -0.000000
v -1.200000 1.800000 0.050000
v -1.200000 2.000000 0.050000
v -1.200000 3.600000 0.050000
v -1.200000 7.400000 -0.000001
v -1.200000 7.900000 -0.000001
v -1.200000 0.800000 0.100000
v -1.200000 7.200000 0.299999
v -1.200000 7.900000 0.299999
v -1.200000 7.200000 0.399999
v -1.200000 7.900000 0.399999
v -1.200000 7.000000 0.699999
v -1.200000 7.900000 0.699999
v -1.200000 7.000000 0.799999
v -1.200000 7.900000 0.799999
v -1.200000 7.900000 0.899999
v -1.200000 8.000000 0.899999
v -1.200000 4.400000 1.000000
v -1.200000 4.650000 1.000000
v -1.200000 7.900000 0.999999
v -1.200000 4.400000 1.100000
v -1.200000 4.700000 1.100000
v -1.000000 7.000000 -1.600001
v -1.000000 7.900000 -1.600001
v -1.000000 3.800000 -1.500000
v -1.000000 4.000000 -1.500000
v -1.000000 7.000000 -1.500000
v -1.000000 7.900000 -1.500001
v -1.000000 3.800000 -1.400000
v -1.000000 4.000000 -1.400000
v -1.000000 -0.000000 -1.300000
v -1.000000 2.000000 -1.300000
v -1.000000 2.400000 -1.300000
v -1.000000 4.000000 -1.300000
v -1.000000 0.400000 -0.600000
v -1.000000 2.000000 -1.000000
v -1.000000 2.400000 -1.000000
v -1.000000 3.600000 -0.600000
v -1.000000 1.900000 -0.600000
v -1.000000 2.100000 -0.600000
v -1.000000 3.600000 -0.000000
v -1.000000 0.400000 -0.000000
v -1.000000 1.900000 -0.000000
v -1.000000 2.100000 -0.000000
v -1.000000 3.000000 0.400000
v -1.000000 2.600000 0.400000
v -1.000000 3.000000 0.700000
v -1.000000 4.000000 0.700000
v -1.000000 0.000000 0.700000
v -1.000000 2.600000 0.700000
v -1.000000 3.800000 0.800000
v -1.000000 4.000000 0.800000
v -1.000000 3.800000 0.900000
v -1.000000 4.000000 0.900000
v -1.000000 7.000000 0.899999
v -1.000000 7.900000 0.899999
v -1.000000 7.000000 0.999999
v -1.000000 7.900000 0.999999
v -0.900000 1.200000 -1.500000
v -0.900000 1.800000 -1.500000
v -0.900000 2.000000 -1.500000
v -0.900000 2.400000 -1.500000
v -0.900000 1.200000 -1.400000
v -0.900000 1.800000 -1.400000
v -0.900000 2.000000 -1.400000
v -0.900000 2.400000 -1.400000
v -0.900000 2.000000 -1.300000
v -0.900000 2.400000 -1.300000
v -0.900000 2.000000 -1.000000
v -0.900000 2.400000 -1.000000
v -0.900000 0.400000 -0.600000
v -0.900000 1.900000 -0.600000
v -0.900000 2.100000 -0.600000
v -0.900000 3.600000 -0.600000
v -0.900000 0.500000 -0.500000
v -0.900000 0.600000 -0.500000
v -0.900000 0.700000 -0.500000
v -0.900000 0.800000 -0.500000
v -0.900000 0.900000 -0.500000
v -0.900000 1.000000 -0.500000
v -0.900000 1.100000 -0.500000
v -0.900000 1.250000 -0.500000
v -0.900000 1.400000 -0.500000
v -0.900000 1.500000 -0.500000
v -0.900000 1.600000 -0.500000
v -0.900000 1.750000 -0.500000
v -0.900000 2.200000 -0.500000
v -0.900000 2.300000 -0.500000
v -0.900000 2.400000 -0.500000
v -0.900000 2.550000 -0.500000
v -0.900000 2.750000 -0.500000
v -0.900000 2.950000 -0.500000
v -0.900000 3.100000 -0.500000
v -0.900000 3.200000 -0.500000
v -0.900000 3.300000 -0.500000
v -0.900000 3.450000 -0.500000
v -0.900000 0.500000 -0.100000
v -0.900000 0.600000 -0.100000
v -0.900000 0.700000 -0.100000
v -0.900000 0.800000 -0.100000
v -0.900000 0.900000 -0.100000
v -0.900000 1.000000 -0.100000
v -0.900000 1.100000 -0.100000
v -0.900000 1.250000 -0.100000
v -0.900000 1.400000 -0.100000
v -0.900000 1.500000 -0.100000
v -0.900000 1.600000 -0.100000
v -0.900000 1.700000 -0.100000
v -0.900000 1.800000 -0.100000
v -0.900000 2.250000 -0.100000
v -0.900000 2.400000 -0.100000
v -0.900000 2.550000 -0.100000
v -0.900000 2.750000 -0.100000
v -0.900000 2.900000 -0.100000
v -0.900000 3.050000 -0.100000
v -0.900000 3.250000 -0.100000
v -0.900000 3.400000 -0.100000
v -0.900000 3.500000 -0.100000
v -0.900000 0.400000 -0.000000
v -0.900000 1.900000 -0.000000
v -0.900000 2.100000 -0.000000
v -0.900000 3.600000 -0.000000
v -0.900000 1.200000 0.800000
v -0.900000 1.800000 0.800000
v -0.900000 1.200000 0.900000
v -0.900000 1.800000 0.900000
v -0.900000 4.100000 1.000000
v -0.900000 4.400000 1.000000
v -0.900000 4.100000 1.100000
v -0.900000 4.400000 1.100000
v -0.800000 4.100000 -1.200000
v -0.800000 7.700000 -1.200001
v -0.800000 5.200000 -0.500000
v -0.800000 5.300000 -0.500000
v -0.800000 5.400000 -0.500000
v -0.800000 5.500000 -0.500000
v -0.800000 5.600000 -0.500000
v -0.800000 5.700000 -0.500000
v -0.800000 5.800000 -0.500000
v -0.800000 5.900000 -0.500000
v -0.800000 6.000000 -0.500000
v -0.800000 6.100000 -0.500000
v -0.800000 6.200000 -0.500000
v -0.800000 6.300000 -0.500000
v -0.800000 6.400000 -0.500000
v -0.800000 6.500000 -0.500000
v -0.800000 6.600000 -0.500000
v -0.800000 6.700000 -0.500000
v -0.800000 6.800000 -0.500001
v -0.800000 6.900000 -0.500001
v -0.800000 7.000000 -0.500001
v -0.800000 7.100000 -0.500001
v -0.800000 7.200000 -0.500001
v -0.800000 7.300000 -0.500001
v -0.800000 7.400000 -0.500001
v -0.800000 7.500000 -0.500001
v -0.800000 6.500000 -0.100000
v -0.800000 5.200000 -0.100000
v -0.800000 5.300000 -0.100000
v -0.800000 5.400000 -0.100000
v -0.800000 5.500000 -0.100000
v -0.800000 5.600000 -0.100000
v -0.800000 5.700000 -0.100000
v -0.800000 5.800000 -0.100000
v -0.800000 5.900000 -0.100000
v -0.800000 6.000000 -0.100000
v -0.800000 6.100000 -0.100000
v -0.800000 6.200000 -0.100000
v -0.800000 6.300000 -0.100000
v -0.800000 6.400000 -0.100000
v -0.800000 6.600000 -0.100001
v -0.800000 6.700000 -0.100001
v -0.800000 6.900000 -0.100001
v -0.800000 7.000000 -0.100001
v -0.800000 7.100000 -0.100001
v -0.800000 7.300000 -0.100001
v -0.800000 7.400000 -0.100001
v -0.800000 7.500000 -0.100001
v -0.800000 6.800000 -0.100001
v -0.800000 7.200000 -0.100001
v -0.800000 2.600000 0.400000
v -0.800000 3.000000 0.400000
v -0.800000 4.100000 0.600000
v -0.800000 7.700000 0.599999
v -0.800000 2.600000 0.700000
v -0.800000 3.000000 0.700000
v -0.800000 2.600000 0.800000
v -0.800000 3.000000 0.800000
v -0.800000 2.600000 0.900000
v -0.800000 3.000000 0.900000
v -0.600000 7.200000 -1.600001
v -0.600000 7.900000 -1.600001
v -0.600000 7.200000 -1.500001
v -0.600000 7.900000 -1.500001
v -0.600000 7.300000 -1.400001
v -0.600000 7.600000 -1.400001
v -0.600000 7.300000 -1.300001
v -0.600000 7.600000 -1.300001
v -0.600000 7.200000 0.899999
v -0.600000 7.900000 0.899999
v -0.600000 7.200000 0.999999
v -0.600000 7.900000 0.999999
v -0.500000 3.800000 -1.500000
v -0.500000 4.000000 -1.500000
v -0.500000 3.800000 -1.400000
v -0.500000 4.000000 -1.400000
v -0.500000 8.400000 0.499999
v -0.500000 8.700000 0.499999
v -0.500000 8.400000 0.599999
v -0.500000 8.700000 0.599999
v -0.500000 6.700000 0.700000
v -0.500000 6.900000 0.699999
v -0.500000 3.800000 0.800000
v -0.500000 4.000000 0.800000
v -0.500000 6.700000 0.800000
v -0.500000 6.900000 0.799999
v -0.500000 3.800000 0.900000
v -0.500000 4.000000 0.900000
v -0.400000 4.300000 -1.700000
v -0.400000 4.500000 -1.700000
v -0.400000 4.300000 -1.600000
v -0.400000 4.500000 -1.600000
v -0.400000 1.200000 0.800000
v -0.400000 1.800000 0.800000
v -0.400000 1.200000 0.900000
v -0.400000 1.800000 0.900000
v -0.400000 4.100000 1.000000
v -0.400000 4.300000 1.000000
v -0.400000 4.100000 1.100000
v -0.400000 4.300000 1.100000
v -0.300000 1.200000 -1.500000
v -0.300000 1.800000 -1.500000
v -0.300000 1.200000 -1.400000
v -0.300000 1.800000 -1.400000
v -0.300000 7.100000 -1.250000
v -0.300000 7.600000 -1.250001
v -0.300000 9.350000 -0.400001
v -0.300000 9.350000 -0.200001
v -0.300000 7.100000 0.599999
v -0.300000 7.600000 0.599999
v -0.300000 0.100000 0.700000
v -0.300000 2.800000 0.700000
v -0.300000 6.400000 0.700000
v -0.300000 6.600000 0.700000
v -0.300000 7.100000 0.699999
v -0.300000 7.600000 0.699999
v -0.300000 0.100000 0.800000
v -0.300000 1.800000 0.800000
v -0.300000 1.900000 0.800000
v -0.300000 2.800000 0.800000
v -0.300000 6.400000 0.800000
v -0.300000 6.600000 0.800000
v -0.300000 1.800000 0.900000
v -0.300000 1.900000 0.900000
v -0.200000 7.400000 -1.600001
v -0.200000 7.900000 -1.600001
v -0.200000 7.400000 -1.500001
v -0.200000 7.900000 -1.500001
v -0.200000 4.100000 -1.250000
v -0.200000 7.100000 -1.250000
v -0.200000 7.200000 -1.200001
v -0.200000 7.300000 -1.200001
v -0.200000 7.450000 -1.200001
v -0.200000 7.200000 -1.100001
v -0.200000 7.300000 -1.100001
v -0.200000 7.450000 -1.100001
v -0.200000 7.200000 0.499999
v -0.200000 7.300000 0.499999
v -0.200000 7.450000 0.499999
v -0.200000 0.300000 0.600000
v -0.200000 0.700000 0.600000
v -0.200000 0.800000 0.600000
v -0.200000 1.200000 0.600000
v -0.200000 1.300000 0.600000
v -0.200000 1.700000 0.600000
v -0.200000 1.800000 0.600000
v -0.200000 2.200000 0.600000
v -0.200000 2.300000 0.600000
v -0.200000 2.700000 0.600000
v -0.200000 4.100000 0.650000
v -0.200000 7.100000 0.599999
v -0.200000 7.200000 0.599999
v -0.200000 7.300000 0.599999
v -0.200000 7.450000 0.599999
v -0.200000 0.300000 0.700000
v -0.200000 0.700000 0.700000
v -0.200000 0.800000 0.700000
v -0.200000 1.200000 0.700000
v -0.200000 1.300000 0.700000
v -0.200000 1.700000 0.700000
v -0.200000 1.800000 0.700000
v -0.200000 2.200000 0.700000
v -0.200000 2.300000 0.700000
v -0.200000 2.700000 0.700000
v -0.200000 7.100000 0.699999
v -0.200000 7.400000 0.899999
v -0.200000 7.900000 0.899999
v -0.200000 7.400000 0.999999
v -0.200000 7.900000 0.999999
v -0.100000 4.850000 -1.200000
v -0.100000 5.000000 -1.200000
v -0.100000 5.400000 -1.200000
v -0.100000 5.550000 -1.200001
v -0.100000 5.700000 -1.200001
v -0.100000 6.000000 -1.200001
v -0.100000 6.150000 -1.200001
v -0.100000 6.300000 -1.200001
v -0.100000 6.700000 -1.200001
v -0.100000 6.850000 -1.200001
v -0.100000 7.050000 -1.200001
v -0.100000 7.350000 -1.200001
v -0.100000 4.850000 -1.100000
v -0.100000 5.000000 -1.100000
v -0.100000 5.400000 -1.100000
v -0.100000 5.550000 -1.100001
v -0.100000 5.700000 -1.100001
v -0.100000 6.000000 -1.100001
v -0.100000 6.150000 -1.100001
v -0.100000 6.300000 -1.100001
v -0.100000 6.700000 -1.100001
v -0.100000 6.850000 -1.100001
v -0.100000 7.050000 -1.100001
v -0.100000 7.350000 -1.100001
v -0.100000 9.000000 -1.000001
v -0.100000 9.700000 -1.000001
v -0.100000 9.350000 -0.700001
v -0.100000 9.300000 -0.600001
v -0.100000 9.400000 -0.600001
v -0.100000 9.000000 -0.400001
v -0.100000 9.700000 -0.400001
v -0.100000 9.000000 -0.200001
v -0.100000 9.700000 -0.200001
v -0.100000 9.300000 -0.000001
v -0.100000 9.400000 -0.000001
v -0.100000 9.350000 0.099999
v -0.100000 9.000000 0.399999
v -0.100000 9.700000 0.399999
v -0.100000 4.850000 0.500000
v -0.100000 5.000000 0.500000
v -0.100000 5.400000 0.500000
v -0.100000 5.550000 0.500000
v -0.100000 5.700000 0.500000
v -0.100000 6.000000 0.500000
v -0.100000 6.150000 0.500000
v -0.100000 6.300000 0.500000
v -0.100000 6.700000 0.499999
v -0.100000 6.850000 0.499999
v -0.100000 7.050000 0.499999
v -0.100000 7.350000 0.499999
v -0.100000 4.850000 0.600000
v -0.100000 5.000000 0.600000
v -0.100000 5.400000 0.600000
v -0.100000 5.550000 0.600000
v -0.100000 5.700000 0.600000
v -0.100000 6.000000 0.600000
v -0.100000 6.150000 0.600000
v -0.100000 6.300000 0.600000
v -0.100000 6.700000 0.600000
v -0.100000 6.850000 0.599999
v -0.100000 7.050000 0.599999
v -0.100000 7.350000 0.599999
v -0.100000 2.800000 0.700000
v -0.100000 3.000000 0.700000
v -0.100000 2.800000 0.800000
v -0.100000 3.000000 0.800000
v 0.000000 3.000000 -1.500000
v 0.000000 3.200000 -1.500000
v 0.000000 3.000000 -1.400000
v 0.000000 3.200000 -1.400000
v 0.100000 7.200000 -1.200001
v 0.100000 7.300000 -1.200001
v 0.100000 7.450000 -1.200001
v 0.100000 7.200000 -1.100001
v 0.100000 7.300000 -1.100001
v 0.100000 7.450000 -1.100001
v 0.100000 7.200000 0.499999
v 0.100000 7.300000 0.499999
v 0.100000 7.450000 0.499999
v 0.100000 0.300000 0.600000
v 0.100000 0.700000 0.600000
v 0.100000 0.800000 0.600000
v 0.100000 1.200000 0.600000
v 0.100000 1.300000 0.600000
v 0.100000 1.700000 0.600000
v 0.100000 1.800000 0.600000
v 0.100000 2.200000 0.600000
v 0.100000 2.300000 0.600000
v 0.100000 2.700000 0.600000
v 0.100000 2.800000 0.600000
v 0.100000 3.000000 0.600000
v 0.100000 7.200000 0.599999
v 0.100000 7.300000 0.599999
v 0.100000 7.450000 0.599999
v 0.100000 0.300000 0.700000
v 0.100000 0.700000 0.700000
v 0.100000 0.800000 0.700000
v 0.100000 1.200000 0.700000
v 0.100000 1.300000 0.700000
v 0.100000 1.700000 0.700000
v 0.100000 1.800000 0.700000
v 0.100000 2.200000 0.700000
v 0.100000 2.300000 0.700000
v 0.100000 2.700000 0.700000
v 0.100000 2.800000 0.700000
v 0.100000 3.000000 0.700000
v 0.200000 3.800000 -1.500000
v 0.200000 4.000000 -1.500000
v 0.200000 3.800000 -1.400000
v 0.200000 4.000000 -1.400000
v 0.200000 4.100000 -1.200000
v 0.200000 7.100000 -1.200001
v 0.200000 4.100000 -1.100000
v 0.200000 7.100000 -1.100001
v 0.200000 4.100000 0.500000
v 0.200000 7.100000 0.499999
v 0.200000 4.100000 0.600000
v 0.200000 7.100000 0.599999
v 0.200000 3.800000 0.800000
v 0.200000 4.000000 0.800000
v 0.200000 3.800000 0.900000
v 0.200000 4.000000 0.900000
v 0.300000 7.400000 -1.600001
v 0.300000 7.900000 -1.600001
v 0.300000 7.400000 -1.500001
v 0.300000 7.900000 -1.500001
v 0.300000 7.100000 -1.200001
v 0.300000 7.600000 -1.200001
v 0.300000 7.100000 -1.100001
v 0.300000 7.600000 -1.100001
v 0.300000 7.100000 0.499999
v 0.300000 7.600000 0.499999
v 0.300000 0.100000 0.600000
v 0.300000 2.800000 0.600000
v 0.300000 7.100000 0.599999
v 0.300000 7.600000 0.599999
v 0.300000 0.100000 0.700000
v 0.300000 2.800000 0.700000
v 0.300000 7.400000 0.899999
v 0.300000 7.900000 0.899999
v 0.300000 7.400000 0.999999
v 0.300000 7.900000 0.999999
v 0.300000 0.000000 1.600000
v 0.300000 0.100000 1.600000
v 0.300000 0.000000 1.700000
v 0.300000 0.100000 1.700000
v 0.400000 1.200000 -1.500000
v 0.400000 1.800000 -1.500000
v 0.400000 3.200000 -1.500000
v 0.400000 3.400000 -1.500000
v 0.400000 1.200000 -1.400000
v 0.400000 1.800000 -1.400000
v 0.400000 3.200000 -1.400000
v 0.400000 3.400000 -1.400000
v 0.400000 9.350000 -0.400001
v 0.400000 9.350000 -0.200001
v 0.400000 9.400000 0.399999
v 0.400000 9.600000 0.399999
v 0.400000 9.400000 0.499999
v 0.400000 9.600000 0.499999
v 0.400000 0.000000 1.100000
v 0.400000 0.100000 1.100000
v 0.400000 0.000000 1.600000
v 0.400000 0.100000 1.600000
v 0.500000 9.850000 -0.900001
v 0.500000 9.800000 -0.800001
v 0.500000 9.900000 -0.800001
v 0.500000 10.000000 -0.800001
v 0.500000 9.800000 0.199999
v 0.500000 9.900000 0.199999
v 0.500000 10.000000 0.199999
v 0.500000 9.850000 0.299999
v 0.500000 1.200000 0.800000
v 0.500000 1.800000 0.800000
v 0.500000 3.300000 0.800000
v 0.500000 3.500000 0.800000
v 0.500000 1.200000 0.900000
v 0.500000 1.800000 0.900000
v 0.500000 3.300000 0.900000
v 0.500000 3.500000 0.900000
v 0.600000 9.000000 -1.000001
v 0.600000 9.800000 -1.000001
v 0.600000 9.000000 -0.900001
v 0.600000 9.800000 -0.900001
v 0.600000 9.850000 -0.800001
v 0.600000 9.850000 0.199999
v 0.600000 9.000000 0.299999
v 0.600000 9.800000 0.299999
v 0.600000 9.000000 0.399999
v 0.600000 9.800000 0.399999
v 0.700000 7.200000 -1.600001
v 0.700000 7.900000 -1.600001
v 0.700000 0.600000 -1.500000
v 0.700000 0.800000 -1.500000
v 0.700000 7.200000 -1.500001
v 0.700000 7.900000 -1.500001
v 0.700000 0.600000 -1.400000
v 0.700000 0.800000 -1.400000
v 0.700000 9.000000 -0.900001
v 0.700000 9.800000 -0.900001
v 0.700000 9.000000 -0.400001
v 0.700000 9.700000 -0.400001
v 0.700000 9.000000 -0.200001
v 0.700000 9.100000 -0.200001
v 0.700000 9.300000 -0.200001
v 0.700000 9.700000 -0.200001
v 0.700000 9.000000 0.299999
v 0.700000 9.100000 0.099999
v 0.700000 9.300000 0.099999
v 0.700000 9.800000 0.299999
v 0.700000 7.200000 0.899999
v 0.700000 7.900000 0.899999
v 0.700000 7.200000 0.999999
v 0.700000 7.900000 0.999999
v 0.800000 8.200000 -1.100001
v 0.800000 8.300000 -1.100001
v 0.800000 8.700000 -1.100001
v 0.800000 9.000000 -1.100001
v 0.800000 8.300000 -0.900001
v 0.800000 8.700000 -0.900001
v 0.800000 8.500000 -0.700001
v 0.800000 8.700000 -0.700001
v 0.800000 8.500000 -0.400001
v 0.800000 8.700000 -0.400001
v 0.800000 9.100000 -0.200001
v 0.800000 9.300000 -0.200001
v 0.800000 9.000000 0.499999
v 0.800000 9.100000 0.099999
v 0.800000 9.300000 0.099999
v 0.800000 8.200000 0.499999
v 0.800000 3.000000 0.800000
v 0.800000 3.200000 0.800000
v 0.800000 3.000000 0.900000
v 0.800000 3.200000 0.900000
v 0.900000 3.800000 -1.500000
v 0.900000 4.000000 -1.500000
v 0.900000 3.800000 -1.400000
v 0.900000 4.000000 -1.400000
v 0.900000 6.000000 -1.400000
v 0.900000 6.200000 -1.400000
v 0.900000 6.000000 -1.300000
v 0.900000 6.200000 -1.300000
v 0.900000 8.300000 -1.200001
v 0.900000 8.700000 -1.200001
v 0.900000 8.300000 -0.900001
v 0.900000 8.700000 -0.900001
v 0.900000 8.500000 -0.700001
v 0.900000 8.700000 -0.700001
v 0.900000 5.150000 -0.500000
v 0.900000 5.350000 -0.500000
v 0.900000 5.550000 -0.500000
v 0.900000 5.700000 -0.500000
v 0.900000 5.800000 -0.500000
v 0.900000 5.950000 -0.500000
v 0.900000 6.150000 -0.500000
v 0.900000 6.350000 -0.500000
v 0.900000 6.550000 -0.500000
v 0.900000 6.700000 -0.500000
v 0.900000 6.800000 -0.500001
v 0.900000 6.950000 -0.500001
v 0.900000 7.150000 -0.500001
v 0.900000 7.350000 -0.500001
v 0.900000 7.550000 -0.500001
v 0.900000 8.500000 -0.400001
v 0.900000 8.700000 -0.400001
v 0.900000 5.150000 -0.100000
v 0.900000 5.350000 -0.100000
v 0.900000 5.550000 -0.100000
v 0.900000 5.700000 -0.100000
v 0.900000 5.800000 -0.100000
v 0.900000 5.950000 -0.100000
v 0.900000 6.150000 -0.100000
v 0.900000 6.350000 -0.100000
v 0.900000 6.550000 -0.100000
v 0.900000 6.700000 -0.100001
v 0.900000 6.800000 -0.100001
v 0.900000 6.950000 -0.100001
v 0.900000 7.150000 -0.100001
v 0.900000 7.350000 -0.100001
v 0.900000 7.550000 -0.100001
v 0.900000 3.800000 0.800000
v 0.900000 4.000000 0.800000
v 0.900000 3.800000 0.900000
v 0.900000 4.000000 0.900000
v 1.000000 1.200000 -1.500000
v 1.000000 1.800000 -1.500000
v 1.000000 1.200000 -1.400000
v 1.000000 1.800000 -1.400000
v 1.000000 4.100000 -1.300000
v 1.000000 8.000000 -1.300001
v 1.000000 5.100000 -1.000000
v 1.000000 5.300000 -1.000000
v 1.000000 7.600000 -0.500001
v 1.000000 5.100000 -0.700000
v 1.000000 5.300000 -0.700000
v 1.000000 5.100000 -0.500000
v 1.000000 5.100000 -0.100000
v 1.000000 7.600000 -0.100001
v 1.000000 7.100000 0.199999
v 1.000000 7.300000 0.199999
v 1.000000 4.700000 0.500000
v 1.000000 5.000000 0.500000
v 1.000000 7.100000 0.499999
v 1.000000 7.300000 0.499999
v 1.000000 8.000000 0.699999
v 1.000000 4.100000 0.700000
v 1.000000 4.700000 0.700000
v 1.000000 5.000000 0.700000
v 1.000000 1.200000 0.800000
v 1.000000 1.800000 0.800000
v 1.000000 1.200000 0.900000
v 1.000000 1.800000 0.900000
v 1.100000 -0.000000 -1.700000
v 1.100000 0.100000 -1.700000
v 1.100000 7.000000 -1.600001
v 1.100000 7.900000 -1.600001
v 1.100000 -0.000000 -1.500000
v 1.100000 0.100000 -1.500000
v 1.100000 7.000000 -1.500000
v 1.100000 7.900000 -1.500001
v 1.100000 0.100000 -1.400000
v 1.100000 0.800000 -1.400000
v 1.100000 1.200000 -1.400000
v 1.100000 1.800000 -1.400000
v 1.100000 1.900000 -1.400000
v 1.100000 3.800000 -1.400000
v 1.100000 1.200000 -1.300000
v 1.100000 1.800000 -1.300000
v 1.100000 3.100000 -0.800000
v 1.100000 3.800000 -1.250000
v 1.100000 4.000000 -1.300000
v 1.100000 1.200000 -1.200000
v 1.100000 1.800000 -1.200000
v 1.100000 4.000000 -1.200000
v 1.100000 0.800000 -1.100000
v 1.100000 1.200000 -1.100000
v 1.100000 5.100000 -1.000000
v 1.100000 5.300000 -1.000000
v 1.100000 3.300000 -0.800000
v 1.100000 3.800000 -0.800000
v 1.100000 4.000000 -0.800000
v 1.100000 1.100000 -0.650000
v 1.100000 1.200000 -0.700000
v 1.100000 1.800000 -0.700000
v 1.100000 5.100000 -0.700000
v 1.100000 5.300000 -0.700000
v 1.100000 1.200000 -0.600000
v 1.100000 1.800000 -0.600000
v 1.100000 3.100000 -0.500000
v 1.100000 3.300000 -0.500000
v 1.100000 3.800000 -0.500000
v 1.100000 4.000000 -0.500000
v 1.100000 3.800000 -0.100000
v 1.100000 1.200000 -0.000000
v 1.100000 1.800000 -0.000000
v 1.100000 4.000000 -0.100000
v 1.100000 1.100000 0.100000
v 1.100000 1.200000 0.100000
v 1.100000 1.300000 0.100000
v 1.100000 1.800000 0.100000
v 1.100000 0.600000 0.300000
v 1.100000 1.000000 0.300000
v 1.100000 3.800000 0.200000
v 1.100000 4.000000 0.200000
v 1.100000 7.100000 0.199999
v 1.100000 7.300000 0.199999
v 1.100000 1.900000 0.800000
v 1.100000 1.100000 0.400000
v 1.100000 1.300000 0.400000
v 1.100000 3.800000 0.600000
v 1.100000 1.200000 0.600000
v 1.100000 1.800000 0.600000
v 1.100000 4.700000 0.500000
v 1.100000 5.000000 0.500000
v 1.100000 7.100000 0.499999
v 1.100000 7.300000 0.499999
v 1.100000 4.000000 0.600000
v 1.100000 1.200000 0.700000
v 1.100000 1.800000 0.700000
v 1.100000 3.800000 0.700000
v 1.100000 4.000000 0.700000
v 1.100000 0.100000 0.800000
v 1.100000 0.600000 0.800000
v 1.100000 1.000000 0.800000
v 1.100000 1.800000 0.800000
v 1.100000 3.800000 0.800000
v 1.100000 4.700000 0.800000
v 1.100000 5.000000 0.800000
v 1.100000 0.000000 0.900000
v 1.100000 0.100000 0.900000
v 1.100000 7.000000 0.899999
v 1.100000 7.900000 0.899999
v 1.100000 4.300000 1.000000
v 1.100000 4.500000 1.000000
v 1.100000 7.000000 0.999999
v 1.100000 7.900000 0.999999
v 1.100000 0.000000 1.100000
v 1.100000 0.100000 1.100000
v 1.100000 4.300000 1.100000
v 1.100000 4.500000 1.100000
v 1.200000 -0.000000 -1.500000
v 1.200000 0.100000 -1.500000
v 1.200000 0.800000 -1.500000
v 1.200000 1.200000 -1.500000
v 1.200000 1.800000 -1.500000
v 1.200000 1.900000 -1.500000
v 1.200000 3.800000 -1.500000
v 1.200000 4.000000 -1.500000
v 1.200000 -0.000000 -1.400000
v 1.200000 0.100000 -1.400000
v 1.200000 1.200000 -1.300000
v 1.200000 1.800000 -1.250000
v 1.200000 3.800000 -1.300000
v 1.200000 4.000000 -1.300000
v 1.200000 1.200000 -1.200000
v 1.200000 3.800000 -1.200000
v 1.200000 4.000000 -1.200000
v 1.200000 0.800000 -1.100000
v 1.200000 1.200000 -1.100000
v 1.200000 3.800000 -0.800000
v 1.200000 4.000000 -0.800000
v 1.200000 3.100000 -0.800000
v 1.200000 3.300000 -0.800000
v 1.200000 1.200000 -0.700000
v 1.200000 1.800000 -0.700000
v 1.200000 1.900000 0.900000
v 1.200000 1.200000 -0.600000
v 1.200000 1.800000 -0.600000
v 1.200000 3.100000 -0.500000
v 1.200000 3.300000 -0.500000
v 1.200000 3.800000 -0.500000
v 1.200000 4.000000 -0.500000
v 1.200000 3.800000 -0.100000
v 1.200000 4.000000 -0.100000
v 1.200000 1.200000 -0.000000
v 1.200000 1.800000 0.050000
v 1.200000 1.100000 0.100000
v 1.200000 1.250000 0.100000
v 1.200000 3.800000 0.200000
v 1.200000 4.000000 0.200000
v 1.200000 0.600000 0.300000
v 1.200000 1.000000 0.300000
v 1.200000 1.100000 0.400000
v 1.200000 1.300000 0.400000
v 1.200000 3.800000 0.600000
v 1.200000 4.000000 0.600000
v 1.200000 1.200000 0.600000
v 1.200000 1.800000 0.600000
v 1.200000 1.200000 0.700000
v 1.200000 1.800000 0.700000
v 1.200000 3.800000 0.700000
v 1.200000 4.000000 0.700000
v 1.200000 0.000000 0.800000
v 1.200000 0.100000 0.800000
v 1.200000 4.000000 0.900000
v 1.200000 0.000000 0.900000
v 1.200000 0.100000 0.900000
v 1.200000 0.600000 0.900000
v 1.200000 1.000000 0.900000
v 1.200000 1.800000 0.900000
v 1.200000 3.800000 0.900000
v 1.300000 4.400000 -1.700000
v 1.300000 4.700000 -1.700000
v 1.300000 4.000000 -1.600000
v 1.300000 4.400000 -1.600000
v 1.300000 4.700000 -1.600000
v 1.300000 8.000000 -1.600001
v 1.300000 8.150000 -1.600001
v 1.300000 4.200000 -1.400000
v 1.300000 4.400000 -1.500000
v 1.300000 4.600000 -1.500000
v 1.300000 4.700000 -1.500000
v 1.300000 7.900000 -1.500001
v 1.300000 4.000000 -1.400000
v 1.300000 7.000000 -1.400000
v 1.300000 7.900000 -1.400001
v 1.300000 4.500000 -1.200000
v 1.300000 7.000000 -1.300000
v 1.300000 7.900000 -1.300001
v 1.300000 4.300000 -1.200000
v 1.300000 4.000000 -1.100000
v 1.300000 4.200000 -1.100000
v 1.300000 7.200000 -1.000001
v 1.300000 7.900000 -1.000001
v 1.300000 4.300000 -0.900000
v 1.300000 4.500000 -0.900000
v 1.300000 7.200000 -0.900001
v 1.300000 7.900000 -0.900001
v 1.300000 7.400000 -0.600001
v 1.300000 7.900000 -0.600001
v 1.300000 7.400000 -0.500001
v 1.300000 7.900000 -0.500001
v 1.300000 7.400000 -0.100001
v 1.300000 7.900000 -0.100001
v 1.300000 7.400000 -0.000001
v 1.300000 7.900000 -0.000001
v 1.300000 7.200000 0.299999
v 1.300000 7.900000 0.299999
v 1.300000 7.200000 0.399999
v 1.300000 7.900000 0.399999
v 1.300000 4.100000 0.600000
v 1.300000 4.400000 0.600000
v 1.300000 7.000000 0.699999
v 1.300000 7.900000 0.699999
v 1.300000 7.000000 0.799999
v 1.300000 7.900000 0.799999
v 1.300000 4.400000 0.900000
v 1.300000 4.600000 0.900000
v 1.300000 4.700000 0.900000
v 1.300000 7.900000 0.899999
v 1.300000 8.000000 0.999999
v 1.300000 4.050000 1.000000
v 1.300000 4.400000 1.000000
v 1.300000 4.700000 1.000000
v 1.300000 8.150000 0.999999
v 1.300000 4.400000 1.100000
v 1.300000 4.700000 1.100000
v 1.400000 8.000000 -1.700001
v 1.400000 8.100000 -1.700001
v 1.400000 4.400000 -1.600000
v 1.400000 4.700000 -1.600000
v 1.400000 4.400000 -1.500000
v 1.400000 4.700000 -1.500000
v 1.400000 -0.000000 -1.400000
v 1.400000 0.100000 -1.400000
v 1.400000 4.000000 -1.400000
v 1.400000 4.200000 -1.400000
v 1.400000 4.300000 -1.200000
v 1.400000 4.500000 -1.200000
v 1.400000 4.000000 -1.100000
v 1.400000 4.200000 -1.100000
v 1.400000 4.300000 -0.900000
v 1.400000 4.500000 -0.900000
v 1.400000 4.100000 0.600000
v 1.400000 4.400000 0.600000
v 1.400000 0.000000 0.800000
v 1.400000 0.100000 0.800000
v 1.400000 4.400000 0.900000
v 1.400000 4.700000 0.900000
v 1.400000 4.400000 1.000000
v 1.400000 4.700000 1.000000
v 1.400000 4.100000 1.100000
v 1.400000 4.400000 1.100000
v 1.400000 8.000000 1.099999
v 1.400000 8.100000 1.099999
v -1.400000 -0.000000 -1.400000
v -1.400000 0.000000 0.800000
v -1.200000 -0.000000 -1.500000
v -1.200000 -0.000000 -1.400000
v -1.200000 0.000000 0.800000
v -1.200000 0.000000 0.900000
v -1.100000 -0.000000 -1.700000
v -1.100000 -0.000000 -1.500000
v -1.100000 0.000000 0.900000
v -1.100000 0.000000 1.100000
v -1.000000 -0.000000 -1.300000
v -1.000000 0.000000 0.700000
v -0.400000 0.000000 1.100000
v -0.400000 0.000000 1.600000
v -0.300000 0.000000 1.600000
v -0.300000 0.000000 1.700000
v 0.300000 0.000000 1.600000
v 0.300000 0.000000 1.700000
v 1.000000 -0.000000 -1.300000
v 0.400000 0.000000 1.100000
v 0.400000 0.000000 1.600000
v 1.000000 0.000000 0.700000
v 1.100000 -0.000000 -1.700000
v 1.100000 -0.000000 -1.500000
v 1.100000 0.000000 0.900000
v 1.100000 0.000000 1.100000
v 1.200000 -0.000000 -1.500000
v 1.200000 -0.000000 -1.400000
v 1.200000 0.000000 0.800000
v 1.200000 0.000000 0.900000
v 1.400000 -0.000000 -1.400000
v 1.400000 0.000000 0.800000
v -0.300000 0.100000 0.600000
v -0.300000 0.100000 0.700000
v 0.300000 0.100000 0.600000
v 0.300000 0.100000 0.700000
v -1.400000 0.400000 -0.700000
v -1.400000 0.400000 0.100000
v -1.300000 0.400000 -0.600000
v -1.300000 0.400000 -0.000000
v -1.200000 0.400000 -0.400000
v -1.200000 0.400000 -0.200000
v -1.100000 0.400000 -0.700000
v -1.100000 0.400000 -0.600000
v -1.100000 0.400000 -0.400000
v -1.100000 0.400000 -0.200000
v -1.100000 0.400000 0.050000
v -1.000000 0.400000 -0.600000
v -1.000000 0.400000 -0.000000
v -0.900000 0.400000 -0.600000
v -0.900000 0.400000 -0.000000
v -1.000000 0.600000 -0.500000
v -1.000000 0.600000 -0.100000
v -0.900000 0.600000 -0.500000
v -0.900000 0.600000 -0.100000
v 0.400000 0.600000 -1.500000
v 0.400000 0.600000 -1.400000
v 0.700000 0.600000 -1.500000
v 0.700000 0.600000 -1.400000
v 0.800000 0.600000 0.400000
v 0.800000 0.600000 0.700000
v 0.800000 0.600000 0.800000
v 0.800000 0.600000 0.900000
v 1.000000 0.600000 0.400000
v 1.000000 0.600000 0.700000
v 1.100000 0.600000 0.300000
v 1.100000 0.600000 0.800000
v 1.200000 0.600000 0.300000
v 1.200000 0.600000 0.900000
v -1.400000 0.700000 -0.600000
v -1.400000 0.700000 -0.500000
v -1.400000 0.700000 -0.400000
v -1.400000 0.700000 -0.200000
v -1.400000 0.700000 -0.100000
v -1.400000 0.700000 -0.000000
v -1.300000 0.700000 -0.600000
v -1.300000 0.700000 -0.500000
v -1.300000 0.700000 -0.400000
v -1.300000 0.700000 -0.200000
v -1.300000 0.700000 -0.100000
v -1.300000 0.700000 -0.000000
v -1.200000 0.700000 -0.700000
v -1.200000 0.700000 -0.600000
v -1.200000 0.700000 0.050000
v -1.100000 0.700000 -0.700000
v -1.100000 0.700000 -0.600000
v -1.100000 0.700000 0.050000
v -0.200000 0.700000 0.600000
v -0.200000 0.700000 0.700000
v -0.100000 0.700000 0.600000
v -0.100000 0.700000 0.700000
v 0.100000 0.700000 0.600000
v 0.100000 0.700000 0.700000
v 0.200000 0.700000 0.600000
v 0.200000 0.700000 0.700000
v -1.000000 0.800000 -0.500000
v -1.000000 0.800000 -0.100000
v -0.900000 0.800000 -0.500000
v -0.900000 0.800000 -0.100000
v 0.700000 0.800000 -1.500000
v 0.700000 0.800000 -1.400000
v 1.100000 0.800000 -1.400000
v 1.100000 0.800000 -1.100000
v 1.200000 0.800000 -1.500000
v 1.200000 0.800000 -1.100000
v 0.700000 0.900000 -1.300000
v 0.700000 0.900000 -1.100000
v 1.000000 0.900000 -1.300000
v 1.000000 0.900000 -1.100000
v -1.000000 1.000000 -0.500000
v -1.000000 1.000000 -0.100000
v -0.900000 1.000000 -0.500000
v -0.900000 1.000000 -0.100000
v 1.100000 1.100000 0.100000
v 1.100000 1.100000 0.400000
v 1.200000 1.100000 0.100000
v 1.200000 1.100000 0.400000
v -1.200000 1.200000 -1.250000
v -1.200000 1.200000 -0.800000
v -1.200000 1.200000 -0.600000
v -1.200000 1.200000 0.100000
v -1.200000 1.200000 0.200000
v -1.200000 1.200000 0.600000
v -1.200000 1.200000 0.700000
v -1.100000 1.200000 -1.250000
v -1.100000 1.200000 -0.800000
v -1.100000 1.200000 -0.600000
v -1.100000 1.200000 0.100000
v -1.100000 1.200000 0.200000
v -1.100000 1.200000 0.600000
v -1.100000 1.200000 0.700000
v -1.000000 1.200000 -1.500000
v -1.000000 1.200000 -1.400000
v -1.000000 1.200000 -0.500000
v -1.000000 1.200000 -0.100000
v -1.000000 1.200000 0.800000
v -1.000000 1.200000 0.900000
v -0.900000 1.200000 -1.500000
v -0.900000 1.200000 -1.400000
v -0.900000 1.200000 -0.500000
v -0.900000 1.200000 -0.100000
v -0.900000 1.200000 0.800000
v -0.900000 1.200000 0.900000
v -0.500000 1.200000 0.800000
v -0.500000 1.200000 0.900000
v -0.400000 1.200000 -1.500000
v -0.400000 1.200000 -1.400000
v -0.400000 1.200000 0.800000
v -0.400000 1.200000 0.900000
v -0.300000 1.200000 -1.500000
v -0.300000 1.200000 -1.400000
v -0.200000 1.200000 0.600000
v -0.200000 1.200000 0.700000
v -0.100000 1.200000 0.600000
v -0.100000 1.200000 0.700000
v 0.100000 1.200000 0.600000
v 0.100000 1.200000 0.700000
v 0.200000 1.200000 0.600000
v 0.200000 1.200000 0.700000
v 0.300000 1.200000 -1.500000
v 0.300000 1.200000 -1.400000
v 0.400000 1.200000 -1.500000
v 0.400000 1.200000 -1.400000
v 0.400000 1.200000 0.800000
v 0.400000 1.200000 0.900000
v 0.500000 1.200000 0.800000
v 0.500000 1.200000 0.900000
v 0.900000 1.200000 0.800000
v 0.900000 1.200000 0.900000
v 1.000000 1.200000 0.800000
v 1.000000 1.200000 0.900000
v 1.100000 1.200000 -0.700000
v 1.100000 1.200000 -0.600000
v 1.100000 1.200000 0.050000
v 1.100000 1.200000 0.600000
v 1.100000 1.200000 0.700000
v 1.200000 1.200000 -0.700000
v 1.200000 1.200000 -0.600000
v 1.200000 1.200000 0.050000
v 1.200000 1.200000 0.600000
v 1.200000 1.200000 0.700000
v -1.000000 1.400000 -0.500000
v -1.000000 1.400000 -0.100000
v -0.900000 1.400000 -0.500000
v -0.900000 1.400000 -0.100000
v -1.000000 1.600000 -0.500000
v -1.000000 1.600000 -0.100000
v -0.900000 1.600000 -0.500000
v -0.900000 1.600000 -0.100000
v -0.200000 1.700000 0.600000
v -0.200000 1.700000 0.700000
v -0.100000 1.700000 0.600000
v -0.100000 1.700000 0.700000
v 0.100000 1.700000 0.600000
v 0.100000 1.700000 0.700000
v 0.200000 1.700000 0.600000
v 0.200000 1.700000 0.700000
v -1.200000 1.800000 -1.500000
v -1.200000 1.800000 -1.300000
v -1.200000 1.800000 -1.200000
v -1.200000 1.800000 -0.800000
v -1.200000 1.800000 -0.100000
v -1.200000 1.800000 0.100000
v -1.200000 1.800000 0.200000
v -1.200000 1.800000 0.600000
v -1.200000 1.800000 0.700000
v -1.200000 1.800000 0.900000
v -1.100000 1.800000 -1.400000
v -1.100000 1.800000 -1.300000
v -1.100000 1.800000 -1.200000
v -1.100000 1.800000 -0.800000
v -1.100000 1.800000 -0.100000
v -1.100000 1.800000 0.100000
v -1.100000 1.800000 0.200000
v -1.100000 1.800000 0.600000
v -1.100000 1.800000 0.700000
v -1.100000 1.800000 0.800000
v -1.000000 1.800000 -1.500000
v -1.000000 1.800000 -1.400000
v -1.000000 1.800000 -0.500000
v -1.000000 1.800000 -0.100000
v -1.000000 1.800000 0.800000
v -1.000000 1.800000 0.900000
v -0.900000 1.800000 -1.500000
v -0.900000 1.800000 -1.400000
v -0.900000 1.800000 -0.500000
v -0.900000 1.800000 -0.100000
v -0.900000 1.800000 0.800000
v -0.900000 1.800000 0.900000
v -0.500000 1.800000 0.800000
v -0.500000 1.800000 0.900000
v -0.400000 1.800000 -1.500000
v -0.400000 1.800000 -1.400000
v -0.400000 1.800000 0.800000
v -0.400000 1.800000 0.900000
v -0.300000 1.800000 -1.500000
v -0.300000 1.800000 -1.400000
v -0.300000 1.800000 0.800000
v -0.300000 1.800000 0.900000
v 0.300000 1.800000 -1.500000
v 0.300000 1.800000 -1.400000
v 0.300000 1.800000 0.800000
v 0.300000 1.800000 0.900000
v 0.400000 1.800000 -1.500000
v 0.400000 1.800000 -1.400000
v 0.400000 1.800000 0.800000
v 0.400000 1.800000 0.900000
v 0.500000 1.800000 0.800000
v 0.500000 1.800000 0.900000
v 0.900000 1.800000 -1.500000
v 0.900000 1.800000 -1.400000
v 0.900000 1.800000 0.800000
v 0.900000 1.800000 0.900000
v 1.000000 1.800000 -1.500000
v 1.000000 1.800000 -1.400000
v 1.000000 1.800000 0.800000
v 1.000000 1.800000 0.900000
v 1.200000 1.800000 -1.500000
v 1.100000 1.800000 -1.400000
v 1.100000 1.800000 -1.300000
v 1.100000 1.800000 -1.200000
v 1.100000 1.800000 -0.700000
v 1.100000 1.800000 -0.600000
v 1.100000 1.800000 -0.000000
v 1.100000 1.800000 0.100000
v 1.100000 1.800000 0.600000
v 1.100000 1.800000 0.700000
v 1.100000 1.800000 0.800000
v 1.200000 1.800000 -1.300000
v 1.200000 1.800000 -1.200000
v 1.200000 1.800000 -0.700000
v 1.200000 1.800000 -0.600000
v 1.200000 1.800000 -0.000000
v 1.200000 1.800000 0.100000
v 1.200000 1.800000 0.600000
v 1.200000 1.800000 0.700000
v 1.200000 1.800000 0.900000
v -1.400000 1.900000 -0.700000
v -1.400000 1.900000 0.100000
v -1.300000 1.900000 -0.700000
v -1.250000 1.900000 -0.600000
v -1.300000 1.900000 0.050000
v -1.200000 1.900000 -0.700000
v -1.200000 1.900000 -0.100000
v -1.200000 1.900000 -0.000000
v -1.100000 1.900000 -0.700000
v -1.100000 1.900000 -0.500000
v -1.000000 1.900000 -0.500000
v -1.000000 1.900000 -0.100000
v -1.200000 2.000000 -1.500000
v -1.200000 2.000000 -1.000000
v -1.100000 2.000000 -1.400000
v -1.100000 2.000000 -1.000000
v -1.000000 2.000000 -1.300000
v -1.000000 2.000000 -1.000000
v -0.900000 2.000000 -1.500000
v -0.900000 2.000000 -1.400000
v -0.900000 2.000000 -1.300000
v -0.900000 2.000000 -1.000000
v -1.200000 2.100000 -0.400000
v -1.200000 2.100000 -0.200000
v -1.100000 2.100000 -0.400000
v -1.100000 2.100000 -0.200000
v -1.000000 2.100000 -0.600000
v -1.000000 2.100000 -0.000000
v -0.900000 2.100000 -0.600000
v -0.900000 2.100000 -0.000000
v -0.200000 2.200000 0.600000
v -0.200000 2.200000 0.700000
v -0.100000 2.200000 0.600000
v -0.100000 2.200000 0.700000
v 0.100000 2.200000 0.600000
v 0.100000 2.200000 0.700000
v 0.200000 2.200000 0.600000
v 0.200000 2.200000 0.700000
v -1.000000 2.300000 -0.500000
v -1.000000 2.300000 -0.100000
v -0.900000 2.300000 -0.500000
v -0.900000 2.300000 -0.100000
v -1.000000 2.500000 -0.500000
v -1.000000 2.500000 -0.100000
v -0.900000 2.500000 -0.500000
v -0.900000 2.500000 -0.100000
v -1.200000 2.600000 0.400000
v -1.200000 2.600000 0.900000
v -1.100000 2.600000 0.400000
v -1.100000 2.600000 0.800000
v -1.000000 2.600000 0.400000
v -1.000000 2.600000 0.700000
v -0.800000 2.600000 0.400000
v -0.800000 2.600000 0.700000
v -0.800000 2.600000 0.800000
v -0.800000 2.600000 0.900000
v -1.000000 2.700000 -0.500000
v -1.000000 2.700000 -0.100000
v -0.900000 2.700000 -0.500000
v -0.900000 2.700000 -0.100000
v -0.200000 2.700000 0.600000
v -0.200000 2.700000 0.700000
v -0.100000 2.700000 0.600000
v -0.100000 2.700000 0.700000
v 0.100000 2.700000 0.600000
v 0.100000 2.700000 0.700000
v 0.200000 2.700000 0.600000
v 0.200000 2.700000 0.700000
v -0.300000 2.800000 0.700000
v -0.300000 2.800000 0.800000
v -0.100000 2.800000 0.700000
v -0.100000 2.800000 0.800000
v 0.100000 2.800000 0.700000
v 0.100000 2.800000 0.800000
v 0.300000 2.800000 0.700000
v 0.300000 2.800000 0.800000
v -1.000000 2.900000 -0.500000
v -1.000000 2.900000 -0.100000
v -0.900000 2.900000 -0.500000
v -0.900000 2.900000 -0.100000
v -0.300000 3.000000 -1.500000
v -0.300000 3.000000 -1.400000
v -0.100000 3.000000 0.700000
v -0.100000 3.000000 0.800000
v 0.000000 3.000000 -1.500000
v 0.000000 3.000000 -1.400000
v 0.100000 3.000000 0.700000
v 0.100000 3.000000 0.800000
v 0.500000 3.000000 0.800000
v 0.500000 3.000000 0.900000
v 0.800000 3.000000 0.800000
v 0.800000 3.000000 0.900000
v -1.200000 3.100000 0.200000
v -1.200000 3.100000 0.500000
v -1.100000 3.100000 0.200000
v -1.100000 3.100000 0.500000
v -1.000000 3.100000 -0.500000
v -1.000000 3.100000 -0.100000
v -0.900000 3.100000 -0.500000
v -0.900000 3.100000 -0.100000
v 1.100000 3.100000 -0.800000
v 1.100000 3.100000 -0.500000
v 1.200000 3.100000 -0.800000
v 1.200000 3.100000 -0.500000
v 0.100000 3.200000 -1.500000
v 0.100000 3.200000 -1.400000
v 0.400000 3.200000 -1.500000
v 0.400000 3.200000 -1.400000
v -1.000000 3.300000 -0.500000
v -1.000000 3.300000 -0.100000
v -0.900000 3.300000 -0.500000
v -0.900000 3.300000 -0.100000
v 0.200000 3.300000 0.800000
v 0.200000 3.300000 0.900000
v 0.500000 3.300000 0.800000
v 0.500000 3.300000 0.900000
v -1.000000 3.500000 -0.500000
v -1.000000 3.500000 -0.100000
v -0.900000 3.500000 -0.500000
v -0.900000 3.500000 -0.100000
v -1.400000 3.600000 -0.700000
v -1.400000 3.600000 0.100000
v -1.300000 3.600000 -0.700000
v -1.250000 3.600000 -0.600000
v -1.300000 3.600000 0.050000
v -1.200000 3.600000 -0.700000
v -1.200000 3.600000 0.050000
v -1.100000 3.600000 -0.700000
v -1.100000 3.600000 -0.500000
v -1.100000 3.600000 -0.100000
v -1.100000 3.600000 0.100000
v -1.000000 3.600000 -0.500000
v -1.000000 3.600000 -0.100000
v -1.200000 3.800000 -1.500000
v -1.200000 3.800000 -1.300000
v -1.200000 3.800000 -1.200000
v -1.200000 3.800000 -0.800000
v -1.200000 3.800000 -0.500000
v -1.200000 3.800000 -0.100000
v -1.200000 3.800000 0.200000
v -1.200000 3.800000 0.600000
v -1.200000 3.800000 0.700000
v -1.200000 3.800000 0.900000
v -1.100000 3.800000 -1.400000
v -1.100000 3.800000 -1.300000
v -1.100000 3.800000 -1.200000
v -1.100000 3.800000 -0.800000
v -1.100000 3.800000 -0.500000
v -1.100000 3.800000 -0.100000
v -1.100000 3.800000 0.200000
v -1.100000 3.800000 0.600000
v -1.100000 3.800000 0.700000
v -1.100000 3.800000 0.800000
v -1.000000 3.800000 -1.500000
v -1.000000 3.800000 -1.400000
v -1.000000 3.800000 0.800000
v -1.000000 3.800000 0.900000
v -0.900000 3.800000 -1.500000
v -0.900000 3.800000 -1.400000
v -0.900000 3.800000 0.800000
v -0.900000 3.800000 0.900000
v -0.500000 3.800000 -1.500000
v -0.500000 3.800000 -1.400000
v -0.500000 3.800000 0.800000
v -0.500000 3.800000 0.900000
v -0.200000 3.800000 -1.500000
v -0.200000 3.800000 -1.400000
v -0.200000 3.800000 0.800000
v -0.200000 3.800000 0.900000
v 0.200000 3.800000 -1.500000
v 0.200000 3.800000 -1.400000
v 0.200000 3.800000 0.800000
v 0.200000 3.800000 0.900000
v 0.500000 3.800000 -1.500000
v 0.500000 3.800000 -1.400000
v 0.500000 3.800000 0.800000
v 0.500000 3.800000 0.900000
v 0.900000 3.800000 0.800000
v 0.900000 3.800000 0.900000
v 0.900000 3.800000 -1.500000
v 0.900000 3.800000 -1.400000
v 1.000000 3.800000 -1.500000
v 1.000000 3.800000 -1.400000
v 1.000000 3.800000 0.800000
v 1.000000 3.800000 0.900000
v 1.100000 3.800000 -1.400000
v 1.100000 3.800000 -1.300000
v 1.100000 3.800000 -1.200000
v 1.100000 3.800000 -0.800000
v 1.100000 3.800000 -0.500000
v 1.100000 3.800000 -0.100000
v 1.100000 3.800000 0.200000
v 1.100000 3.800000 0.600000
v 1.100000 3.800000 0.700000
v 1.100000 3.800000 0.800000
v 1.200000 3.800000 -1.500000
v 1.200000 3.800000 -1.300000
v 1.200000 3.800000 -1.200000
v 1.200000 3.800000 -0.800000
v 1.200000 3.800000 -0.500000
v 1.200000 3.800000 -0.100000
v 1.200000 3.800000 0.200000
v 1.200000 3.800000 0.600000
v 1.200000 3.800000 0.700000
v 1.200000 3.800000 0.900000
v -1.300000 4.000000 -1.600000
v -1.300000 4.000000 1.000000
v -1.200000 4.000000 -1.500000
v -1.200000 4.000000 -1.250000
v -1.200000 4.000000 -0.800000
v -1.200000 4.000000 -0.500000
v -1.200000 4.000000 -0.100000
v -1.200000 4.000000 0.200000
v -1.200000 4.000000 0.600000
v -1.200000 4.000000 0.700000
v -1.200000 4.000000 0.900000
v -1.100000 4.000000 -1.250000
v -1.100000 4.000000 -0.800000
v -1.100000 4.000000 -0.500000
v -1.100000 4.000000 -0.100000
v -1.100000 4.000000 0.200000
v -1.100000 4.000000 0.600000
v -1.100000 4.000000 0.700000
v -1.000000 4.000000 -1.500000
v -1.000000 4.000000 -1.400000
v -1.000000 4.000000 -1.300000
v -1.000000 4.000000 0.700000
v -1.000000 4.000000 0.800000
v -1.000000 4.000000 0.900000
v -0.900000 4.000000 -1.500000
v -0.900000 4.000000 -1.400000
v -0.900000 4.000000 0.800000
v -0.900000 4.000000 0.900000
v -0.500000 4.000000 -1.500000
v -0.500000 4.000000 -1.400000
v -0.500000 4.000000 0.800000
v -0.500000 4.000000 0.900000
v -0.200000 4.000000 -1.500000
v -0.200000 4.000000 -1.400000
v -0.200000 4.000000 0.800000
v -0.200000 4.000000 0.900000
v 0.200000 4.000000 -1.500000
v 0.200000 4.000000 -1.400000
v 0.200000 4.000000 0.800000
v 0.200000 4.000000 0.900000
v 0.500000 4.000000 -1.500000
v 0.500000 4.000000 -1.400000
v 0.500000 4.000000 0.800000
v 0.500000 4.000000 0.900000
v 0.900000 4.000000 -1.500000
v 0.900000 4.000000 -1.400000
v 0.900000 4.000000 0.800000
v 0.900000 4.000000 0.900000
v 1.000000 4.000000 -1.500000
v 1.000000 4.000000 -1.400000
v 1.000000 4.000000 -1.300000
v 1.000000 4.000000 0.700000
v 1.000000 4.000000 0.800000
v 1.000000 4.000000 0.900000
v 1.100000 4.000000 -1.250000
v 1.100000 4.000000 -0.800000
v 1.100000 4.000000 -0.500000
v 1.100000 4.000000 -0.100000
v 1.100000 4.000000 0.200000
v 1.100000 4.000000 0.600000
v 1.100000 4.000000 0.700000
v 1.200000 4.000000 -1.500000
v 1.200000 4.000000 -1.250000
v 1.200000 4.000000 -0.800000
v 1.200000 4.000000 -0.500000
v 1.200000 4.000000 -0.100000
v 1.200000 4.000000 0.200000
v 1.200000 4.000000 0.600000
v 1.200000 4.000000 0.700000
v 1.200000 4.000000 0.900000
v 1.300000 4.000000 -1.600000
v 1.300000 4.000000 -1.400000
v 1.300000 4.000000 -1.100000
v 1.300000 4.000000 1.000000
v 1.400000 4.000000 -1.400000
v 1.400000 4.000000 -1.100000
v -1.400000 4.100000 0.800000
v -1.400000 4.100000 1.100000
v -1.300000 4.100000 0.800000
v -1.300000 4.100000 1.000000
v -0.900000 4.100000 1.000000
v -0.900000 4.100000 1.100000
v -0.700000 4.100000 1.000000
v -0.700000 4.100000 1.100000
v -0.400000 4.100000 1.000000
v -0.400000 4.100000 1.100000
v 1.250000 4.100000 1.000000
v 1.200000 4.100000 1.100000
v 1.300000 4.100000 0.600000
v 1.400000 4.100000 0.600000
v 1.400000 4.100000 1.100000
v -1.400000 4.200000 -1.400000
v -1.400000 4.200000 -1.100000
v -1.300000 4.200000 -1.400000
v -1.300000 4.200000 -1.100000
v -1.400000 4.300000 -1.000000
v -1.400000 4.300000 -0.700000
v -1.300000 4.300000 -1.000000
v -1.300000 4.300000 -0.700000
v -0.700000 4.300000 -1.700000
v -0.700000 4.300000 -1.600000
v -0.400000 4.300000 -1.700000
v -0.400000 4.300000 -1.600000
v 0.800000 4.300000 1.000000
v 0.800000 4.300000 1.100000
v 1.100000 4.300000 1.000000
v 1.100000 4.300000 1.100000
v 1.300000 4.300000 -1.200000
v 1.300000 4.300000 -0.900000
v 1.400000 4.300000 -1.200000
v 1.400000 4.300000 -0.900000
v -1.400000 4.400000 -1.600000
v -1.400000 4.400000 -1.500000
v -1.250000 4.400001 -1.700000
v -1.300000 4.400000 -1.600000
v -1.300000 4.400000 -1.500000
v -1.200000 4.400000 -1.600000
v 1.250000 4.400001 -1.700000
v 1.200000 4.400000 -1.600000
v 1.300000 4.400000 -1.600000
v 1.300000 4.400000 -1.500000
v 1.400000 4.400000 -1.600000
v 1.400000 4.400000 -1.500000
v 0.600000 4.700000 0.700000
v 0.600000 4.700000 0.800000
v 1.000000 4.700000 0.500000
v 1.000000 4.700000 0.700000
v 1.100000 4.700000 0.500000
v 1.100000 4.700000 0.800000
v -0.100000 4.900000 -1.200000
v -0.100000 4.900000 -1.100000
v -0.100000 4.900000 0.500000
v -0.100000 4.900000 0.600000
v 0.100000 4.900000 -1.200000
v 0.100000 4.900000 -1.100000
v 0.100000 4.900000 0.500000
v 0.100000 4.900000 0.600000
v 1.000000 5.100000 -1.000000
v 1.000000 5.100000 -0.700000
v 1.100000 5.100000 -1.000000
v 1.100000 5.100000 -0.700000
v -1.100000 5.300000 0.200000
v -1.100000 5.300000 0.500000
v -1.000000 5.300000 0.200000
v -1.000000 5.300000 0.500000
v -0.900000 5.300000 -0.500000
v -0.900000 5.300000 -0.100000
v -0.800000 5.300000 -0.500000
v -0.800000 5.300000 -0.100000
v 0.800000 5.300000 -0.500000
v 0.800000 5.300000 -0.100000
v 0.900000 5.300000 -0.500000
v 0.900000 5.300000 -0.100000
v -0.100000 5.400000 -1.200000
v -0.100000 5.400000 -1.100000
v -0.100000 5.400000 0.500000
v -0.100000 5.400000 0.600000
v 0.100000 5.400000 -1.200000
v 0.100000 5.400000 -1.100000
v 0.100000 5.400000 0.500000
v 0.100000 5.400000 0.600000
v -0.900000 5.500000 -0.500000
v -0.900000 5.500000 -0.100000
v -0.800000 5.500000 -0.500000
v -0.800000 5.500000 -0.100000
v 0.800000 5.500000 -0.500000
v 0.800000 5.500000 -0.100000
v 0.900000 5.500000 -0.500000
v 0.900000 5.500000 -0.100000
v -0.100000 5.600000 -1.200001
v -0.100000 5.600000 -1.100001
v -0.100000 5.600000 0.500000
v -0.100000 5.600000 0.600000
v 0.100000 5.600000 -1.200001
v 0.100000 5.600000 -1.100001
v 0.100000 5.600000 0.500000
v 0.100000 5.600000 0.600000
v -0.900000 5.700000 -0.500000
v -0.900000 5.700000 -0.100000
v -0.800000 5.700000 -0.500000
v -0.800000 5.700000 -0.100000
v 0.800000 5.700000 -0.500000
v 0.800000 5.700000 -0.100000
v 0.900000 5.700000 -0.500000
v 0.900000 5.700000 -0.100000
v -0.900000 5.900001 -0.500000
v -0.900000 5.900001 -0.100000
v -0.800000 5.900001 -0.500000
v -0.800000 5.900001 -0.100000
v 0.800000 5.900000 -0.500000
v 0.800000 5.900000 -0.100000
v 0.900000 5.900000 -0.500000
v 0.900000 5.900000 -0.100000
v -1.100000 6.000000 -1.100001
v -1.100000 6.000000 -0.800000
v -1.000000 6.000000 -1.100001
v -1.000000 6.000000 -0.800000
v -0.100000 6.000000 -1.200001
v -0.100000 6.000000 -1.100001
v -0.100000 6.000000 0.500000
v -0.100000 6.000000 0.600000
v 0.100000 6.000000 -1.200001
v 0.100000 6.000000 -1.100001
v 0.100000 6.000000 0.500000
v 0.100000 6.000000 0.600000
v 0.600000 6.000000 -1.400000
v 0.600000 6.000000 -1.300000
v 0.900000 6.000000 -1.400000
v 0.900000 6.000000 -1.300000
v -0.900000 6.100000 -0.500000
v -0.900000 6.100000 -0.100000
v -0.800000 6.100000 -0.500000
v -0.800000 6.100000 -0.100000
v 0.800000 6.100000 -0.500000
v 0.800000 6.100000 -0.100000
v 0.900000 6.100000 -0.500000
v 0.900000 6.100000 -0.100000
v -0.100000 6.200000 -1.200001
v -0.100000 6.200000 -1.100001
v -0.100000 6.200000 0.500000
v -0.100000 6.200000 0.600000
v 0.100000 6.200000 -1.200001
v 0.100000 6.200000 -1.100001
v 0.100000 6.200000 0.500000
v 0.100000 6.200000 0.600000
v -0.900000 6.300001 -0.500000
v -0.900000 6.300001 -0.100000
v -0.800000 6.300001 -0.500000
v -0.800000 6.300001 -0.100000
v 0.800000 6.300000 -0.500000
v 0.800000 6.300000 -0.100000
v 0.900000 6.300000 -0.500000
v 0.900000 6.300000 -0.100000
v -0.600000 6.400000 0.700000
v -0.600000 6.400000 0.800000
v -0.300000 6.400000 0.700000
v -0.300000 6.400000 0.800000
v -0.900000 6.500000 -0.500000
v -0.900000 6.500000 -0.100000
v -0.800000 6.500000 -0.500000
v -0.800000 6.500000 -0.100000
v 0.800000 6.500000 -0.500000
v 0.800000 6.500000 -0.100000
v 0.900000 6.500000 -0.500000
v 0.900000 6.500000 -0.100000
v -0.900000 6.700000 -0.500000
v -0.900000 6.700000 -0.100001
v -0.800000 6.700000 -0.500000
v -0.800000 6.700000 -0.100001
v -0.800000 6.700000 0.700000
v -0.800000 6.700000 0.800000
v -0.500000 6.700000 0.700000
v -0.500000 6.700000 0.800000
v -0.100000 6.700000 -1.200001
v -0.100000 6.700000 -1.100001
v -0.100000 6.700000 0.499999
v -0.100000 6.700000 0.600000
v 0.100000 6.700000 -1.200001
v 0.100000 6.700000 -1.100001
v 0.100000 6.700000 0.499999
v 0.100000 6.700000 0.600000
v 0.800000 6.700000 -0.500000
v 0.800000 6.700000 -0.100001
v 0.900000 6.700000 -0.500000
v 0.900000 6.700000 -0.100001
v -0.900000 6.900001 -0.500001
v -0.900000 6.900001 -0.100001
v -0.800000 6.900001 -0.500001
v -0.800000 6.900001 -0.100001
v -0.100000 6.900000 -1.200001
v -0.100000 6.900000 -1.100001
v -0.100000 6.900000 0.499999
v -0.100000 6.900000 0.599999
v 0.100000 6.900000 -1.200001
v 0.100000 6.900000 -1.100001
v 0.100000 6.900000 0.499999
v 0.100000 6.900000 0.599999
v 0.800000 6.900000 -0.500001
v 0.800000 6.900000 -0.100001
v 0.900000 6.900000 -0.500001
v 0.900000 6.900000 -0.100001
v -1.250000 7.000000 -1.400000
v -1.250000 7.000000 -1.300000
v -1.250000 7.000000 0.699999
v -1.250000 7.000000 0.799999
v -1.100000 7.000000 -1.600001
v -1.100000 7.000000 -1.500000
v -1.100000 7.000000 0.899999
v -1.100000 7.000000 0.999999
v -1.000000 7.000000 -1.600001
v -1.000000 7.000000 -1.500000
v -1.000000 7.000000 0.899999
v -1.000000 7.000000 0.999999
v -0.300000 7.000000 0.499999
v -0.300000 7.000000 0.599999
v -0.200000 7.000000 0.499999
v -0.200000 7.000000 0.599999
v 1.000000 7.000000 -1.600001
v 1.000000 7.000000 -1.500000
v 1.000000 7.000000 0.899999
v 1.000000 7.000000 0.999999
v 1.100000 7.000000 -1.600001
v 1.100000 7.000000 -1.500000
v 1.100000 7.000000 0.899999
v 1.100000 7.000000 0.999999
v 1.250000 7.000000 -1.400000
v 1.250000 7.000000 -1.300000
v 1.250000 7.000000 0.699999
v 1.250000 7.000000 0.799999
v -0.900000 7.100000 -0.500001
v -0.900000 7.100000 -0.100001
v -0.800000 7.100000 -0.500001
v -0.800000 7.100000 -0.100001
v -0.300000 7.100000 -1.200001
v -0.300000 7.100000 -1.100001
v -0.200000 7.100000 -1.200001
v -0.200000 7.100000 -1.100001
v -0.100000 7.100000 -1.200001
v -0.100000 7.100000 -1.100001
v -0.100000 7.100000 0.499999
v -0.100000 7.100000 0.599999
v 0.100000 7.100000 -1.200001
v 0.100000 7.100000 -1.100001
v 0.100000 7.100000 0.499999
v 0.100000 7.100000 0.599999
v 0.200000 7.100000 -1.200001
v 0.200000 7.100000 -1.100001
v 0.200000 7.100000 0.499999
v 0.200000 7.100000 0.599999
v 0.300000 7.100000 -1.200001
v 0.300000 7.100000 -1.100001
v 0.300000 7.100000 0.499999
v 0.300000 7.100000 0.599999
v 0.800000 7.100000 -0.500001
v 0.800000 7.100000 -0.100001
v 0.900000 7.100000 -0.500001
v 0.900000 7.100000 -0.100001
v 1.000000 7.100000 0.199999
v 1.000000 7.100000 0.499999
v 1.100000 7.100000 0.199999
v 1.100000 7.100000 0.499999
v -1.250000 7.200000 -1.000001
v -1.250000 7.200000 -0.900001
v -1.250000 7.200000 0.299999
v -1.250000 7.200000 0.399999
v -0.700000 7.200000 -1.600001
v -0.700000 7.200000 -1.500001
v -0.700000 7.200000 0.899999
v -0.700000 7.200000 0.999999
v -0.600000 7.200000 -1.600001
v -0.600000 7.200000 -1.500001
v -0.600000 7.200000 0.899999
v -0.600000 7.200000 0.999999
v 0.600000 7.200000 -1.600001
v 0.600000 7.200000 -1.500001
v 0.600000 7.200000 0.899999
v 0.600000 7.200000 0.999999
v 0.700000 7.200000 -1.600001
v 0.700000 7.200000 -1.500001
v 0.700000 7.200000 0.899999
v 0.700000 7.200000 0.999999
v 1.250000 7.200000 -1.000001
v 1.250000 7.200000 -0.900001
v 1.250000 7.200000 0.299999
v 1.250000 7.200000 0.399999
v -1.100000 7.300000 -1.400001
v -1.100000 7.300000 -1.100001
v -1.000000 7.300000 -1.300001
v -1.000000 7.300000 -1.100001
v -0.900000 7.300001 -0.500001
v -0.900000 7.300001 -0.100001
v -0.800000 7.300001 -0.500001
v -0.800000 7.300001 -0.100001
v -0.600000 7.300000 -1.400001
v -0.600000 7.300000 -1.300001
v -0.200000 7.300000 -1.200001
v -0.200000 7.300000 -1.100001
v -0.200000 7.300000 0.499999
v -0.200000 7.300000 0.599999
v -0.100000 7.300000 -1.200001
v -0.100000 7.300000 -1.100001
v -0.100000 7.300000 0.499999
v -0.100000 7.300000 0.599999
v 0.100000 7.300000 -1.200001
v 0.100000 7.300000 -1.100001
v 0.100000 7.300000 0.499999
v 0.100000 7.300000 0.599999
v 0.200000 7.300000 -1.200001
v 0.200000 7.300000 -1.100001
v 0.200000 7.300000 0.499999
v 0.200000 7.300000 0.599999
v 0.800000 7.300000 -0.500001
v 0.800000 7.300000 -0.100001
v 0.900000 7.300000 -0.500001
v 0.900000 7.300000 -0.100001
v -1.250000 7.400001 -0.600001
v -1.250000 7.400001 -0.500001
v -1.250000 7.400001 -0.100001
v -1.250000 7.400001 -0.000001
v -0.300000 7.400000 -1.600001
v -0.300000 7.400000 -1.500001
v -0.300000 7.400000 0.899999
v -0.300000 7.400000 0.999999
v -0.200000 7.400000 -1.600001
v -0.200000 7.400000 -1.500001
v -0.200000 7.400000 0.899999
v -0.200000 7.400000 0.999999
v -0.100000 7.400000 -1.200001
v -0.100000 7.400000 -1.100001
v -0.100000 7.400000 0.499999
v -0.100000 7.400000 0.599999
v 0.100000 7.400000 -1.200001
v 0.100000 7.400000 -1.100001
v 0.100000 7.400000 0.499999
v 0.100000 7.400000 0.599999
v 0.200000 7.400000 -1.600001
v 0.200000 7.400000 -1.500001
v 0.200000 7.400000 0.899999
v 0.200000 7.400000 0.999999
v 0.300000 7.400000 -1.600001
v 0.300000 7.400000 -1.500001
v 0.300000 7.400000 0.899999
v 0.300000 7.400000 0.999999
v 1.250000 7.400001 -0.600001
v 1.250000 7.400001 -0.500001
v 1.250000 7.400001 -0.100001
v 1.250000 7.400001 -0.000001
v -0.900000 7.500000 -0.500001
v -0.900000 7.500000 -0.100001
v -0.800000 7.500000 -0.500001
v -0.800000 7.500000 -0.100001
v -0.200000 7.500000 -1.200001
v -0.200000 7.500000 -1.100001
v -0.200000 7.500000 0.499999
v -0.200000 7.500000 0.599999
v -0.100000 7.500000 -1.200001
v -0.100000 7.500000 -1.100001
v -0.100000 7.500000 0.499999
v -0.100000 7.500000 0.599999
v 0.100000 7.500000 -1.200001
v 0.100000 7.500000 -1.100001
v 0.100000 7.500000 0.499999
v 0.100000 7.500000 0.599999
v 0.200000 7.500000 -1.200001
v 0.200000 7.500000 -1.100001
v 0.200000 7.500000 0.499999
v 0.200000 7.500000 0.599999
v 0.800000 7.500000 -0.500001
v 0.800000 7.500000 -0.100001
v 0.900000 7.500000 -0.500001
v 0.900000 7.500000 -0.100001
v -1.100000 7.600000 -1.100001
v -1.100000 7.600000 -0.800001
v -1.000000 7.600000 -1.100001
v -1.000000 7.600000 -0.800001
v -1.000000 7.600000 -0.500001
v -1.000000 7.600000 -0.100001
v -0.900000 7.600000 -0.500001
v -0.900000 7.600000 -0.100001
v -0.300000 7.600000 -1.250001
v -0.300000 7.600000 0.599999
v -0.300000 7.600000 0.699999
v 0.300000 7.600000 -1.250001
v 0.300000 7.600000 0.599999
v 0.300000 7.600000 0.699999
v 0.900000 7.600000 -0.500001
v 0.900000 7.600000 -0.100001
v 1.000000 7.600000 -0.500001
v 1.000000 7.600000 -0.100001
v -0.800000 7.700000 -1.200001
v -0.800000 7.700000 0.599999
v 0.800000 7.700000 -1.200001
v 0.800000 7.700000 0.599999
v -1.300000 7.900000 -1.500001
v -1.250000 7.900001 -1.400001
v -1.250000 7.900001 -1.300001
v -1.250000 7.900001 -1.000001
v -1.250000 7.900001 -0.900001
v -1.250000 7.900001 -0.600001
v -1.250000 7.900001 -0.500001
v -1.250000 7.900001 -0.100001
v -1.250000 7.900001 -0.000001
v -1.250000 7.900001 0.299999
v -1.250000 7.900001 0.399999
v -1.250000 7.900001 0.699999
v -1.250000 7.900001 0.799999
v -1.300000 7.900000 0.899999
v -1.200000 7.900000 -1.600001
v -1.200000 7.900000 -1.500001
v -1.200000 7.900000 0.899999
v -1.200000 7.900000 0.999999
v -1.100000 7.900000 -1.600001
v -1.100000 7.900000 -1.500001
v -1.100000 7.900000 0.899999
v -1.100000 7.900000 0.999999
v -1.000000 7.900000 -1.600001
v -1.000000 7.900000 -1.500001
v -1.000000 7.900000 0.899999
v -1.000000 7.900000 0.999999
v -0.700000 7.900000 -1.600001
v -0.700000 7.900000 -1.500001
v -0.700000 7.900000 0.899999
v -0.700000 7.900000 0.999999
v -0.600000 7.900000 -1.600001
v -0.600000 7.900000 -1.500001
v -0.600000 7.900000 0.899999
v -0.600000 7.900000 0.999999
v -0.300000 7.900000 -1.600001
v -0.300000 7.900000 -1.500001
v -0.300000 7.900000 0.899999
v -0.300000 7.900000 0.999999
v -0.200000 7.900000 -1.600001
v -0.200000 7.900000 -1.500001
v -0.200000 7.900000 0.899999
v -0.200000 7.900000 0.999999
v 0.200000 7.900000 -1.600001
v 0.200000 7.900000 -1.500001
v 0.200000 7.900000 0.899999
v 0.200000 7.900000 0.999999
v 0.300000 7.900000 -1.600001
v 0.300000 7.900000 -1.500001
v 0.300000 7.900000 0.899999
v 0.300000 7.900000 0.999999
v 0.600000 7.900000 -1.600001
v 0.600000 7.900000 -1.500001
v 0.600000 7.900000 0.899999
v 0.600000 7.900000 0.999999
v 0.700000 7.900000 -1.600001
v 0.700000 7.900000 -1.500001
v 0.700000 7.900000 0.899999
v 0.700000 7.900000 0.999999
v 1.000000 7.900000 -1.600001
v 1.000000 7.900000 -1.500001
v 1.000000 7.900000 0.899999
v 1.000000 7.900000 0.999999
v 1.100000 7.900000 -1.600001
v 1.100000 7.900000 -1.500001
v 1.100000 7.900000 0.899999
v 1.100000 7.900000 0.999999
v 1.200000 7.900000 -1.600001
v 1.200000 7.900000 -1.500001
v 1.250000 7.900001 -1.400001
v 1.250000 7.900001 -1.300001
v 1.250000 7.900001 -1.000001
v 1.250000 7.900001 -0.900001
v 1.250000 7.900001 -0.600001
v 1.250000 7.900001 -0.500001
v 1.250000 7.900001 -0.100001
v 1.250000 7.900001 -0.000001
v 1.250000 7.900001 0.299999
v 1.250000 7.900001 0.399999
v 1.250000 7.900001 0.699999
v 1.250000 7.900001 0.799999
v 1.200000 7.900000 0.899999
v 1.200000 7.900000 0.999999
v 1.300000 7.900000 -1.500001
v 1.300000 7.900000 0.899999
v -1.400000 8.000000 -1.700001
v -1.400000 8.000000 1.099999
v -1.300000 8.000000 -1.600001
v -1.300000 8.000000 0.999999
v -1.200000 8.000000 -1.500001
v -1.200000 8.000000 0.899999
v -1.000000 8.000000 -1.300001
v -1.000000 8.000000 0.699999
v 1.000000 8.000000 -1.300001
v 1.000000 8.000000 0.699999
v 1.300000 8.000000 -1.600001
v 1.200000 8.000000 -1.500001
v 1.200000 8.000000 0.899999
v 1.300000 8.000000 0.999999
v 1.400000 8.000000 -1.700001
v 1.400000 8.000000 1.099999
v 0.300000 8.300000 -1.200001
v 0.300000 8.300000 -1.100001
v 0.800000 8.300000 -1.100001
v 0.800000 8.300000 -0.900001
v 0.900000 8.300000 -1.200001
v 0.900000 8.300000 -0.900001
v -0.900000 8.400000 0.199999
v -0.900000 8.400000 0.599999
v -0.800000 8.400000 0.199999
v -0.800000 8.400000 0.499999
v -0.500000 8.400000 0.499999
v -0.500000 8.400000 0.599999
v 0.800000 8.500000 -0.700001
v 0.800000 8.500000 -0.400001
v 0.900000 8.500000 -0.700001
v 0.900000 8.500000 -0.400001
v -0.900000 8.600000 -0.300001
v -0.900000 8.600000 -0.000001
v -0.800000 8.600000 -0.300001
v -0.800000 8.600000 -0.000001
v -0.800000 9.100000 -0.000001
v -0.800000 9.100000 0.299999
v -0.700000 9.100000 -0.000001
v -0.700000 9.100000 0.299999
v 0.700000 9.100000 -0.200001
v 0.700000 9.100000 0.099999
v 0.800000 9.100000 -0.200001
v 0.800000 9.100000 0.099999
v -0.400000 9.300000 -0.400001
v -0.400000 9.300000 -0.200001
v -0.300000 9.300000 -0.400001
v -0.300000 9.300000 -0.200001
v -0.100000 9.300000 -0.700001
v -0.100000 9.300000 -0.600001
v -0.100000 9.300001 0.049999
v 0.100000 9.300000 -0.700001
v 0.100000 9.300000 -0.600001
v 0.100000 9.300001 0.049999
v 0.300000 9.300000 -0.400001
v 0.300000 9.300000 -0.200001
v 0.400000 9.300000 -0.400001
v 0.400000 9.300000 -0.200001
v -0.800000 9.400000 -0.800001
v -0.800000 9.400000 -0.500001
v -0.700000 9.400000 -0.800001
v -0.700000 9.400000 -0.500001
v 0.100000 9.400000 0.399999
v 0.100000 9.400000 0.499999
v 0.400000 9.400000 0.399999
v 0.400000 9.400000 0.499999
v -0.700000 9.700000 -0.400001
v -0.700000 9.700000 -0.200001
v -0.100000 9.700000 -1.000001
v -0.100000 9.700000 -0.400001
v -0.100000 9.700000 -0.200001
v -0.100000 9.700000 0.399999
v 0.100000 9.700000 -1.000001
v 0.100000 9.700000 -0.400001
v 0.100000 9.700000 -0.200001
v 0.100000 9.700000 0.399999
v 0.700000 9.700000 -0.400001
v 0.700000 9.700000 -0.200001
v -1.400000 0.100000 -1.400000
v -1.400000 0.100000 0.800000
v -1.200000 0.100000 -1.500000
v -1.200000 0.100000 -1.400000
v -1.200000 0.100000 0.800000
v -1.200000 0.100000 0.900000
v -1.100000 0.100000 -1.700000
v -1.100000 0.100000 -1.500000
v -1.100000 0.100000 -1.400000
v -1.100000 0.100000 0.800000
v -1.100000 0.100000 0.900000
v -1.100000 0.100000 1.100000
v -0.300000 0.100000 0.800000
v -0.400000 0.100000 1.100000
v -0.400000 0.100000 1.600000
v -0.300000 0.100000 0.700000
v -0.300000 0.100000 1.600000
v -0.300000 0.100000 1.700000
v 0.300000 0.100000 0.700000
v 0.300000 0.100000 0.800000
v 0.300000 0.100000 1.600000
v 0.300000 0.100000 1.700000
v 1.100000 0.100000 -1.500000
v 0.400000 0.100000 1.100000
v 0.400000 0.100000 1.600000
v 1.100000 0.100000 -1.700000
v 1.100000 0.100000 -1.400000
v 1.100000 0.100000 0.800000
v 1.100000 0.100000 0.900000
v 1.100000 0.100000 1.100000
v 1.200000 0.100000 -1.500000
v 1.200000 0.100000 -1.400000
v 1.200000 0.100000 0.800000
v 1.200000 0.100000 0.900000
v 1.400000 0.100000 -1.400000
v 1.400000 0.100000 0.800000
v -0.200000 0.300000 0.600000
v -0.200000 0.300000 0.700000
v -0.100000 0.300000 0.600000
v -0.100000 0.300000 0.700000
v 0.100000 0.300000 0.600000
v 0.100000 0.300000 0.700000
v 0.200000 0.300000 0.600000
v 0.200000 0.300000 0.700000
v -1.400000 0.500000 -0.600000
v -1.400000 0.500000 -0.500000
v -1.400000 0.500000 -0.400000
v -1.400000 0.500000 -0.200000
v -1.400000 0.500000 -0.100000
v -1.400000 0.500000 -0.000000
v -1.300000 0.500000 -0.600000
v -1.300000 0.500000 -0.500000
v -1.300000 0.500000 -0.400000
v -1.300000 0.500000 -0.200000
v -1.300000 0.500000 -0.100000
v -1.300000 0.500000 -0.000000
v -1.200000 0.500000 -0.700000
v -1.200000 0.500000 -0.600000
v -1.200000 0.500000 -0.400000
v -1.200000 0.500000 -0.200000
v -1.200000 0.500000 0.050000
v -1.100000 0.500000 -0.700000
v -1.100000 0.500000 -0.600000
v -1.100000 0.500000 -0.500000
v -1.100000 0.500000 -0.400000
v -1.100000 0.500000 -0.200000
v -1.100000 0.500000 -0.100000
v -1.100000 0.500000 0.050000
v -0.900000 0.500000 -0.500000
v -0.900000 0.500000 -0.100000
v -1.000000 0.700000 -0.500000
v -1.000000 0.700000 -0.100000
v -0.900000 0.700000 -0.500000
v -0.900000 0.700000 -0.100000
v -1.400000 0.800000 -0.700000
v -1.400000 0.800000 0.100000
v -1.300000 0.800000 -0.700000
v -1.300000 0.800000 0.100000
v -1.200000 0.800000 -0.700000
v -1.200000 0.800000 -0.600000
v -1.200000 0.800000 0.050000
v -1.100000 0.800000 -0.700000
v -1.100000 0.800000 -0.600000
v -1.100000 0.800000 0.050000
v -0.200000 0.800000 0.600000
v -0.200000 0.800000 0.700000
v -0.100000 0.800000 0.600000
v -0.100000 0.800000 0.700000
v 0.100000 0.800000 0.600000
v 0.100000 0.800000 0.700000
v 0.200000 0.800000 0.600000
v 0.200000 0.800000 0.700000
v 0.400000 0.800000 -1.500000
v 0.400000 0.800000 -1.400000
v 0.700000 0.800000 -1.400000
v 0.700000 0.800000 -1.500000
v -1.000000 0.900000 -0.500000
v -1.000000 0.900000 -0.100000
v -0.900000 0.900000 -0.500000
v -0.900000 0.900000 -0.100000
v 0.700000 1.000000 -1.300000
v 0.700000 1.000000 -1.100000
v 0.800000 1.000000 -1.300000
v 0.800000 1.000000 -1.100000
v 0.800000 1.000000 0.400000
v 0.800000 1.000000 0.700000
v 0.800000 1.000000 0.800000
v 0.800000 1.000000 0.900000
v 1.000000 1.000000 0.400000
v 1.000000 1.000000 0.700000
v 1.100000 1.000000 0.300000
v 1.100000 1.000000 0.800000
v 1.200000 1.000000 0.300000
v 1.200000 1.000000 0.900000
v -1.000000 1.100000 -0.500000
v -1.000000 1.100000 -0.100000
v -0.900000 1.100000 -0.500000
v -0.900000 1.100000 -0.100000
v 0.700000 1.200000 -1.500000
v 0.700000 1.200000 -1.400000
v 0.900000 1.200000 -1.400000
v 0.900000 1.200000 -1.500000
v 1.000000 1.200000 -1.500000
v 1.000000 1.200000 -1.400000
v 1.100000 1.200000 -1.400000
v 1.100000 1.200000 -1.300000
v 1.100000 1.200000 -1.200000
v 1.100000 1.200000 -1.100000
v 1.200000 1.200000 -1.500000
v 1.200000 1.200000 -1.300000
v 1.200000 1.200000 -1.200000
v 1.200000 1.200000 -1.100000
v -1.200000 1.300000 -0.700000
v -1.200000 1.300000 -0.600000
v -1.100000 1.300000 -0.700000
v -1.100000 1.300000 -0.600000
v -1.000000 1.300000 -0.500000
v -1.000000 1.300000 -0.100000
v -0.900000 1.300000 -0.500000
v -0.900000 1.300000 -0.100000
v -0.200000 1.300000 0.600000
v -0.200000 1.300000 0.700000
v -0.100000 1.300000 0.600000
v -0.100000 1.300000 0.700000
v 0.100000 1.300000 0.600000
v 0.100000 1.300000 0.700000
v 0.200000 1.300000 0.600000
v 0.200000 1.300000 0.700000
v 0.800000 1.300000 -1.300000
v 0.800000 1.300000 -1.100000
v 1.000000 1.300000 -1.300000
v 1.000000 1.300000 -1.100000
v 1.100000 1.300000 0.100000
v 1.100000 1.300000 0.400000
v 1.200000 1.300000 0.100000
v 1.200000 1.300000 0.400000
v -1.000000 1.500000 -0.500000
v -1.000000 1.500000 -0.100000
v -0.900000 1.500000 -0.500000
v -0.900000 1.500000 -0.100000
v -1.000000 1.700000 -0.500000
v -1.000000 1.700000 -0.100000
v -0.900000 1.700000 -0.500000
v -0.900000 1.700000 -0.100000
v -0.200000 1.800000 0.600000
v -0.200000 1.800000 0.700000
v -0.100000 1.800000 0.600000
v -0.100000 1.800000 0.700000
v 0.100000 1.800000 0.600000
v 0.100000 1.800000 0.700000
v 0.200000 1.800000 0.600000
v 0.200000 1.800000 0.700000
v -1.200000 1.900000 -1.500000
v -1.200000 1.900000 -0.700000
v -1.200000 1.900000 0.100000
v -1.200000 1.900000 0.900000
v -1.100000 1.900000 -1.400000
v -1.100000 1.900000 -0.700000
v -1.100000 1.900000 0.100000
v -1.100000 1.900000 0.800000
v -1.000000 1.900000 -0.600000
v -1.000000 1.900000 -0.000000
v -0.900000 1.900000 -0.600000
v -0.900000 1.900000 -0.000000
v -0.300000 1.900000 0.800000
v -0.300000 1.900000 0.900000
v 1.200000 1.900000 -1.500000
v 0.300000 1.900000 0.800000
v 0.300000 1.900000 0.900000
v 1.100000 1.900000 -1.400000
v 1.100000 1.900000 0.800000
v 1.200000 1.900000 0.900000
v -1.400000 2.000000 -0.700000
v -1.400000 2.000000 0.100000
v -1.300000 2.000000 -0.700000
v -1.250000 2.000000 -0.600000
v -1.300000 2.000000 0.050000
v -1.200000 2.000000 -0.700000
v -1.200000 2.000000 0.050000
v -1.100000 2.000000 -0.700000
v -1.100000 2.000000 0.100000
v -1.200000 2.200000 -0.400000
v -1.200000 2.200000 -0.200000
v -1.100000 2.200000 -0.500000
v -1.100000 2.200000 -0.400000
v -1.100000 2.200000 -0.200000
v -1.100000 2.200000 -0.100000
v -0.900000 2.200000 -0.500000
v -0.900000 2.200000 -0.100000
v -0.200000 2.300000 0.600000
v -0.200000 2.300000 0.700000
v -0.100000 2.300000 0.600000
v -0.100000 2.300000 0.700000
v 0.100000 2.300000 0.600000
v 0.100000 2.300000 0.700000
v 0.200000 2.300000 0.600000
v 0.200000 2.300000 0.700000
v -1.200000 2.400000 -1.500000
v -1.200000 2.400000 -1.000000
v -1.100000 2.400000 -1.400000
v -1.100000 2.400000 -1.000000
v -1.000000 2.400000 -1.300000
v -1.000000 2.400000 -1.000000
v -1.000000 2.400000 -0.500000
v -1.000000 2.400000 -0.100000
v -0.900000 2.400000 -1.500000
v -0.900000 2.400000 -1.400000
v -0.900000 2.400000 -1.300000
v -0.900000 2.400000 -1.000000
v -0.900000 2.400000 -0.500000
v -0.900000 2.400000 -0.100000
v -1.000000 2.600000 -0.500000
v -1.000000 2.600000 -0.100000
v -0.900000 2.600000 -0.500000
v -0.900000 2.600000 -0.100000
v -1.000000 2.800000 -0.500000
v -1.000000 2.800000 -0.100000
v -0.900000 2.800000 -0.500000
v -0.900000 2.800000 -0.100000
v -0.300000 2.800000 0.600000
v -0.300000 2.800000 0.700000
v -0.100000 2.800000 0.600000
v -0.100000 2.800000 0.700000
v 0.100000 2.800000 0.600000
v 0.100000 2.800000 0.700000
v 0.300000 2.800000 0.600000
v 0.300000 2.800000 0.700000
v -1.200000 3.000000 0.400000
v -1.200000 3.000000 0.900000
v -1.100000 3.000000 0.400000
v -1.100000 3.000000 0.800000
v -1.000000 3.000000 -0.500000
v -1.000000 3.000000 -0.100000
v -1.000000 3.000000 0.400000
v -1.000000 3.000000 0.700000
v -0.900000 3.000000 -0.500000
v -0.900000 3.000000 -0.100000
v -0.800000 3.000000 0.400000
v -0.800000 3.000000 0.700000
v -0.800000 3.000000 0.800000
v -0.800000 3.000000 0.900000
v -0.100000 3.000000 0.600000
v -0.100000 3.000000 0.700000
v 0.100000 3.000000 0.600000
v 0.100000 3.000000 0.700000
v -1.000000 3.200000 -0.500000
v -1.000000 3.200000 -0.100000
v -0.900000 3.200000 -0.500000
v -0.900000 3.200000 -0.100000
v -0.300000 3.200000 -1.500000
v -0.300000 3.200000 -1.400000
v 0.000000 3.200000 -1.500000
v 0.000000 3.200000 -1.400000
v 0.500000 3.200000 0.800000
v 0.500000 3.200000 0.900000
v 0.800000 3.200000 0.800000
v 0.800000 3.200000 0.900000
v -1.200000 3.300000 0.200000
v -1.200000 3.300000 0.500000
v -1.100000 3.300000 0.200000
v -1.100000 3.300000 0.500000
v 1.100000 3.300000 -0.800000
v 1.100000 3.300000 -0.500000
v 1.200000 3.300000 -0.800000
v 1.200000 3.300000 -0.500000
v -1.000000 3.400000 -0.500000
v -1.000000 3.400000 -0.100000
v -0.900000 3.400000 -0.500000
v -0.900000 3.400000 -0.100000
v 0.100000 3.400000 -1.500000
v 0.100000 3.400000 -1.400000
v 0.400000 3.400000 -1.500000
v 0.400000 3.400000 -1.400000
v 0.200000 3.500000 0.800000
v 0.200000 3.500000 0.900000
v 0.500000 3.500000 0.800000
v 0.500000 3.500000 0.900000
v -1.000000 3.600000 -0.600000
v -1.000000 3.600000 -0.000000
v -0.900000 3.600000 -0.600000
v -0.900000 3.600000 -0.000000
v -1.400000 3.700000 -0.700000
v -1.400000 3.700000 0.100000
v -1.100000 3.700000 -0.700000
v -1.100000 3.700000 0.100000
v -1.200000 4.100000 -1.500000
v -1.200000 4.100000 0.900000
v -1.000000 4.100000 -1.300000
v -1.000000 4.100000 0.700000
v -0.800000 4.100000 -1.200000
v -0.800000 4.100000 0.600000
v -0.187500 4.100000 0.900000
v -0.200000 4.100000 -1.300000
v -0.200000 4.100000 -1.200000
v -0.200000 4.100000 0.700000
v -0.200000 4.100000 -1.100000
v -0.200000 4.100000 0.500000
v -0.200000 4.100000 0.600000
v 0.200000 4.100000 -1.300000
v 0.200000 4.100000 -1.200000
v 0.200000 4.100000 -1.100000
v 0.200000 4.100000 0.500000
v 0.200000 4.100000 0.600000
v 0.200000 4.100000 0.700000
v 0.800000 4.100000 -1.200000
v 1.200000 4.100000 -1.500000
v 1.200000 4.100000 0.900000
v 0.800000 4.100000 0.600000
v 1.000000 4.100000 -1.300000
v 1.000000 4.100000 0.700000
v 1.300000 4.200000 -1.400000
v 1.300000 4.200000 -1.100000
v 1.400000 4.200000 -1.400000
v 1.400000 4.200000 -1.100000
v -0.700000 4.300000 1.000000
v -0.700000 4.300000 1.100000
v -0.400000 4.300000 1.000000
v -0.400000 4.300000 1.100000
v -1.400000 4.400000 -1.400000
v -1.400000 4.400000 -1.100000
v -1.400000 4.400000 0.800000
v -1.400000 4.400000 0.900000
v -1.400000 4.400000 1.000000
v -1.400000 4.400000 1.100000
v -1.300000 4.400000 -1.400000
v -1.300000 4.400000 -1.100000
v -1.300000 4.400000 0.800000
v -1.300000 4.400000 0.900000
v -1.300000 4.400000 1.000000
v -1.300000 4.400000 1.100000
v -1.200000 4.400000 1.000000
v -1.200000 4.400000 1.100000
v -0.900000 4.400000 1.000000
v -0.900000 4.400000 1.100000
v 1.300000 4.400000 0.600000
v 1.300000 4.400000 0.900000
v 1.300000 4.400000 1.000000
v 1.300000 4.400000 1.100000
v 1.400000 4.400000 0.600000
v 1.400000 4.400000 0.900000
v 1.400000 4.400000 1.000000
v 1.400000 4.400000 1.100000
v -1.400000 4.500000 -1.000000
v -1.400000 4.500000 -0.700000
v -1.300000 4.500000 -1.000000
v -1.300000 4.500000 -0.700000
v -0.700000 4.500000 -1.700000
v -0.700000 4.500000 -1.600000
v -0.400000 4.500000 -1.700000
v -0.400000 4.500000 -1.600000
v 0.800000 4.500000 1.000000
v 0.800000 4.500000 1.100000
v 1.100000 4.500000 1.000000
v 1.100000 4.500000 1.100000
v 1.300000 4.500000 -1.200000
v 1.300000 4.500000 -0.900000
v 1.400000 4.500000 -1.200000
v 1.400000 4.500000 -0.900000
v -1.300000 4.600000 -1.500000
v -1.300000 4.600000 0.900000
v -1.200000 4.600000 -1.600000
v -1.200000 4.600000 -1.500000
v -1.200000 4.600000 0.900000
v -1.200000 4.600000 1.000000
v 1.200000 4.600000 -1.600000
v 1.200000 4.600000 -1.500000
v 1.200000 4.600000 0.900000
v 1.200000 4.600000 1.000000
v 1.300000 4.600000 -1.500000
v 1.300000 4.600000 0.900000
v -1.400000 4.700000 -1.600000
v -1.400000 4.700000 -1.500000
v -1.400000 4.700000 0.900000
v -1.400000 4.700000 1.000000
v -1.250000 4.700000 -1.700000
v -1.300000 4.700000 -1.600000
v -1.300000 4.700000 -1.500000
v -1.300000 4.700000 0.900000
v -1.300000 4.700000 1.000000
v -1.250000 4.700000 1.100000
v -1.200000 4.700000 -1.600000
v -1.200000 4.700000 1.000000
v 1.250000 4.700000 -1.700000
v 1.200000 4.700000 -1.600000
v 1.200000 4.700000 1.000000
v 1.250000 4.700000 1.100000
v 1.300000 4.700000 -1.600000
v 1.300000 4.700000 -1.500000
v 1.300000 4.700000 0.900000
v 1.300000 4.700000 1.000000
v 1.400000 4.700000 -1.600000
v 1.400000 4.700000 -1.500000
v 1.400000 4.700000 0.900000
v 1.400000 4.700000 1.000000
v -0.100000 4.800000 -1.200000
v -0.100000 4.800000 -1.100000
v -0.100000 4.800000 0.500000
v -0.100000 4.800000 0.600000
v 0.100000 4.800000 -1.200000
v 0.100000 4.800000 -1.100000
v 0.100000 4.800000 0.500000
v 0.100000 4.800000 0.600000
v -0.100000 5.000000 -1.200000
v -0.100000 5.000000 -1.100000
v -0.100000 5.000000 0.500000
v -0.100000 5.000000 0.600000
v 0.100000 5.000000 -1.200000
v 0.100000 5.000000 -1.100000
v 0.100000 5.000000 0.500000
v 0.100000 5.000000 0.600000
v 0.600000 5.000000 0.700000
v 0.600000 5.000000 0.800000
v 1.000000 5.000000 0.500000
v 1.000000 5.000000 0.700000
v 1.100000 5.000000 0.500000
v 1.100000 5.000000 0.800000
v -1.000000 5.100000 -0.500000
v -1.000000 5.100000 -0.100000
v -0.900000 5.100000 -0.500000
v -0.900000 5.100000 -0.100000
v 0.900000 5.100000 -0.500000
v 0.900000 5.100000 -0.100000
v 1.000000 5.100000 -0.500000
v 1.000000 5.100000 -0.100000
v -0.900000 5.200000 -0.500000
v -0.900000 5.200000 -0.100000
v -0.800000 5.200000 -0.500000
v -0.800000 5.200000 -0.100000
v 0.800000 5.200000 -0.500000
v 0.800000 5.200000 -0.100000
v 0.900000 5.200000 -0.500000
v 0.900000 5.200000 -0.100000
v 1.000000 5.300000 -1.000000
v 1.000000 5.300000 -0.700000
v 1.100000 5.300000 -1.000000
v 1.100000 5.300000 -0.700000
v -0.900000 5.400001 -0.500000
v -0.900000 5.400001 -0.100000
v -0.800000 5.400001 -0.500000
v -0.800000 5.400001 -0.100000
v 0.800000 5.400000 -0.500000
v 0.800000 5.400000 -0.100000
v 0.900000 5.400000 -0.500000
v 0.900000 5.400000 -0.100000
v -1.100000 5.500000 0.200000
v -1.100000 5.500000 0.500000
v -1.000000 5.500000 0.200000
v -1.000000 5.500000 0.500000
v -0.100000 5.500000 -1.200000
v -0.100000 5.500000 -1.100000
v -0.100000 5.500000 0.500000
v -0.100000 5.500000 0.600000
v 0.100000 5.500000 -1.200000
v 0.100000 5.500000 -1.100000
v 0.100000 5.500000 0.500000
v 0.100000 5.500000 0.600000
v -0.900000 5.600000 -0.500000
v -0.900000 5.600000 -0.100000
v -0.800000 5.600000 -0.500000
v -0.800000 5.600000 -0.100000
v 0.800000 5.600000 -0.500000
v 0.800000 5.600000 -0.100000
v 0.900000 5.600000 -0.500000
v 0.900000 5.600000 -0.100000
v -0.100000 5.700000 -1.200001
v -0.100000 5.700000 -1.100001
v -0.100000 5.700000 0.500000
v -0.100000 5.700000 0.600000
v 0.100000 5.700000 -1.200001
v 0.100000 5.700000 -1.100001
v 0.100000 5.700000 0.500000
v 0.100000 5.700000 0.600000
v -0.900000 5.800001 -0.500000
v -0.900000 5.800001 -0.100000
v -0.800000 5.800001 -0.500000
v -0.800000 5.800001 -0.100000
v 0.800000 5.800000 -0.500000
v 0.800000 5.800000 -0.100000
v 0.900000 5.800000 -0.500000
v 0.900000 5.800000 -0.100000
v -0.900000 6.000000 -0.500000
v -0.900000 6.000000 -0.100000
v -0.800000 6.000000 -0.500000
v -0.800000 6.000000 -0.100000
v 0.800000 6.000000 -0.500000
v 0.800000 6.000000 -0.100000
v 0.900000 6.000000 -0.500000
v 0.900000 6.000000 -0.100000
v -0.100000 6.100000 -1.200001
v -0.100000 6.100000 -1.100001
v -0.100000 6.100000 0.500000
v -0.100000 6.100000 0.600000
v 0.100000 6.100000 -1.200001
v 0.100000 6.100000 -1.100001
v 0.100000 6.100000 0.500000
v 0.100000 6.100000 0.600000
v -1.100000 6.200000 -1.100001
v -1.100000 6.200000 -0.800000
v -1.000000 6.200000 -1.100001
v -1.000000 6.200000 -0.800000
v -0.900000 6.200000 -0.500000
v -0.900000 6.200000 -0.100000
v -0.800000 6.200000 -0.500000
v -0.800000 6.200000 -0.100000
v 0.600000 6.200000 -1.400000
v 0.600000 6.200000 -1.300000
v 0.800000 6.200000 -0.500000
v 0.800000 6.200000 -0.100000
v 0.900000 6.200000 -1.400000
v 0.900000 6.200000 -1.300000
v 0.900000 6.200000 -0.500000
v 0.900000 6.200000 -0.100000
v -0.100000 6.300000 -1.200001
v -0.100000 6.300000 -1.100001
v -0.100000 6.300000 0.500000
v -0.100000 6.300000 0.600000
v 0.100000 6.300000 -1.200001
v 0.100000 6.300000 -1.100001
v 0.100000 6.300000 0.500000
v 0.100000 6.300000 0.600000
v -0.900000 6.400001 -0.500000
v -0.900000 6.400001 -0.100000
v -0.800000 6.400001 -0.500000
v -0.800000 6.400001 -0.100000
v 0.800000 6.400000 -0.500000
v 0.800000 6.400000 -0.100000
v 0.900000 6.400000 -0.500000
v 0.900000 6.400000 -0.100000
v -0.900000 6.600000 -0.500000
v -0.900000 6.600000 -0.100001
v -0.800000 6.600000 -0.500000
v -0.800000 6.600000 -0.100001
v -0.600000 6.600000 0.700000
v -0.600000 6.600000 0.800000
v -0.300000 6.600000 0.700000
v -0.300000 6.600000 0.800000
v 0.800000 6.600000 -0.500000
v 0.800000 6.600000 -0.100001
v 0.900000 6.600000 -0.500000
v 0.900000 6.600000 -0.100001
v -0.900000 6.800001 -0.500001
v -0.900000 6.800001 -0.100001
v -0.800000 6.800001 -0.500001
v -0.800000 6.800001 -0.100001
v -0.100000 6.800000 -1.200001
v -0.100000 6.800000 -1.100001
v -0.100000 6.800000 0.499999
v -0.100000 6.800000 0.599999
v 0.100000 6.800000 -1.200001
v 0.100000 6.800000 -1.100001
v 0.100000 6.800000 0.499999
v 0.100000 6.800000 0.599999
v 0.800000 6.800000 -0.500001
v 0.800000 6.800000 -0.100001
v 0.900000 6.800000 -0.500001
v 0.900000 6.800000 -0.100001
v -0.800000 6.900000 0.699999
v -0.800000 6.900000 0.799999
v -0.500000 6.900000 0.699999
v -0.500000 6.900000 0.799999
v -0.900000 7.000000 -0.500001
v -0.900000 7.000000 -0.100001
v -0.800000 7.000000 -0.500001
v -0.800000 7.000000 -0.100001
v -0.100000 7.000000 -1.200001
v -0.100000 7.000000 -1.100001
v -0.100000 7.000000 0.499999
v -0.100000 7.000000 0.599999
v 0.100000 7.000000 -1.200001
v 0.100000 7.000000 -1.100001
v 0.100000 7.000000 0.499999
v 0.100000 7.000000 0.599999
v 0.800000 7.000000 -0.500001
v 0.800000 7.000000 -0.100001
v 0.900000 7.000000 -0.500001
v 0.900000 7.000000 -0.100001
v -0.300000 7.100000 -1.250000
v -0.300000 7.100000 0.599999
v -0.300000 7.100000 0.699999
v -0.200000 7.100000 -1.250000
v -0.200000 7.100000 0.599999
v -0.200000 7.100000 0.699999
v 0.200000 7.100000 -1.250000
v 0.200000 7.100000 0.599999
v 0.200000 7.100000 0.699999
v 0.300000 7.100000 -1.250000
v 0.300000 7.100000 0.599999
v 0.300000 7.100000 0.699999
v -0.900000 7.200000 -0.500001
v -0.900000 7.200000 -0.100001
v -0.800000 7.200000 -0.500001
v -0.800000 7.200000 -0.100001
v -0.200000 7.200000 -1.200001
v -0.200000 7.200000 -1.100001
v -0.200000 7.200000 0.499999
v -0.200000 7.200000 0.599999
v -0.100000 7.200000 -1.200001
v -0.100000 7.200000 -1.100001
v -0.100000 7.200000 0.499999
v -0.100000 7.200000 0.599999
v 0.100000 7.200000 -1.200001
v 0.100000 7.200000 -1.100001
v 0.100000 7.200000 0.499999
v 0.100000 7.200000 0.599999
v 0.200000 7.200000 -1.200001
v 0.200000 7.200000 -1.100001
v 0.200000 7.200000 0.499999
v 0.200000 7.200000 0.599999
v 0.800000 7.200000 -0.500001
v 0.800000 7.200000 -0.100001
v 0.900000 7.200000 -0.500001
v 0.900000 7.200000 -0.100001
v -0.100000 7.300000 -1.200001
v -0.100000 7.300000 -1.100001
v -0.100000 7.300000 0.499999
v -0.100000 7.300000 0.599999
v 0.100000 7.300000 -1.200001
v 0.100000 7.300000 -1.100001
v 0.100000 7.300000 0.499999
v 0.100000 7.300000 0.599999
v 1.000000 7.300000 0.199999
v 1.000000 7.300000 0.499999
v 1.100000 7.300000 0.199999
v 1.100000 7.300000 0.499999
v -0.900000 7.400001 -0.500001
v -0.900000 7.400001 -0.100001
v -0.800000 7.400001 -0.500001
v -0.800000 7.400001 -0.100001
v -0.200000 7.400000 -1.200001
v -0.200000 7.400000 -1.100001
v -0.200000 7.400000 0.499999
v -0.200000 7.400000 0.599999
v -0.100000 7.400000 -1.200001
v -0.100000 7.400000 -1.100001
v -0.100000 7.400000 0.499999
v -0.100000 7.400000 0.599999
v 0.100000 7.400000 -1.200001
v 0.100000 7.400000 -1.100001
v 0.100000 7.400000 0.499999
v 0.100000 7.400000 0.599999
v 0.200000 7.400000 -1.200001
v 0.200000 7.400000 -1.100001
v 0.200000 7.400000 0.499999
v 0.200000 7.400000 0.599999
v 0.800000 7.400000 -0.500001
v 0.800000 7.400000 -0.100001
v 0.900000 7.400000 -0.500001
v 0.900000 7.400000 -0.100001
v -1.100000 7.600000 -1.400001
v -1.100000 7.600000 -1.100001
v -1.000000 7.600000 -1.300001
v -1.000000 7.600000 -1.100001
v -0.600000 7.600000 -1.400001
v -0.600000 7.600000 -1.300001
v -0.300000 7.600000 -1.200001
v -0.300000 7.600000 -1.100001
v -0.300000 7.600000 0.499999
v -0.300000 7.600000 0.599999
v 0.300000 7.600000 -1.200001
v 0.300000 7.600000 -1.100001
v 0.300000 7.600000 0.499999
v 0.300000 7.600000 0.599999
v -1.100000 7.800000 -1.100001
v -1.100000 7.800000 -0.800001
v -1.000000 7.800000 -1.100001
v -1.000000 7.800000 -0.800001
v -1.400000 8.100000 -1.700001
v -1.400000 8.100000 1.099999
v -1.300000 8.100000 -1.600001
v -1.300000 8.100000 0.999999
v 1.300000 8.100000 -1.600001
v 1.300000 8.100000 0.999999
v 1.400000 8.100000 -1.700001
v 1.400000 8.100000 1.099999
v -1.300000 8.200000 -1.600001
v -1.300000 8.200000 0.999999
v -0.800000 8.200000 0.499999
v -0.800000 8.200000 -1.100001
v 0.800000 8.200000 0.499999
v 1.300000 8.200000 -1.600001
v 0.800000 8.200000 -1.100001
v 1.300000 8.200000 0.999999
v -0.900000 8.700000 0.199999
v -0.900000 8.700000 0.599999
v -0.800000 8.700000 0.199999
v -0.800000 8.700000 0.499999
v -0.500000 8.700000 0.499999
v -0.500000 8.700000 0.599999
v 0.300000 8.700000 -1.200001
v 0.300000 8.700000 -1.100001
v 0.800000 8.700000 -1.100001
v 0.800000 8.700000 -0.900001
v 0.800000 8.700000 -0.700001
v 0.800000 8.700000 -0.400001
v 0.900000 8.700000 -1.200001
v 0.900000 8.700000 -0.900001
v 0.900000 8.700000 -0.700001
v 0.900000 8.700000 -0.400001
v -0.900000 8.800000 -0.300001
v -0.900000 8.800000 -0.000001
v -0.800000 8.800000 -0.300001
v -0.800000 8.800000 -0.000001
v -0.800000 9.000000 -1.100001
v -0.800000 9.000000 0.499999
v -0.700000 9.000000 -0.900001
v -0.700000 9.000000 -0.400001
v -0.700000 9.000000 -0.200001
v -0.700000 9.000000 0.299999
v -0.600000 9.000000 -1.000001
v -0.600000 9.000000 -0.900001
v -0.600000 9.000000 0.299999
v -0.600000 9.000000 0.399999
v -0.100000 9.000000 -1.000001
v -0.100000 9.000000 -0.400001
v -0.100000 9.000000 -0.200001
v -0.100000 9.000000 0.399999
v 0.100000 9.000000 -1.000001
v 0.100000 9.000000 -0.400001
v 0.100000 9.000000 -0.200001
v 0.100000 9.000000 0.399999
v 0.600000 9.000000 -1.000001
v 0.600000 9.000000 -0.900001
v 0.700000 9.000000 -0.400001
v 0.600000 9.000000 0.299999
v 0.600000 9.000000 0.399999
v 0.700000 9.000000 -0.900001
v 0.700000 9.000000 -0.200001
v 0.700000 9.000000 0.299999
v 0.800000 9.000000 -1.100001
v 0.800000 9.000000 0.499999
v -0.800000 9.300000 -0.000001
v -0.800000 9.300000 0.299999
v -0.700000 9.300000 -0.000001
v -0.700000 9.300000 0.299999
v 0.700000 9.300000 -0.200001
v 0.700000 9.300000 0.099999
v 0.800000 9.300000 -0.200001
v 0.800000 9.300000 0.099999
v -0.400000 9.400000 -0.400001
v -0.400000 9.400000 -0.200001
v -0.300000 9.400000 -0.400001
v -0.300000 9.400000 -0.200001
v -0.100000 9.400000 -0.700001
v -0.100000 9.400000 -0.600001
v -0.100000 9.400000 0.049999
v 0.100000 9.400000 -0.700001
v 0.100000 9.400000 -0.600001
v 0.100000 9.400000 0.049999
v 0.300000 9.400000 -0.400001
v 0.300000 9.400000 -0.200001
v 0.400000 9.400000 -0.400001
v 0.400000 9.400000 -0.200001
v -0.800000 9.600000 -0.800001
v -0.800000 9.600000 -0.500001
v -0.700000 9.600000 -0.800001
v -0.700000 9.600000 -0.500001
v 0.100000 9.600000 0.399999
v 0.100000 9.600000 0.499999
v 0.400000 9.600000 0.399999
v 0.400000 9.600000 0.499999
v -0.700000 9.800000 -0.900001
v -0.700000 9.800000 0.299999
v -0.600000 9.800000 -1.000001
v -0.600000 9.800000 -0.900001
v -0.600000 9.800000 -0.800001
v -0.600000 9.800000 0.199999
v -0.600000 9.800000 0.299999
v -0.600000 9.800000 0.399999
v -0.500000 9.800000 -0.900001
v -0.500000 9.800000 -0.800001
v -0.500000 9.800000 0.199999
v -0.500000 9.800000 0.299999
v 0.500000 9.800000 -0.900001
v 0.500000 9.800000 -0.800001
v 0.500000 9.800000 0.199999
v 0.500000 9.800000 0.299999
v 0.600000 9.800000 -1.000001
v 0.600000 9.800001 -0.850001
v 0.600000 9.800000 0.199999
v 0.600000 9.800000 0.299999
v 0.600000 9.800000 0.399999
v 0.700000 9.800000 -0.900001
v 0.700000 9.800000 0.299999
v -0.600000 9.900000 -0.800001
v -0.600000 9.900000 0.199999
v -0.500000 9.900000 -0.900001
v -0.500000 9.900000 -0.800001
v -0.500000 9.900000 0.199999
v -0.500000 9.900000 0.299999
v 0.500000 9.900000 -0.900001
v 0.500000 9.900000 -0.800001
v 0.500000 9.900000 0.199999
v 0.500000 9.900000 0.299999
v 0.600000 9.900000 -0.800001
v 0.600000 9.900000 0.199999
v -0.500000 10.000000 -0.800001
v -0.500000 10.000000 0.199999
v 0.500000 10.000000 -0.800001
v 0.500000 10.000000 0.199999
vn -0.0000 -0.0000 -1.0000
vn -0.0000 -0.0000 1.0000
vn -0.0001 -0.0000 1.0000
vn -1.0000 -0.0000 -0.0000
vn 1.0000 -0.0000 -0.0000
vn -0.0000 -1.0000 -0.0000
vn -0.0000 1.0000 -0.0000
vn -0.0000 1.0000 -0.0001
vn -0.0000 1.0000 0.0001
vt 0.947266 0.500000
vt 0.939453 0.500000
vt 0.912109 0.500000
vt 0.943359 0.500000
vt 0.759766 0.500000
vt 0.755859 0.500000
vt 0.908203 0.500000
vt 0.724609 0.500000
s 1
usemtl palette.001
f 3/1/1 2/1/1 1/1/1
f 4/1/1 2/1/1 3/1/1
f 9/2/1 6/2/1 5/2/1
f 10/2/1 6/2/1 9/2/1
f 15/3/1 14/3/1 13/3/1
f 16/3/1 14/3/1 15/3/1
f 19/2/1 18/2/1 17/2/1
f 20/2/1 18/2/1 19/2/1
f 21/4/1 19/4/1 17/4/1
f 23/4/1 21/4/1 17/4/1
f 24/4/1 21/4/1 23/4/1
f 25/4/1 18/4/1 20/4/1
f 27/4/1 21/4/1 24/4/1
f 28/4/1 20/4/1 19/4/1
f 29/4/1 27/4/1 24/4/1
f 29/4/1 28/4/1 27/4/1
f 29/4/1 20/4/1 28/4/1
f 30/4/1 20/4/1 29/4/1
f 31/3/1 23/3/1 22/3/1
f 32/3/1 23/3/1 31/3/1
f 35/3/1 26/3/1 25/3/1
f 36/3/1 26/3/1 35/3/1
f 49/5/1 38/5/1 37/5/1
f 50/5/1 38/5/1 49/5/1
f 51/5/1 40/5/1 39/5/1
f 52/5/1 40/5/1 51/5/1
f 53/3/1 33/3/1 32/3/1
f 54/3/1 33/3/1 53/3/1
f 55/5/1 42/5/1 41/5/1
f 56/5/1 42/5/1 55/5/1
f 57/5/1 46/5/1 45/5/1
f 58/5/1 46/5/1 57/5/1
f 59/5/1 48/5/1 47/5/1
f 60/5/1 48/5/1 59/5/1
f 61/5/1 44/5/1 43/5/1
f 62/5/1 44/5/1 61/5/1
f 63/3/1 35/3/1 34/3/1
f 64/3/1 35/3/1 63/3/1
f 53/6/1 62/6/1 61/6/1
f 53/6/1 56/6/1 55/6/1
f 53/6/1 63/6/1 52/6/1
f 53/6/1 58/6/1 57/6/1
f 53/6/1 51/6/1 62/6/1
f 53/6/1 50/6/1 49/6/1
f 53/6/1 61/6/1 60/6/1
f 53/6/1 60/6/1 59/6/1
f 53/6/1 59/6/1 58/6/1
f 53/6/1 52/6/1 51/6/1
f 53/6/1 57/6/1 56/6/1
f 53/6/1 49/6/1 54/6/1
f 53/6/1 55/6/1 50/6/1
f 64/6/1 63/6/1 53/6/1
f 67/7/1 66/7/1 65/7/1
f 68/7/1 66/7/1 67/7/1
f 73/4/1 70/4/1 69/4/1
f 74/4/1 70/4/1 73/4/1
f 75/4/1 72/4/1 71/4/1
f 76/4/1 72/4/1 75/4/1
f 79/2/1 78/2/1 77/2/1
f 80/2/1 78/2/1 79/2/1
f 88/2/1 81/2/1 80/2/1
f 89/2/1 81/2/1 88/2/1
f 90/2/1 81/2/1 89/2/1
f 91/2/1 81/2/1 90/2/1
f 93/5/1 83/5/1 82/5/1
f 94/5/1 83/5/1 93/5/1
f 95/5/1 85/5/1 84/5/1
f 96/5/1 85/5/1 95/5/1
f 97/5/1 87/5/1 86/5/1
f 98/5/1 87/5/1 97/5/1
f 99/5/1 90/5/1 89/5/1
f 100/5/1 90/5/1 99/5/1
f 102/5/1 93/5/1 92/5/1
f 102/6/1 94/6/1 93/6/1
f 102/5/1 95/5/1 94/5/1
f 103/6/1 96/6/1 95/6/1
f 103/5/1 95/5/1 102/5/1
f 103/5/1 97/5/1 96/5/1
f 103/6/1 98/6/1 97/6/1
f 103/5/1 99/5/1 98/5/1
f 103/6/1 100/6/1 99/6/1
f 103/6/1 101/6/1 100/6/1
f 106/2/1 105/2/1 104/2/1
f 107/2/1 105/2/1 106/2/1
f 110/2/1 109/2/1 108/2/1
f 111/2/1 109/2/1 110/2/1
f 114/2/1 113/2/1 112/2/1
f 115/2/1 113/2/1 114/2/1
f 126/4/1 117/4/1 116/4/1
f 127/4/1 117/4/1 126/4/1
f 128/4/1 119/4/1 118/4/1
f 129/4/1 119/4/1 128/4/1
f 130/4/1 121/4/1 120/4/1
f 131/4/1 121/4/1 130/4/1
f 132/4/1 123/4/1 122/4/1
f 133/4/1 123/4/1 132/4/1
f 134/4/1 125/4/1 124/4/1
f 135/4/1 125/4/1 134/4/1
f 140/1/1 137/1/1 136/1/1
f 141/1/1 137/1/1 140/1/1
f 144/1/1 139/1/1 138/1/1
f 145/1/1 139/1/1 144/1/1
f 146/1/1 143/1/1 142/1/1
f 147/1/1 143/1/1 146/1/1
f 148/1/1 143/1/1 147/1/1
f 149/1/1 146/1/1 142/1/1
f 150/4/1 148/4/1 147/4/1
f 151/1/1 150/1/1 149/1/1
f 151/1/1 149/1/1 142/1/1
f 152/1/1 150/1/1 151/1/1
f 153/1/1 150/1/1 152/1/1
f 154/1/1 150/1/1 153/1/1
f 155/1/1 150/1/1 154/1/1
f 156/1/1 150/1/1 155/1/1
f 157/1/1 150/1/1 156/1/1
f 161/1/1 158/1/1 157/1/1
f 161/1/1 157/1/1 156/1/1
f 162/1/1 151/1/1 142/1/1
f 163/1/1 151/1/1 162/1/1
f 164/1/1 153/1/1 152/1/1
f 165/1/1 153/1/1 164/1/1
f 166/1/1 155/1/1 154/1/1
f 167/1/1 155/1/1 166/1/1
f 168/1/1 158/1/1 161/1/1
f 169/1/1 160/1/1 159/1/1
f 170/1/1 160/1/1 169/1/1
f 174/2/1 171/2/1 173/2/1
f 174/4/1 172/4/1 171/4/1
f 176/4/1 172/4/1 174/4/1
f 177/4/1 172/4/1 176/4/1
f 177/4/1 176/4/1 175/4/1
f 178/4/1 172/4/1 177/4/1
f 179/4/1 177/4/1 175/4/1
f 180/4/1 172/4/1 178/4/1
f 181/4/1 172/4/1 180/4/1
f 182/4/1 172/4/1 181/4/1
f 183/4/1 180/4/1 179/4/1
f 183/4/1 181/4/1 180/4/1
f 184/4/1 172/4/1 182/4/1
f 185/4/1 179/4/1 175/4/1
f 185/4/1 184/4/1 183/4/1
f 185/4/1 183/4/1 179/4/1
f 186/4/1 184/4/1 185/4/1
f 187/4/1 184/4/1 186/4/1
f 188/4/1 184/4/1 187/4/1
f 189/4/1 184/4/1 188/4/1
f 190/4/1 184/4/1 189/4/1
f 191/4/1 172/4/1 184/4/1
f 191/4/1 184/4/1 190/4/1
f 192/4/1 172/4/1 191/4/1
f 193/4/1 172/4/1 192/4/1
f 194/4/1 172/4/1 193/4/1
f 195/2/1 187/2/1 186/2/1
f 196/2/1 187/2/1 195/2/1
f 197/2/1 189/2/1 188/2/1
f 198/2/1 189/2/1 197/2/1
f 199/2/1 191/2/1 190/2/1
f 200/2/1 191/2/1 199/2/1
f 201/2/1 193/2/1 192/2/1
f 202/2/1 193/2/1 201/2/1
f 207/2/1 204/2/1 203/2/1
f 208/2/1 204/2/1 207/2/1
f 209/2/1 206/2/1 205/2/1
f 210/2/1 206/2/1 209/2/1
f 213/2/1 212/2/1 211/2/1
f 214/2/1 212/2/1 213/2/1
f 221/5/1 216/5/1 215/5/1
f 222/5/1 216/5/1 221/5/1
f 223/2/1 220/2/1 219/2/1
f 224/2/1 220/2/1 223/2/1
f 225/5/1 218/5/1 217/5/1
f 226/5/1 218/5/1 225/5/1
f 231/5/1 228/5/1 227/5/1
f 232/5/1 230/5/1 229/5/1
f 233/5/1 231/5/1 227/5/1
f 234/5/1 230/5/1 232/5/1
f 239/4/1 238/4/1 237/4/1
f 240/4/1 239/4/1 237/4/1
f 241/4/1 236/4/1 235/4/1
f 242/4/1 240/4/1 237/4/1
f 243/4/1 238/4/1 239/4/1
f 244/4/1 242/4/1 237/4/1
f 245/5/1 236/5/1 241/5/1
f 246/5/1 244/5/1 237/5/1
f 247/4/1 241/4/1 235/4/1
f 248/4/1 241/4/1 247/4/1
f 250/4/1 241/4/1 248/4/1
f 253/5/1 251/5/1 241/5/1
f 253/5/1 252/5/1 251/5/1
f 253/4/1 250/4/1 249/4/1
f 253/4/1 241/4/1 250/4/1
f 252/4/1 242/4/1 244/4/1
f 252/4/1 243/4/1 242/4/1
f 254/4/1 253/4/1 249/4/1
f 254/4/1 252/4/1 253/4/1
f 255/4/1 238/4/1 243/4/1
f 255/4/1 243/4/1 252/4/1
f 254/2/1 255/2/1 252/2/1
f 260/4/1 257/4/1 256/4/1
f 261/4/1 257/4/1 260/4/1
f 262/4/1 259/4/1 258/4/1
f 263/4/1 259/4/1 262/4/1
f 268/2/1 267/2/1 266/2/1
f 269/2/1 267/2/1 268/2/1
f 270/3/1 265/3/1 264/3/1
f 271/3/1 265/3/1 270/3/1
f 272/3/1 265/3/1 271/3/1
f 273/3/1 270/3/1 264/3/1
f 273/3/1 272/3/1 270/3/1
f 274/3/1 273/3/1 264/3/1
f 275/3/1 265/3/1 272/3/1
f 276/3/1 274/3/1 264/3/1
f 276/3/1 275/3/1 274/3/1
f 277/3/1 265/3/1 275/3/1
f 278/3/1 276/3/1 264/3/1
f 278/3/1 277/3/1 276/3/1
f 279/3/1 278/3/1 264/3/1
f 280/3/1 265/3/1 277/3/1
f 281/3/1 279/3/1 264/3/1
f 282/3/1 265/3/1 280/3/1
f 283/3/1 281/3/1 264/3/1
f 283/3/1 282/3/1 281/3/1
f 284/3/1 265/3/1 282/3/1
f 284/3/1 282/3/1 283/3/1
f 285/3/1 283/3/1 264/3/1
f 286/3/1 265/3/1 284/3/1
f 287/3/1 285/3/1 264/3/1
f 287/3/1 286/3/1 285/3/1
f 288/3/1 265/3/1 286/3/1
f 288/3/1 286/3/1 287/3/1
f 289/3/1 265/3/1 288/3/1
f 290/3/1 287/3/1 264/3/1
f 290/3/1 289/3/1 287/3/1
f 292/3/1 290/3/1 264/3/1
f 293/3/1 265/3/1 289/3/1
f 294/3/1 265/3/1 293/3/1
f 292/3/1 295/3/1 294/3/1
f 292/3/1 294/3/1 293/3/1
f 292/3/1 293/3/1 290/3/1
f 296/3/1 295/3/1 292/3/1
f 297/3/1 295/3/1 296/3/1
f 298/3/1 295/3/1 297/3/1
f 299/3/1 292/3/1 291/3/1
f 300/3/1 297/3/1 296/3/1
f 301/3/1 297/3/1 300/3/1
f 302/3/1 295/3/1 298/3/1
f 303/3/1 299/3/1 291/3/1
f 303/3/1 300/3/1 299/3/1
f 304/3/1 300/3/1 303/3/1
f 305/3/1 302/3/1 301/3/1
f 306/3/1 305/3/1 304/3/1
f 307/3/1 305/3/1 306/3/1
f 308/3/1 295/3/1 302/3/1
f 309/3/1 307/3/1 306/3/1
f 309/3/1 308/3/1 307/3/1
f 309/3/1 303/3/1 291/3/1
f 309/3/1 306/3/1 303/3/1
f 310/3/1 295/3/1 308/3/1
f 310/3/1 308/3/1 309/3/1
f 313/2/1 312/2/1 311/2/1
f 314/2/1 312/2/1 313/2/1
f 317/2/1 316/2/1 315/2/1
f 318/2/1 316/2/1 317/2/1
f 321/2/1 320/2/1 319/2/1
f 322/2/1 320/2/1 321/2/1
f 325/2/1 324/2/1 323/2/1
f 326/2/1 324/2/1 325/2/1
f 327/4/1 325/4/1 323/4/1
f 329/4/1 328/4/1 327/4/1
f 329/4/1 327/4/1 323/4/1
f 330/4/1 328/4/1 329/4/1
f 333/2/1 332/2/1 331/2/1
f 334/2/1 332/2/1 333/2/1
f 337/2/1 336/2/1 335/2/1
f 338/2/1 336/2/1 337/2/1
f 343/5/1 340/5/1 339/5/1
f 344/5/1 340/5/1 343/5/1
f 345/5/1 342/5/1 341/5/1
f 346/5/1 342/5/1 345/5/1
f 351/1/1 350/1/1 349/1/1
f 352/1/1 348/1/1 347/1/1
f 353/1/1 348/1/1 352/1/1
f 352/1/1 351/1/1 353/1/1
f 354/1/1 350/1/1 351/1/1
f 354/1/1 351/1/1 352/1/1
f 359/1/1 356/1/1 355/1/1
f 360/1/1 356/1/1 359/1/1
f 363/1/1 358/1/1 357/1/1
f 364/1/1 358/1/1 363/1/1
f 367/5/1 366/5/1 365/5/1
f 368/5/1 367/5/1 365/5/1
f 371/2/1 370/2/1 369/2/1
f 372/2/1 370/2/1 371/2/1
f 375/2/1 374/2/1 373/2/1
f 376/2/1 374/2/1 375/2/1
f 381/5/1 378/5/1 377/5/1
f 382/5/1 380/5/1 379/5/1
f 383/4/1 382/4/1 381/4/1
f 384/4/1 382/4/1 383/4/1
f 387/3/1 386/3/1 385/3/1
f 388/3/1 386/3/1 387/3/1
f 389/3/1 387/3/1 385/3/1
f 391/3/1 389/3/1 385/3/1
f 391/3/1 390/3/1 389/3/1
f 392/3/1 390/3/1 391/3/1
f 393/3/1 390/3/1 392/3/1
f 394/3/1 390/3/1 393/3/1
f 397/5/1 396/5/1 395/5/1
f 398/5/1 393/5/1 392/5/1
f 399/5/1 393/5/1 398/5/1
f 400/5/1 396/5/1 397/5/1
f 403/3/1 398/3/1 401/3/1
f 403/3/1 402/3/1 399/3/1
f 403/3/1 399/3/1 398/3/1
f 404/3/1 402/3/1 403/3/1
f 405/3/1 402/3/1 404/3/1
f 409/3/1 407/3/1 406/3/1
f 409/3/1 408/3/1 407/3/1
f 410/3/1 408/3/1 409/3/1
f 413/2/1 411/2/1 412/2/1
f 418/3/1 417/3/1 416/3/1
f 419/3/1 417/3/1 418/3/1
f 422/3/1 421/3/1 420/3/1
f 423/3/1 421/3/1 422/3/1
f 428/5/1 425/5/1 424/5/1
f 429/5/1 425/5/1 428/5/1
f 430/5/1 427/5/1 426/5/1
f 431/5/1 427/5/1 430/5/1
f 434/3/1 433/3/1 432/3/1
f 435/3/1 433/3/1 434/3/1
f 440/2/1 437/2/1 436/2/1
f 441/4/1 439/4/1 438/4/1
f 442/4/1 439/4/1 441/4/1
f 443/2/1 440/2/1 436/2/1
f 446/3/1 445/3/1 444/3/1
f 447/3/1 445/3/1 446/3/1
f 450/3/1 449/3/1 448/3/1
f 451/3/1 449/3/1 450/3/1
f 454/2/1 453/2/1 452/2/1
f 455/2/1 453/2/1 454/2/1
f 458/3/1 457/3/1 456/3/1
f 459/3/1 457/3/1 458/3/1
f 464/4/1 463/4/1 462/4/1
f 466/4/1 461/4/1 460/4/1
f 467/4/1 461/4/1 466/4/1
f 468/4/1 464/4/1 462/4/1
f 469/4/1 464/4/1 468/4/1
f 470/2/1 465/2/1 464/2/1
f 470/4/1 464/4/1 469/4/1
f 471/2/1 465/2/1 470/2/1
f 472/4/1 461/4/1 467/4/1
f 474/4/1 466/4/1 460/4/1
f 474/4/1 472/4/1 466/4/1
f 475/4/1 461/4/1 472/4/1
f 475/4/1 472/4/1 474/4/1
f 476/4/1 473/4/1 468/4/1
f 476/4/1 468/4/1 462/4/1
f 477/1/1 470/1/1 469/1/1
f 477/4/1 473/4/1 476/4/1
f 477/4/1 469/4/1 473/4/1
f 480/1/1 479/1/1 478/1/1
f 481/3/1 479/3/1 480/3/1
f 482/1/1 480/1/1 478/1/1
f 484/1/1 482/1/1 478/1/1
f 484/3/1 483/3/1 482/3/1
f 485/3/1 483/3/1 484/3/1
f 486/1/1 484/1/1 478/1/1
f 488/1/1 486/1/1 478/1/1
f 488/3/1 487/3/1 486/3/1
f 489/3/1 487/3/1 488/3/1
f 490/1/1 488/1/1 478/1/1
f 492/1/1 490/1/1 478/1/1
f 493/3/1 491/3/1 490/3/1
f 493/1/1 490/1/1 492/1/1
f 494/3/1 491/3/1 493/3/1
f 496/4/1 493/4/1 492/4/1
f 496/3/1 495/3/1 493/3/1
f 497/3/1 495/3/1 496/3/1
f 498/4/1 496/4/1 492/4/1
f 500/4/1 498/4/1 492/4/1
f 500/3/1 499/3/1 498/3/1
f 501/3/1 499/3/1 500/3/1
f 502/4/1 500/4/1 492/4/1
f 505/5/1 492/5/1 504/5/1
f 505/5/1 502/5/1 492/5/1
f 506/5/1 502/5/1 505/5/1
f 509/3/1 508/3/1 507/3/1
f 510/5/1 509/5/1 507/5/1
f 512/5/1 510/5/1 507/5/1
f 514/5/1 512/5/1 507/5/1
f 514/3/1 513/3/1 512/3/1
f 515/3/1 513/3/1 514/3/1
f 517/5/1 514/5/1 507/5/1
f 517/3/1 516/3/1 514/3/1
f 518/3/1 516/3/1 517/3/1
f 520/5/1 517/5/1 507/5/1
f 520/3/1 519/3/1 517/3/1
f 521/5/1 520/5/1 507/5/1
f 523/5/1 521/5/1 507/5/1
f 525/5/1 523/5/1 507/5/1
f 525/3/1 524/3/1 523/3/1
f 526/5/1 525/5/1 507/5/1
f 533/4/1 531/4/1 528/4/1
f 533/5/1 528/5/1 527/5/1
f 534/4/1 531/4/1 533/4/1
f 535/4/1 529/4/1 532/4/1
f 536/5/1 530/5/1 529/5/1
f 536/4/1 529/4/1 535/4/1
f 539/5/1 530/5/1 536/5/1
f 540/4/1 537/4/1 533/4/1
f 540/5/1 533/5/1 527/5/1
f 541/5/1 540/5/1 527/5/1
f 544/5/1 530/5/1 539/5/1
f 545/5/1 541/5/1 527/5/1
f 548/5/1 530/5/1 544/5/1
f 549/5/1 545/5/1 527/5/1
f 552/5/1 530/5/1 548/5/1
f 553/4/1 550/4/1 549/4/1
f 553/5/1 549/5/1 527/5/1
f 556/5/1 530/5/1 552/5/1
f 557/4/1 554/4/1 553/4/1
f 557/5/1 553/5/1 527/5/1
f 558/4/1 554/4/1 557/4/1
f 559/4/1 556/4/1 555/4/1
f 560/5/1 530/5/1 556/5/1
f 560/4/1 556/4/1 559/4/1
f 563/5/1 530/5/1 560/5/1
f 564/4/1 561/4/1 557/4/1
f 564/5/1 557/5/1 527/5/1
f 567/5/1 530/5/1 563/5/1
f 568/4/1 565/4/1 564/4/1
f 568/5/1 564/5/1 527/5/1
f 569/5/1 568/5/1 527/5/1
f 572/5/1 530/5/1 567/5/1
f 573/5/1 569/5/1 527/5/1
f 576/5/1 530/5/1 572/5/1
f 577/5/1 573/5/1 527/5/1
f 580/5/1 530/5/1 576/5/1
f 581/4/1 578/4/1 577/4/1
f 581/5/1 577/5/1 527/5/1
f 582/4/1 578/4/1 581/4/1
f 583/4/1 580/4/1 579/4/1
f 584/5/1 530/5/1 580/5/1
f 584/4/1 580/4/1 583/4/1
f 591/4/1 587/4/1 581/4/1
f 591/5/1 581/5/1 527/5/1
f 592/5/1 530/5/1 584/5/1
f 592/4/1 584/4/1 588/4/1
f 593/5/1 591/5/1 527/5/1
f 594/5/1 530/5/1 592/5/1
f 595/5/1 586/5/1 585/5/1
f 596/5/1 586/5/1 595/5/1
f 597/5/1 590/5/1 589/5/1
f 598/5/1 590/5/1 597/5/1
f 602/3/1 600/3/1 599/3/1
f 603/3/1 600/3/1 602/3/1
f 604/3/1 602/3/1 601/3/1
f 605/3/1 602/3/1 604/3/1
f 607/3/1 606/3/1 605/3/1
f 608/3/1 606/3/1 607/3/1
f 609/3/1 606/3/1 608/3/1
f 612/3/1 608/3/1 607/3/1
f 613/5/1 611/5/1 610/5/1
f 614/5/1 611/5/1 613/5/1
f 615/3/1 612/3/1 607/3/1
f 620/2/1 619/2/1 618/2/1
f 621/2/1 619/2/1 620/2/1
f 628/2/1 625/2/1 624/2/1
f 629/2/1 625/2/1 628/2/1
f 630/5/1 627/5/1 626/5/1
f 631/5/1 627/5/1 630/5/1
f 634/2/1 633/2/1 632/2/1
f 635/2/1 633/2/1 634/2/1
f 640/4/1 637/4/1 636/4/1
f 641/4/1 637/4/1 640/4/1
f 642/4/1 639/4/1 638/4/1
f 643/4/1 639/4/1 642/4/1
f 646/2/1 645/2/1 644/2/1
f 647/2/1 645/2/1 646/2/1
f 650/2/1 649/2/1 648/2/1
f 651/2/1 649/2/1 650/2/1
f 654/2/1 653/2/1 652/2/1
f 655/2/1 653/2/1 654/2/1
f 658/2/1 657/2/1 656/2/1
f 659/2/1 657/2/1 658/2/1
f 664/5/1 661/5/1 660/5/1
f 665/5/1 661/5/1 664/5/1
f 666/5/1 663/5/1 662/5/1
f 667/5/1 663/5/1 666/5/1
f 670/2/1 669/2/1 668/2/1
f 671/2/1 669/2/1 670/2/1
f 676/2/1 673/2/1 672/2/1
f 677/2/1 673/2/1 676/2/1
f 678/2/1 675/2/1 674/2/1
f 679/2/1 675/2/1 678/2/1
f 684/3/1 681/3/1 680/3/1
f 685/3/1 681/3/1 684/3/1
f 686/3/1 681/3/1 685/3/1
f 687/3/1 684/3/1 680/3/1
f 687/3/1 686/3/1 684/3/1
f 688/2/1 683/2/1 682/2/1
f 689/2/1 683/2/1 688/2/1
f 690/3/1 687/3/1 680/3/1
f 691/3/1 681/3/1 686/3/1
f 692/3/1 690/3/1 680/3/1
f 693/3/1 681/3/1 691/3/1
f 694/3/1 692/3/1 680/3/1
f 695/3/1 681/3/1 693/3/1
f 696/3/1 681/3/1 695/3/1
f 696/3/1 695/3/1 694/3/1
f 697/3/1 694/3/1 680/3/1
f 698/3/1 697/3/1 680/3/1
f 698/3/1 696/3/1 697/3/1
f 699/3/1 681/3/1 696/3/1
f 699/3/1 696/3/1 698/3/1
f 700/3/1 698/3/1 680/3/1
f 701/3/1 681/3/1 699/3/1
f 702/3/1 700/3/1 680/3/1
f 702/3/1 701/3/1 700/3/1
f 703/3/1 681/3/1 701/3/1
f 703/3/1 701/3/1 702/3/1
f 704/3/1 702/3/1 680/3/1
f 706/3/1 704/3/1 680/3/1
f 706/3/1 703/3/1 704/3/1
f 707/3/1 703/3/1 706/3/1
f 708/3/1 681/3/1 703/3/1
f 708/3/1 703/3/1 707/3/1
f 709/3/1 707/3/1 706/3/1
f 709/4/1 706/4/1 705/4/1
f 710/3/1 681/3/1 708/3/1
f 711/3/1 681/3/1 710/3/1
f 709/3/1 712/3/1 711/3/1
f 709/3/1 711/3/1 710/3/1
f 709/3/1 710/3/1 707/3/1
f 713/3/1 712/3/1 709/3/1
f 714/3/1 712/3/1 713/3/1
f 715/3/1 712/3/1 714/3/1
f 716/3/1 709/3/1 705/3/1
f 717/3/1 714/3/1 713/3/1
f 718/3/1 714/3/1 717/3/1
f 719/3/1 712/3/1 715/3/1
f 720/3/1 716/3/1 705/3/1
f 720/3/1 717/3/1 716/3/1
f 721/3/1 717/3/1 720/3/1
f 722/3/1 719/3/1 718/3/1
f 723/3/1 722/3/1 721/3/1
f 724/3/1 722/3/1 723/3/1
f 725/3/1 712/3/1 719/3/1
f 726/3/1 724/3/1 723/3/1
f 726/3/1 725/3/1 724/3/1
f 726/3/1 720/3/1 705/3/1
f 726/3/1 723/3/1 720/3/1
f 727/3/1 712/3/1 725/3/1
f 727/3/1 725/3/1 726/3/1
f 730/3/1 729/3/1 728/3/1
f 731/3/1 729/3/1 730/3/1
f 732/3/1 729/3/1 731/3/1
f 733/3/1 729/3/1 732/3/1
f 734/3/1 730/3/1 728/3/1
f 735/3/1 732/3/1 731/3/1
f 736/3/1 732/3/1 735/3/1
f 737/3/1 729/3/1 733/3/1
f 738/3/1 736/3/1 735/3/1
f 738/3/1 737/3/1 736/3/1
f 738/3/1 734/3/1 728/3/1
f 738/3/1 735/3/1 734/3/1
f 739/3/1 737/3/1 738/3/1
f 740/3/1 737/3/1 739/3/1
f 741/3/1 729/3/1 737/3/1
f 741/3/1 737/3/1 740/3/1
f 744/3/1 738/3/1 728/3/1
f 745/3/1 740/3/1 739/3/1
f 746/3/1 740/3/1 745/3/1
f 747/3/1 729/3/1 741/3/1
f 744/3/1 746/3/1 745/3/1
f 744/3/1 747/3/1 746/3/1
f 750/3/1 747/3/1 744/3/1
f 751/3/1 747/3/1 750/3/1
f 752/3/1 744/3/1 728/3/1
f 753/3/1 751/3/1 750/3/1
f 754/3/1 751/3/1 753/3/1
f 755/3/1 729/3/1 747/3/1
f 756/5/1 743/5/1 742/5/1
f 757/5/1 743/5/1 756/5/1
f 752/3/1 755/3/1 754/3/1
f 752/3/1 754/3/1 753/3/1
f 758/3/1 755/3/1 752/3/1
f 759/3/1 755/3/1 758/3/1
f 760/5/1 749/5/1 748/5/1
f 761/5/1 749/5/1 760/5/1
f 762/3/1 752/3/1 728/3/1
f 763/3/1 759/3/1 758/3/1
f 764/3/1 759/3/1 763/3/1
f 765/3/1 729/3/1 755/3/1
f 762/3/1 765/3/1 764/3/1
f 762/3/1 764/3/1 763/3/1
f 766/3/1 765/3/1 762/3/1
f 767/3/1 765/3/1 766/3/1
f 768/3/1 762/3/1 728/3/1
f 769/3/1 767/3/1 766/3/1
f 770/3/1 767/3/1 769/3/1
f 771/3/1 729/3/1 765/3/1
f 772/3/1 768/3/1 728/3/1
f 772/3/1 771/3/1 770/3/1
f 772/3/1 770/3/1 769/3/1
f 772/3/1 769/3/1 768/3/1
f 773/3/1 771/3/1 772/3/1
f 774/3/1 771/3/1 773/3/1
f 775/3/1 729/3/1 771/3/1
f 775/3/1 771/3/1 774/3/1
f 776/3/1 774/3/1 773/3/1
f 777/3/1 774/3/1 776/3/1
f 784/2/1 783/2/1 782/2/1
f 785/2/1 783/2/1 784/2/1
f 786/4/1 779/4/1 778/4/1
f 787/4/1 781/4/1 780/4/1
f 788/5/1 779/5/1 786/5/1
f 789/5/1 787/5/1 780/5/1
f 792/4/1 786/4/1 778/4/1
f 792/5/1 790/5/1 786/5/1
f 792/5/1 791/5/1 790/5/1
f 793/5/1 791/5/1 792/5/1
f 793/5/1 787/5/1 791/5/1
f 793/4/1 781/4/1 787/4/1
f 796/4/1 795/4/1 794/4/1
f 797/4/1 795/4/1 796/4/1
f 798/1/1 795/1/1 797/1/1
f 799/1/1 795/1/1 798/1/1
f 800/1/1 798/1/1 797/1/1
f 802/1/1 796/1/1 794/1/1
f 803/1/1 800/1/1 797/1/1
f 804/5/1 796/5/1 802/5/1
f 805/5/1 796/5/1 804/5/1
f 808/5/1 806/5/1 805/5/1
f 809/5/1 803/5/1 807/5/1
f 803/4/1 801/4/1 800/4/1
f 811/4/1 808/4/1 805/4/1
f 811/4/1 805/4/1 804/4/1
f 812/4/1 808/4/1 811/4/1
f 812/5/1 809/5/1 808/5/1
f 812/4/1 811/4/1 810/4/1
f 813/4/1 809/4/1 812/4/1
f 813/4/1 801/4/1 803/4/1
f 813/4/1 803/4/1 809/4/1
f 818/4/1 815/4/1 814/4/1
f 819/4/1 815/4/1 818/4/1
f 820/4/1 817/4/1 816/4/1
f 821/4/1 817/4/1 820/4/1
f 826/5/1 823/5/1 822/5/1
f 827/5/1 823/5/1 826/5/1
f 828/5/1 825/5/1 824/5/1
f 829/5/1 825/5/1 828/5/1
f 832/2/1 831/2/1 830/2/1
f 833/2/1 831/2/1 832/2/1
f 834/4/1 836/4/1 835/4/1
f 841/3/1 838/3/1 837/3/1
f 842/4/1 836/4/1 834/4/1
f 843/3/1 840/3/1 839/3/1
f 844/3/1 842/3/1 841/3/1
f 844/3/1 841/3/1 837/3/1
f 845/3/1 842/3/1 844/3/1
f 846/3/1 840/3/1 843/3/1
f 859/5/1 848/5/1 847/5/1
f 860/5/1 848/5/1 859/5/1
f 861/5/1 850/5/1 849/5/1
f 862/5/1 850/5/1 861/5/1
f 863/3/1 843/3/1 836/3/1
f 864/3/1 842/3/1 845/3/1
f 865/5/1 852/5/1 851/5/1
f 866/5/1 852/5/1 865/5/1
f 867/5/1 856/5/1 855/5/1
f 868/5/1 856/5/1 867/5/1
f 869/5/1 858/5/1 857/5/1
f 870/5/1 858/5/1 869/5/1
f 871/5/1 854/5/1 853/5/1
f 872/5/1 854/5/1 871/5/1
f 873/7/1 842/7/1 864/7/1
f 874/3/1 863/3/1 836/3/1
f 875/6/1 862/6/1 861/6/1
f 875/6/1 866/6/1 865/6/1
f 875/6/1 874/6/1 862/6/1
f 875/6/1 860/6/1 859/6/1
f 875/6/1 871/6/1 870/6/1
f 875/6/1 868/6/1 867/6/1
f 875/6/1 869/6/1 868/6/1
f 875/6/1 870/6/1 869/6/1
f 875/6/1 867/6/1 866/6/1
f 875/6/1 861/6/1 872/6/1
f 875/6/1 865/6/1 860/6/1
f 875/6/1 872/6/1 871/6/1
f 875/6/1 859/6/1 873/6/1
f 876/6/1 874/6/1 875/6/1
f 877/4/2 878/4/2 879/4/2
f 879/4/2 878/4/2 880/4/2
f 881/3/2 882/3/2 885/3/2
f 883/3/2 884/3/2 886/3/2
f 881/3/2 885/3/2 887/3/2
f 885/3/2 879/3/2 887/3/2
f 887/3/2 879/3/2 888/3/2
f 886/3/2 884/3/2 889/3/2
f 890/5/2 891/5/2 902/5/2
f 902/5/2 891/5/2 903/5/2
f 892/5/2 893/5/2 904/5/2
f 904/5/2 893/5/2 905/5/2
f 888/3/2 879/3/2 906/3/2
f 906/3/2 879/3/2 907/3/2
f 894/5/2 895/5/2 908/5/2
f 908/5/2 895/5/2 909/5/2
f 898/5/2 899/5/2 910/5/2
f 910/5/2 899/5/2 911/5/2
f 900/5/2 901/5/2 912/5/2
f 912/5/2 901/5/2 913/5/2
f 896/5/2 897/5/2 914/5/2
f 914/5/2 897/5/2 915/5/2
f 880/3/2 886/3/2 916/3/2
f 916/3/2 886/3/2 917/3/2
f 914/6/2 915/6/2 918/6/2
f 908/6/2 909/6/2 918/6/2
f 905/6/2 916/6/2 918/6/2
f 915/6/2 904/6/2 918/6/2
f 910/6/2 911/6/2 918/6/2
f 913/6/2 914/6/2 918/6/2
f 902/6/2 903/6/2 918/6/2
f 911/6/2 912/6/2 918/6/2
f 912/6/2 913/6/2 918/6/2
f 909/6/2 910/6/2 918/6/2
f 904/6/2 905/6/2 918/6/2
f 903/6/2 908/6/2 918/6/2
f 907/6/2 902/6/2 918/6/2
f 918/6/2 916/6/2 919/6/2
f 920/1/2 921/1/2 922/1/2
f 922/1/2 921/1/2 923/1/2
f 920/1/2 922/1/2 926/1/2
f 926/1/2 922/1/2 924/1/2
f 924/1/2 925/1/2 927/1/2
f 926/4/2 924/4/2 927/4/2
f 927/5/2 928/5/2 926/5/2
f 926/5/2 928/5/2 929/5/2
f 929/4/2 928/4/2 931/4/2
f 931/4/2 928/4/2 932/4/2
f 930/4/2 931/4/2 932/4/2
f 932/4/2 928/4/2 933/4/2
f 934/2/2 935/2/2 938/2/2
f 936/4/2 937/4/2 939/4/2
f 939/4/2 937/4/2 940/4/2
f 934/2/2 938/2/2 941/2/2
f 942/5/2 943/5/2 946/5/2
f 946/5/2 943/5/2 947/5/2
f 944/5/2 945/5/2 948/5/2
f 948/5/2 945/5/2 949/5/2
f 950/5/2 951/5/2 954/5/2
f 954/5/2 951/5/2 955/5/2
f 952/5/2 953/5/2 956/5/2
f 956/5/2 953/5/2 957/5/2
f 960/4/2 961/4/2 962/4/2
f 958/4/2 959/4/2 963/4/2
f 963/4/2 959/4/2 964/4/2
f 964/5/2 959/5/2 965/5/2
f 960/5/2 962/5/2 966/5/2
f 964/5/2 967/5/2 963/5/2
f 967/5/2 968/5/2 963/5/2
f 963/5/2 968/5/2 969/5/2
f 968/5/2 962/5/2 969/5/2
f 962/4/2 961/4/2 969/4/2
f 972/2/2 973/2/2 974/2/2
f 974/2/2 973/2/2 975/2/2
f 970/2/2 971/2/2 976/2/2
f 976/2/2 971/2/2 977/2/2
f 975/2/2 973/2/2 978/2/2
f 978/2/2 973/2/2 979/2/2
f 980/2/2 981/2/2 986/2/2
f 986/2/2 981/2/2 987/2/2
f 984/2/2 985/2/2 988/2/2
f 988/2/2 985/2/2 989/2/2
f 982/3/2 983/3/2 990/3/2
f 990/3/2 983/3/2 991/3/2
f 982/3/2 990/3/2 992/3/2
f 991/3/2 983/3/2 993/3/2
f 992/3/2 991/3/2 993/3/2
f 982/3/2 992/3/2 994/3/2
f 993/3/2 983/3/2 995/3/2
f 995/3/2 983/3/2 996/3/2
f 994/3/2 995/3/2 996/3/2
f 982/3/2 994/3/2 997/3/2
f 996/3/2 983/3/2 998/3/2
f 997/3/2 996/3/2 998/3/2
f 982/3/2 997/3/2 999/3/2
f 998/3/2 983/3/2 1000/3/3
f 982/3/2 999/3/2 1001/3/2
f 1000/3/3 983/3/2 1002/3/2
f 982/3/2 1001/3/2 1003/3/2
f 1001/3/2 1002/3/2 1003/3/2
f 1002/3/2 983/3/2 1004/3/2
f 1003/3/2 1002/3/2 1004/3/2
f 982/3/2 1003/3/2 1005/3/2
f 1004/3/2 983/3/2 1006/3/2
f 982/3/2 1005/3/2 1007/3/2
f 1005/3/2 1006/3/2 1007/3/2
f 1006/3/2 983/3/2 1008/3/2
f 1007/3/2 1006/3/2 1008/3/2
f 982/3/2 1007/3/2 1009/3/2
f 1008/3/2 983/3/2 1010/3/2
f 1009/3/2 1008/3/2 1010/3/2
f 982/3/2 1009/3/2 1012/3/2
f 1012/3/2 1009/3/2 1013/3/2
f 1010/3/2 983/3/2 1014/3/2
f 1014/3/2 1015/3/2 1012/3/2
f 1010/3/2 1014/3/2 1012/3/2
f 1013/3/2 1010/3/2 1012/3/2
f 1012/3/2 1015/3/2 1016/3/2
f 1016/3/2 1015/3/2 1017/3/2
f 1017/3/2 1015/3/2 1018/3/2
f 1011/3/2 1012/3/2 1021/3/2
f 1016/3/2 1017/3/2 1022/3/2
f 1022/3/2 1017/3/2 1023/3/2
f 1018/3/2 1015/3/2 1024/3/2
f 1011/3/2 1021/3/2 1025/3/2
f 1021/3/2 1022/3/2 1025/3/2
f 1025/3/2 1022/3/2 1026/3/2
f 1023/3/2 1024/3/2 1027/3/2
f 1026/3/2 1027/3/2 1028/3/2
f 1028/3/2 1027/3/2 1029/3/2
f 1024/3/2 1015/3/2 1030/3/2
f 1019/2/2 1020/2/2 1031/2/2
f 1031/2/2 1020/2/2 1032/2/2
f 1029/3/2 1030/3/2 1033/3/2
f 1028/3/2 1029/3/2 1033/3/2
f 1011/3/2 1025/3/2 1033/3/2
f 1025/3/2 1028/3/2 1033/3/2
f 1030/3/2 1015/3/2 1034/3/2
f 1033/3/2 1030/3/2 1034/3/2
f 1035/2/2 1036/2/2 1039/2/2
f 1039/2/2 1036/2/2 1040/2/2
f 1037/2/2 1038/2/2 1041/2/2
f 1041/2/2 1038/2/2 1042/2/2
f 1043/2/2 1044/2/2 1045/2/2
f 1045/2/2 1044/2/2 1046/2/2
f 1047/5/2 1048/5/2 1051/5/2
f 1051/5/2 1048/5/2 1052/5/2
f 1049/5/2 1050/5/2 1053/5/2
f 1053/5/2 1050/5/2 1054/5/2
f 1055/2/2 1056/2/2 1057/2/2
f 1057/2/2 1056/2/2 1058/2/2
f 1059/4/2 1060/4/2 1063/4/2
f 1063/4/2 1060/4/2 1064/4/2
f 1061/2/2 1062/2/2 1065/2/2
f 1065/2/2 1062/2/2 1066/2/2
f 1067/2/2 1068/2/2 1069/2/2
f 1069/2/2 1068/2/2 1070/2/2
f 1071/2/2 1072/2/2 1073/2/2
f 1073/2/2 1072/2/2 1074/2/2
f 1075/5/2 1076/5/2 1077/5/2
f 1077/5/2 1076/5/2 1078/5/2
f 1079/2/2 1080/2/2 1081/2/2
f 1081/2/2 1080/2/2 1082/2/2
f 1083/2/2 1084/2/2 1085/2/2
f 1085/2/2 1084/2/2 1086/2/2
f 1087/3/2 1088/3/2 1090/3/2
f 1090/3/2 1088/3/2 1091/3/2
f 1089/3/2 1090/3/2 1092/3/2
f 1092/3/2 1090/3/2 1093/3/2
f 1093/3/2 1094/3/2 1095/3/2
f 1095/3/2 1094/3/2 1096/3/2
f 1096/3/2 1094/3/2 1097/3/2
f 1095/5/2 1096/5/2 1098/5/2
f 1095/5/2 1098/5/2 1102/5/2
f 1102/5/2 1098/5/2 1103/5/2
f 1100/5/2 1101/5/2 1104/5/2
f 1104/5/2 1101/5/2 1105/5/2
f 1110/3/2 1111/3/2 1112/3/2
f 1112/3/2 1111/3/2 1113/3/2
f 1110/1/2 1112/1/2 1114/1/2
f 1110/1/2 1114/1/2 1116/1/2
f 1114/3/2 1115/3/2 1116/3/2
f 1116/3/2 1115/3/2 1117/3/2
f 1110/1/2 1116/1/2 1118/1/2
f 1110/1/2 1118/1/2 1120/1/2
f 1118/3/2 1119/3/2 1120/3/2
f 1120/3/2 1119/3/2 1121/3/2
f 1110/1/2 1120/1/2 1122/1/2
f 1110/1/2 1122/1/2 1124/1/2
f 1122/3/2 1123/3/2 1125/3/2
f 1124/1/2 1122/1/2 1125/1/2
f 1125/3/2 1123/3/2 1126/3/2
f 1124/4/2 1125/4/2 1128/4/2
f 1125/3/2 1127/3/2 1128/3/2
f 1128/3/2 1127/3/2 1129/3/2
f 1124/4/2 1128/4/2 1130/4/2
f 1124/4/2 1130/4/2 1132/4/2
f 1130/3/2 1131/3/2 1132/3/2
f 1132/3/2 1131/3/2 1133/3/2
f 1124/4/2 1132/4/2 1134/4/2
f 1124/1/2 1134/1/2 1136/1/2
f 1137/5/2 1138/5/2 1139/5/2
f 1139/3/2 1138/3/2 1140/3/2
f 1137/5/2 1139/5/2 1141/5/2
f 1137/5/2 1141/5/2 1143/5/2
f 1137/5/2 1143/5/2 1145/5/2
f 1143/3/2 1144/3/2 1145/3/2
f 1145/3/2 1144/3/2 1146/3/2
f 1137/5/2 1145/5/2 1148/5/2
f 1145/3/2 1147/3/2 1148/3/2
f 1148/3/2 1147/3/2 1149/3/2
f 1137/5/2 1148/5/2 1150/5/2
f 1137/5/2 1150/5/2 1154/5/2
f 1152/2/2 1153/2/2 1156/2/2
f 1156/2/2 1153/2/2 1157/2/2
f 1137/5/2 1154/5/2 1158/5/2
f 1137/5/2 1158/5/2 1160/5/2
f 1160/5/2 1158/5/2 1161/5/2
f 1163/4/2 1166/4/2 1168/4/2
f 1162/5/2 1163/5/2 1168/5/2
f 1168/4/2 1166/4/2 1169/4/2
f 1167/4/2 1164/4/2 1170/4/2
f 1164/5/2 1165/5/2 1171/5/2
f 1170/4/2 1164/4/2 1171/4/2
f 1171/5/2 1165/5/2 1174/5/2
f 1168/4/2 1172/4/2 1175/4/2
f 1162/5/2 1168/5/2 1175/5/2
f 1174/5/2 1165/5/2 1178/5/2
f 1175/4/2 1176/4/2 1179/4/2
f 1162/5/2 1175/5/2 1179/5/2
f 1162/5/2 1179/5/2 1180/5/2
f 1178/5/2 1165/5/2 1183/5/2
f 1162/5/2 1180/5/2 1184/5/2
f 1183/5/2 1165/5/2 1187/5/2
f 1187/5/2 1165/5/2 1188/5/2
f 1186/4/2 1187/4/2 1188/4/2
f 1162/5/2 1184/5/2 1189/5/2
f 1189/4/2 1190/4/2 1192/4/2
f 1162/5/2 1189/5/2 1192/5/2
f 1192/4/2 1190/4/2 1193/4/2
f 1191/4/2 1188/4/2 1194/4/2
f 1188/5/2 1165/5/2 1195/5/2
f 1194/4/2 1188/4/2 1195/4/2
f 1195/5/2 1165/5/2 1198/5/2
f 1192/4/2 1196/4/2 1199/4/2
f 1162/5/2 1192/5/2 1199/5/2
f 1198/5/2 1165/5/2 1202/5/2
f 1199/4/2 1200/4/2 1203/4/2
f 1162/5/2 1199/5/2 1203/5/2
f 1162/5/2 1203/5/2 1204/5/2
f 1202/5/2 1165/5/2 1207/5/2
f 1204/4/2 1205/4/2 1208/4/2
f 1162/5/2 1204/5/2 1208/5/2
f 1207/5/2 1165/5/2 1211/5/2
f 1208/4/2 1209/4/2 1212/4/2
f 1162/5/2 1208/5/2 1212/5/2
f 1211/5/2 1165/5/2 1215/5/2
f 1212/4/2 1213/4/2 1216/4/2
f 1162/5/2 1212/5/2 1216/5/2
f 1216/4/2 1213/4/2 1217/4/2
f 1214/4/2 1215/4/2 1218/4/2
f 1215/5/2 1165/5/2 1219/5/2
f 1218/4/2 1215/4/2 1219/4/2
f 1162/5/2 1216/5/2 1222/5/2
f 1219/5/2 1165/5/2 1227/5/2
f 1224/4/2 1219/4/2 1227/4/2
f 1162/5/2 1222/5/2 1228/5/2
f 1228/5/2 1222/5/2 1229/5/2
f 1227/5/2 1165/5/2 1230/5/2
f 1220/5/2 1221/5/2 1231/5/2
f 1231/5/2 1221/5/2 1232/5/2
f 1225/5/2 1226/5/2 1233/5/2
f 1233/5/2 1226/5/2 1234/5/2
f 1235/2/2 1236/2/2 1237/2/2
f 1237/2/2 1236/2/2 1238/2/2
f 1239/3/2 1240/3/2 1241/3/2
f 1241/3/2 1240/3/2 1242/3/2
f 1243/2/2 1244/2/2 1245/2/2
f 1245/2/2 1244/2/2 1246/2/2
f 1247/1/2 1248/1/2 1251/1/2
f 1251/4/2 1248/4/2 1252/4/2
f 1249/4/2 1250/4/2 1253/4/2
f 1253/4/2 1250/4/2 1254/4/2
f 1252/4/2 1248/4/2 1255/4/2
f 1254/4/2 1250/4/2 1256/4/2
f 1247/4/2 1251/4/2 1257/4/2
f 1251/4/2 1255/4/2 1257/4/2
f 1255/4/2 1248/4/2 1258/4/2
f 1257/4/2 1255/4/2 1258/4/2
f 1253/4/2 1256/4/2 1259/4/2
f 1249/4/2 1253/4/2 1259/4/2
f 1259/4/2 1256/4/2 1260/4/2
f 1256/4/2 1250/4/2 1260/4/2
f 1261/3/2 1262/3/2 1263/3/2
f 1263/3/2 1262/3/2 1264/3/2
f 1265/3/2 1266/3/2 1267/3/2
f 1267/3/2 1266/3/2 1268/3/2
f 1269/3/2 1270/3/2 1271/3/2
f 1271/3/2 1270/3/2 1272/3/2
f 1273/4/2 1274/4/2 1277/4/2
f 1277/4/2 1274/4/2 1278/4/2
f 1275/4/2 1276/4/2 1279/4/2
f 1279/4/2 1276/4/2 1280/4/2
f 1281/3/2 1282/3/2 1283/3/2
f 1283/3/2 1282/3/2 1284/3/2
f 1285/3/2 1286/3/2 1287/3/2
f 1287/3/2 1286/3/2 1288/3/2
f 1289/5/2 1290/5/2 1293/5/2
f 1293/5/2 1290/5/2 1294/5/2
f 1291/5/2 1292/5/2 1295/5/2
f 1295/5/2 1292/5/2 1296/5/2
f 1297/2/2 1298/2/2 1299/2/2
f 1299/2/2 1298/2/2 1300/2/2
f 1301/3/2 1302/3/2 1303/3/2
f 1303/3/2 1302/3/2 1304/3/2
f 1301/3/2 1303/3/2 1305/3/2
f 1301/3/2 1305/3/2 1307/3/2
f 1305/3/2 1306/3/2 1307/3/2
f 1307/3/2 1306/3/2 1308/3/2
f 1308/3/2 1306/3/2 1309/3/2
f 1309/3/2 1306/3/2 1310/3/2
f 1311/5/2 1312/5/2 1313/5/2
f 1308/3/2 1309/3/2 1314/3/2
f 1313/5/2 1312/5/2 1315/5/2
f 1308/3/2 1314/3/2 1317/3/2
f 1316/3/2 1317/3/2 1319/3/2
f 1314/3/2 1318/3/2 1319/3/2
f 1317/3/2 1314/3/2 1319/3/2
f 1319/3/2 1318/3/2 1320/3/2
f 1320/3/2 1318/3/2 1321/3/2
f 1322/3/2 1323/3/2 1325/3/2
f 1323/3/2 1324/3/2 1325/3/2
f 1325/3/2 1324/3/2 1326/3/2
f 1327/2/2 1328/2/2 1331/2/2
f 1331/2/2 1328/2/2 1332/2/2
f 1333/5/2 1334/5/2 1335/5/2
f 1333/5/2 1335/5/2 1336/5/2
f 1337/5/2 1338/5/2 1341/5/2
f 1339/5/2 1340/5/2 1342/5/2
f 1341/4/2 1342/4/2 1343/4/2
f 1343/4/2 1342/4/2 1344/4/2
f 1345/4/2 1346/4/2 1350/4/2
f 1349/2/2 1350/2/2 1351/2/2
f 1350/4/2 1346/4/2 1352/4/2
f 1351/2/2 1350/2/2 1352/2/2
f 1352/1/2 1346/1/2 1353/1/2
f 1353/1/2 1346/1/2 1354/1/2
f 1347/1/2 1348/1/2 1357/1/2
f 1357/1/2 1348/1/2 1358/1/2
f 1359/2/2 1360/2/2 1361/2/2
f 1361/2/2 1360/2/2 1362/2/2
f 1363/5/2 1364/5/2 1367/5/2
f 1367/5/2 1364/5/2 1368/5/2
f 1365/5/2 1366/5/2 1369/5/2
f 1369/5/2 1366/5/2 1370/5/2
f 1371/1/2 1372/1/2 1375/1/2
f 1373/1/2 1374/1/2 1376/1/2
f 1376/4/2 1374/4/2 1377/4/2
f 1377/4/2 1374/4/2 1379/4/2
f 1379/4/2 1374/4/2 1380/4/2
f 1378/1/2 1379/1/2 1381/1/2
f 1379/1/2 1380/1/2 1381/1/2
f 1371/1/2 1375/1/2 1382/1/2
f 1375/1/2 1381/1/2 1382/1/2
f 1382/1/2 1381/1/2 1380/1/2
f 1383/2/2 1384/2/2 1385/2/2
f 1385/2/2 1384/2/2 1386/2/2
f 1387/2/2 1388/2/2 1389/2/2
f 1389/2/2 1388/2/2 1390/2/2
f 1391/2/2 1392/2/2 1393/2/2
f 1393/2/2 1392/2/2 1394/2/2
f 1395/2/2 1396/2/2 1397/2/2
f 1395/2/2 1397/2/2 1398/2/2
f 1397/4/2 1396/4/2 1401/4/2
f 1396/4/2 1399/4/2 1401/4/2
f 1400/4/2 1401/4/2 1399/4/2
f 1400/4/2 1399/4/2 1402/4/2
f 1403/2/2 1404/2/2 1405/2/2
f 1405/2/2 1404/2/2 1406/2/2
f 1407/4/2 1408/4/2 1411/4/2
f 1411/4/2 1408/4/2 1412/4/2
f 1409/4/2 1410/4/2 1413/4/2
f 1413/4/2 1410/4/2 1414/4/2
f 1415/3/2 1416/3/2 1417/3/2
f 1417/3/2 1416/3/2 1418/3/2
f 1418/3/2 1416/3/2 1419/3/2
f 1415/3/2 1417/3/2 1420/3/2
f 1417/3/2 1419/3/2 1420/3/2
f 1415/3/2 1420/3/2 1421/3/2
f 1419/3/2 1416/3/2 1422/3/2
f 1422/3/2 1416/3/2 1423/3/2
f 1421/3/2 1422/3/2 1423/3/2
f 1415/3/2 1421/3/2 1424/3/2
f 1423/3/2 1416/3/2 1425/3/2
f 1424/3/2 1423/3/2 1425/3/2
f 1415/3/2 1424/3/2 1426/3/2
f 1425/3/2 1416/3/2 1427/3/2
f 1427/3/2 1416/3/2 1428/3/2
f 1426/3/2 1427/3/2 1428/3/2
f 1415/3/2 1426/3/2 1429/3/2
f 1415/3/2 1429/3/2 1430/3/2
f 1429/3/2 1428/3/2 1430/3/2
f 1430/3/2 1428/3/2 1431/3/2
f 1428/3/2 1416/3/2 1432/3/2
f 1431/3/2 1428/3/2 1432/3/2
f 1430/3/2 1431/3/2 1433/3/2
f 1433/3/2 1431/3/2 1434/3/2
f 1432/3/2 1416/3/2 1435/3/2
f 1433/3/2 1434/3/2 1436/3/2
f 1434/3/2 1435/3/2 1436/3/2
f 1435/3/2 1416/3/2 1437/3/2
f 1436/3/2 1435/3/2 1437/3/2
f 1433/3/2 1436/3/2 1438/3/2
f 1437/3/2 1416/3/2 1439/3/2
f 1438/3/2 1437/3/2 1439/3/2
f 1433/3/2 1438/3/2 1441/3/2
f 1439/3/2 1416/3/2 1442/3/2
f 1442/3/2 1443/3/2 1433/3/2
f 1439/3/2 1442/3/2 1433/3/2
f 1441/3/2 1439/3/2 1433/3/2
f 1433/3/2 1443/3/2 1444/3/2
f 1444/3/2 1443/3/2 1445/3/2
f 1445/3/2 1443/3/2 1446/3/2
f 1440/3/2 1433/3/2 1447/3/2
f 1444/3/2 1445/3/2 1448/3/2
f 1448/3/2 1445/3/2 1449/3/2
f 1446/3/2 1443/3/2 1450/3/2
f 1447/3/2 1448/3/2 1451/3/2
f 1449/3/2 1450/3/2 1452/3/2
f 1440/3/2 1447/3/2 1453/3/2
f 1451/3/2 1452/3/2 1454/3/2
f 1454/3/2 1452/3/2 1455/3/2
f 1450/3/2 1443/3/2 1456/3/2
f 1454/3/2 1455/3/2 1457/3/2
f 1455/3/2 1456/3/2 1457/3/2
f 1440/3/2 1453/3/2 1457/3/2
f 1453/3/2 1454/3/2 1457/3/2
f 1456/3/2 1443/3/2 1458/3/2
f 1457/3/2 1456/3/2 1458/3/2
f 1459/2/2 1460/2/2 1461/2/2
f 1461/2/2 1460/2/2 1462/2/2
f 1463/3/2 1464/3/2 1465/3/2
f 1465/3/2 1464/3/2 1466/3/2
f 1466/3/2 1464/3/2 1467/3/2
f 1467/3/2 1464/3/2 1468/3/2
f 1463/3/2 1465/3/2 1469/3/2
f 1466/3/2 1467/3/2 1470/3/2
f 1470/3/2 1467/3/2 1471/3/2
f 1468/3/2 1464/3/2 1472/3/2
f 1470/3/2 1471/3/2 1473/3/2
f 1471/3/2 1472/3/2 1473/3/2
f 1463/3/2 1469/3/2 1473/3/2
f 1469/3/2 1470/3/2 1473/3/2
f 1473/3/2 1472/3/2 1474/3/2
f 1474/3/2 1472/3/2 1475/3/2
f 1472/3/2 1464/3/2 1476/3/2
f 1475/3/2 1472/3/2 1476/3/2
f 1463/3/2 1473/3/2 1479/3/2
f 1474/3/2 1475/3/2 1480/3/2
f 1480/3/2 1475/3/2 1481/3/2
f 1476/3/2 1464/3/2 1482/3/2
f 1482/3/2 1464/3/2 1483/3/2
f 1482/3/2 1483/3/2 1479/3/2
f 1480/3/2 1481/3/2 1479/3/2
f 1481/3/2 1482/3/2 1479/3/2
f 1479/3/2 1483/3/2 1486/3/2
f 1486/3/2 1483/3/2 1487/3/2
f 1487/3/2 1483/3/2 1488/3/2
f 1477/5/2 1478/5/2 1489/5/2
f 1463/3/2 1479/3/2 1490/3/2
f 1486/3/2 1487/3/2 1491/3/2
f 1491/3/2 1487/3/2 1492/3/2
f 1488/3/2 1483/3/2 1493/3/2
f 1484/5/2 1485/5/2 1494/5/2
f 1477/5/2 1489/5/2 1495/5/2
f 1491/3/2 1492/3/2 1496/3/2
f 1492/3/2 1493/3/2 1496/3/2
f 1463/3/2 1490/3/2 1496/3/2
f 1490/3/2 1491/3/2 1496/3/2
f 1496/3/2 1493/3/2 1497/3/2
f 1497/3/2 1493/3/2 1498/3/2
f 1498/3/2 1493/3/2 1499/3/2
f 1493/3/2 1483/3/2 1500/3/2
f 1494/5/2 1485/5/2 1501/5/2
f 1496/3/2 1497/3/2 1502/3/2
f 1498/3/2 1499/3/2 1503/3/2
f 1503/3/2 1499/3/2 1504/3/2
f 1493/3/2 1500/3/2 1505/3/2
f 1503/3/2 1504/3/2 1502/3/2
f 1504/3/2 1505/3/2 1502/3/2
f 1502/3/2 1505/3/2 1506/3/2
f 1506/3/2 1505/3/2 1507/3/2
f 1496/3/2 1502/3/2 1508/3/2
f 1506/3/2 1507/3/2 1509/3/2
f 1509/3/2 1507/3/2 1510/3/2
f 1505/3/2 1500/3/2 1511/3/2
f 1496/3/2 1508/3/2 1512/3/2
f 1510/3/2 1511/3/2 1512/3/2
f 1509/3/2 1510/3/2 1512/3/2
f 1508/3/2 1509/3/2 1512/3/2
f 1512/3/2 1511/3/2 1513/3/2
f 1513/3/2 1511/3/2 1514/3/2
f 1514/3/2 1511/3/2 1500/3/2
f 1513/3/2 1514/3/2 1515/3/2
f 1515/3/2 1514/3/2 1516/3/2
f 1519/4/2 1520/4/2 1521/4/2
f 1521/4/2 1520/4/2 1522/4/2
f 1517/4/2 1518/4/2 1523/4/2
f 1523/4/2 1518/4/2 1524/4/2
f 1519/4/2 1521/4/2 1525/4/2
f 1525/4/2 1526/4/2 1527/4/2
f 1519/4/2 1525/4/2 1527/4/2
f 1524/4/2 1518/4/2 1528/4/2
f 1528/5/2 1518/5/2 1529/5/2
f 1523/4/2 1524/4/2 1530/4/2
f 1530/4/2 1524/4/2 1531/4/2
f 1528/6/2 1529/6/2 1532/6/2
f 1531/2/2 1532/2/2 1530/2/2
f 1530/2/2 1532/2/2 1533/2/2
f 1533/2/2 1532/2/2 1535/2/2
f 1532/5/2 1529/5/2 1536/5/2
f 1535/4/2 1532/4/2 1536/4/2
f 1519/5/2 1527/5/2 1537/5/2
f 1535/5/2 1536/5/2 1539/5/2
f 1534/4/2 1535/4/2 1539/4/2
f 1530/4/2 1534/4/2 1540/4/2
f 1523/4/2 1530/4/2 1540/4/2
f 1534/4/2 1539/4/2 1540/4/2
f 1527/4/2 1526/4/2 1541/4/2
f 1538/4/2 1527/4/2 1541/4/2
f 1539/2/2 1538/2/2 1540/2/2
f 1538/2/2 1541/2/2 1540/2/2
f 1542/1/2 1543/1/2 1546/1/2
f 1546/1/2 1543/1/2 1547/1/2
f 1544/1/2 1545/1/2 1552/1/2
f 1552/1/2 1545/1/2 1553/1/2
f 1550/1/2 1551/1/2 1554/1/2
f 1554/1/2 1551/1/2 1555/1/2
f 1548/1/2 1549/1/2 1556/1/2
f 1550/1/2 1554/1/2 1557/1/2
f 1557/1/2 1558/1/2 1559/1/2
f 1559/1/2 1558/1/2 1560/1/2
f 1556/1/2 1549/1/2 1561/1/2
f 1561/1/2 1549/1/2 1562/1/2
f 1562/4/2 1549/4/2 1563/4/2
f 1563/1/2 1549/1/2 1564/1/2
f 1550/1/2 1557/1/2 1565/1/2
f 1557/1/2 1559/1/2 1566/1/2
f 1565/4/2 1557/4/2 1566/4/2
f 1548/1/2 1556/1/2 1567/1/2
f 1567/1/2 1556/1/2 1568/1/2
f 1561/1/2 1562/1/2 1569/1/2
f 1569/1/2 1562/1/2 1570/1/2
f 1566/1/2 1559/1/2 1571/1/2
f 1571/1/2 1559/1/2 1572/1/2
f 1560/1/2 1558/1/2 1573/1/2
f 1573/1/2 1558/1/2 1574/1/2
f 1563/4/2 1564/4/2 1575/4/2
f 1550/4/2 1565/4/2 1576/4/2
f 1576/4/2 1565/4/2 1577/4/2
f 1578/4/2 1579/4/2 1582/4/2
f 1582/4/2 1579/4/2 1583/4/2
f 1583/4/2 1579/4/2 1584/4/2
f 1584/5/2 1585/5/2 1588/5/2
f 1586/5/2 1587/5/2 1589/5/2
f 1580/4/2 1581/4/2 1590/4/2
f 1589/5/2 1587/5/2 1590/5/2
f 1587/5/2 1580/5/2 1590/5/2
f 1590/4/2 1581/4/2 1591/4/2
f 1584/4/2 1588/4/2 1593/4/2
f 1583/4/2 1584/4/2 1593/4/2
f 1593/4/2 1588/4/2 1594/4/2
f 1592/4/2 1593/4/2 1594/4/2
f 1588/5/2 1589/5/2 1594/5/2
f 1589/4/2 1590/4/2 1594/4/2
f 1594/4/2 1590/4/2 1595/4/2
f 1591/4/2 1581/4/2 1596/4/2
f 1595/2/2 1596/2/2 1594/2/2
f 1594/2/2 1596/2/2 1597/2/2
f 1597/2/2 1596/2/2 1599/2/2
f 1592/4/2 1594/4/2 1598/4/2
f 1598/4/2 1599/4/2 1600/4/2
f 1600/4/2 1599/4/2 1601/4/2
f 1601/4/2 1599/4/2 1602/4/2
f 1602/4/2 1599/4/2 1603/4/2
f 1599/4/2 1596/4/2 1604/4/2
f 1603/4/2 1599/4/2 1604/4/2
f 1596/4/2 1581/4/2 1604/4/2
f 1604/4/2 1581/4/2 1605/4/2
f 1605/4/2 1581/4/2 1606/4/2
f 1592/4/2 1598/4/2 1607/4/2
f 1607/4/2 1598/4/2 1608/4/2
f 1598/2/2 1600/2/2 1609/2/2
f 1608/4/2 1598/4/2 1609/4/2
f 1608/2/2 1609/2/2 1610/2/2
f 1610/2/2 1609/2/2 1611/2/2
f 1600/2/2 1601/2/2 1612/2/2
f 1612/2/2 1601/2/2 1613/2/2
f 1602/2/2 1603/2/2 1614/2/2
f 1614/2/2 1603/2/2 1615/2/2
f 1604/2/2 1605/2/2 1616/2/2
f 1616/2/2 1605/2/2 1617/2/2
f 1618/2/2 1619/2/2 1620/2/2
f 1620/2/2 1619/2/2 1621/2/2
f 1622/2/2 1623/2/2 1624/2/2
f 1624/2/2 1623/2/2 1625/2/2
f 1626/2/2 1627/2/2 1628/2/2
f 1628/2/2 1627/2/2 1629/2/2
f 1630/5/2 1631/5/2 1634/5/2
f 1634/5/2 1631/5/2 1635/5/2
f 1632/5/2 1633/5/2 1636/5/2
f 1636/5/2 1633/5/2 1637/5/2
f 1638/4/2 1639/4/2 1642/4/2
f 1642/4/2 1639/4/2 1643/4/2
f 1640/4/2 1641/4/2 1644/4/2
f 1644/4/2 1641/4/2 1645/4/2
f 1646/2/2 1647/2/2 1648/2/2
f 1648/2/2 1647/2/2 1649/2/2
f 1650/5/2 1651/5/2 1659/5/2
f 1659/5/2 1651/5/2 1660/5/2
f 1652/5/2 1653/5/2 1661/5/2
f 1661/5/2 1653/5/2 1662/5/2
f 1654/5/2 1655/5/2 1665/5/2
f 1665/5/2 1655/5/2 1666/5/2
f 1656/5/2 1657/5/2 1667/5/2
f 1667/5/2 1657/5/2 1668/5/2
f 1658/5/2 1659/5/2 1670/5/2
f 1659/6/2 1660/6/2 1670/6/2
f 1660/5/2 1661/5/2 1670/5/2
f 1661/6/2 1662/6/2 1671/6/2
f 1670/5/2 1661/5/2 1671/5/2
f 1662/5/2 1663/5/2 1671/5/2
f 1664/5/2 1665/5/2 1672/5/2
f 1665/6/2 1666/6/2 1672/6/2
f 1666/5/2 1667/5/2 1672/5/2
f 1667/6/2 1668/6/2 1673/6/2
f 1672/5/2 1667/5/2 1673/5/2
f 1668/5/2 1669/5/2 1673/5/2
f 1674/2/2 1675/2/2 1676/2/2
f 1676/2/2 1675/2/2 1677/2/2
f 1678/2/2 1679/2/2 1680/2/2
f 1680/2/2 1679/2/2 1681/2/2
f 1682/2/2 1683/2/2 1684/2/2
f 1684/2/2 1683/2/2 1685/2/2
f 1686/4/2 1687/4/2 1696/4/2
f 1696/4/2 1687/4/2 1697/4/2
f 1688/4/2 1689/4/2 1698/4/2
f 1698/4/2 1689/4/2 1699/4/2
f 1690/4/2 1691/4/2 1700/4/2
f 1700/4/2 1691/4/2 1701/4/2
f 1692/4/2 1693/4/2 1702/4/2
f 1702/4/2 1693/4/2 1703/4/2
f 1694/4/2 1695/4/2 1704/4/2
f 1704/4/2 1695/4/2 1705/4/2
f 1706/2/2 1707/2/2 1708/2/2
f 1708/2/2 1707/2/2 1709/2/2
f 1709/2/2 1707/2/2 1710/2/2
f 1710/2/2 1707/2/2 1711/2/2
f 1711/2/2 1707/2/2 1712/2/2
f 1708/4/2 1709/4/2 1713/4/2
f 1710/4/2 1711/4/2 1714/4/2
f 1711/2/2 1712/2/2 1715/2/2
f 1714/4/2 1711/4/2 1719/4/2
f 1708/4/2 1713/4/2 1719/4/2
f 1713/4/2 1714/4/2 1719/4/2
f 1715/2/2 1712/2/2 1720/2/2
f 1718/4/2 1719/4/2 1723/4/2
f 1719/4/2 1711/4/2 1723/4/2
f 1715/2/2 1720/2/2 1724/2/2
f 1718/4/2 1723/4/2 1725/4/2
f 1723/4/2 1724/4/2 1725/4/2
f 1724/4/2 1720/4/2 1725/4/2
f 1716/3/2 1717/3/2 1726/3/2
f 1726/3/2 1717/3/2 1727/3/2
f 1721/3/2 1722/3/2 1730/3/2
f 1730/3/2 1722/3/2 1731/3/2
f 1732/5/2 1733/5/2 1744/5/2
f 1744/5/2 1733/5/2 1745/5/2
f 1734/5/2 1735/5/2 1746/5/2
f 1746/5/2 1735/5/2 1747/5/2
f 1729/3/2 1730/3/2 1748/3/2
f 1727/3/2 1728/3/2 1749/3/2
f 1749/3/2 1728/3/2 1750/3/2
f 1736/5/2 1737/5/2 1751/5/2
f 1751/5/2 1737/5/2 1752/5/2
f 1740/5/2 1741/5/2 1753/5/2
f 1753/5/2 1741/5/2 1754/5/2
f 1742/5/2 1743/5/2 1755/5/2
f 1755/5/2 1743/5/2 1756/5/2
f 1738/5/2 1739/5/2 1757/5/2
f 1757/5/2 1739/5/2 1758/5/2
f 1748/3/2 1730/3/2 1759/3/2
f 1746/6/2 1747/6/2 1749/6/2
f 1751/6/2 1752/6/2 1749/6/2
f 1744/6/2 1745/6/2 1749/6/2
f 1747/6/2 1748/6/2 1749/6/2
f 1753/6/2 1754/6/2 1749/6/2
f 1755/6/2 1756/6/2 1749/6/2
f 1756/6/2 1757/6/2 1749/6/2
f 1758/6/2 1746/6/2 1749/6/2
f 1754/6/2 1755/6/2 1749/6/2
f 1757/6/2 1758/6/2 1749/6/2
f 1752/6/2 1753/6/2 1749/6/2
f 1750/6/2 1744/6/2 1749/6/2
f 1745/6/2 1751/6/2 1749/6/2
f 1749/6/2 1748/6/2 1759/6/2
f 1762/1/2 1763/1/2 1766/1/2
f 1766/1/2 1763/1/2 1767/1/2
f 1764/1/2 1765/1/2 1768/1/2
f 1768/1/2 1765/1/2 1769/1/2
f 1772/2/2 1773/2/2 1776/2/2
f 1776/2/2 1773/2/2 1777/2/2
f 1770/2/2 1771/2/2 1780/2/2
f 1780/2/2 1771/2/2 1781/2/2
f 1781/2/2 1771/2/2 1782/2/2
f 1774/2/2 1775/2/2 1783/2/2
f 1783/2/2 1775/2/2 1784/2/2
f 1778/2/2 1779/2/2 1785/2/2
f 1785/2/2 1779/2/2 1786/2/2
f 1774/3/2 1783/3/2 1788/3/2
f 1789/3/2 1790/3/2 1791/3/2
f 1791/3/2 1790/3/2 1792/3/2
f 1793/4/2 1794/4/2 1797/4/2
f 1797/4/2 1794/4/2 1798/4/2
f 1795/4/2 1796/4/2 1799/4/2
f 1799/4/2 1796/4/2 1800/4/2
f 1801/4/2 1802/4/2 1803/4/2
f 1803/4/2 1802/4/2 1804/4/2
f 1809/3/4 1808/3/4 1807/3/4
f 1810/3/4 1808/3/4 1809/3/4
f 1815/2/4 1814/2/4 1813/2/4
f 1816/2/4 1814/2/4 1815/2/4
f 1825/2/4 1818/2/4 1817/2/4
f 1826/2/4 1818/2/4 1825/2/4
f 1827/3/4 1820/3/4 1819/3/4
f 1828/3/4 1820/3/4 1827/3/4
f 1829/3/4 1827/3/4 1819/3/4
f 1830/3/4 1820/3/4 1828/3/4
f 1831/3/4 1829/3/4 1819/3/4
f 1831/3/4 1830/3/4 1829/3/4
f 1832/3/4 1820/3/4 1830/3/4
f 1832/3/4 1830/3/4 1831/3/4
f 1833/3/4 1831/3/4 1819/3/4
f 1834/3/4 1820/3/4 1832/3/4
f 1835/3/4 1833/3/4 1819/3/4
f 1835/3/4 1834/3/4 1833/3/4
f 1836/3/4 1820/3/4 1834/3/4
f 1836/3/4 1834/3/4 1835/3/4
f 1837/3/4 1835/3/4 1819/3/4
f 1838/3/4 1820/3/4 1836/3/4
f 1839/3/4 1837/3/4 1819/3/4
f 1839/3/4 1838/3/4 1837/3/4
f 1840/3/4 1820/3/4 1838/3/4
f 1840/3/4 1838/3/4 1839/3/4
f 1841/3/4 1822/3/4 1821/3/4
f 1842/3/4 1822/3/4 1841/3/4
f 1843/3/4 1824/3/4 1823/3/4
f 1844/3/4 1824/3/4 1843/3/4
f 1845/1/4 1812/1/4 1811/1/4
f 1846/1/4 1812/1/4 1845/1/4
f 1849/2/4 1848/2/4 1847/2/4
f 1851/2/4 1849/2/4 1847/2/4
f 1851/3/4 1850/3/4 1849/3/4
f 1852/3/4 1850/3/4 1851/3/4
f 1853/2/4 1851/2/4 1847/2/4
f 1854/2/4 1851/2/4 1853/2/4
f 1855/3/4 1806/3/4 1805/3/4
f 1856/3/4 1806/3/4 1855/3/4
f 1860/3/4 1858/3/4 1857/3/4
f 1861/3/4 1858/3/4 1860/3/4
f 1864/4/4 1860/4/4 1859/4/4
f 1866/3/4 1862/3/4 1861/3/4
f 1867/3/4 1862/3/4 1866/3/4
f 1868/4/4 1865/4/4 1864/4/4
f 1868/4/4 1864/4/4 1859/4/4
f 1869/4/4 1865/4/4 1868/4/4
f 1871/6/4 1862/6/4 1867/6/4
f 1872/5/4 1871/5/4 1870/5/4
f 1873/5/4 1871/5/4 1872/5/4
f 1873/6/4 1862/6/4 1871/6/4
f 1875/4/4 1865/4/4 1869/4/4
f 1874/2/4 1868/2/4 1859/2/4
f 1876/2/4 1875/2/4 1874/2/4
f 1877/4/4 1865/4/4 1875/4/4
f 1877/2/4 1875/2/4 1876/2/4
f 1879/6/4 1862/6/4 1873/6/4
f 1880/5/4 1879/5/4 1878/5/4
f 1881/5/4 1879/5/4 1880/5/4
f 1881/6/4 1862/6/4 1879/6/4
f 1886/2/4 1876/2/4 1874/2/4
f 1887/4/4 1865/4/4 1877/4/4
f 1888/5/4 1883/5/4 1882/5/4
f 1889/5/4 1883/5/4 1888/5/4
f 1890/3/4 1885/3/4 1884/3/4
f 1891/3/4 1885/3/4 1890/3/4
f 1893/6/4 1862/6/4 1881/6/4
f 1894/4/4 1865/4/4 1887/4/4
f 1895/5/4 1893/5/4 1892/5/4
f 1896/5/4 1893/5/4 1895/5/4
f 1896/6/4 1862/6/4 1893/6/4
f 1886/2/4 1874/2/4 1859/2/4
f 1886/4/4 1894/4/4 1887/4/4
f 1898/6/4 1862/6/4 1896/6/4
f 1903/5/4 1898/5/4 1897/5/4
f 1904/5/4 1898/5/4 1903/5/4
f 1904/6/4 1862/6/4 1898/6/4
f 1905/4/4 1894/4/4 1886/4/4
f 1907/6/4 1862/6/4 1904/6/4
f 1908/5/4 1907/5/4 1906/5/4
f 1909/5/4 1907/5/4 1908/5/4
f 1909/6/4 1862/6/4 1907/6/4
f 1905/2/4 1886/2/4 1859/2/4
f 1911/6/4 1862/6/4 1909/6/4
f 1912/4/4 1894/4/4 1905/4/4
f 1913/5/4 1911/5/4 1910/5/4
f 1914/5/4 1911/5/4 1913/5/4
f 1914/6/4 1862/6/4 1911/6/4
f 1915/4/4 1894/4/4 1912/4/4
f 1916/4/4 1894/4/4 1915/4/4
f 1918/6/4 1862/6/4 1914/6/4
f 1919/6/4 1862/6/4 1918/6/4
f 1920/2/4 1905/2/4 1859/2/4
f 1922/3/4 1918/3/4 1917/3/4
f 1919/3/4 1918/3/4 1922/3/4
f 1924/3/4 1922/3/4 1921/3/4
f 1925/3/4 1922/3/4 1924/3/4
f 1934/4/4 1927/4/4 1926/4/4
f 1935/4/4 1927/4/4 1934/4/4
f 1936/4/4 1933/4/4 1932/4/4
f 1938/5/4 1929/5/4 1928/5/4
f 1939/2/4 1936/2/4 1932/2/4
f 1940/5/4 1938/5/4 1937/5/4
f 1943/2/4 1931/2/4 1930/2/4
f 1944/2/4 1931/2/4 1943/2/4
f 1945/4/4 1942/4/4 1941/4/4
f 1946/4/4 1942/4/4 1945/4/4
f 1948/5/4 1929/5/4 1938/5/4
f 1949/5/4 1929/5/4 1948/5/4
f 1950/5/4 1948/5/4 1947/5/4
f 1949/5/4 1948/5/4 1950/5/4
f 1957/3/4 1954/3/4 1953/3/4
f 1958/3/4 1954/3/4 1957/3/4
f 1959/3/4 1956/3/4 1955/3/4
f 1960/3/4 1956/3/4 1959/3/4
f 1963/4/4 1952/4/4 1951/4/4
f 1964/4/4 1952/4/4 1963/4/4
f 1965/5/4 1962/5/4 1961/5/4
f 1966/5/4 1962/5/4 1965/5/4
f 1969/5/4 1968/5/4 1967/5/4
f 1970/5/4 1968/5/4 1969/5/4
f 1977/2/4 1972/2/4 1971/2/4
f 1978/2/4 1972/2/4 1977/2/4
f 1980/5/4 1968/5/4 1970/5/4
f 1981/5/4 1968/5/4 1980/5/4
f 1982/4/4 1974/4/4 1973/4/4
f 1983/4/4 1974/4/4 1982/4/4
f 1984/5/4 1980/5/4 1979/5/4
f 1985/6/4 1981/6/4 1980/6/4
f 1985/5/4 1980/5/4 1984/5/4
f 1990/4/4 1989/4/4 1988/4/4
f 1991/4/4 1989/4/4 1990/4/4
f 1992/5/4 1981/5/4 1985/5/4
f 1993/2/4 1976/2/4 1975/2/4
f 1994/2/4 1976/2/4 1993/2/4
f 1995/4/4 1987/4/4 1986/4/4
f 1996/4/4 1987/4/4 1995/4/4
f 2001/1/4 1998/1/4 1997/1/4
f 2002/1/4 1998/1/4 2001/1/4
f 2003/5/4 2000/5/4 1999/5/4
f 2004/5/4 2000/5/4 2003/5/4
f 2013/1/4 2006/1/4 2005/1/4
f 2014/1/4 2006/1/4 2013/1/4
f 2015/4/4 2010/4/4 2009/4/4
f 2017/1/4 2013/1/4 2005/1/4
f 2019/2/4 2016/2/4 2015/2/4
f 2022/2/4 2012/2/4 2011/2/4
f 2023/2/4 2012/2/4 2022/2/4
f 2025/2/4 2008/2/4 2007/2/4
f 2026/4/4 2015/4/4 2009/4/4
f 2028/1/4 2018/1/4 2017/1/4
f 2029/1/4 2018/1/4 2028/1/4
f 2041/2/4 2025/2/4 2007/2/4
f 2027/4/4 2015/4/4 2026/4/4
f 2027/4/4 2026/4/4 2025/4/4
f 2031/2/4 2021/2/4 2020/2/4
f 2032/2/4 2021/2/4 2031/2/4
f 2033/2/4 2024/2/4 2023/2/4
f 2034/2/4 2024/2/4 2033/2/4
f 2035/1/4 2017/1/4 2005/1/4
f 2035/1/4 2028/1/4 2017/1/4
f 2036/1/4 2028/1/4 2035/1/4
f 2037/1/4 2028/1/4 2036/1/4
f 2038/1/4 2028/1/4 2037/1/4
f 2039/1/4 2028/1/4 2038/1/4
f 2042/4/4 2027/4/4 2025/4/4
f 2042/2/4 2025/2/4 2041/2/4
f 2043/4/4 2027/4/4 2042/4/4
f 2044/4/4 2027/4/4 2043/4/4
f 2045/1/4 2035/1/4 2005/1/4
f 2046/1/4 2037/1/4 2036/1/4
f 2047/1/4 2037/1/4 2046/1/4
f 2048/5/4 2039/5/4 2038/5/4
f 2049/5/4 2041/5/4 2040/5/4
f 2050/1/4 2039/1/4 2048/1/4
f 2050/1/4 2045/1/4 2005/1/4
f 2050/1/4 2048/1/4 2047/1/4
f 2050/1/4 2047/1/4 2046/1/4
f 2050/1/4 2046/1/4 2045/1/4
f 2051/1/4 2039/1/4 2050/1/4
f 2052/4/4 2041/4/4 2049/4/4
f 2052/1/4 2039/1/4 2051/1/4
f 2052/4/4 2049/4/4 2039/4/4
f 2053/5/4 2043/5/4 2042/5/4
f 2054/5/4 2043/5/4 2053/5/4
f 2055/2/4 2030/2/4 2027/2/4
f 2055/4/4 2027/4/4 2044/4/4
f 2056/2/4 2030/2/4 2055/2/4
f 2057/3/4 2051/3/4 2050/3/4
f 2057/1/4 2050/1/4 2005/1/4
f 2058/3/4 2051/3/4 2057/3/4
f 2059/5/4 2053/5/4 2042/5/4
f 2060/3/4 2053/3/4 2059/3/4
f 2061/1/4 2057/1/4 2005/1/4
f 2063/5/4 2059/5/4 2042/5/4
f 2065/3/4 2062/3/4 2061/3/4
f 2065/1/4 2061/1/4 2005/1/4
f 2066/3/4 2062/3/4 2065/3/4
f 2068/3/4 2064/3/4 2063/3/4
f 2070/2/4 2055/2/4 2044/2/4
f 2071/2/4 2055/2/4 2070/2/4
f 2065/1/4 2067/1/4 2066/1/4
f 2073/1/4 2067/1/4 2065/1/4
f 2074/1/4 2067/1/4 2073/1/4
f 2075/1/4 2067/1/4 2074/1/4
f 2076/1/4 2067/1/4 2075/1/4
f 2077/4/4 2067/4/4 2076/4/4
f 2078/5/4 2069/5/4 2068/5/4
f 2078/5/4 2063/5/4 2042/5/4
f 2078/5/4 2068/5/4 2063/5/4
f 2079/5/4 2069/5/4 2078/5/4
f 2080/1/4 2065/1/4 2005/1/4
f 2081/1/4 2074/1/4 2073/1/4
f 2082/1/4 2074/1/4 2081/1/4
f 2084/1/4 2076/1/4 2075/1/4
f 2084/1/4 2082/1/4 2081/1/4
f 2084/1/4 2075/1/4 2082/1/4
f 2084/1/4 2081/1/4 2080/1/4
f 2086/4/4 2079/4/4 2078/4/4
f 2086/4/4 2070/4/4 2079/4/4
f 2087/4/4 2070/4/4 2086/4/4
f 2088/2/4 2072/2/4 2071/2/4
f 2088/4/4 2071/4/4 2070/4/4
f 2089/2/4 2072/2/4 2088/2/4
f 2092/4/4 2086/4/4 2078/4/4
f 2093/4/4 2086/4/4 2092/4/4
f 2094/1/4 2085/1/4 2084/1/4
f 2095/1/4 2085/1/4 2094/1/4
f 2096/2/4 2086/2/4 2093/2/4
f 2097/4/4 2070/4/4 2087/4/4
f 2098/2/4 2091/2/4 2090/2/4
f 2099/2/4 2091/2/4 2098/2/4
f 2094/1/4 2084/1/4 2080/1/4
f 2100/2/4 2078/2/4 2083/2/4
f 2101/2/4 2097/2/4 2096/2/4
f 2101/2/4 2096/2/4 2093/2/4
f 2102/2/4 2088/2/4 2070/2/4
f 2102/4/4 2070/4/4 2097/4/4
f 2106/2/4 2103/2/4 2102/2/4
f 2106/4/4 2097/4/4 2101/4/4
f 2106/4/4 2102/4/4 2097/4/4
f 2107/2/4 2103/2/4 2106/2/4
f 2108/1/4 2080/1/4 2005/1/4
f 2108/1/4 2094/1/4 2080/1/4
f 2108/1/4 2105/1/4 2104/1/4
f 2108/1/4 2104/1/4 2094/1/4
f 2109/1/4 2105/1/4 2108/1/4
f 2100/4/4 2092/4/4 2078/4/4
f 2110/4/4 2092/4/4 2100/4/4
f 2111/4/4 2106/4/4 2101/4/4
f 2116/5/4 2115/5/4 2114/5/4
f 2117/5/4 2115/5/4 2116/5/4
f 2118/1/4 2113/1/4 2112/1/4
f 2119/1/4 2113/1/4 2118/1/4
f 2122/5/4 2121/5/4 2120/5/4
f 2123/5/4 2121/5/4 2122/5/4
f 2128/4/4 2125/4/4 2124/4/4
f 2129/4/4 2125/4/4 2128/4/4
f 2131/4/4 2127/4/4 2126/4/4
f 2132/4/4 2127/4/4 2131/4/4
f 2130/4/4 2125/4/4 2129/4/4
f 2134/4/4 2131/4/4 2130/4/4
f 2134/4/4 2130/4/4 2129/4/4
f 2136/2/4 2127/2/4 2132/2/4
f 2135/4/4 2131/4/4 2134/4/4
f 2137/4/4 2134/4/4 2133/4/4
f 2137/4/4 2135/4/4 2134/4/4
f 2137/4/4 2136/4/4 2135/4/4
f 2137/4/4 2133/4/4 2128/4/4
f 2137/4/4 2128/4/4 2124/4/4
f 2138/4/4 2136/4/4 2137/4/4
f 2162/3/4 2140/3/4 2139/3/4
f 2163/3/4 2140/3/4 2162/3/4
f 2164/3/4 2142/3/4 2141/3/4
f 2165/3/4 2142/3/4 2164/3/4
f 2166/3/4 2144/3/4 2143/3/4
f 2167/3/4 2144/3/4 2166/3/4
f 2169/3/4 2147/3/4 2146/3/4
f 2170/3/4 2147/3/4 2169/3/4
f 2171/3/4 2149/3/4 2148/3/4
f 2172/3/4 2149/3/4 2171/3/4
f 2173/3/4 2151/3/4 2150/3/4
f 2174/3/4 2151/3/4 2173/3/4
f 2175/3/4 2153/3/4 2152/3/4
f 2176/3/4 2153/3/4 2175/3/4
f 2180/3/4 2158/3/4 2157/3/4
f 2181/3/4 2158/3/4 2180/3/4
f 2182/3/4 2160/3/4 2159/3/4
f 2183/3/4 2160/3/4 2182/3/4
f 2185/4/4 2137/4/4 2124/4/4
f 2186/4/4 2136/4/4 2138/4/4
f 2186/2/4 2127/2/4 2136/2/4
f 2187/4/4 2186/4/4 2185/4/4
f 2188/4/4 2186/4/4 2187/4/4
f 2190/4/4 2186/4/4 2188/4/4
f 2191/4/4 2186/4/4 2190/4/4
f 2191/2/4 2127/2/4 2186/2/4
f 2189/4/4 2187/4/4 2185/4/4
f 2192/4/4 2185/4/4 2124/4/4
f 2192/4/4 2191/4/4 2190/4/4
f 2192/4/4 2189/4/4 2185/4/4
f 2192/4/4 2190/4/4 2189/4/4
f 2195/5/4 2194/5/4 2193/5/4
f 2196/5/4 2194/5/4 2195/5/4
f 2199/4/4 2198/4/4 2197/4/4
f 2200/4/4 2198/4/4 2199/4/4
f 2229/3/4 2202/3/4 2201/3/4
f 2230/3/4 2202/3/4 2229/3/4
f 2231/3/4 2204/3/4 2203/3/4
f 2232/3/4 2204/3/4 2231/3/4
f 2233/3/4 2206/3/4 2205/3/4
f 2234/3/4 2206/3/4 2233/3/4
f 2235/3/4 2208/3/4 2207/3/4
f 2236/3/4 2208/3/4 2235/3/4
f 2237/3/4 2210/3/4 2209/3/4
f 2238/3/4 2210/3/4 2237/3/4
f 2239/3/4 2212/3/4 2211/3/4
f 2240/3/4 2212/3/4 2239/3/4
f 2241/3/4 2214/3/4 2213/3/4
f 2242/3/4 2214/3/4 2241/3/4
f 2243/3/4 2216/3/4 2215/3/4
f 2244/3/4 2216/3/4 2243/3/4
f 2245/3/4 2218/3/4 2217/3/4
f 2246/3/4 2218/3/4 2245/3/4
f 2247/3/4 2220/3/4 2219/3/4
f 2248/3/4 2220/3/4 2247/3/4
f 2249/3/4 2222/3/4 2221/3/4
f 2250/3/4 2222/3/4 2249/3/4
f 2251/3/4 2224/3/4 2223/3/4
f 2252/3/4 2224/3/4 2251/3/4
f 2253/3/4 2226/3/4 2225/3/4
f 2254/3/4 2226/3/4 2253/3/4
f 2255/2/4 2228/2/4 2227/2/4
f 2256/2/4 2228/2/4 2255/2/4
f 2259/2/4 2258/2/4 2257/2/4
f 2260/2/4 2258/2/4 2259/2/4
f 2263/4/4 2262/4/4 2261/4/4
f 2264/4/4 2262/4/4 2263/4/4
f 2269/2/4 2268/2/4 2267/2/4
f 2270/2/4 2268/2/4 2269/2/4
f 2272/4/4 2266/4/4 2265/4/4
f 2272/4/4 2265/4/4 2271/4/4
f 2274/4/4 2266/4/4 2272/4/4
f 2273/4/4 2271/4/4 2265/4/4
f 2277/4/4 2273/4/4 2265/4/4
f 2277/4/4 2274/4/4 2273/4/4
f 2278/4/4 2274/4/4 2277/4/4
f 2279/2/4 2276/2/4 2275/2/4
f 2280/2/4 2276/2/4 2279/2/4
f 2281/2/4 2277/2/4 2265/2/4
f 2282/2/4 2277/2/4 2281/2/4
f 2283/4/4 2274/4/4 2278/4/4
f 2284/4/4 2266/4/4 2274/4/4
f 2284/4/4 2274/4/4 2283/4/4
f 2287/2/4 2286/2/4 2285/2/4
f 2288/2/4 2286/2/4 2287/2/4
f 2291/2/4 2290/2/4 2289/2/4
f 2292/2/4 2290/2/4 2291/2/4
f 2295/5/4 2294/5/4 2293/5/4
f 2296/5/4 2294/5/4 2295/5/4
f 2299/1/4 2298/1/4 2297/1/4
f 2300/1/4 2298/1/4 2299/1/4
f 2302/1/4 2298/1/4 2300/1/4
f 2303/1/4 2299/1/4 2297/1/4
f 2303/4/4 2302/4/4 2301/4/4
f 2303/4/4 2301/4/4 2299/4/4
f 2304/1/4 2298/1/4 2302/1/4
f 2304/4/4 2302/4/4 2303/4/4
f 2306/1/4 2298/1/4 2304/1/4
f 2307/1/4 2306/1/4 2305/1/4
f 2308/1/4 2306/1/4 2307/1/4
f 2309/4/4 2307/4/4 2305/4/4
f 2310/4/4 2307/4/4 2309/4/4
f 2311/1/4 2306/1/4 2308/1/4
f 2312/1/4 2298/1/4 2306/1/4
f 2312/1/4 2306/1/4 2311/1/4
f 2317/5/4 2314/5/4 2313/5/4
f 2318/5/4 2314/5/4 2317/5/4
f 2319/2/4 2316/2/4 2315/2/4
f 2320/2/4 2316/2/4 2319/2/4
f 2323/1/4 2322/1/4 2321/1/4
f 2324/1/4 2322/1/4 2323/1/4
f 2329/1/4 2328/1/4 2327/1/4
f 2330/1/4 2328/1/4 2329/1/4
f 2333/2/4 2332/2/4 2331/2/4
f 2334/2/4 2332/2/4 2333/2/4
f 2337/5/4 2335/5/4 2336/5/4
f 2340/4/4 2338/4/4 2337/4/4
f 2341/4/4 2338/4/4 2340/4/4
f 2342/5/4 2340/5/4 2339/5/4
f 2345/5/4 2344/5/4 2343/5/4
f 2346/5/4 2344/5/4 2345/5/4
f 2349/5/4 2348/5/4 2347/5/4
f 2350/5/4 2348/5/4 2349/5/4
f 2355/4/4 2354/4/4 2353/4/4
f 2356/4/4 2354/4/4 2355/4/4
f 2361/5/4 2358/5/4 2357/5/4
f 2362/5/4 2358/5/4 2361/5/4
f 2363/2/4 2360/2/4 2359/2/4
f 2364/2/4 2360/2/4 2363/2/4
f 2367/3/4 2366/3/4 2365/3/4
f 2368/3/4 2366/3/4 2367/3/4
f 2373/3/4 2370/3/4 2369/3/4
f 2374/3/4 2370/3/4 2373/3/4
f 2375/3/4 2372/3/4 2371/3/4
f 2376/3/4 2372/3/4 2375/3/4
f 2379/5/4 2378/5/4 2377/5/4
f 2380/5/4 2378/5/4 2379/5/4
f 2383/4/4 2382/4/4 2381/4/4
f 2384/4/4 2382/4/4 2383/4/4
f 2387/2/4 2386/2/4 2385/2/4
f 2388/2/4 2386/2/4 2387/2/4
f 2391/3/4 2390/3/4 2389/3/4
f 2392/3/4 2390/3/4 2391/3/4
f 2395/3/4 2394/3/4 2393/3/4
f 2396/3/4 2394/3/4 2395/3/4
f 2399/2/4 2398/2/4 2397/2/4
f 2400/2/4 2398/2/4 2399/2/4
f 2404/3/4 2402/3/4 2401/3/4
f 2405/3/4 2402/3/4 2404/3/4
f 2422/3/4 2408/3/4 2407/3/4
f 2423/3/4 2408/3/4 2422/3/4
f 2425/3/4 2411/3/4 2410/3/4
f 2426/3/4 2411/3/4 2425/3/4
f 2427/3/4 2413/3/4 2412/3/4
f 2428/3/4 2413/3/4 2427/3/4
f 2429/3/4 2415/3/4 2414/3/4
f 2430/3/4 2415/3/4 2429/3/4
f 2431/3/4 2417/3/4 2416/3/4
f 2432/3/4 2417/3/4 2431/3/4
f 2433/3/4 2419/3/4 2418/3/4
f 2434/3/4 2419/3/4 2433/3/4
f 2435/3/4 2421/3/4 2420/3/4
f 2436/3/4 2421/3/4 2435/3/4
f 2439/2/4 2438/2/4 2437/2/4
f 2440/2/4 2438/2/4 2439/2/4
f 2454/3/4 2443/3/4 2442/3/4
f 2455/3/4 2443/3/4 2454/3/4
f 2457/3/4 2446/3/4 2445/3/4
f 2458/3/4 2446/3/4 2457/3/4
f 2460/3/4 2449/3/4 2448/3/4
f 2461/3/4 2449/3/4 2460/3/4
f 2467/1/4 2466/1/4 2465/1/4
f 2468/4/4 2466/4/4 2467/4/4
f 2469/4/4 2467/4/4 2465/4/4
f 2469/4/4 2466/4/4 2468/4/4
f 2470/4/4 2469/4/4 2465/4/4
f 2471/4/4 2466/4/4 2469/4/4
f 2471/4/4 2469/4/4 2470/4/4
f 2474/4/4 2473/4/4 2472/4/4
f 2475/4/4 2473/4/4 2474/4/4
f 2476/4/4 2474/4/4 2472/4/4
f 2476/4/4 2473/4/4 2475/4/4
f 2477/4/4 2476/4/4 2472/4/4
f 2478/4/4 2476/4/4 2477/4/4
f 2479/4/4 2473/4/4 2476/4/4
f 2479/4/4 2476/4/4 2478/4/4
f 2480/4/4 2473/4/4 2479/4/4
f 2493/2/4 2479/2/4 2478/2/4
f 2494/2/4 2479/2/4 2493/2/4
f 2496/3/4 2483/3/4 2482/3/4
f 2497/3/4 2483/3/4 2496/3/4
f 2499/3/4 2486/3/4 2485/3/4
f 2500/3/4 2486/3/4 2499/3/4
f 2502/3/4 2489/3/4 2488/3/4
f 2503/3/4 2489/3/4 2502/3/4
f 2509/5/4 2508/5/4 2507/5/4
f 2510/5/4 2508/5/4 2509/5/4
f 2513/5/4 2512/5/4 2511/5/4
f 2514/5/4 2512/5/4 2513/5/4
f 2520/3/4 2518/3/4 2517/3/4
f 2521/3/4 2518/3/4 2520/3/4
f 2538/3/4 2524/3/4 2523/3/4
f 2539/3/4 2524/3/4 2538/3/4
f 2541/3/4 2527/3/4 2526/3/4
f 2542/3/4 2527/3/4 2541/3/4
f 2543/3/4 2529/3/4 2528/3/4
f 2544/3/4 2529/3/4 2543/3/4
f 2545/3/4 2531/3/4 2530/3/4
f 2546/3/4 2531/3/4 2545/3/4
f 2547/3/4 2533/3/4 2532/3/4
f 2548/3/4 2533/3/4 2547/3/4
f 2549/3/4 2535/3/4 2534/3/4
f 2550/3/4 2535/3/4 2549/3/4
f 2551/5/4 2537/5/4 2536/5/4
f 2552/5/4 2537/5/4 2551/5/4
f 2555/2/4 2554/2/4 2553/2/4
f 2556/2/4 2554/2/4 2555/2/4
f 2559/5/4 2558/5/4 2557/5/4
f 2560/5/4 2558/5/4 2559/5/4
f 2563/5/4 2562/5/4 2561/5/4
f 2564/5/4 2562/5/4 2563/5/4
f 2569/2/4 2568/2/4 2567/2/4
f 2570/2/4 2568/2/4 2569/2/4
f 2577/5/4 2574/5/4 2573/5/4
f 2578/5/4 2574/5/4 2577/5/4
f 2579/1/4 2576/1/4 2575/1/4
f 2580/1/4 2576/1/4 2579/1/4
f 2581/5/4 2576/5/4 2580/5/4
f 2582/5/4 2576/5/4 2581/5/4
f 2583/5/4 2581/5/4 2580/5/4
f 2584/5/4 2581/5/4 2583/5/4
f 2587/2/4 2586/2/4 2585/2/4
f 2588/2/4 2586/2/4 2587/2/4
f 2591/5/4 2590/5/4 2589/5/4
f 2592/5/4 2590/5/4 2591/5/4
f 2595/4/4 2594/4/4 2593/4/4
f 2596/4/4 2594/4/4 2595/4/4
f 2601/2/4 2598/2/4 2597/2/4
f 2602/2/4 2598/2/4 2601/2/4
f 2603/4/4 2600/4/4 2599/4/4
f 2604/4/4 2600/4/4 2603/4/4
f 2607/5/4 2606/5/4 2605/5/4
f 2608/5/4 2606/5/4 2607/5/4
f 2611/2/4 2610/2/4 2609/2/4
f 2612/2/4 2610/2/4 2611/2/4
f 2615/2/4 2614/2/4 2613/2/4
f 2616/2/4 2614/2/4 2615/2/4
f 2619/5/4 2618/5/4 2617/5/4
f 2620/5/4 2618/5/4 2619/5/4
f 2623/2/4 2622/2/4 2621/2/4
f 2624/2/4 2622/2/4 2623/2/4
f 2627/2/4 2626/2/4 2625/2/4
f 2628/2/4 2626/2/4 2627/2/4
f 2633/2/4 2630/2/4 2629/2/4
f 2634/2/4 2630/2/4 2633/2/4
f 2635/4/4 2632/4/4 2631/4/4
f 2636/4/4 2632/4/4 2635/4/4
f 2637/4/4 2632/4/4 2636/4/4
f 2638/4/4 2632/4/4 2637/4/4
f 2639/4/4 2632/4/4 2638/4/4
f 2640/4/4 2632/4/4 2639/4/4
f 2641/4/4 2632/4/4 2640/4/4
f 2642/4/4 2632/4/4 2641/4/4
f 2643/4/4 2632/4/4 2642/4/4
f 2644/4/4 2632/4/4 2643/4/4
f 2645/4/4 2632/4/4 2644/4/4
f 2646/4/4 2632/4/4 2645/4/4
f 2647/4/4 2632/4/4 2646/4/4
f 2648/4/4 2632/4/4 2647/4/4
f 2649/4/4 2632/4/4 2648/4/4
f 2650/4/4 2635/4/4 2631/4/4
f 2653/3/4 2639/3/4 2638/3/4
f 2654/3/4 2639/3/4 2653/3/4
f 2658/3/4 2642/3/4 2657/3/4
f 2659/3/4 2643/3/4 2658/3/4
f 2659/3/4 2645/3/4 2644/3/4
f 2660/3/4 2645/3/4 2659/3/4
f 2663/3/4 2649/3/4 2648/3/4
f 2664/4/4 2632/4/4 2649/4/4
f 2665/4/4 2664/4/4 2663/4/4
f 2665/4/4 2663/4/4 2662/4/4
f 2665/4/4 2662/4/4 2661/4/4
f 2665/4/4 2661/4/4 2660/4/4
f 2665/4/4 2660/4/4 2659/4/4
f 2665/4/4 2657/4/4 2656/4/4
f 2665/4/4 2659/4/4 2658/4/4
f 2665/4/4 2656/4/4 2655/4/4
f 2665/4/4 2654/4/4 2653/4/4
f 2665/4/4 2655/4/4 2654/4/4
f 2665/4/4 2658/4/4 2657/4/4
f 2665/4/4 2653/4/4 2652/4/4
f 2665/4/4 2652/4/4 2651/4/4
f 2665/4/4 2651/4/4 2650/4/4
f 2665/4/4 2650/4/4 2631/4/4
f 2668/4/4 2632/4/4 2664/4/4
f 2668/4/4 2664/4/4 2665/4/4
f 2669/2/4 2667/2/4 2666/2/4
f 2670/2/4 2667/2/4 2669/2/4
f 2673/2/4 2672/2/4 2671/2/4
f 2674/2/4 2672/2/4 2673/2/4
f 2677/2/4 2676/2/4 2675/2/4
f 2678/2/4 2676/2/4 2677/2/4
f 2681/5/4 2680/5/4 2679/5/4
f 2682/5/4 2680/5/4 2681/5/4
f 2685/5/4 2684/5/4 2683/5/4
f 2686/5/4 2684/5/4 2685/5/4
f 2691/5/4 2688/5/4 2687/5/4
f 2692/5/4 2688/5/4 2691/5/4
f 2693/4/4 2690/4/4 2689/4/4
f 2694/4/4 2690/4/4 2693/4/4
f 2699/1/4 2698/1/4 2697/1/4
f 2700/1/4 2696/1/4 2695/1/4
f 2701/5/4 2698/5/4 2699/5/4
f 2701/1/4 2699/1/4 2700/1/4
f 2703/1/4 2700/1/4 2695/1/4
f 2703/1/4 2701/1/4 2700/1/4
f 2704/1/4 2703/1/4 2695/1/4
f 2705/1/4 2703/1/4 2704/1/4
f 2706/5/4 2698/5/4 2701/5/4
f 2706/4/4 2702/4/4 2698/4/4
f 2709/4/4 2708/4/4 2707/4/4
f 2710/4/4 2708/4/4 2709/4/4
f 2713/5/4 2712/5/4 2711/5/4
f 2714/5/4 2712/5/4 2713/5/4
f 2717/3/4 2716/3/4 2715/3/4
f 2718/3/4 2716/3/4 2717/3/4
f 2721/3/4 2719/3/4 2718/3/4
f 2722/3/4 2719/3/4 2721/3/4
f 2725/6/4 2723/6/4 2722/6/4
f 2726/5/4 2725/5/4 2724/5/4
f 2727/5/4 2725/5/4 2726/5/4
f 2727/6/4 2723/6/4 2725/6/4
f 2729/6/4 2723/6/4 2727/6/4
f 2730/5/4 2729/5/4 2728/5/4
f 2731/5/4 2729/5/4 2730/5/4
f 2731/6/4 2723/6/4 2729/6/4
f 2733/6/4 2723/6/4 2731/6/4
f 2734/5/4 2733/5/4 2732/5/4
f 2735/5/4 2733/5/4 2734/5/4
f 2735/6/4 2723/6/4 2733/6/4
f 2737/6/4 2723/6/4 2735/6/4
f 2738/5/4 2737/5/4 2736/5/4
f 2739/5/4 2737/5/4 2738/5/4
f 2739/6/4 2723/6/4 2737/6/4
f 2741/6/4 2723/6/4 2739/6/4
f 2742/4/4 2721/4/4 2720/4/4
f 2743/5/4 2741/5/4 2740/5/4
f 2744/5/4 2741/5/4 2743/5/4
f 2744/6/4 2723/6/4 2741/6/4
f 2745/4/4 2721/4/4 2742/4/4
f 2747/6/4 2723/6/4 2744/6/4
f 2748/5/4 2747/5/4 2746/5/4
f 2749/5/4 2747/5/4 2748/5/4
f 2749/6/4 2723/6/4 2747/6/4
f 2750/6/4 2723/6/4 2749/6/4
f 2751/6/4 2723/6/4 2750/6/4
f 2753/3/4 2750/3/4 2745/3/4
f 2754/3/4 2750/3/4 2753/3/4
f 2755/2/4 2753/2/4 2752/2/4
f 2756/2/4 2753/2/4 2755/2/4
f 2757/3/5 2758/3/5 2761/3/5
f 2759/3/5 2760/3/5 2762/3/5
f 2757/3/5 2761/3/5 2763/3/5
f 2761/3/5 2762/3/5 2763/3/5
f 2762/3/5 2760/3/5 2764/3/5
f 2763/3/5 2762/3/5 2764/3/5
f 2757/3/5 2763/3/5 2765/3/5
f 2764/3/5 2760/3/5 2766/3/5
f 2757/3/5 2765/3/5 2767/3/5
f 2765/3/5 2766/3/5 2767/3/5
f 2766/3/5 2760/3/5 2768/3/5
f 2767/3/5 2766/3/5 2768/3/5
f 2757/3/5 2767/3/5 2769/3/5
f 2769/3/5 2767/3/5 2770/3/5
f 2768/3/5 2760/3/5 2771/3/5
f 2771/3/5 2760/3/5 2772/3/5
f 2773/3/5 2774/3/5 2775/3/5
f 2775/3/5 2774/3/5 2776/3/5
f 2776/3/5 2777/3/5 2779/3/5
f 2779/3/5 2777/3/5 2780/3/5
f 2780/6/5 2781/6/5 2783/6/5
f 2782/5/5 2783/5/5 2784/5/5
f 2784/5/5 2783/5/5 2785/5/5
f 2783/6/5 2781/6/5 2785/6/5
f 2778/2/5 2779/2/5 2786/2/5
f 2785/6/5 2781/6/5 2788/6/5
f 2787/5/5 2788/5/5 2789/5/5
f 2789/5/5 2788/5/5 2790/5/5
f 2788/6/5 2781/6/5 2790/6/5
f 2791/3/5 2792/3/5 2799/3/5
f 2799/3/5 2792/3/5 2800/3/5
f 2793/5/5 2794/5/5 2801/5/5
f 2801/5/5 2794/5/5 2802/5/5
f 2795/5/5 2796/5/5 2803/5/5
f 2803/5/5 2796/5/5 2804/5/5
f 2797/3/5 2798/3/5 2805/3/5
f 2805/3/5 2798/3/5 2806/3/5
f 2790/6/5 2781/6/5 2808/6/5
f 2807/5/5 2808/5/5 2809/5/5
f 2809/5/5 2808/5/5 2810/5/5
f 2808/6/5 2781/6/5 2810/6/5
f 2778/4/5 2786/4/5 2811/4/5
f 2810/6/5 2781/6/5 2813/6/5
f 2812/5/5 2813/5/5 2820/5/5
f 2820/5/5 2813/5/5 2821/5/5
f 2813/6/5 2781/6/5 2821/6/5
f 2816/3/5 2817/3/5 2822/3/5
f 2821/6/5 2781/6/5 2824/6/5
f 2823/5/5 2824/5/5 2825/5/5
f 2825/5/5 2824/5/5 2826/5/5
f 2824/6/5 2781/6/5 2826/6/5
f 2826/6/5 2781/6/5 2828/6/5
f 2827/5/5 2828/5/5 2829/5/5
f 2829/5/5 2828/5/5 2830/5/5
f 2828/6/5 2781/6/5 2830/6/5
f 2830/6/5 2781/6/5 2831/6/5
f 2831/6/5 2781/6/5 2832/6/5
f 2786/3/5 2831/3/5 2834/3/5
f 2834/3/5 2831/3/5 2835/3/5
f 2833/3/5 2834/3/5 2836/3/5
f 2836/3/5 2834/3/5 2837/3/5
f 2838/5/5 2839/5/5 2842/5/5
f 2842/5/5 2839/5/5 2843/5/5
f 2840/4/5 2841/4/5 2844/4/5
f 2844/4/5 2841/4/5 2845/4/5
f 2846/1/5 2847/1/5 2850/1/5
f 2848/4/5 2849/4/5 2852/4/5
f 2852/4/5 2849/4/5 2853/4/5
f 2851/4/5 2852/4/5 2853/4/5
f 2850/1/5 2847/1/5 2854/1/5
f 2847/2/5 2851/2/5 2854/2/5
f 2854/2/5 2851/2/5 2855/2/5
f 2851/4/5 2853/4/5 2855/4/5
f 2853/3/5 2849/3/5 2856/3/5
f 2846/1/5 2850/1/5 2857/1/5
f 2854/4/5 2855/4/5 2858/4/5
f 2858/4/5 2855/4/5 2859/4/5
f 2859/4/5 2856/4/5 2860/4/5
f 2859/4/5 2860/4/5 2861/4/5
f 2860/4/5 2856/4/5 2862/4/5
f 2862/4/5 2856/4/5 2863/4/5
f 2856/3/5 2849/3/5 2863/3/5
f 2846/1/5 2857/1/5 2864/1/5
f 2857/1/5 2858/1/5 2864/1/5
f 2864/1/5 2858/1/5 2865/1/5
f 2858/2/5 2859/2/5 2865/2/5
f 2859/4/5 2861/4/5 2865/4/5
f 2866/4/5 2867/4/5 2868/4/5
f 2868/4/5 2867/4/5 2869/4/5
f 2870/5/5 2871/5/5 2872/5/5
f 2872/5/5 2871/5/5 2873/5/5
f 2874/5/5 2875/5/5 2878/5/5
f 2878/5/5 2875/5/5 2879/5/5
f 2876/2/5 2877/2/5 2880/2/5
f 2880/2/5 2877/2/5 2881/2/5
f 2882/2/5 2883/2/5 2884/2/5
f 2884/2/5 2883/2/5 2885/2/5
f 2886/3/5 2887/3/5 2890/3/5
f 2890/3/5 2887/3/5 2891/3/5
f 2891/3/5 2887/3/5 2892/3/5
f 2892/3/5 2887/3/5 2893/3/5
f 2893/3/5 2887/3/5 2894/3/5
f 2894/3/5 2887/3/5 2895/3/5
f 2895/3/5 2887/3/5 2896/3/5
f 2896/3/5 2887/3/5 2897/3/5
f 2897/3/5 2887/3/5 2898/3/5
f 2898/3/5 2887/3/5 2899/3/5
f 2899/3/5 2887/3/5 2900/3/5
f 2900/3/5 2887/3/5 2901/3/5
f 2888/3/5 2889/3/5 2902/3/5
f 2902/3/5 2889/3/5 2903/3/5
f 2903/3/5 2889/3/5 2904/3/5
f 2904/3/5 2889/3/5 2905/3/5
f 2905/3/5 2889/3/5 2906/3/5
f 2906/3/5 2889/3/5 2907/3/5
f 2907/3/5 2889/3/5 2908/3/5
f 2908/3/5 2889/3/5 2909/3/5
f 2909/3/5 2889/3/5 2910/3/5
f 2910/3/5 2889/3/5 2911/3/5
f 2886/3/5 2890/3/5 2912/3/5
f 2891/3/5 2892/3/5 2913/3/5
f 2913/3/5 2892/3/5 2914/3/5
f 2893/3/5 2894/3/5 2915/3/5
f 2915/3/5 2894/3/5 2916/3/5
f 2895/3/5 2896/3/5 2917/3/5
f 2917/3/5 2896/3/5 2918/3/5
f 2898/3/5 2899/3/5 2920/3/5
f 2920/3/5 2899/3/5 2921/3/5
f 2900/3/5 2901/3/5 2922/3/5
f 2922/3/5 2901/3/5 2923/3/5
f 2901/3/5 2887/3/5 2924/3/5
f 2888/3/5 2902/3/5 2925/3/5
f 2903/3/5 2904/3/5 2925/3/5
f 2925/3/5 2904/3/5 2926/3/5
f 2929/3/5 2907/3/5 2930/3/5
f 2908/3/5 2909/3/5 2930/3/5
f 2930/3/5 2909/3/5 2931/3/5
f 2910/3/5 2911/3/5 2931/3/5
f 2931/3/5 2911/3/5 2932/3/5
f 2911/3/5 2889/3/5 2933/3/5
f 2922/3/5 2923/3/5 2934/3/5
f 2886/3/5 2912/3/5 2934/3/5
f 2913/3/5 2914/3/5 2934/3/5
f 2915/3/5 2916/3/5 2934/3/5
f 2917/3/5 2918/3/5 2934/3/5
f 2920/3/5 2921/3/5 2934/3/5
f 2923/3/5 2924/3/5 2934/3/5
f 2912/3/5 2913/3/5 2934/3/5
f 2914/3/5 2915/3/5 2934/3/5
f 2916/3/5 2917/3/5 2934/3/5
f 2918/3/5 2919/3/5 2934/3/5
f 2919/3/5 2920/3/5 2934/3/5
f 2921/3/5 2922/3/5 2934/3/5
f 2924/3/5 2887/3/5 2935/3/5
f 2934/3/5 2924/3/5 2935/3/5
f 2932/3/5 2933/3/5 2936/3/5
f 2931/3/5 2932/3/5 2936/3/5
f 2930/3/5 2931/3/5 2936/3/5
f 2929/3/5 2930/3/5 2936/3/5
f 2925/3/5 2926/3/5 2936/3/5
f 2926/3/5 2927/3/5 2936/3/5
f 2888/3/5 2925/3/5 2936/3/5
f 2928/3/5 2929/3/5 2936/3/5
f 2927/3/5 2928/3/5 2936/3/5
f 2933/3/5 2889/3/5 2937/3/5
f 2936/3/5 2933/3/5 2937/3/5
f 2938/5/5 2939/5/5 2940/5/5
f 2940/5/5 2939/5/5 2941/5/5
f 2942/2/5 2943/2/5 2944/2/5
f 2944/2/5 2943/2/5 2945/2/5
f 2946/4/5 2947/4/5 2948/4/5
f 2948/4/5 2947/4/5 2949/4/5
f 2949/4/5 2947/4/5 2950/4/5
f 2950/4/5 2947/4/5 2951/4/5
f 2951/4/5 2947/4/5 2952/4/5
f 2952/4/5 2947/4/5 2953/4/5
f 2953/4/5 2947/4/5 2954/4/5
f 2954/4/5 2947/4/5 2955/4/5
f 2955/4/5 2947/4/5 2956/4/5
f 2956/4/5 2947/4/5 2957/4/5
f 2957/4/5 2947/4/5 2958/4/5
f 2958/4/5 2947/4/5 2959/4/5
f 2959/4/5 2947/4/5 2960/4/5
f 2960/4/5 2947/4/5 2961/4/5
f 2961/4/5 2947/4/5 2962/4/5
f 2962/4/5 2947/4/5 2963/4/5
f 2963/4/5 2947/4/5 2964/4/5
f 2964/4/5 2947/4/5 2965/4/5
f 2965/4/5 2947/4/5 2966/4/5
f 2966/4/5 2947/4/5 2967/4/5
f 2967/4/5 2947/4/5 2968/4/5
f 2968/4/5 2947/4/5 2969/4/5
f 2969/4/5 2947/4/5 2970/4/5
f 2970/4/5 2947/4/5 2971/4/5
f 2961/7/5 2962/7/5 2972/7/5
f 2946/4/5 2948/4/5 2973/4/5
f 2949/3/5 2950/3/5 2974/3/5
f 2974/3/5 2950/3/5 2975/3/5
f 2951/3/5 2952/3/5 2976/3/5
f 2976/3/5 2952/3/5 2977/3/5
f 2953/3/5 2954/3/5 2978/3/5
f 2978/3/5 2954/3/5 2979/3/5
f 2955/3/5 2956/3/5 2980/3/5
f 2980/3/5 2956/3/5 2981/3/5
f 2957/3/5 2958/3/5 2982/3/5
f 2982/3/5 2958/3/5 2983/3/5
f 2959/3/5 2960/3/5 2984/3/5
f 2984/3/5 2960/3/5 2985/3/5
f 2972/3/5 2962/3/5 2986/3/5
f 2963/3/5 2964/3/5 2987/3/5
f 2965/3/5 2966/3/5 2988/3/5
f 2988/3/5 2966/3/5 2989/3/5
f 2967/3/5 2968/3/5 2990/3/5
f 2969/3/5 2970/3/5 2991/3/5
f 2991/3/5 2970/3/5 2992/3/5
f 2971/3/5 2947/3/5 2993/3/5
f 2987/7/5 2964/7/5 2994/7/5
f 2990/7/5 2968/7/5 2995/7/5
f 2988/4/5 2989/4/5 2998/4/5
f 2987/4/5 2994/4/5 2998/4/5
f 2972/4/5 2986/4/5 2998/4/5
f 2992/4/5 2993/4/5 2998/4/5
f 2995/4/5 2991/4/5 2998/4/5
f 2984/4/5 2985/4/5 2998/4/5
f 2989/4/5 2990/4/5 2998/4/5
f 2994/4/5 2988/4/5 2998/4/5
f 2982/4/5 2983/4/5 2998/4/5
f 2986/4/5 2987/4/5 2998/4/5
f 2974/4/5 2975/4/5 2998/4/5
f 2985/4/5 2972/4/5 2998/4/5
f 2980/4/5 2981/4/5 2998/4/5
f 2983/4/5 2984/4/5 2998/4/5
f 2976/4/5 2977/4/5 2998/4/5
f 2981/4/5 2982/4/5 2998/4/5
f 2978/4/5 2979/4/5 2998/4/5
f 2979/4/5 2980/4/5 2998/4/5
f 2990/4/5 2995/4/5 2998/4/5
f 2977/4/5 2978/4/5 2998/4/5
f 2991/4/5 2992/4/5 2998/4/5
f 2975/4/5 2976/4/5 2998/4/5
f 2946/4/5 2973/4/5 2998/4/5
f 2973/4/5 2974/4/5 2998/4/5
f 2998/4/5 2993/4/5 2999/4/5
f 2993/4/5 2947/4/5 2999/4/5
f 2996/2/5 2997/2/5 3000/2/5
f 3000/2/5 2997/2/5 3001/2/5
f 3002/2/5 3003/2/5 3004/2/5
f 3004/2/5 3003/2/5 3005/2/5
f 3006/5/5 3007/5/5 3008/5/5
f 3008/5/5 3007/5/5 3009/5/5
f 3010/2/5 3011/2/5 3012/2/5
f 3012/2/5 3011/2/5 3013/2/5
f 3014/5/5 3015/5/5 3016/5/5
f 3016/5/5 3015/5/5 3017/5/5
f 3018/4/5 3019/4/5 3020/4/5
f 3020/4/5 3019/4/5 3021/4/5
f 3022/2/5 3023/2/5 3024/2/5
f 3024/2/5 3023/2/5 3025/2/5
f 3026/2/5 3027/2/5 3030/2/5
f 3030/2/5 3027/2/5 3031/2/5
f 3028/4/5 3029/4/5 3032/4/5
f 3032/4/5 3029/4/5 3033/4/5
f 3034/2/5 3035/2/5 3036/2/5
f 3036/2/5 3035/2/5 3037/2/5
f 3038/5/5 3039/5/5 3040/5/5
f 3040/5/5 3039/5/5 3041/5/5
f 3042/2/5 3043/2/5 3044/2/5
f 3044/2/5 3043/2/5 3045/2/5
f 3046/5/5 3047/5/5 3048/5/5
f 3048/5/5 3047/5/5 3049/5/5
f 3054/5/5 3055/5/5 3060/5/5
f 3060/5/5 3055/5/5 3061/5/5
f 3056/1/5 3057/1/5 3062/1/5
f 3062/1/5 3057/1/5 3063/1/5
f 3063/5/5 3057/5/5 3064/5/5
f 3064/5/5 3057/5/5 3065/5/5
f 3058/2/5 3059/2/5 3066/2/5
f 3066/2/5 3059/2/5 3067/2/5
f 3063/5/5 3064/5/5 3068/5/5
f 3068/5/5 3064/5/5 3069/5/5
f 3070/5/5 3071/5/5 3072/5/5
f 3072/5/5 3071/5/5 3073/5/5
f 3076/3/5 3077/3/5 3079/3/5
f 3079/3/5 3077/3/5 3080/3/5
f 3082/3/5 3083/3/5 3097/3/5
f 3097/3/5 3083/3/5 3098/3/5
f 3085/3/5 3086/3/5 3100/3/5
f 3100/3/5 3086/3/5 3101/3/5
f 3087/3/5 3088/3/5 3102/3/5
f 3102/3/5 3088/3/5 3103/3/5
f 3089/3/5 3090/3/5 3104/3/5
f 3104/3/5 3090/3/5 3105/3/5
f 3091/3/5 3092/3/5 3106/3/5
f 3106/3/5 3092/3/5 3107/3/5
f 3093/3/5 3094/3/5 3108/3/5
f 3108/3/5 3094/3/5 3109/3/5
f 3095/5/5 3096/5/5 3110/5/5
f 3111/5/5 3112/5/5 3113/5/5
f 3113/5/5 3112/5/5 3114/5/5
f 3116/3/5 3117/3/5 3128/3/5
f 3128/3/5 3117/3/5 3129/3/5
f 3119/3/5 3120/3/5 3131/3/5
f 3131/3/5 3120/3/5 3132/3/5
f 3122/3/5 3123/3/5 3134/3/5
f 3134/3/5 3123/3/5 3135/3/5
f 3139/4/5 3140/4/5 3141/4/5
f 3139/4/5 3141/4/5 3142/4/5
f 3141/4/5 3140/4/5 3143/4/5
f 3139/4/5 3142/4/5 3144/4/5
f 3142/4/5 3143/4/5 3144/4/5
f 3143/4/5 3140/4/5 3145/4/5
f 3144/4/5 3143/4/5 3145/4/5
f 3146/4/5 3147/4/5 3148/4/5
f 3148/4/5 3147/4/5 3149/4/5
f 3146/4/5 3148/4/5 3150/4/5
f 3149/4/5 3147/4/5 3150/4/5
f 3146/4/5 3150/4/5 3151/4/5
f 3150/4/5 3147/4/5 3152/4/5
f 3151/4/5 3150/4/5 3152/4/5
f 3154/3/5 3155/3/5 3166/3/5
f 3166/3/5 3155/3/5 3167/3/5
f 3157/3/5 3158/3/5 3169/3/5
f 3169/3/5 3158/3/5 3170/3/5
f 3160/3/5 3161/3/5 3172/3/5
f 3172/3/5 3161/3/5 3173/3/5
f 3177/5/5 3178/5/5 3179/5/5
f 3179/5/5 3178/5/5 3180/5/5
f 3181/2/5 3182/2/5 3183/2/5
f 3183/2/5 3182/2/5 3184/2/5
f 3185/3/5 3186/3/5 3188/3/5
f 3188/3/5 3186/3/5 3189/3/5
f 3191/3/5 3192/3/5 3206/3/5
f 3206/3/5 3192/3/5 3207/3/5
f 3194/3/5 3195/3/5 3209/3/5
f 3209/3/5 3195/3/5 3210/3/5
f 3196/3/5 3197/3/5 3211/3/5
f 3211/3/5 3197/3/5 3212/3/5
f 3198/3/5 3199/3/5 3213/3/5
f 3213/3/5 3199/3/5 3214/3/5
f 3200/3/5 3201/3/5 3215/3/5
f 3215/3/5 3201/3/5 3216/3/5
f 3202/3/5 3203/3/5 3217/3/5
f 3217/3/5 3203/3/5 3218/3/5
f 3204/3/5 3205/3/5 3219/3/5
f 3219/3/5 3205/3/5 3220/3/5
f 3221/4/5 3222/4/5 3223/4/5
f 3223/4/5 3222/4/5 3224/4/5
f 3225/3/5 3226/3/5 3227/3/5
f 3227/3/5 3226/3/5 3228/3/5
f 3229/3/5 3230/3/5 3231/3/5
f 3231/3/5 3230/3/5 3232/3/5
f 3233/4/5 3234/4/5 3235/4/5
f 3235/4/5 3234/4/5 3236/4/5
f 3237/5/5 3238/5/5 3239/5/5
f 3239/5/5 3238/5/5 3240/5/5
f 3241/3/5 3242/3/5 3243/3/5
f 3243/3/5 3242/3/5 3244/3/5
f 3245/3/5 3246/3/5 3249/3/5
f 3249/3/5 3246/3/5 3250/3/5
f 3247/3/5 3248/3/5 3251/3/5
f 3251/3/5 3248/3/5 3252/3/5
f 3253/5/5 3254/5/5 3255/5/5
f 3255/5/5 3254/5/5 3256/5/5
f 3257/4/5 3258/4/5 3259/4/5
f 3259/4/5 3258/4/5 3260/4/5
f 3261/5/5 3262/5/5 3265/5/5
f 3265/5/5 3262/5/5 3266/5/5
f 3263/2/5 3264/2/5 3267/2/5
f 3267/2/5 3264/2/5 3268/2/5
f 3271/2/5 3272/2/5 3273/2/5
f 3273/2/5 3272/2/5 3274/2/5
f 3275/4/5 3276/4/5 3277/4/5
f 3277/4/5 3276/4/5 3278/4/5
f 3280/5/5 3279/5/5 3281/5/5
f 3281/4/5 3282/4/5 3284/4/5
f 3284/4/5 3282/4/5 3285/4/5
f 3283/5/5 3284/5/5 3286/5/5
f 3287/5/5 3288/5/5 3291/5/5
f 3291/5/5 3288/5/5 3292/5/5
f 3289/2/5 3290/2/5 3293/2/5
f 3293/2/5 3290/2/5 3294/2/5
f 3295/1/5 3296/1/5 3297/1/5
f 3297/1/5 3296/1/5 3298/1/5
f 3301/1/5 3302/1/5 3303/1/5
f 3303/1/5 3302/1/5 3304/1/5
f 3305/5/5 3306/5/5 3309/5/5
f 3309/5/5 3306/5/5 3310/5/5
f 3307/2/5 3308/2/5 3311/2/5
f 3311/2/5 3308/2/5 3312/2/5
f 3313/1/5 3314/1/5 3316/1/5
f 3315/1/5 3313/1/5 3316/1/5
f 3316/1/5 3314/1/5 3320/1/5
f 3317/4/5 3318/4/5 3321/4/5
f 3321/4/5 3318/4/5 3322/4/5
f 3319/1/5 3320/1/5 3323/1/5
f 3322/1/5 3323/1/5 3321/1/5
f 3323/1/5 3320/1/5 3324/1/5
f 3321/1/5 3323/1/5 3324/1/5
f 3320/1/5 3314/1/5 3324/1/5
f 3325/5/5 3326/5/5 3327/5/5
f 3327/5/5 3326/5/5 3328/5/5
f 3329/2/5 3330/2/5 3333/2/5
f 3331/4/5 3332/4/5 3334/4/5
f 3333/2/5 3334/2/5 3335/2/5
f 3334/4/5 3332/4/5 3336/4/5
f 3335/2/5 3334/2/5 3336/2/5
f 3333/2/5 3335/2/5 3337/2/5
f 3336/4/5 3332/4/5 3338/4/5
f 3329/2/5 3333/2/5 3337/2/5
f 3337/4/5 3338/4/5 3341/4/5
f 3339/2/5 3340/2/5 3342/2/5
f 3342/2/5 3340/2/5 3343/2/5
f 3337/4/5 3341/4/5 3344/4/5
f 3329/2/5 3337/2/5 3344/2/5
f 3338/4/5 3332/4/5 3341/4/5
f 3345/2/5 3346/2/5 3347/2/5
f 3347/2/5 3346/2/5 3348/2/5
f 3349/4/5 3350/4/5 3351/4/5
f 3351/4/5 3350/4/5 3352/4/5
f 3353/2/5 3354/2/5 3355/2/5
f 3355/2/5 3354/2/5 3356/2/5
f 3357/2/5 3358/2/5 3359/2/5
f 3359/2/5 3358/2/5 3360/2/5
f 3361/2/5 3362/2/5 3378/2/5
f 3378/2/5 3362/2/5 3379/2/5
f 3366/3/5 3367/3/5 3383/3/5
f 3383/3/5 3367/3/5 3384/3/5
f 3372/3/5 3373/3/5 3389/3/5
f 3389/3/5 3373/3/5 3390/3/5
f 3395/2/5 3396/2/5 3397/2/5
f 3397/2/5 3396/2/5 3398/2/5
f 3399/5/5 3400/5/5 3401/5/5
f 3401/5/5 3400/5/5 3402/5/5
f 3403/4/5 3404/4/5 3405/4/5
f 3405/4/5 3404/4/5 3406/4/5
f 3406/4/5 3404/4/5 3407/4/5
f 3403/4/5 3405/4/5 3408/4/5
f 3406/4/5 3407/4/5 3409/4/5
f 3409/4/5 3407/4/5 3410/4/5
f 3408/4/5 3409/4/5 3410/4/5
f 3403/4/5 3408/4/5 3410/4/5
f 3403/4/5 3410/4/5 3411/4/5
f 3407/4/5 3404/4/5 3412/4/5
f 3411/4/5 3412/4/5 3413/4/5
f 3413/4/5 3412/4/5 3414/4/5
f 3411/4/5 3413/4/5 3415/4/5
f 3403/4/5 3411/4/5 3415/4/5
f 3415/4/5 3413/4/5 3416/4/5
f 3416/4/5 3413/4/5 3417/4/5
f 3414/4/5 3412/4/5 3418/4/5
f 3418/4/5 3412/4/5 3419/4/5
f 3412/2/5 3404/2/5 3419/2/5
f 3417/4/5 3418/4/5 3419/4/5
f 3416/4/5 3417/4/5 3419/4/5
f 3403/4/5 3415/4/5 3420/4/5
f 3420/4/5 3415/4/5 3421/4/5
f 3416/4/5 3419/4/5 3422/4/5
f 3423/5/5 3424/5/5 3425/5/5
f 3425/5/5 3424/5/5 3426/5/5
f 3427/1/5 3428/1/5 3431/1/5
f 3431/1/5 3428/1/5 3432/1/5
f 3429/5/5 3430/5/5 3433/5/5
f 3433/5/5 3430/5/5 3434/5/5
f 3437/1/5 3438/1/5 3441/1/5
f 3441/1/5 3438/1/5 3442/1/5
f 3439/4/5 3440/4/5 3443/4/5
f 3443/4/5 3440/4/5 3444/4/5
f 3444/2/5 3445/2/5 3448/2/5
f 3435/1/5 3436/1/5 3449/1/5
f 3446/4/5 3447/4/5 3450/4/5
f 3443/4/5 3444/4/5 3453/4/5
f 3453/4/5 3444/4/5 3454/4/5
f 3450/1/5 3447/1/5 3456/1/5
f 3449/1/5 3450/1/5 3456/1/5
f 3456/1/5 3447/1/5 3457/1/5
f 3457/1/5 3447/1/5 3458/1/5
f 3451/2/5 3452/2/5 3459/2/5
f 3459/2/5 3452/2/5 3460/2/5
f 3456/4/5 3457/4/5 3461/4/5
f 3453/4/5 3454/4/5 3464/4/5
f 3454/2/5 3455/2/5 3465/2/5
f 3464/4/5 3454/4/5 3465/4/5
f 3465/2/5 3455/2/5 3466/2/5
f 3464/2/5 3465/2/5 3467/2/5
f 3461/1/5 3462/1/5 3468/1/5
f 3456/1/5 3461/1/5 3468/1/5
f 3468/1/5 3462/1/5 3469/1/5
f 3463/4/5 3464/4/5 3467/4/5
f 3456/1/5 3468/1/5 3471/1/5
f 3449/1/5 3456/1/5 3471/1/5
f 3471/4/5 3468/4/5 3472/4/5
f 3435/1/5 3449/1/5 3475/1/5
f 3449/1/5 3471/1/5 3475/1/5
f 3475/1/5 3471/1/5 3476/1/5
f 3463/4/5 3467/4/5 3477/4/5
f 3467/2/5 3470/2/5 3477/2/5
f 3477/2/5 3470/2/5 3478/2/5
f 3443/4/5 3463/4/5 3481/4/5
f 3463/4/5 3477/4/5 3481/4/5
f 3476/4/5 3471/4/5 3482/4/5
f 3473/1/5 3474/1/5 3483/1/5
f 3482/1/5 3483/1/5 3485/1/5
f 3476/1/5 3482/1/5 3485/1/5
f 3485/1/5 3483/1/5 3486/1/5
f 3483/1/5 3474/1/5 3486/1/5
f 3479/2/5 3480/2/5 3489/2/5
f 3489/2/5 3480/2/5 3490/2/5
f 3481/4/5 3477/4/5 3484/4/5
f 3481/4/5 3484/4/5 3494/4/5
f 3484/2/5 3491/2/5 3494/2/5
f 3494/2/5 3491/2/5 3495/2/5
f 3435/1/5 3475/1/5 3496/1/5
f 3496/1/5 3475/1/5 3497/1/5
f 3476/1/5 3485/1/5 3498/1/5
f 3485/1/5 3492/1/5 3498/1/5
f 3492/1/5 3493/1/5 3498/1/5
f 3498/1/5 3493/1/5 3499/1/5
f 3439/4/5 3443/4/5 3481/4/5
f 3481/4/5 3494/4/5 3500/4/5
f 3487/2/5 3488/2/5 3501/2/5
f 3501/2/5 3488/2/5 3502/2/5
f 3505/5/5 3506/5/5 3509/5/5
f 3509/5/5 3506/5/5 3510/5/5
f 3503/1/5 3504/1/5 3511/1/5
f 3511/1/5 3504/1/5 3512/1/5
f 3507/2/5 3508/2/5 3513/2/5
f 3513/2/5 3508/2/5 3514/2/5
f 3515/4/5 3516/4/5 3523/4/5
f 3523/4/5 3516/4/5 3524/4/5
f 3517/2/5 3518/2/5 3525/2/5
f 3519/5/5 3520/5/5 3526/5/5
f 3521/4/5 3522/4/5 3527/4/5
f 3527/4/5 3522/4/5 3528/4/5
f 3517/2/5 3525/2/5 3529/2/5
f 3525/5/5 3526/5/5 3529/5/5
f 3517/2/5 3529/2/5 3532/2/5
f 3532/2/5 3529/2/5 3533/2/5
f 3530/4/5 3531/4/5 3534/4/5
f 3534/4/5 3531/4/5 3535/4/5
f 3526/5/5 3520/5/5 3539/5/5
f 3539/5/5 3520/5/5 3540/5/5
f 3538/5/5 3539/5/5 3541/5/5
f 3539/6/5 3540/6/5 3542/6/5
f 3541/5/5 3539/5/5 3542/5/5
f 3536/2/5 3537/2/5 3543/2/5
f 3543/2/5 3537/2/5 3544/2/5
f 3545/4/5 3546/4/5 3547/4/5
f 3547/4/5 3546/4/5 3548/4/5
f 3542/5/5 3540/5/5 3550/5/5
f 3549/5/5 3550/5/5 3552/5/5
f 3551/2/5 3552/2/5 3557/2/5
f 3557/2/5 3552/2/5 3558/2/5
f 3553/4/5 3554/4/5 3559/4/5
f 3559/4/5 3554/4/5 3560/4/5
f 3550/5/5 3540/5/5 3562/5/5
f 3561/5/5 3562/5/5 3563/5/5
f 3562/6/5 3540/6/5 3564/6/5
f 3563/5/5 3562/5/5 3564/5/5
f 3565/4/5 3566/4/5 3569/4/5
f 3567/4/5 3568/4/5 3570/4/5
f 3570/4/5 3568/4/5 3571/4/5
f 3555/2/5 3556/2/5 3572/2/5
f 3572/2/5 3556/2/5 3573/2/5
f 3564/5/5 3540/5/5 3574/5/5
f 3565/4/5 3569/4/5 3575/4/5
f 3576/3/5 3577/3/5 3579/3/5
f 3579/3/5 3577/3/5 3580/3/5
f 3578/4/5 3579/4/5 3583/4/5
f 3583/4/5 3579/4/5 3584/4/5
f 3580/3/5 3581/3/5 3586/3/5
f 3586/3/5 3581/3/5 3587/3/5
f 3578/2/5 3583/2/5 3588/2/5
f 3584/4/5 3585/4/5 3583/4/5
f 3587/6/5 3581/6/5 3590/6/5
f 3583/4/5 3585/4/5 3591/4/5
f 3589/5/5 3590/5/5 3592/5/5
f 3592/5/5 3590/5/5 3593/5/5
f 3590/6/5 3581/6/5 3593/6/5
f 3583/2/5 3591/2/5 3594/2/5
f 3583/2/5 3594/2/5 3596/2/5
f 3593/6/5 3581/6/5 3598/6/5
f 3596/2/5 3594/2/5 3599/2/5
f 3591/4/5 3585/4/5 3600/4/5
f 3597/5/5 3598/5/5 3601/5/5
f 3601/5/5 3598/5/5 3602/5/5
f 3598/6/5 3581/6/5 3602/6/5
f 3595/2/5 3596/2/5 3599/2/5
f 3602/6/5 3581/6/5 3604/6/5
f 3603/5/5 3604/5/5 3605/5/5
f 3605/5/5 3604/5/5 3606/5/5
f 3604/6/5 3581/6/5 3606/6/5
f 3606/6/5 3581/6/5 3608/6/5
f 3607/5/5 3608/5/5 3609/5/5
f 3609/5/5 3608/5/5 3610/5/5
f 3608/6/5 3581/6/5 3610/6/5
f 3610/6/5 3581/6/5 3612/6/5
f 3611/5/5 3612/5/5 3613/5/5
f 3613/5/5 3612/5/5 3614/5/5
f 3612/6/5 3581/6/5 3614/6/5
f 3595/2/5 3599/2/5 3615/2/5
f 3599/4/5 3600/4/5 3616/4/5
f 3615/4/5 3599/4/5 3616/4/5
f 3614/6/5 3581/6/5 3618/6/5
f 3617/5/5 3618/5/5 3619/5/5
f 3619/5/5 3618/5/5 3620/5/5
f 3618/6/5 3581/6/5 3620/6/5
f 3616/4/5 3600/4/5 3621/4/5
f 3600/4/5 3585/4/5 3622/4/5
f 3621/4/5 3600/4/5 3622/4/5
f 3620/6/5 3581/6/5 3624/6/5
f 3624/6/5 3581/6/5 3625/6/5
f 3595/2/5 3615/2/5 3626/2/5
f 3623/3/5 3624/3/5 3628/3/5
f 3628/3/5 3624/3/5 3625/3/5
f 3627/3/5 3628/3/5 3630/3/5
f 3630/3/5 3628/3/5 3631/3/5
f 3634/3/5 3635/3/5 3636/3/5
f 3636/3/5 3635/3/5 3637/3/5
f 3640/2/5 3641/2/5 3644/2/5
f 3644/2/5 3641/2/5 3645/2/5
f 3642/2/5 3643/2/5 3646/2/5
f 3646/2/5 3643/2/5 3647/2/5
f 3638/1/5 3639/1/5 3650/1/5
f 3650/1/5 3639/1/5 3651/1/5
f 3648/2/5 3649/2/5 3652/2/5
f 3648/2/5 3652/2/5 3654/2/5
f 3652/3/5 3653/3/5 3654/3/5
f 3654/3/5 3653/3/5 3655/3/5
f 3648/2/5 3654/2/5 3656/2/5
f 3656/2/5 3654/2/5 3657/2/5
f 3632/3/5 3633/3/5 3658/3/5
f 3658/3/5 3633/3/5 3659/3/5
f 3663/1/6 3661/1/6 3660/1/6
f 3664/1/6 3661/1/6 3663/1/6
f 3667/4/6 3663/4/6 3662/4/6
f 3667/4/6 3665/4/6 3664/4/6
f 3667/4/6 3664/4/6 3663/4/6
f 3668/4/6 3665/4/6 3667/4/6
f 3670/4/6 3668/4/6 3667/4/6
f 3671/4/6 3668/4/6 3670/4/6
f 3670/1/6 3667/1/6 3666/1/6
f 3672/4/6 3668/4/6 3671/4/6
f 3672/1/6 3669/1/6 3668/1/6
f 3674/4/6 3673/4/6 3672/4/6
f 3676/4/6 3674/4/6 3672/4/6
f 3676/4/6 3675/4/6 3674/4/6
f 3677/4/6 3675/4/6 3676/4/6
f 3678/1/6 3670/1/6 3666/1/6
f 3679/4/6 3676/4/6 3672/4/6
f 3680/4/6 3676/4/6 3679/4/6
f 3679/4/6 3672/4/6 3671/4/6
f 3681/4/6 3679/4/6 3671/4/6
f 3682/1/6 3678/1/6 3666/1/6
f 3683/4/6 3681/4/6 3678/4/6
f 3683/1/6 3678/1/6 3682/1/6
f 3684/4/6 3679/4/6 3681/4/6
f 3684/4/6 3681/4/6 3683/4/6
f 3685/1/6 3679/1/6 3684/1/6
f 3686/4/6 3684/4/6 3683/4/6
f 3687/4/6 3684/4/6 3686/4/6
f 3688/4/6 3684/4/6 3687/4/6
f 3689/4/6 3684/4/6 3688/4/6
f 3690/1/6 3688/1/6 3687/1/6
f 3691/1/6 3688/1/6 3690/1/6
f 3694/3/6 3693/3/6 3692/3/6
f 3695/3/6 3693/3/6 3694/3/6
f 3698/3/6 3697/3/6 3696/3/6
f 3699/3/6 3697/3/6 3698/3/6
f 3702/3/6 3698/3/6 3696/3/6
f 3703/3/6 3698/3/6 3702/3/6
f 3704/3/6 3701/3/6 3700/3/6
f 3705/3/6 3701/3/6 3704/3/6
f 3706/3/6 3697/3/6 3699/3/6
f 3709/3/6 3708/3/6 3707/3/6
f 3710/3/6 3708/3/6 3709/3/6
f 3713/3/6 3712/3/6 3711/3/6
f 3714/3/6 3712/3/6 3713/3/6
f 3717/2/6 3716/2/6 3715/2/6
f 3718/2/6 3716/2/6 3717/2/6
f 3723/2/6 3720/2/6 3719/2/6
f 3724/2/6 3720/2/6 3723/2/6
f 3726/2/6 3722/2/6 3721/2/6
f 3727/2/6 3726/2/6 3725/2/6
f 3728/2/6 3722/2/6 3726/2/6
f 3728/2/6 3726/2/6 3727/2/6
f 3735/3/6 3730/3/6 3729/3/6
f 3736/3/6 3730/3/6 3735/3/6
f 3737/3/6 3732/3/6 3731/3/6
f 3738/3/6 3732/3/6 3737/3/6
f 3739/3/6 3734/3/6 3733/3/6
f 3740/3/6 3734/3/6 3739/3/6
f 3744/3/6 3742/3/6 3741/3/6
f 3745/3/6 3742/3/6 3744/3/6
f 3749/3/6 3748/3/6 3747/3/6
f 3750/3/6 3748/3/6 3749/3/6
f 3753/3/6 3752/3/6 3751/3/6
f 3754/3/6 3752/3/6 3753/3/6
f 3757/3/6 3756/3/6 3755/3/6
f 3758/3/6 3756/3/6 3757/3/6
f 3761/2/6 3760/2/6 3759/2/6
f 3763/2/6 3761/2/6 3759/2/6
f 3763/2/6 3762/2/6 3761/2/6
f 3764/2/6 3762/2/6 3763/2/6
f 3767/2/6 3766/2/6 3765/2/6
f 3768/2/6 3766/2/6 3767/2/6
f 3771/3/6 3770/3/6 3769/3/6
f 3772/3/6 3770/3/6 3771/3/6
f 3775/2/6 3774/2/6 3773/2/6
f 3776/2/6 3774/2/6 3775/2/6
f 3785/8/6 3779/8/6 3778/8/6
f 3786/8/6 3779/8/6 3785/8/6
f 3787/8/6 3781/8/6 3780/8/6
f 3788/8/6 3781/8/6 3787/8/6
f 3789/8/6 3783/8/6 3782/8/6
f 3790/8/6 3783/8/6 3789/8/6
f 3797/8/6 3792/8/6 3791/8/6
f 3798/8/6 3792/8/6 3797/8/6
f 3799/3/6 3794/3/6 3793/3/6
f 3800/3/6 3794/3/6 3799/3/6
f 3801/8/6 3796/8/6 3795/8/6
f 3802/8/6 3796/8/6 3801/8/6
f 3807/8/6 3804/8/6 3803/8/6
f 3808/8/6 3804/8/6 3807/8/6
f 3809/8/6 3806/8/6 3805/8/6
f 3810/8/6 3806/8/6 3809/8/6
f 3813/3/6 3812/3/6 3811/3/6
f 3814/3/6 3812/3/6 3813/3/6
f 3817/3/6 3816/3/6 3815/3/6
f 3818/3/6 3816/3/6 3817/3/6
f 3821/8/6 3820/8/6 3819/8/6
f 3822/8/6 3820/8/6 3821/8/6
f 3825/8/6 3824/8/6 3823/8/6
f 3826/8/6 3824/8/6 3825/8/6
f 3829/8/6 3828/8/6 3827/8/6
f 3830/8/6 3828/8/6 3829/8/6
f 3836/8/6 3832/8/6 3831/8/6
f 3837/8/6 3832/8/6 3836/8/6
f 3839/8/6 3835/8/6 3834/8/6
f 3840/8/6 3835/8/6 3839/8/6
f 3843/3/6 3842/3/6 3841/3/6
f 3844/3/6 3842/3/6 3843/3/6
f 3847/3/6 3846/3/6 3845/3/6
f 3848/3/6 3846/3/6 3847/3/6
f 3851/3/6 3850/3/6 3849/3/6
f 3852/3/6 3850/3/6 3851/3/6
f 3855/3/6 3854/3/6 3853/3/6
f 3856/3/6 3854/3/6 3855/3/6
f 3867/5/6 3858/5/6 3857/5/6
f 3868/5/6 3858/5/6 3867/5/6
f 3869/5/6 3860/5/6 3859/5/6
f 3870/5/6 3860/5/6 3869/5/6
f 3871/5/6 3862/5/6 3861/5/6
f 3872/5/6 3862/5/6 3871/5/6
f 3873/5/6 3864/5/6 3863/5/6
f 3874/5/6 3864/5/6 3873/5/6
f 3875/5/6 3866/5/6 3865/5/6
f 3876/5/6 3866/5/6 3875/5/6
f 3877/5/6 3867/5/6 3857/5/6
f 3878/5/6 3867/5/6 3877/5/6
f 3881/5/6 3866/5/6 3876/5/6
f 3882/5/6 3866/5/6 3881/5/6
f 3885/3/6 3880/3/6 3879/3/6
f 3886/3/6 3880/3/6 3885/3/6
f 3889/5/6 3888/5/6 3887/5/6
f 3890/5/6 3888/5/6 3889/5/6
f 3891/5/6 3884/5/6 3883/5/6
f 3892/5/6 3884/5/6 3891/5/6
f 3897/5/6 3894/5/6 3893/5/6
f 3898/5/6 3894/5/6 3897/5/6
f 3899/5/6 3896/5/6 3895/5/6
f 3900/5/6 3896/5/6 3899/5/6
f 3905/5/6 3902/5/6 3901/5/6
f 3906/5/6 3902/5/6 3905/5/6
f 3909/5/6 3904/5/6 3903/5/6
f 3910/5/6 3904/5/6 3909/5/6
f 3911/5/6 3908/5/6 3907/5/6
f 3912/5/6 3908/5/6 3911/5/6
f 3917/6/6 3914/6/6 3913/6/6
f 3918/6/6 3914/6/6 3917/6/6
f 3927/5/6 3916/5/6 3915/5/6
f 3917/5/6 3919/5/6 3918/5/6
f 3928/5/6 3919/5/6 3917/5/6
f 3929/5/6 3921/5/6 3920/5/6
f 3930/5/6 3921/5/6 3929/5/6
f 3931/5/6 3923/5/6 3922/5/6
f 3932/5/6 3923/5/6 3931/5/6
f 3933/5/6 3925/5/6 3924/5/6
f 3934/5/6 3925/5/6 3933/5/6
f 3935/5/6 3927/5/6 3926/5/6
f 3936/5/6 3916/5/6 3927/5/6
f 3936/5/6 3927/5/6 3935/5/6
f 3939/3/6 3938/3/6 3937/3/6
f 3940/3/6 3938/3/6 3939/3/6
f 3941/3/6 3938/3/6 3940/3/6
f 3943/3/6 3941/3/6 3940/3/6
f 3944/3/6 3941/3/6 3943/3/6
f 3945/3/6 3940/3/6 3942/3/6
f 3945/3/6 3943/3/6 3940/3/6
f 3946/3/6 3943/3/6 3945/3/6
f 3947/4/6 3943/4/6 3946/4/6
f 3948/4/6 3943/4/6 3947/4/6
f 3951/2/6 3950/2/6 3949/2/6
f 3952/2/6 3950/2/6 3951/2/6
f 3955/2/6 3951/2/6 3949/2/6
f 3956/2/6 3951/2/6 3955/2/6
f 3957/2/6 3954/2/6 3953/2/6
f 3958/2/6 3954/2/6 3957/2/6
f 3961/3/6 3960/3/6 3959/3/6
f 3962/3/6 3960/3/6 3961/3/6
f 3965/3/6 3964/3/6 3963/3/6
f 3966/3/6 3964/3/6 3965/3/6
f 3969/3/6 3968/3/6 3967/3/6
f 3970/3/6 3968/3/6 3969/3/6
f 3973/3/6 3972/3/6 3971/3/6
f 3974/3/6 3972/3/6 3973/3/6
f 3977/3/6 3976/3/6 3975/3/6
f 3978/3/6 3976/3/6 3977/3/6
f 3981/3/6 3980/3/6 3979/3/6
f 3982/3/6 3980/3/6 3981/3/6
f 3985/2/6 3984/2/6 3983/2/6
f 3986/2/6 3984/2/6 3985/2/6
f 3989/2/6 3988/2/6 3987/2/6
f 3990/2/6 3988/2/6 3989/2/6
f 3991/2/6 3984/2/6 3986/2/6
f 3992/2/6 3984/2/6 3991/2/6
f 3995/3/6 3994/3/6 3993/3/6
f 3996/3/6 3994/3/6 3995/3/6
f 3999/3/6 3998/3/6 3997/3/6
f 4000/3/6 3998/3/6 3999/3/6
f 4003/3/6 4002/3/6 4001/3/6
f 4004/3/6 4002/3/6 4003/3/6
f 4007/5/6 4006/5/6 4005/5/6
f 4008/5/6 4006/5/6 4007/5/6
f 4011/5/6 4010/5/6 4009/5/6
f 4012/5/6 4010/5/6 4011/5/6
f 4015/3/6 4014/3/6 4013/3/6
f 4016/3/6 4014/3/6 4015/3/6
f 4021/2/6 4018/2/6 4017/2/6
f 4022/2/6 4018/2/6 4021/2/6
f 4023/5/6 4020/5/6 4019/5/6
f 4024/5/6 4020/5/6 4023/5/6
f 4027/2/6 4026/2/6 4025/2/6
f 4028/2/6 4026/2/6 4027/2/6
f 4031/2/6 4030/2/6 4029/2/6
f 4032/2/6 4030/2/6 4031/2/6
f 4035/3/6 4034/3/6 4033/3/6
f 4036/3/6 4034/3/6 4035/3/6
f 4039/2/6 4038/2/6 4037/2/6
f 4040/2/6 4038/2/6 4039/2/6
f 4043/2/6 4042/2/6 4041/2/6
f 4044/2/6 4042/2/6 4043/2/6
f 4047/3/6 4046/3/6 4045/3/6
f 4048/3/6 4046/3/6 4047/3/6
f 4051/2/6 4050/2/6 4049/2/6
f 4052/2/6 4050/2/6 4051/2/6
f 4055/3/6 4054/3/6 4053/3/6
f 4056/3/6 4054/3/6 4055/3/6
f 4059/3/6 4058/3/6 4057/3/6
f 4060/3/6 4058/3/6 4059/3/6
f 4061/3/6 4058/3/6 4060/3/6
f 4063/3/6 4061/3/6 4060/3/6
f 4064/3/6 4060/3/6 4062/3/6
f 4064/3/6 4063/3/6 4060/3/6
f 4065/3/6 4063/3/6 4064/3/6
f 4066/3/6 4063/3/6 4065/3/6
f 4067/3/6 4063/3/6 4066/3/6
f 4068/4/6 4066/4/6 4065/4/6
f 4069/4/6 4066/4/6 4068/4/6
f 4080/2/6 4071/2/6 4070/2/6
f 4081/2/6 4071/2/6 4080/2/6
f 4082/4/6 4073/4/6 4072/4/6
f 4083/4/6 4073/4/6 4082/4/6
f 4084/4/6 4075/4/6 4074/4/6
f 4085/4/6 4075/4/6 4084/4/6
f 4086/4/6 4077/4/6 4076/4/6
f 4087/4/6 4077/4/6 4086/4/6
f 4088/4/6 4079/4/6 4078/4/6
f 4089/4/6 4079/4/6 4088/4/6
f 4090/4/6 4080/4/6 4070/4/6
f 4091/4/6 4080/4/6 4090/4/6
f 4092/4/6 4079/4/6 4089/4/6
f 4093/4/6 4079/4/6 4092/4/6
f 4098/4/6 4095/4/6 4094/4/6
f 4099/4/6 4095/4/6 4098/4/6
f 4100/4/6 4097/4/6 4096/4/6
f 4101/4/6 4097/4/6 4100/4/6
f 4106/4/6 4103/4/6 4102/4/6
f 4107/4/6 4103/4/6 4106/4/6
f 4108/4/6 4105/4/6 4104/4/6
f 4109/4/6 4105/4/6 4108/4/6
f 4114/4/6 4113/4/6 4112/4/6
f 4115/4/6 4113/4/6 4114/4/6
f 4116/4/6 4111/4/6 4110/4/6
f 4117/4/6 4111/4/6 4116/4/6
f 4122/4/6 4119/4/6 4118/4/6
f 4131/4/6 4121/4/6 4120/4/6
f 4132/4/6 4122/4/6 4118/4/6
f 4132/4/6 4123/4/6 4122/4/6
f 4133/4/6 4123/4/6 4132/4/6
f 4134/4/6 4125/4/6 4124/4/6
f 4135/4/6 4125/4/6 4134/4/6
f 4136/4/6 4127/4/6 4126/4/6
f 4137/4/6 4127/4/6 4136/4/6
f 4138/4/6 4129/4/6 4128/4/6
f 4139/4/6 4129/4/6 4138/4/6
f 4140/4/6 4131/4/6 4130/4/6
f 4141/4/6 4121/4/6 4131/4/6
f 4141/4/6 4131/4/6 4140/4/6
f 4144/2/6 4143/2/6 4142/2/6
f 4145/2/6 4143/2/6 4144/2/6
f 4146/2/6 4143/2/6 4145/2/6
f 4147/2/6 4143/2/6 4146/2/6
f 4148/2/6 4143/2/6 4147/2/6
f 4149/2/6 4143/2/6 4148/2/6
f 4150/2/6 4143/2/6 4149/2/6
f 4151/2/6 4143/2/6 4150/2/6
f 4152/2/6 4143/2/6 4151/2/6
f 4154/3/6 4147/3/6 4146/3/6
f 4155/3/6 4147/3/6 4154/3/6
f 4156/3/6 4149/3/6 4148/3/6
f 4157/3/6 4149/3/6 4156/3/6
f 4158/3/6 4151/3/6 4150/3/6
f 4159/3/6 4151/3/6 4158/3/6
f 4160/2/6 4144/2/6 4142/2/6
f 4165/2/6 4143/2/6 4152/2/6
f 4166/3/6 4161/3/6 4160/3/6
f 4166/2/6 4160/2/6 4142/2/6
f 4167/3/6 4161/3/6 4166/3/6
f 4168/2/6 4165/2/6 4164/2/6
f 4169/2/6 4143/2/6 4165/2/6
f 4169/2/6 4165/2/6 4168/2/6
f 4170/2/6 4166/2/6 4142/2/6
f 4173/2/6 4143/2/6 4169/2/6
f 4174/3/6 4171/3/6 4170/3/6
f 4174/2/6 4170/2/6 4142/2/6
f 4175/3/6 4171/3/6 4174/3/6
f 4176/3/6 4173/3/6 4172/3/6
f 4177/2/6 4143/2/6 4173/2/6
f 4177/3/6 4173/3/6 4176/3/6
f 4178/2/6 4174/2/6 4142/2/6
f 4181/2/6 4143/2/6 4177/2/6
f 4182/3/6 4179/3/6 4178/3/6
f 4182/2/6 4178/2/6 4142/2/6
f 4183/3/6 4179/3/6 4182/3/6
f 4184/3/6 4181/3/6 4180/3/6
f 4185/2/6 4143/2/6 4181/2/6
f 4185/3/6 4181/3/6 4184/3/6
f 4186/2/6 4182/2/6 4142/2/6
f 4189/2/6 4143/2/6 4185/2/6
f 4190/3/6 4187/3/6 4186/3/6
f 4190/2/6 4186/2/6 4142/2/6
f 4191/3/6 4187/3/6 4190/3/6
f 4192/3/6 4163/3/6 4162/3/6
f 4193/3/6 4163/3/6 4192/3/6
f 4194/3/6 4189/3/6 4188/3/6
f 4195/2/6 4143/2/6 4189/2/6
f 4195/3/6 4189/3/6 4194/3/6
f 4203/2/6 4190/2/6 4142/2/6
f 4205/3/6 4198/3/6 4197/3/6
f 4206/3/6 4198/3/6 4205/3/6
f 4207/3/6 4200/3/6 4199/3/6
f 4208/3/6 4200/3/6 4207/3/6
f 4209/2/6 4202/2/6 4201/2/6
f 4210/2/6 4202/2/6 4209/2/6
f 4211/2/6 4143/2/6 4195/2/6
f 4212/2/6 4211/2/6 4210/2/6
f 4212/2/6 4208/2/6 4207/2/6
f 4212/2/6 4203/2/6 4142/2/6
f 4212/2/6 4210/2/6 4209/2/6
f 4212/2/6 4209/2/6 4208/2/6
f 4212/2/6 4207/2/6 4206/2/6
f 4212/2/6 4206/2/6 4205/2/6
f 4212/2/6 4205/2/6 4204/2/6
f 4212/2/6 4204/2/6 4203/2/6
f 4213/2/6 4211/2/6 4212/2/6
f 4214/2/6 4211/2/6 4213/2/6
f 4215/2/6 4143/2/6 4211/2/6
f 4215/2/6 4211/2/6 4214/2/6
f 4216/2/6 4214/2/6 4213/2/6
f 4217/2/6 4214/2/6 4216/2/6
f 4220/2/6 4219/2/6 4218/2/6
f 4221/2/6 4219/2/6 4220/2/6
f 4222/2/6 4219/2/6 4221/2/6
f 4223/2/6 4219/2/6 4222/2/6
f 4226/2/6 4225/2/6 4224/2/6
f 4227/2/6 4225/2/6 4226/2/6
f 4231/2/6 4228/2/6 4230/2/6
f 4232/2/6 4229/2/6 4228/2/6
f 4232/2/6 4228/2/6 4231/2/6
f 4235/2/6 4234/2/6 4233/2/6
f 4236/2/6 4234/2/6 4235/2/6
f 4239/2/6 4238/2/6 4237/2/6
f 4240/2/6 4238/2/6 4239/2/6
f 4243/2/6 4242/2/6 4241/2/6
f 4244/2/6 4242/2/6 4243/2/6
f 4247/2/6 4246/2/6 4245/2/6
f 4248/2/6 4246/2/6 4247/2/6
f 4251/2/6 4250/2/6 4249/2/6
f 4252/2/6 4250/2/6 4251/2/6
f 4256/3/6 4254/3/6 4253/3/6
f 4257/3/6 4254/3/6 4256/3/6
f 4258/3/6 4256/3/6 4255/3/6
f 4261/3/6 4260/3/6 4259/3/6
f 4263/3/6 4262/3/6 4261/3/6
f 4264/3/6 4262/3/6 4263/3/6
f 4268/2/6 4266/2/6 4265/2/6
f 4269/2/6 4268/2/6 4267/2/6
f 4270/2/6 4266/2/6 4268/2/6
f 4270/2/6 4268/2/6 4269/2/6
f 4275/3/6 4272/3/6 4271/3/6
f 4276/3/6 4272/3/6 4275/3/6
f 4277/3/6 4274/3/6 4273/3/6
f 4278/3/6 4274/3/6 4277/3/6
f 4281/2/6 4280/2/6 4279/2/6
f 4282/2/6 4280/2/6 4281/2/6
f 4285/2/6 4284/2/6 4283/2/6
f 4286/2/6 4284/2/6 4285/2/6
f 4289/3/6 4288/3/6 4287/3/6
f 4290/3/6 4288/3/6 4289/3/6
f 4293/3/6 4292/3/6 4291/3/6
f 4294/3/6 4292/3/6 4293/3/6
f 4299/3/6 4296/3/6 4295/3/6
f 4300/3/6 4296/3/6 4299/3/6
f 4301/3/6 4298/3/6 4297/3/6
f 4302/3/6 4298/3/6 4301/3/6
f 4305/3/6 4304/3/6 4303/3/6
f 4306/3/6 4304/3/6 4305/3/6
f 4309/3/6 4308/3/6 4307/3/6
f 4310/3/6 4308/3/6 4309/3/6
f 4315/3/6 4312/3/6 4311/3/6
f 4316/3/6 4312/3/6 4315/3/6
f 4317/3/6 4314/3/6 4313/3/6
f 4318/3/6 4314/3/6 4317/3/6
f 4321/3/6 4320/3/6 4319/3/6
f 4322/3/6 4320/3/6 4321/3/6
f 4325/3/6 4324/3/6 4323/3/6
f 4326/3/6 4324/3/6 4325/3/6
f 4329/3/6 4328/3/6 4327/3/6
f 4330/3/6 4328/3/6 4329/3/6
f 4333/3/6 4332/3/6 4331/3/6
f 4334/3/6 4332/3/6 4333/3/6
f 4337/2/6 4336/2/6 4335/2/6
f 4338/2/6 4336/2/6 4337/2/6
f 4343/3/6 4340/3/6 4339/3/6
f 4344/3/6 4340/3/6 4343/3/6
f 4345/3/6 4342/3/6 4341/3/6
f 4346/3/6 4342/3/6 4345/3/6
f 4349/2/6 4348/2/6 4347/2/6
f 4350/2/6 4348/2/6 4349/2/6
f 4353/3/6 4352/3/6 4351/3/6
f 4354/3/6 4352/3/6 4353/3/6
f 4357/3/6 4356/3/6 4355/3/6
f 4358/3/6 4356/3/6 4357/3/6
f 4363/3/6 4360/3/6 4359/3/6
f 4364/3/6 4360/3/6 4363/3/6
f 4365/3/6 4362/3/6 4361/3/6
f 4366/3/6 4362/3/6 4365/3/6
f 4369/3/6 4368/3/6 4367/3/6
f 4370/3/6 4368/3/6 4369/3/6
f 4373/3/6 4372/3/6 4371/3/6
f 4374/3/6 4372/3/6 4373/3/6
f 4377/2/6 4376/2/6 4375/2/6
f 4378/2/6 4376/2/6 4377/2/6
f 4381/3/6 4380/3/6 4379/3/6
f 4382/3/6 4380/3/6 4381/3/6
f 4385/3/6 4384/3/6 4383/3/6
f 4386/3/6 4384/3/6 4385/3/6
f 4389/3/6 4388/3/6 4387/3/6
f 4390/3/6 4388/3/6 4389/3/6
f 4393/2/6 4392/2/6 4391/2/6
f 4394/2/6 4392/2/6 4393/2/6
f 4399/3/6 4396/3/6 4395/3/6
f 4400/3/6 4396/3/6 4399/3/6
f 4401/3/6 4398/3/6 4397/3/6
f 4402/3/6 4398/3/6 4401/3/6
f 4405/3/6 4404/3/6 4403/3/6
f 4406/3/6 4404/3/6 4405/3/6
f 4409/3/6 4408/3/6 4407/3/6
f 4410/3/6 4408/3/6 4409/3/6
f 4415/3/6 4412/3/6 4411/3/6
f 4416/3/6 4412/3/6 4415/3/6
f 4417/3/6 4414/3/6 4413/3/6
f 4418/3/6 4414/3/6 4417/3/6
f 4421/3/6 4420/3/6 4419/3/6
f 4422/3/6 4420/3/6 4421/3/6
f 4431/5/6 4428/5/6 4427/5/6
f 4432/5/6 4428/5/6 4431/5/6
f 4433/5/6 4430/5/6 4429/5/6
f 4434/5/6 4430/5/6 4433/5/6
f 4437/4/6 4436/4/6 4435/4/6
f 4438/4/6 4436/4/6 4437/4/6
f 4443/5/6 4440/5/6 4439/5/6
f 4444/5/6 4440/5/6 4443/5/6
f 4445/5/6 4442/5/6 4441/5/6
f 4446/5/6 4442/5/6 4445/5/6
f 4453/3/6 4452/3/6 4451/3/6
f 4454/3/6 4452/3/6 4453/3/6
f 4457/3/6 4456/3/6 4455/3/6
f 4458/3/6 4456/3/6 4457/3/6
f 4463/3/6 4460/3/6 4459/3/6
f 4464/3/6 4460/3/6 4463/3/6
f 4465/3/6 4462/3/6 4461/3/6
f 4466/3/6 4462/3/6 4465/3/6
f 4471/3/6 4468/3/6 4467/3/6
f 4472/3/6 4468/3/6 4471/3/6
f 4473/3/6 4470/3/6 4469/3/6
f 4474/3/6 4470/3/6 4473/3/6
f 4477/3/6 4476/3/6 4475/3/6
f 4478/3/6 4476/3/6 4477/3/6
f 4481/2/6 4480/2/6 4479/2/6
f 4482/2/6 4480/2/6 4481/2/6
f 4491/5/6 4488/5/6 4487/5/6
f 4492/5/6 4488/5/6 4491/5/6
f 4493/5/6 4490/5/6 4489/5/6
f 4494/5/6 4490/5/6 4493/5/6
f 4499/5/6 4496/5/6 4495/5/6
f 4500/5/6 4496/5/6 4499/5/6
f 4501/5/6 4498/5/6 4497/5/6
f 4502/5/6 4498/5/6 4501/5/6
f 4509/2/6 4508/2/6 4507/2/6
f 4510/2/6 4508/2/6 4509/2/6
f 4513/3/6 4512/3/6 4511/3/6
f 4514/3/6 4512/3/6 4513/3/6
f 4515/2/6 4509/2/6 4507/2/6
f 4516/2/6 4509/2/6 4515/2/6
f 4521/3/6 4518/3/6 4517/3/6
f 4522/3/6 4518/3/6 4521/3/6
f 4523/3/6 4520/3/6 4519/3/6
f 4524/3/6 4520/3/6 4523/3/6
f 4529/3/6 4526/3/6 4525/3/6
f 4530/3/6 4526/3/6 4529/3/6
f 4531/3/6 4528/3/6 4527/3/6
f 4532/3/6 4528/3/6 4531/3/6
f 4535/3/6 4534/3/6 4533/3/6
f 4536/3/6 4534/3/6 4535/3/6
f 4545/5/6 4542/5/6 4541/5/6
f 4546/5/6 4542/5/6 4545/5/6
f 4547/5/6 4544/5/6 4543/5/6
f 4548/5/6 4544/5/6 4547/5/6
f 4553/3/6 4550/3/6 4549/3/6
f 4554/3/6 4550/3/6 4553/3/6
f 4555/3/6 4552/3/6 4551/3/6
f 4556/3/6 4552/3/6 4555/3/6
f 4561/5/6 4558/5/6 4557/5/6
f 4562/5/6 4558/5/6 4561/5/6
f 4563/5/6 4560/5/6 4559/5/6
f 4564/5/6 4560/5/6 4563/5/6
f 4571/3/6 4570/3/6 4569/3/6
f 4572/3/6 4570/3/6 4571/3/6
f 4577/3/6 4574/3/6 4573/3/6
f 4578/3/6 4574/3/6 4577/3/6
f 4579/3/6 4576/3/6 4575/3/6
f 4580/3/6 4576/3/6 4579/3/6
f 4585/3/6 4582/3/6 4581/3/6
f 4586/3/6 4582/3/6 4585/3/6
f 4587/3/6 4584/3/6 4583/3/6
f 4588/3/6 4584/3/6 4587/3/6
f 4591/3/6 4590/3/6 4589/3/6
f 4592/3/6 4590/3/6 4591/3/6
f 4595/2/6 4594/2/6 4593/2/6
f 4596/2/6 4594/2/6 4595/2/6
f 4599/5/6 4598/5/6 4597/5/6
f 4600/5/6 4598/5/6 4599/5/6
f 4605/5/6 4603/5/6 4602/5/6
f 4606/5/6 4603/5/6 4605/5/6
f 4609/5/6 4608/5/6 4607/5/6
f 4610/5/6 4608/5/6 4609/5/6
f 4613/4/6 4612/4/6 4611/4/6
f 4614/4/6 4612/4/6 4613/4/6
f 4630/6/6 4616/6/6 4615/6/6
f 4631/6/6 4628/6/6 4627/6/6
f 4633/6/6 4630/6/6 4629/6/6
f 4634/6/6 4630/6/6 4633/6/6
f 4635/6/6 4632/6/6 4631/6/6
f 4636/6/6 4632/6/6 4635/6/6
f 4641/6/6 4638/6/6 4637/6/6
f 4642/6/6 4638/6/6 4641/6/6
f 4643/6/6 4640/6/6 4639/6/6
f 4644/6/6 4640/6/6 4643/6/6
f 4649/6/6 4646/6/6 4645/6/6
f 4650/6/6 4646/6/6 4649/6/6
f 4651/6/6 4648/6/6 4647/6/6
f 4652/6/6 4648/6/6 4651/6/6
f 4657/6/6 4654/6/6 4653/6/6
f 4658/6/6 4654/6/6 4657/6/6
f 4659/6/6 4656/6/6 4655/6/6
f 4660/6/6 4656/6/6 4659/6/6
f 4665/6/6 4662/6/6 4661/6/6
f 4666/6/6 4662/6/6 4665/6/6
f 4667/6/6 4664/6/6 4663/6/6
f 4668/6/6 4664/6/6 4667/6/6
f 4673/6/6 4670/6/6 4669/6/6
f 4674/6/6 4670/6/6 4673/6/6
f 4675/6/6 4672/6/6 4671/6/6
f 4676/6/6 4672/6/6 4675/6/6
f 4681/6/6 4678/6/6 4677/6/6
f 4682/6/6 4678/6/6 4681/6/6
f 4695/6/6 4680/6/6 4679/6/6
f 4696/6/6 4680/6/6 4695/6/6
f 4697/6/6 4683/6/6 4682/6/6
f 4698/6/6 4695/6/6 4694/6/6
f 4701/3/6 4700/3/6 4699/3/6
f 4702/3/6 4700/3/6 4701/3/6
f 4705/7/6 4704/7/6 4703/7/6
f 4706/7/6 4704/7/6 4705/7/6
f 4707/7/6 4705/7/6 4703/7/6
f 4708/7/6 4704/7/6 4706/7/6
f 4709/3/6 4701/3/6 4699/3/6
f 4710/7/6 4708/7/6 4707/7/6
f 4710/7/6 4707/7/6 4703/7/6
f 4711/7/6 4704/7/6 4708/7/6
f 4711/7/6 4708/7/6 4710/7/6
f 4712/3/6 4700/3/6 4702/3/6
f 4713/3/6 4712/3/6 4709/3/6
f 4713/3/6 4709/3/6 4699/3/6
f 4714/3/6 4700/3/6 4712/3/6
f 4714/3/6 4712/3/6 4713/3/6
f 4717/2/6 4716/2/6 4715/2/6
f 4719/2/6 4717/2/6 4715/2/6
f 4719/2/6 4718/2/6 4717/2/6
f 4720/2/6 4718/2/6 4719/2/6
f 4723/2/6 4722/2/6 4721/2/6
f 4724/2/6 4722/2/6 4723/2/6
f 4725/2/6 4722/2/6 4724/2/6
f 4726/2/6 4722/2/6 4725/2/6
f 4729/2/6 4728/2/6 4727/2/6
f 4730/2/6 4728/2/6 4729/2/6
f 4733/2/6 4732/2/6 4731/2/6
f 4734/2/6 4732/2/6 4733/2/6
f 4737/2/6 4736/2/6 4735/2/6
f 4738/2/6 4736/2/6 4737/2/6
f 4741/2/6 4740/2/6 4739/2/6
f 4742/2/6 4740/2/6 4741/2/6
f 4745/3/6 4744/3/6 4743/3/6
f 4746/3/6 4744/3/6 4745/3/6
f 4750/3/6 4748/3/6 4747/3/6
f 4751/3/6 4748/3/6 4750/3/6
f 4755/3/6 4754/3/6 4753/3/6
f 4756/3/6 4754/3/6 4755/3/6
f 4759/2/6 4758/2/6 4757/2/6
f 4760/2/6 4758/2/6 4759/2/6
f 4763/2/6 4762/2/6 4761/2/6
f 4764/2/6 4762/2/6 4763/2/6
f 4768/4/6 4766/4/6 4765/4/6
f 4769/4/6 4766/4/6 4768/4/6
f 4771/4/6 4769/4/6 4768/4/6
f 4771/4/6 4768/4/6 4767/4/6
f 4771/4/6 4770/4/6 4769/4/6
f 4772/4/6 4770/4/6 4771/4/6
f 4773/4/6 4770/4/6 4772/4/6
f 4774/4/6 4770/4/6 4773/4/6
f 4775/4/6 4773/4/6 4772/4/6
f 4776/4/6 4773/4/6 4775/4/6
f 4777/1/7 4778/1/7 4780/1/7
f 4780/1/7 4778/1/7 4781/1/7
f 4779/4/7 4780/4/7 4784/4/7
f 4781/4/7 4782/4/7 4784/4/7
f 4780/4/7 4781/4/7 4784/4/7
f 4784/4/7 4782/4/7 4785/4/7
f 4785/4/7 4782/4/7 4786/4/7
f 4786/4/7 4782/4/7 4787/4/7
f 4787/1/7 4788/1/7 4789/1/7
f 4786/4/7 4787/4/7 4789/4/7
f 4789/1/7 4788/1/7 4790/1/7
f 4790/4/7 4791/4/7 4789/4/7
f 4789/4/7 4791/4/7 4793/4/7
f 4792/4/7 4789/4/7 4795/4/7
f 4793/4/7 4794/4/7 4795/4/7
f 4789/4/7 4793/4/7 4795/4/7
f 4795/4/7 4794/4/7 4796/4/7
f 4796/4/7 4794/4/7 4797/4/7
f 4797/4/7 4794/4/7 4798/4/7
f 4783/1/7 4784/1/7 4799/1/7
f 4784/4/7 4785/4/7 4799/4/7
f 4796/4/7 4797/4/7 4800/4/7
f 4800/4/7 4797/4/7 4801/4/7
f 4783/1/7 4799/1/7 4802/1/7
f 4799/4/7 4785/4/7 4803/4/7
f 4796/4/7 4800/4/7 4804/4/7
f 4804/4/7 4800/4/7 4805/4/7
f 4805/1/7 4800/1/7 4806/1/7
f 4804/4/7 4805/4/7 4807/4/7
f 4799/4/7 4803/4/7 4807/4/7
f 4803/4/7 4804/4/7 4807/4/7
f 4807/4/7 4805/4/7 4808/4/7
f 4808/4/7 4805/4/7 4809/4/7
f 4809/4/7 4805/4/7 4810/4/7
f 4808/1/7 4809/1/7 4811/1/7
f 4811/1/7 4809/1/7 4812/1/7
f 4813/3/7 4814/3/7 4815/3/7
f 4815/3/7 4814/3/7 4816/3/7
f 4817/3/7 4818/3/7 4819/3/7
f 4819/3/7 4818/3/7 4820/3/7
f 4821/3/7 4822/3/7 4827/3/7
f 4827/3/7 4822/3/7 4828/3/7
f 4823/3/7 4824/3/7 4829/3/7
f 4829/3/7 4824/3/7 4830/3/7
f 4825/3/7 4826/3/7 4831/3/7
f 4831/3/7 4826/3/7 4832/3/7
f 4833/3/7 4834/3/7 4838/3/7
f 4838/3/7 4834/3/7 4839/3/7
f 4835/3/7 4836/3/7 4841/3/7
f 4841/3/7 4836/3/7 4842/3/7
f 4842/3/7 4843/3/7 4845/3/7
f 4840/3/7 4841/3/7 4845/3/7
f 4841/3/7 4842/3/7 4845/3/7
f 4845/3/7 4843/3/7 4846/3/7
f 4847/3/7 4848/3/7 4849/3/7
f 4849/3/7 4848/3/7 4850/3/7
f 4851/3/7 4852/3/7 4853/3/7
f 4853/3/7 4852/3/7 4854/3/7
f 4855/3/7 4856/3/7 4858/3/7
f 4858/3/7 4856/3/7 4859/3/7
f 4861/3/7 4862/3/7 4863/3/7
f 4863/3/7 4862/3/7 4864/3/7
f 4865/3/7 4866/3/7 4867/3/7
f 4867/3/7 4866/3/7 4868/3/7
f 4869/2/7 4870/2/7 4871/2/7
f 4869/2/7 4871/2/7 4872/2/7
f 4873/3/7 4874/3/7 4875/3/7
f 4875/3/7 4874/3/7 4876/3/7
f 4877/2/7 4878/2/7 4879/2/7
f 4879/2/7 4878/2/7 4880/2/7
f 4881/2/7 4882/2/7 4885/2/7
f 4885/2/7 4882/2/7 4886/2/7
f 4883/2/7 4884/2/7 4888/2/7
f 4887/2/7 4888/2/7 4889/2/7
f 4888/2/7 4884/2/7 4890/2/7
f 4889/2/7 4888/2/7 4890/2/7
f 4891/3/7 4892/3/7 4893/3/7
f 4893/3/7 4892/3/7 4894/3/7
f 4895/2/7 4896/2/7 4897/2/7
f 4895/2/7 4897/2/7 4898/2/7
f 4899/2/7 4900/2/7 4901/2/7
f 4899/2/7 4901/2/7 4905/2/7
f 4901/2/7 4902/2/7 4905/2/7
f 4905/2/7 4902/2/7 4906/2/7
f 4903/2/7 4904/2/7 4907/2/7
f 4907/2/7 4904/2/7 4908/2/7
f 4909/5/7 4910/5/7 4911/5/7
f 4911/5/7 4910/5/7 4912/5/7
f 4913/3/7 4914/3/7 4915/3/7
f 4915/3/7 4914/3/7 4916/3/7
f 4917/3/7 4918/3/7 4919/3/7
f 4919/3/7 4918/3/7 4920/3/7
f 4921/3/7 4922/3/7 4923/3/7
f 4923/3/7 4922/3/7 4924/3/7
f 4925/2/7 4926/2/7 4927/2/7
f 4927/2/7 4926/2/7 4928/2/7
f 4929/2/7 4930/2/7 4931/2/7
f 4931/2/7 4930/2/7 4932/2/7
f 4933/3/7 4934/3/7 4935/3/7
f 4935/3/7 4934/3/7 4936/3/7
f 4937/3/7 4938/3/7 4939/3/7
f 4939/3/7 4938/3/7 4940/3/7
f 4941/3/7 4942/3/7 4943/3/7
f 4943/3/7 4942/3/7 4944/3/7
f 4945/3/7 4946/3/7 4947/3/7
f 4947/3/7 4946/3/7 4948/3/7
f 4949/5/7 4950/5/7 4953/5/7
f 4953/5/7 4950/5/7 4954/5/7
f 4951/5/7 4952/5/7 4955/5/7
f 4955/5/7 4952/5/7 4956/5/7
f 4957/3/7 4958/3/7 4959/3/7
f 4959/3/7 4958/3/7 4960/3/7
f 4956/5/7 4952/5/7 4961/5/7
f 4961/5/7 4952/5/7 4962/5/7
f 4949/5/7 4953/5/7 4963/5/7
f 4963/5/7 4953/5/7 4966/5/7
f 4964/5/7 4965/5/7 4967/5/7
f 4967/5/7 4965/5/7 4968/5/7
f 4963/5/7 4966/5/7 4968/5/7
f 4966/5/7 4967/5/7 4968/5/7
f 4969/3/7 4970/3/7 4971/3/7
f 4971/3/7 4970/3/7 4972/3/7
f 4972/3/7 4970/3/7 4973/3/7
f 4972/3/7 4973/3/7 4975/3/7
f 4974/3/7 4972/3/7 4976/3/7
f 4972/3/7 4975/3/7 4976/3/7
f 4976/3/7 4975/3/7 4977/3/7
f 4978/3/7 4979/3/7 4981/3/7
f 4981/3/7 4979/3/7 4982/3/7
f 4980/3/7 4981/3/7 4984/3/7
f 4982/3/7 4983/3/7 4984/3/7
f 4981/3/7 4982/3/7 4984/3/7
f 4984/3/7 4983/3/7 4985/3/7
f 4986/3/7 4987/3/7 4988/3/7
f 4988/3/7 4987/3/7 4989/3/7
f 4990/3/7 4991/3/7 4992/3/7
f 4992/3/7 4991/3/7 4993/3/7
f 4994/2/7 4995/2/7 4996/2/7
f 4996/2/7 4995/2/7 4997/2/7
f 4994/2/7 4996/2/7 5002/2/7
f 5002/2/7 4996/2/7 5003/2/7
f 4998/2/7 4999/2/7 5004/2/7
f 5004/2/7 4999/2/7 5005/2/7
f 5000/3/7 5001/3/7 5006/3/7
f 5006/3/7 5001/3/7 5007/3/7
f 5008/3/7 5009/3/7 5010/3/7
f 5010/3/7 5009/3/7 5011/3/7
f 5012/3/7 5013/3/7 5014/3/7
f 5014/3/7 5013/3/7 5015/3/7
f 5016/3/7 5017/3/7 5018/3/7
f 5018/3/7 5017/3/7 5019/3/7
f 5020/3/7 5021/3/7 5022/3/7
f 5022/3/7 5021/3/7 5023/3/7
f 5024/2/7 5025/2/7 5026/2/7
f 5026/2/7 5025/2/7 5027/2/7
f 5028/3/7 5029/3/7 5032/3/7
f 5032/3/7 5029/3/7 5033/3/7
f 5030/2/7 5031/2/7 5034/2/7
f 5034/2/7 5031/2/7 5035/2/7
f 5027/2/7 5025/2/7 5036/2/7
f 5036/2/7 5025/2/7 5037/2/7
f 5038/3/7 5039/3/7 5040/3/7
f 5040/3/7 5039/3/7 5041/3/7
f 5042/3/7 5043/3/7 5044/3/7
f 5044/3/7 5043/3/7 5045/3/7
f 5046/2/7 5047/2/7 5048/2/7
f 5048/2/7 5047/2/7 5049/2/7
f 5050/2/7 5051/2/7 5052/2/7
f 5052/2/7 5051/2/7 5053/2/7
f 5054/2/7 5055/2/7 5056/2/7
f 5056/2/7 5055/2/7 5057/2/7
f 5058/2/7 5059/2/7 5060/2/7
f 5060/2/7 5059/2/7 5061/2/7
f 5062/3/7 5063/3/7 5064/3/7
f 5064/3/7 5063/3/7 5065/3/7
f 5066/2/7 5067/2/7 5068/2/7
f 5068/2/7 5067/2/7 5069/2/7
f 5070/2/7 5071/2/7 5072/2/7
f 5072/2/7 5071/2/7 5073/2/7
f 5074/3/7 5075/3/7 5076/3/7
f 5076/3/7 5075/3/7 5077/3/7
f 5078/3/7 5079/3/7 5080/3/7
f 5080/3/7 5079/3/7 5081/3/7
f 5082/3/7 5083/3/7 5084/3/7
f 5084/3/7 5083/3/7 5085/3/7
f 5083/2/7 5088/2/7 5085/2/7
f 5082/3/7 5084/3/7 5089/3/7
f 5086/3/7 5087/3/7 5090/3/7
f 5085/3/7 5088/3/7 5091/3/7
f 5090/3/7 5087/3/7 5092/3/7
f 5092/3/7 5087/3/7 5093/3/7
f 5093/3/7 5087/3/7 5094/3/7
f 5094/3/7 5091/3/7 5088/3/7
f 5082/3/7 5089/3/7 5095/3/7
f 5089/3/7 5090/3/7 5095/3/7
f 5095/3/7 5090/3/7 5096/3/7
f 5092/3/7 5093/3/7 5097/3/7
f 5097/3/7 5093/3/7 5098/3/7
f 5094/3/7 5088/3/7 5099/3/7
f 5099/3/7 5088/3/7 5100/3/7
f 5097/3/7 5098/3/7 5101/3/7
f 5096/3/7 5097/3/7 5101/3/7
f 5098/3/7 5099/3/7 5101/3/7
f 5082/3/7 5095/3/7 5102/3/7
f 5100/3/7 5088/3/7 5103/3/7
f 5101/3/7 5099/3/7 5104/3/7
f 5102/3/7 5095/3/7 5105/3/7
f 5100/3/7 5103/3/7 5106/3/7
f 5105/3/7 5106/3/7 5102/3/7
f 5102/3/7 5106/3/7 5103/3/7
f 5107/2/7 5108/2/7 5109/2/7
f 5109/2/7 5108/2/7 5110/2/7
f 5111/2/7 5112/2/7 5113/2/7
f 5113/2/7 5112/2/7 5114/2/7
f 5115/2/7 5116/2/7 5121/2/7
f 5121/2/7 5116/2/7 5122/2/7
f 5117/2/7 5118/2/7 5123/2/7
f 5123/2/7 5118/2/7 5124/2/7
f 5119/2/7 5120/2/7 5125/2/7
f 5125/2/7 5120/2/7 5126/2/7
f 5127/2/7 5128/2/7 5129/2/7
f 5129/2/7 5128/2/7 5130/2/7
f 5131/2/7 5132/2/7 5135/2/7
f 5135/2/7 5132/2/7 5136/2/7
f 5133/2/7 5134/2/7 5137/2/7
f 5137/2/7 5134/2/7 5138/2/7
f 5139/2/7 5140/2/7 5141/2/7
f 5141/2/7 5140/2/7 5142/2/7
f 5143/2/7 5144/2/7 5145/2/7
f 5145/2/7 5144/2/7 5146/2/7
f 5147/2/7 5148/2/7 5149/2/7
f 5149/2/7 5148/2/7 5150/2/7
f 5151/2/7 5152/2/7 5153/2/7
f 5153/2/7 5152/2/7 5154/2/7
f 5155/4/7 5156/4/7 5158/4/7
f 5158/4/7 5156/4/7 5159/4/7
f 5157/4/7 5158/4/7 5161/4/7
f 5161/4/7 5158/4/7 5162/4/7
f 5159/4/7 5160/4/7 5163/4/7
f 5163/4/7 5160/4/7 5164/4/7
f 5162/4/7 5163/4/7 5165/4/7
f 5165/4/7 5163/4/7 5166/4/7
f 5167/3/7 5168/3/7 5172/3/7
f 5172/3/7 5168/3/7 5173/3/7
f 5169/3/7 5170/3/7 5174/3/7
f 5174/3/7 5170/3/7 5175/3/7
f 5171/3/7 5172/3/7 5177/3/7
f 5175/3/7 5176/3/7 5178/3/7
f 5179/3/7 5180/3/7 5183/3/7
f 5181/3/7 5182/3/7 5186/3/7
f 5183/3/7 5184/3/7 5187/3/7
f 5187/3/7 5184/3/7 5188/3/7
f 5185/3/7 5186/3/7 5189/3/7
f 5189/3/7 5186/3/7 5190/3/7
f 5191/3/7 5192/3/7 5195/3/7
f 5195/3/7 5192/3/7 5196/3/7
f 5193/3/7 5194/3/7 5197/3/7
f 5197/3/7 5194/3/7 5198/3/7
f 5199/3/7 5200/3/7 5203/3/7
f 5203/3/7 5200/3/7 5204/3/7
f 5201/3/7 5202/3/7 5205/3/7
f 5205/3/7 5202/3/7 5206/3/7
f 5207/2/7 5208/2/7 5210/2/7
f 5209/2/7 5210/2/7 5211/2/7
f 5210/2/7 5208/2/7 5212/2/7
f 5211/2/7 5210/2/7 5212/2/7
f 5213/5/7 5214/5/7 5215/5/7
f 5215/5/7 5214/5/7 5216/5/7
f 5217/5/7 5218/5/7 5219/5/7
f 5219/5/7 5218/5/7 5220/5/7
f 5221/3/7 5222/3/7 5223/3/7
f 5223/3/7 5222/3/7 5224/3/7
f 5225/3/7 5226/3/7 5227/3/7
f 5227/3/7 5226/3/7 5228/3/7
f 5229/2/7 5230/2/7 5231/2/7
f 5231/2/7 5230/2/7 5232/2/7
f 5233/3/7 5234/3/7 5235/3/7
f 5235/3/7 5234/3/7 5236/3/7
f 5237/3/7 5238/3/7 5239/3/7
f 5239/3/7 5238/3/7 5240/3/7
f 5241/2/7 5242/2/7 5243/2/7
f 5243/2/7 5242/2/7 5244/2/7
f 5245/3/7 5246/3/7 5249/3/7
f 5249/3/7 5246/3/7 5250/3/7
f 5247/3/7 5248/3/7 5251/3/7
f 5251/3/7 5248/3/7 5252/3/7
f 5253/3/7 5254/3/7 5255/3/7
f 5255/3/7 5254/3/7 5256/3/7
f 5257/3/7 5258/3/7 5259/3/7
f 5259/3/7 5258/3/7 5260/3/7
f 5261/3/7 5262/3/7 5265/3/7
f 5265/3/7 5262/3/7 5266/3/7
f 5263/3/7 5264/3/7 5267/3/7
f 5267/3/7 5264/3/7 5268/3/7
f 5269/3/7 5270/3/7 5271/3/7
f 5271/3/7 5270/3/7 5272/3/7
f 5273/3/7 5274/3/7 5275/3/7
f 5275/3/7 5274/3/7 5276/3/7
f 5277/3/7 5278/3/7 5279/3/7
f 5279/3/7 5278/3/7 5280/3/7
f 5281/3/7 5282/3/7 5283/3/7
f 5283/3/7 5282/3/7 5284/3/7
f 5285/3/7 5286/3/7 5289/3/7
f 5289/3/7 5286/3/7 5290/3/7
f 5287/3/7 5288/3/7 5291/3/7
f 5291/3/7 5288/3/7 5292/3/7
f 5293/2/7 5294/2/7 5295/2/7
f 5295/2/7 5294/2/7 5296/2/7
f 5297/3/7 5298/3/7 5299/3/7
f 5299/3/7 5298/3/7 5300/3/7
f 5301/2/7 5302/2/7 5305/2/7
f 5305/2/7 5302/2/7 5306/2/7
f 5303/3/7 5304/3/7 5307/3/7
f 5307/3/7 5304/3/7 5308/3/7
f 5309/3/7 5310/3/7 5313/3/7
f 5313/3/7 5310/3/7 5314/3/7
f 5311/3/7 5312/3/7 5315/3/7
f 5315/3/7 5312/3/7 5316/3/7
f 5317/3/7 5318/3/7 5319/3/7
f 5319/3/7 5318/3/7 5320/3/7
f 5321/3/7 5322/3/7 5323/3/7
f 5323/3/7 5322/3/7 5324/3/7
f 5325/3/7 5326/3/7 5327/3/7
f 5327/3/7 5326/3/7 5328/3/7
f 5329/2/7 5330/2/7 5331/2/7
f 5331/2/7 5330/2/7 5332/2/7
f 5333/3/7 5334/3/7 5335/3/7
f 5335/3/7 5334/3/7 5336/3/7
f 5337/3/7 5338/3/7 5339/3/7
f 5339/3/7 5338/3/7 5340/3/7
f 5341/3/7 5342/3/7 5345/3/7
f 5345/3/7 5342/3/7 5346/3/7
f 5343/3/7 5344/3/7 5347/3/7
f 5347/3/7 5344/3/7 5348/3/7
f 5349/3/7 5350/3/7 5351/3/7
f 5351/3/7 5350/3/7 5352/3/7
f 5353/2/7 5354/2/7 5355/2/7
f 5355/2/7 5354/2/7 5356/2/7
f 5357/3/7 5358/3/7 5359/3/7
f 5359/3/7 5358/3/7 5360/3/7
f 5361/3/7 5362/3/7 5365/3/7
f 5365/3/7 5362/3/7 5366/3/7
f 5363/3/7 5364/3/7 5367/3/7
f 5367/3/7 5364/3/7 5368/3/7
f 5369/3/7 5370/3/7 5371/3/7
f 5371/3/7 5370/3/7 5372/3/7
f 5374/5/7 5375/5/7 5377/5/7
f 5377/5/7 5375/5/7 5378/5/7
f 5380/5/7 5381/5/7 5383/5/7
f 5383/5/7 5381/5/7 5384/5/7
f 5385/3/7 5386/3/7 5387/3/7
f 5387/3/7 5386/3/7 5388/3/7
f 5389/3/7 5390/3/7 5393/3/7
f 5393/3/7 5390/3/7 5394/3/7
f 5391/3/7 5392/3/7 5395/3/7
f 5395/3/7 5392/3/7 5396/3/7
f 5397/3/7 5398/3/7 5401/3/7
f 5401/3/7 5398/3/7 5402/3/7
f 5399/3/7 5400/3/7 5403/3/7
f 5403/3/7 5400/3/7 5404/3/7
f 5405/3/7 5406/3/7 5407/3/7
f 5407/3/7 5406/3/7 5408/3/7
f 5409/3/7 5410/3/7 5413/3/7
f 5413/3/7 5410/3/7 5414/3/7
f 5411/3/7 5412/3/7 5415/3/7
f 5415/3/7 5412/3/7 5416/3/7
f 5417/2/7 5418/2/7 5419/2/7
f 5419/2/7 5418/2/7 5420/2/7
f 5421/3/7 5422/3/7 5423/3/7
f 5423/3/7 5422/3/7 5424/3/7
f 5425/3/7 5426/3/7 5429/3/7
f 5429/3/7 5426/3/7 5430/3/7
f 5427/3/7 5428/3/7 5431/3/7
f 5431/3/7 5428/3/7 5432/3/7
f 5433/3/7 5434/3/7 5437/3/7
f 5437/3/7 5434/3/7 5438/3/7
f 5435/3/7 5436/3/7 5439/3/7
f 5439/3/7 5436/3/7 5440/3/7
f 5441/3/7 5442/3/7 5443/3/7
f 5443/3/7 5442/3/7 5444/3/7
f 5445/2/7 5446/2/7 5447/2/7
f 5447/2/7 5446/2/7 5448/2/7
f 5445/2/7 5447/2/7 5449/2/7
f 5449/2/7 5447/2/7 5450/2/7
f 5451/3/7 5452/3/7 5455/3/7
f 5455/3/7 5452/3/7 5456/3/7
f 5453/3/7 5454/3/7 5457/3/7
f 5457/3/7 5454/3/7 5458/3/7
f 5459/2/7 5460/2/7 5461/2/7
f 5461/2/7 5460/2/7 5462/2/7
f 5463/3/7 5464/3/7 5465/3/7
f 5465/3/7 5464/3/7 5466/3/7
f 5463/3/7 5465/3/7 5467/3/7
f 5466/3/7 5464/3/7 5468/3/7
f 5463/3/7 5467/3/7 5469/3/7
f 5467/3/7 5468/3/7 5469/3/7
f 5468/3/7 5464/3/7 5470/3/7
f 5469/3/7 5468/3/7 5470/3/7
f 5471/3/7 5472/3/7 5473/3/7
f 5471/3/7 5473/3/7 5474/3/7
f 5473/3/7 5472/3/7 5475/3/7
f 5471/7/7 5474/7/7 5476/7/7
f 5476/3/7 5474/3/7 5477/3/7
f 5475/3/7 5472/3/7 5478/3/7
f 5475/3/7 5478/3/7 5477/3/7
f 5476/3/7 5477/3/7 5478/3/7
f 5479/2/7 5480/2/7 5481/2/7
f 5481/2/7 5480/2/7 5482/2/7
f 5482/2/7 5480/2/7 5483/2/7
f 5483/2/7 5480/2/7 5484/2/7
f 5485/2/7 5486/2/7 5487/2/7
f 5485/2/7 5487/2/7 5491/2/7
f 5487/2/7 5488/2/7 5491/2/7
f 5491/2/7 5488/2/7 5492/2/7
f 5489/2/7 5490/2/7 5493/2/7
f 5493/2/7 5490/2/7 5494/2/7
f 5495/2/7 5496/2/7 5497/2/7
f 5497/2/7 5496/2/7 5498/2/7
f 5499/4/7 5500/4/7 5501/4/7
f 5501/4/7 5500/4/7 5502/4/7
f 5502/4/7 5500/4/7 5503/4/7
f 5503/4/7 5500/4/7 5504/4/7
f 5499/4/7 5501/4/7 5505/4/7
f 5505/4/7 5501/4/7 5506/4/7
f 5504/4/7 5500/4/7 5507/4/7
f 5507/4/7 5500/4/7 5508/4/7
f 5499/4/7 5505/4/7 5509/4/7
f 5502/4/7 5503/4/7 5510/4/7
f 5510/4/7 5503/4/7 5511/4/7
f 5508/4/7 5500/4/7 5512/4/8
f 5511/4/7 5512/4/8 5513/4/7
f 5499/4/7 5509/4/7 5513/4/7
f 5510/4/7 5511/4/7 5513/4/7
f 5509/4/7 5510/4/7 5513/4/7
f 5513/4/7 5512/4/8 5514/4/7
f 5514/4/7 5512/4/8 5515/4/7
f 5515/4/7 5512/4/8 5516/4/7
f 5512/4/8 5500/4/7 5516/4/7
f 5499/4/7 5513/4/7 5517/4/7
f 5514/4/7 5515/4/7 5519/4/7
f 5516/4/7 5500/4/7 5521/4/7
f 5517/4/7 5518/4/7 5522/4/7
f 5519/4/7 5515/4/7 5523/4/7
f 5520/4/7 5521/4/7 5524/4/7
f 5517/4/7 5522/4/7 5525/4/7
f 5523/4/7 5524/4/7 5525/4/7
f 5499/4/7 5517/4/7 5525/4/7
f 5519/4/7 5523/4/7 5525/4/7
f 5522/4/7 5519/4/7 5525/4/7
f 5524/4/7 5521/4/7 5526/4/7
f 5525/4/7 5524/4/7 5526/4/7
f 5521/4/7 5500/4/7 5526/4/7
f 5527/2/7 5528/2/7 5529/2/7
f 5529/2/7 5528/2/7 5530/2/7
f 5531/2/7 5532/2/7 5533/2/7
f 5533/2/7 5532/2/7 5534/2/7
f 5535/3/7 5536/3/7 5537/3/7
f 5537/3/7 5536/3/7 5538/3/7
f 5539/3/7 5540/3/7 5542/3/7
f 5542/3/7 5540/3/7 5543/3/7
f 5545/3/7 5546/3/7 5547/3/7
f 5547/3/7 5546/3/7 5548/3/7
f 5549/2/7 5550/2/7 5551/2/7
f 5551/2/7 5550/2/7 5552/2/7
f 5553/2/7 5554/2/7 5555/2/7
f 5555/2/7 5554/2/7 5556/2/7
f 5557/1/7 5558/1/7 5560/1/7
f 5560/1/7 5558/1/7 5561/1/7
f 5561/1/7 5558/1/7 5562/1/7
f 5562/1/7 5558/1/7 5563/1/7
f 5559/1/7 5560/1/7 5565/1/7
f 5560/1/7 5561/1/7 5565/1/7
f 5565/1/7 5561/1/7 5566/1/7
f 5563/1/7 5564/1/7 5567/1/7
f 5562/1/7 5563/1/7 5567/1/7
f 5567/1/7 5564/1/7 5568/1/7
f 5559/1/7 5565/1/7 5569/1/7
f 5568/1/7 5564/1/7 5572/1/9
f 5569/1/7 5570/1/7 5573/1/7
f 5559/1/7 5569/1/7 5573/1/7
f 5573/1/7 5570/1/7 5574/1/7
f 5571/1/7 5572/1/9 5575/1/7
f 5572/1/9 5564/1/7 5576/1/7
f 5575/1/7 5572/1/9 5576/1/7
f 5576/1/7 5564/1/7 5577/1/7
f 5574/1/7 5575/1/7 5578/1/7
f 5575/1/7 5576/1/7 5578/1/7
f 5578/1/7 5576/1/7 5579/1/7
f 5580/5/7 5581/5/7 5583/5/7
f 5583/5/7 5581/5/7 5584/5/7
f 5582/5/7 5583/5/7 5586/5/7
f 5586/5/7 5583/5/7 5587/5/7
f 5584/5/7 5585/5/7 5588/5/7
f 5588/5/7 5585/5/7 5589/5/7
f 5587/5/7 5588/5/7 5590/5/7
f 5590/5/7 5588/5/7 5591/5/7
f 5592/4/7 5593/4/7 5594/4/7
f 5594/4/7 5593/4/7 5595/4/7
l 8 12
l 1098 1099
l 1134 1135
l 1150 1151
l 1173 1174
l 1177 1178
l 1182 1183
l 1197 1198
l 1201 1202
l 1206 1207
l 1210 1211
l 1222 1223
l 1760 1761
l 1901 1902
l 2145 2168
l 2484 2498
l 2490 2504
l 2515 2516
l 2565 2566
l 2571 2572
l 2636 2651
l 2641 2656
l 2646 2661
l 2905 2927
l 3078 3081
l 3084 3099
l 3118 3130
l 3124 3136
l 3156 3168
l 3162 3174
l 4423 4424
l 4483 4484
l 4503 4504
l 4601 4604
l 4619 4620
l 414 415
l 541 542
l 545 546
l 569 570
l 573 574
l 690 691
l 999 1000
l 1355 1356
l 2325 2326
l 2403 2406
l 2409 2424
l 2451 2463
l 3365 3382
l 3370 3387
l 3375 3392
l 3743 3746
l 3833 3838
l 4688 4689
l 1108 1109
l 2154 2177
l 2491 2505
l 2637 2652
l 2647 2662
l 2906 2928
l 3074 3075
l 3125 3137
l 3163 3175
l 3187 3190
l 3193 3208
l 4425 4426
l 4485 4486
l 4505 4506
l 4537 4538
l 4565 4566
l 4621 4622
l 4749 4752
l 4837 4844
l 361 362
l 510 511
l 521 522
l 538 539
l 543 544
l 547 548
l 551 552
l 562 563
l 566 567
l 571 572
l 575 576
l 2441 2453
l 2447 2459
l 2452 2464
l 2818 2819
l 3050 3051
l 3299 3300
l 3371 3388
l 3376 3393
l 4196 4204
l 4690 4691
l 404 407
l 1141 1142
l 1158 1159
l 1320 1323
l 2155 2178
l 2161 2184
l 2481 2495
l 2487 2501
l 2492 2506
l 3115 3127
l 3121 3133
l 3126 3138
l 3153 3165
l 3159 3171
l 3164 3176
l 4447 4448
l 4539 4540
l 4567 4568
l 4623 4624
l 4857 4860
l 502 503
l 692 693
l 3363 3380
l 3368 3385
l 3377 3394
l 3777 3784
l 4684 4685
l 4692 4693
l 5541 5544
l 7 11
l 1106 1107
l 1154 1155
l 1180 1181
l 1184 1185
l 1899 1900
l 2156 2179
l 2351 2352
l 2519 2522
l 2525 2540
l 2640 2655
l 2897 2919
l 3269 3270
l 3582 3629
l 4145 4153
l 4449 4450
l 4617 4618
l 4625 4626
l 5373 5376
l 5379 5382
l 279 280
l 616 617
l 622 623
l 1329 1330
l 1781 1787
l 1863 1923
l 2444 2456
l 2450 2462
l 2814 2815
l 3052 3053
l 3364 3381
l 3369 3386
l 3374 3391
l 4686 4687
