# Blender 4.4.0
# www.blender.org
mtllib tallBuilding_02_mid.mtl
o Untitled
v -0.700000 4.300000 -1.700000
v -0.400000 4.300000 -1.700000
v -1.250000 4.400000 -1.700001
v 1.250000 4.400000 -1.700001
v -0.700000 4.500000 -1.700000
v -0.400000 4.500000 -1.700000
v -1.250000 4.700000 -1.700001
v 1.250000 4.700000 -1.700001
v -1.300000 4.000000 -1.600001
v 1.300000 4.000000 -1.600001
v -0.400000 4.300000 -1.600001
v 1.200000 4.400000 -1.600001
v -0.700000 4.300000 -1.600001
v -1.400000 4.400000 -1.600000
v -1.300000 4.400000 -1.600000
v -1.200000 4.400000 -1.600000
v 1.300000 4.400000 -1.600000
v 1.400000 4.400000 -1.600000
v -0.700000 4.500000 -1.600001
v -0.400000 4.500000 -1.600000
v -1.200000 4.600000 -1.600001
v 1.200000 4.600000 -1.600000
v -1.400000 4.700000 -1.600000
v -1.300000 4.700000 -1.600000
v -1.200000 4.700000 -1.600000
v 1.200000 4.700000 -1.600000
v 1.300000 4.700000 -1.600000
v 1.400000 4.700000 -1.600000
v -1.100000 7.000000 -1.600001
v -1.000000 7.000000 -1.600001
v -1.200000 1.800000 -1.500000
v -1.000000 1.800000 -1.500000
v -0.900000 1.800000 -1.500000
v -1.200000 1.900000 -1.500000
v -1.200000 2.000000 -1.500000
v -0.900000 2.000000 -1.500000
v -1.200000 2.400000 -1.500000
v -0.900000 2.400000 -1.500000
v -0.300000 3.000000 -1.500000
v 0.000000 3.000000 -1.500000
v -0.300000 3.200000 -1.500000
v 0.000000 3.200000 -1.500000
v 0.100000 3.200000 -1.500000
v 0.400000 3.200000 -1.500000
v 0.100000 3.400000 -1.500000
v 0.400000 3.400000 -1.500000
v -1.200000 3.800000 -1.500000
v -1.000000 3.800000 -1.500000
v -0.900000 3.800000 -1.500000
v -0.500000 3.800000 -1.500000
v -0.200000 3.800000 -1.500000
v 0.200000 3.800000 -1.500000
v 0.500000 3.800000 -1.500000
v 0.900000 3.800000 -1.500000
v 1.000000 3.800000 -1.500000
v 1.200000 3.800000 -1.500000
v -1.200000 4.000000 -1.500000
v -1.000000 4.000000 -1.500000
v -0.900000 4.000000 -1.500000
v -0.500000 4.000000 -1.500000
v -0.200000 4.000000 -1.500000
v 0.200000 4.000000 -1.500000
v 0.500000 4.000000 -1.500000
v 0.900000 4.000000 -1.500000
v 1.000000 4.000000 -1.500000
v 1.200000 4.000000 -1.500000
v -1.100000 1.800000 -1.400000
v -1.000000 1.800000 -1.400000
v -0.900000 1.800000 -1.400000
v -1.100000 1.900000 -1.400000
v -1.100000 2.000000 -1.400000
v -0.900000 2.000000 -1.400000
v -1.100000 2.400000 -1.400000
v -0.900000 2.400000 -1.400000
v -0.300000 3.000000 -1.400000
v 0.000000 3.000000 -1.400000
v -0.300000 3.200000 -1.400000
v 0.000000 3.200000 -1.400000
v 0.100000 3.200000 -1.400000
v 0.400000 3.200000 -1.400000
v 0.100000 3.400000 -1.400000
v 0.400000 3.400000 -1.400000
v -1.100000 3.800000 -1.400000
v -1.000000 3.800000 -1.400000
v -0.900000 3.800000 -1.400000
v -0.500000 3.800000 -1.400000
v -0.200000 3.800000 -1.400000
v 0.200000 3.800000 -1.400000
v 0.500000 3.800000 -1.400000
v 0.900000 3.800000 -1.400000
v 1.000000 3.800000 -1.400000
v 1.100000 3.800000 -1.400000
v -1.000000 4.000000 -1.400000
v -0.900000 4.000000 -1.400000
v -0.500000 4.000000 -1.400000
v -0.200000 4.000000 -1.400000
v 0.200000 4.000000 -1.400000
v 0.500000 4.000000 -1.400000
v 0.900000 4.000000 -1.400000
v 1.000000 4.000000 -1.400000
v 1.300000 4.000000 -1.400000
v 1.400000 4.000000 -1.400000
v -1.400000 4.200000 -1.400000
v -1.300000 4.200000 -1.400000
v 1.300000 4.200000 -1.400000
v 1.400000 4.200000 -1.400000
v -1.400000 4.400000 -1.400000
v -1.300000 4.400000 -1.400000
v 0.600000 6.000000 -1.400000
v 0.900000 6.000000 -1.400000
v 0.600000 6.200000 -1.400000
v 0.900000 6.200000 -1.400000
v -1.300000 7.000000 -1.400000
v -1.200000 7.000000 -1.400000
v -1.100000 1.800000 -1.300000
v -1.200000 1.800000 -1.300000
v -1.000000 4.100000 -1.300000
v -0.200000 4.100000 -1.300000
v 0.200000 4.100000 -1.300000
v 1.000000 4.100000 -1.300000
v 0.900000 6.000000 -1.300000
v 0.600000 6.000000 -1.300000
v 0.600000 6.200000 -1.300000
v 0.900000 6.200000 -1.300000
v -1.200000 3.800000 -1.200000
v -1.100000 3.800000 -1.200000
v 1.100000 3.800000 -1.200000
v 1.200000 3.800000 -1.200000
v -1.200000 4.000000 -1.200000
v -1.100000 4.000000 -1.200000
v 1.100000 4.000000 -1.200000
v 1.200000 4.000000 -1.200000
v -0.200000 4.100000 -1.200000
v 0.200000 4.100000 -1.200000
v 1.300000 4.300000 -1.200000
v 1.400000 4.300000 -1.200000
v 1.300000 4.500000 -1.200000
v 1.400000 4.500000 -1.200000
v -0.100000 4.850000 -1.200000
v 0.100000 4.800000 -1.200000
v 0.100000 4.950000 -1.200000
v -0.100000 5.000000 -1.200000
v -0.100000 5.400000 -1.200000
v 0.100000 5.450000 -1.200000
v -0.100000 5.550000 -1.200001
v 0.100000 5.650000 -1.200001
v -0.100000 5.700000 -1.200001
v -0.100000 6.050000 -1.200001
v 0.100000 6.050000 -1.200001
v -0.100000 6.200000 -1.200001
v 0.100000 6.200000 -1.200001
v -0.100000 6.300000 -1.200001
v 0.100000 6.300000 -1.200001
v -0.100000 6.700000 -1.200001
v -1.100000 6.000000 -1.100001
v -1.000000 6.000000 -1.100001
v -1.100000 6.200000 -1.100001
v -1.000000 6.200000 -1.100001
v -1.400000 4.300000 -1.000000
v -1.300000 4.300000 -1.000000
v -1.400000 4.500000 -1.000000
v -1.300000 4.500000 -1.000000
v 1.000000 5.100000 -1.000000
v 1.100000 5.100000 -1.000000
v 1.000000 5.300000 -1.000000
v 1.100000 5.300000 -1.000000
v -1.200000 1.200000 -0.800000
v -1.100000 1.800000 -0.800000
v -1.200000 1.800000 -0.800000
v 1.100000 3.100000 -0.800000
v 1.200000 3.100000 -0.800000
v 1.100000 3.300000 -0.800000
v 1.200000 3.300000 -0.800000
v -1.300000 1.900000 -0.700000
v -1.200000 1.900000 -0.700000
v -1.400000 1.900000 -0.700000
v -1.100000 1.900000 -0.700000
v -1.400000 2.000000 -0.700000
v -1.250000 2.000000 -0.700000
v -1.100000 2.000000 -0.700000
v -1.400000 3.600000 -0.700000
v -1.250000 3.600000 -0.700000
v -1.100000 3.600000 -0.700000
v -1.400000 3.700000 -0.700000
v -1.100000 3.700000 -0.700000
v -1.000000 1.900000 -0.600000
v -0.900000 1.900000 -0.600000
v -1.000000 2.100000 -0.600000
v -0.900000 2.100000 -0.600000
v -1.000000 3.600000 -0.600000
v -0.900000 3.600000 -0.600000
v -1.200000 3.800000 -0.500000
v -1.100000 3.800000 -0.500000
v 1.100000 3.800000 -0.500000
v 1.200000 3.800000 -0.500000
v -1.100000 4.000000 -0.500000
v 1.100000 4.000000 -0.500000
v 1.200000 4.000000 -0.500000
v -1.200000 4.000000 -0.500000
v -1.200000 2.100000 -0.400000
v -1.100000 2.100000 -0.400000
v -1.200000 2.200000 -0.400000
v -1.100000 2.200000 -0.400000
v -1.000000 1.100000 -0.100000
v -1.100000 1.800000 -0.100000
v -1.000000 1.250000 -0.100000
v -0.900000 1.200000 -0.100000
v -0.900000 1.300000 -0.100000
v -1.000000 1.400000 -0.100000
v -0.900000 1.400000 -0.100000
v -1.000000 1.500000 -0.100000
v -0.900000 1.500000 -0.100000
v -1.000000 1.600000 -0.100000
v -0.900000 1.600000 -0.100000
v -1.000000 1.750000 -0.100000
v -0.900000 1.750000 -0.100000
v -1.200000 1.800000 -0.100000
v -1.200000 1.900000 -0.100000
v -1.000000 1.900000 -0.100000
v -1.100000 2.200000 -0.100000
v -0.900000 2.250000 -0.100000
v -1.000000 2.300000 -0.100000
v -1.000000 2.450000 -0.100000
v -0.900000 2.450000 -0.100000
v -1.000000 2.600000 -0.100000
v -0.900000 2.600000 -0.100000
v -1.000000 2.750000 -0.100000
v -0.900000 2.700000 -0.100000
v -0.900000 2.800000 -0.100000
v -1.000000 2.950000 -0.100000
v -0.900000 2.900000 -0.100000
v -0.900000 3.050000 -0.100000
v -1.000000 3.100000 -0.100000
v -1.000000 3.250000 -0.100000
v -0.900000 3.250000 -0.100000
v -1.000000 3.400000 -0.100000
v -0.900000 3.450000 -0.100000
v -1.000000 3.550000 -0.100000
v -1.100000 3.600000 -0.100000
v -1.000000 5.100000 -0.100000
v -0.900000 5.150000 -0.100000
v 0.900000 5.150000 -0.100000
v 1.000000 5.100000 -0.100000
v -0.800000 5.200000 -0.100000
v 0.800000 5.200000 -0.100000
v -0.900000 5.350000 -0.100000
v -0.800000 5.300000 -0.100000
v 0.800000 5.300000 -0.100000
v 0.900000 5.300000 -0.100000
v -0.800000 5.450000 -0.100000
v 0.800000 5.450000 -0.100000
v 0.900000 5.450000 -0.100000
v -0.900000 5.500000 -0.100000
v -0.900000 5.650000 -0.100000
v -0.800000 5.650000 -0.100000
v 0.800000 5.650000 -0.100000
v 0.900000 5.650000 -0.100000
v -0.900000 5.850000 -0.100000
v -0.800000 5.850000 -0.100000
v 0.800000 5.850000 -0.100000
v 0.900000 5.850000 -0.100000
v -0.900000 6.000000 -0.100000
v -0.800000 6.050000 -0.100000
v 0.800000 6.050000 -0.100000
v -0.900000 6.150000 -0.100000
v -0.800000 6.200000 -0.100000
v -0.900000 6.350000 -0.100000
v -0.800000 6.300000 -0.100000
v -1.200000 1.900000 -0.000000
v -1.300000 1.900000 -0.000000
v -1.250000 2.000000 -0.000000
v -1.250000 3.600000 -0.000000
v -1.200000 1.200000 0.100000
v -1.100000 1.200000 0.100000
v -1.200000 1.800000 0.100000
v -1.100000 1.800000 0.100000
v -1.200000 3.100000 0.200000
v -1.100000 3.100000 0.200000
v -1.200000 3.300000 0.200000
v -1.100000 3.300000 0.200000
v -1.200000 3.800000 0.200000
v -1.100000 3.800000 0.200000
v 1.100000 3.800000 0.200000
v 1.200000 3.800000 0.200000
v -1.200000 4.000000 0.200000
v -1.100000 4.000000 0.200000
v 1.100000 4.000000 0.200000
v 1.200000 4.000000 0.200000
v -1.100000 5.300000 0.200000
v -1.000000 5.300000 0.200000
v -1.100000 5.500000 0.200000
v -1.000000 5.500000 0.200000
v -1.200000 2.600000 0.400000
v -1.100000 2.600000 0.400000
v -1.000000 2.600000 0.400000
v -0.800000 2.600000 0.400000
v -1.200000 3.000000 0.400000
v -1.100000 3.000000 0.400000
v -1.000000 3.000000 0.400000
v -0.800000 3.000000 0.400000
v -0.200000 4.100000 0.500000
v 0.200000 4.100000 0.500000
v 1.000000 4.700000 0.500000
v 1.100000 4.700000 0.500000
v -0.100000 4.850000 0.500000
v 0.100000 4.800000 0.500000
v 0.100000 4.950000 0.500000
v -0.100000 5.000000 0.500000
v 1.000000 5.000000 0.500000
v 1.100000 5.000000 0.500000
v -0.100000 5.450000 0.500000
v 0.100000 5.450000 0.500000
v -0.100000 5.650000 0.500000
v 0.100000 5.650000 0.500000
v -1.200000 1.200000 0.600000
v -1.100000 1.200000 0.600000
v -0.200000 1.750000 0.600000
v -0.100000 1.700000 0.600000
v 0.100000 1.700000 0.600000
v 0.200000 1.750000 0.600000
v -1.200000 1.800000 0.600000
v -1.100000 1.800000 0.600000
v -0.100000 1.800000 0.600000
v 0.100000 1.800000 0.600000
v -0.200000 2.250000 0.600000
v -0.100000 2.200000 0.600000
v 0.100000 2.200000 0.600000
v 0.200000 2.250000 0.600000
v -0.100000 2.300000 0.600000
v 0.100000 2.300000 0.600000
v -0.200000 2.700000 0.600000
v -0.100000 2.700000 0.600000
v 0.100000 2.700000 0.600000
v 0.200000 2.700000 0.600000
v -0.300000 2.800000 0.600000
v -0.100000 2.800000 0.600000
v 0.100000 2.800000 0.600000
v 0.300000 2.800000 0.600000
v -0.100000 3.000000 0.600000
v 0.100000 3.000000 0.600000
v -0.800000 4.100000 0.600000
v -0.200000 4.100000 0.600000
v 0.200000 4.100000 0.600000
v 0.800000 4.100000 0.600000
v 1.300000 4.100000 0.600000
v 1.400000 4.100000 0.600000
v 1.300000 4.400000 0.600000
v 1.400000 4.400000 0.600000
v -1.000000 2.600000 0.700000
v 0.300000 2.800000 0.700000
v -0.800000 2.600000 0.700000
v -0.300000 2.800000 0.700000
v -0.100000 2.800000 0.700000
v 0.100000 2.800000 0.700000
v -0.100000 3.000000 0.700000
v 0.100000 3.000000 0.700000
v -1.000000 3.000000 0.700000
v -0.800000 3.000000 0.700000
v -1.000000 4.000000 0.700000
v 1.000000 4.000000 0.700000
v -1.200000 3.800000 0.700000
v -1.100000 3.800000 0.700000
v 1.100000 3.800000 0.700000
v 1.200000 3.800000 0.700000
v -1.200000 4.000000 0.700000
v -1.100000 4.000000 0.700000
v 1.100000 4.000000 0.700000
v 1.200000 4.000000 0.700000
v -1.400000 4.100000 0.800000
v -1.300000 4.100000 0.800000
v -1.400000 4.400000 0.800000
v -1.300000 4.400000 0.800000
v -1.200000 4.100000 0.900000
v 1.200000 4.100000 0.900000
v 1.200000 4.600000 0.900000
v -1.400000 4.400000 0.900000
v -1.300000 4.400000 0.900000
v 1.300000 4.400000 0.900000
v 1.400000 4.400000 0.900000
v -1.300000 4.600000 0.900000
v -1.200000 4.600000 0.900000
v 1.300000 4.650000 0.900000
v -1.400000 4.700000 0.900000
v -1.300000 4.700000 0.900000
v 1.400000 4.700000 0.900000
v -1.200000 4.100000 -1.500000
v 1.200000 4.100000 -1.500000
v -1.200000 4.600000 -1.500000
v 1.200000 4.600000 -1.500000
v -1.400000 4.400000 -1.500000
v -1.300000 4.400000 -1.500000
v 1.300000 4.400000 -1.500000
v 1.400000 4.400000 -1.500000
v -1.300000 4.600000 -1.500000
v 1.300000 4.650000 -1.500000
v -1.400000 4.700000 -1.500000
v -1.300000 4.700000 -1.500000
v 1.400000 4.700000 -1.500000
v -1.100000 7.000000 -1.500000
v -1.000000 7.000000 -1.500000
v -1.000000 2.000000 -1.300000
v -0.900000 2.000000 -1.300000
v -1.000000 2.400000 -1.300000
v -0.900000 2.400000 -1.300000
v -1.000000 4.000000 -1.300000
v 1.000000 4.000000 -1.300000
v -1.200000 3.800000 -1.300000
v -1.100000 3.800000 -1.300000
v 1.100000 3.800000 -1.300000
v 1.200000 3.800000 -1.300000
v -1.100000 4.000000 -1.300000
v 1.100000 4.000000 -1.300000
v 1.200000 4.000000 -1.300000
v -1.200000 4.000000 -1.300000
v -1.300000 7.000000 -1.300000
v -1.200000 1.800000 -1.200000
v -1.100000 1.800000 -1.200000
v -0.800000 4.100000 -1.200000
v -0.200000 4.100000 -1.200000
v 0.200000 4.100000 -1.200000
v 0.800000 4.100000 -1.200000
v 1.300000 4.000000 -1.100001
v 1.400000 4.000000 -1.100000
v -0.200000 4.100000 -1.100000
v 0.200000 4.100000 -1.100000
v -1.400000 4.200000 -1.100000
v -1.300000 4.200000 -1.100000
v 1.300000 4.200000 -1.100000
v 1.400000 4.200000 -1.100000
v -1.400000 4.400000 -1.100000
v -1.300000 4.400000 -1.100000
v -0.100000 4.800000 -1.100000
v 0.100000 4.850000 -1.100001
v -0.100000 4.950000 -1.100001
v 0.100000 5.000000 -1.100000
v -0.100000 5.450000 -1.100001
v 0.100000 5.400000 -1.100000
v 0.100000 5.550000 -1.100001
v -0.100000 5.650000 -1.100001
v 0.100000 5.700000 -1.100001
v -0.100000 6.050000 -1.100001
v 0.100000 6.050000 -1.100001
v -0.100000 6.200000 -1.100001
v 0.100000 6.200000 -1.100001
v -0.100000 6.300000 -1.100001
v 0.100000 6.300000 -1.100001
v -1.200000 2.000000 -1.000000
v -1.100000 2.000000 -1.000000
v -1.000000 2.000000 -1.000000
v -0.900000 2.000000 -1.000000
v -1.200000 2.400000 -1.000000
v -1.100000 2.400000 -1.000000
v -1.000000 2.400000 -1.000000
v -0.900000 2.400000 -1.000000
v 1.300000 4.300000 -0.900000
v 1.400000 4.300000 -0.900000
v 1.300000 4.500000 -0.900000
v 1.400000 4.500000 -0.900000
v -1.200000 3.800000 -0.800000
v -1.100000 3.800000 -0.800000
v 1.100000 3.800000 -0.800000
v 1.200000 3.800000 -0.800000
v -1.200000 4.000000 -0.800000
v -1.100000 4.000000 -0.800000
v 1.100000 4.000000 -0.800000
v 1.200000 4.000000 -0.800000
v -1.100000 6.000000 -0.800000
v -1.000000 6.000000 -0.800000
v -1.100000 6.200000 -0.800000
v -1.000000 6.200000 -0.800000
v -1.200000 1.300000 -0.700000
v -1.100000 1.300000 -0.700000
v -1.200000 1.900000 -0.700000
v -1.100000 1.900000 -0.700000
v -1.400000 4.300000 -0.700000
v -1.300000 4.300000 -0.700000
v -1.400000 4.500000 -0.700000
v -1.300000 4.500000 -0.700000
v 1.000000 5.100000 -0.700000
v 1.100000 5.100000 -0.700000
v 1.000000 5.300000 -0.700000
v 1.100000 5.300000 -0.700000
v -1.200000 1.250000 -0.600000
v -1.100000 1.250000 -0.600000
v -1.300000 1.900000 -0.600000
v -1.200000 1.900000 -0.600000
v -1.250000 2.000000 -0.600000
v -1.250000 3.600000 -0.600000
v -1.100000 1.900000 -0.500000
v -1.000000 1.250000 -0.500000
v -0.900000 1.300000 -0.500000
v -1.000000 1.400000 -0.500000
v -0.900000 1.400000 -0.500000
v -1.000000 1.500000 -0.500000
v -0.900000 1.500000 -0.500000
v -1.000000 1.600000 -0.500000
v -0.900000 1.600000 -0.500000
v -1.000000 1.750000 -0.500000
v -0.900000 1.750000 -0.500000
v -1.000000 1.900000 -0.500000
v -1.100000 2.200000 -0.500000
v -0.900000 2.200000 -0.500000
v -1.000000 2.300000 -0.500000
v -0.900000 2.300000 -0.500000
v -1.000000 2.450000 -0.500000
v -0.900000 2.450000 -0.500000
v -1.000000 2.600000 -0.500000
v -0.900000 2.600000 -0.500000
v -1.000000 2.750000 -0.500000
v -0.900000 2.700000 -0.500000
v -0.900000 2.800000 -0.500000
v -1.000000 2.900000 -0.500000
v -0.900000 2.900000 -0.500000
v -1.000000 3.050000 -0.500000
v -0.900000 3.050000 -0.500000
v 1.100000 3.100000 -0.500000
v 1.200000 3.100000 -0.500000
v -1.000000 3.250000 -0.500000
v -0.900000 3.250000 -0.500000
v 1.100000 3.300000 -0.500000
v 1.200000 3.300000 -0.500000
v -1.000000 3.450000 -0.500000
v -0.900000 3.450000 -0.500000
v -1.100000 3.600000 -0.500000
v -1.000000 3.600000 -0.500000
v -1.000000 5.100000 -0.500000
v -0.900000 5.150000 -0.500000
v 0.900000 5.150000 -0.500000
v 1.000000 5.100000 -0.500000
v -0.800000 5.200000 -0.500000
v 0.800000 5.200000 -0.500000
v -0.900000 5.350000 -0.500000
v -0.800000 5.300000 -0.500000
v 0.800000 5.300000 -0.500000
v 0.900000 5.300000 -0.500000
v -0.800000 5.450000 -0.500000
v 0.800000 5.450000 -0.500000
v 0.900000 5.450000 -0.500000
v -0.900000 5.550000 -0.500000
v -0.800000 5.650000 -0.500000
v 0.800000 5.650000 -0.500000
v 0.900000 5.650000 -0.500000
v -0.900000 5.700000 -0.500000
v -0.900000 5.850000 -0.500000
v -0.800000 5.850000 -0.500000
v 0.800000 5.850000 -0.500000
v 0.900000 5.850000 -0.500000
v -0.900000 6.050000 -0.500000
v -0.800000 6.050000 -0.500000
v 0.800000 6.050000 -0.500000
v 0.900000 6.000000 -0.500000
v 0.900000 6.150000 -0.500000
v -0.900000 6.200000 -0.500000
v -0.800000 6.200000 -0.500000
v 0.800000 6.200000 -0.500000
v -0.900000 6.350000 -0.500000
v -0.800000 6.300000 -0.500000
v -0.800000 6.450000 -0.500000
v -0.900000 6.550000 -0.500000
v -1.200000 2.100000 -0.200000
v -1.100000 2.100000 -0.200000
v -1.200000 2.200000 -0.200000
v -1.100000 2.200000 -0.200000
v -1.200000 3.800000 -0.100000
v -1.100000 3.800000 -0.100000
v 1.100000 3.800000 -0.100000
v 1.200000 3.800000 -0.100000
v -1.200000 4.000000 -0.100000
v -1.100000 4.000000 -0.100000
v 1.100000 4.000000 -0.100000
v 1.200000 4.000000 -0.100000
v -1.000000 1.900000 -0.000000
v -0.900000 1.900000 -0.000000
v -1.000000 2.100000 -0.000000
v -0.900000 2.100000 -0.000000
v -1.000000 3.600000 -0.000000
v -0.900000 3.600000 -0.000000
v -1.400000 0.800000 0.100000
v -1.200000 1.900000 0.100000
v -1.400000 1.900000 0.100000
v -1.300000 1.900000 0.100000
v -1.100000 1.900000 0.100000
v -1.400000 2.000000 0.100000
v -1.250000 2.000000 0.100000
v -1.100000 2.000000 0.100000
v -1.400000 3.600000 0.100000
v -1.250000 3.600000 0.100000
v -1.100000 3.600000 0.100000
v -1.400000 3.700000 0.100000
v -1.100000 3.700000 0.100000
v -1.200000 1.200000 0.200000
v -1.100000 1.200000 0.200000
v -1.100000 1.800000 0.200000
v -1.200000 1.800000 0.200000
v -1.200000 3.100000 0.500000
v -1.100000 3.100000 0.500000
v -1.200000 3.300000 0.500000
v -1.100000 3.300000 0.500000
v -1.100000 5.300000 0.500000
v -1.000000 5.300000 0.500000
v -1.100000 5.500000 0.500000
v -1.000000 5.500000 0.500000
v -1.200000 3.800000 0.600000
v -1.100000 3.800000 0.600000
v 1.100000 3.800000 0.600000
v 1.200000 3.800000 0.600000
v -1.200000 4.000000 0.600000
v -1.100000 4.000000 0.600000
v 1.100000 4.000000 0.600000
v 1.200000 4.000000 0.600000
v -0.200000 4.100000 0.600000
v 0.200000 4.100000 0.600000
v -0.100000 4.850000 0.600000
v 0.100000 4.800000 0.600000
v 0.100000 4.950000 0.600000
v -0.100000 5.000000 0.600000
v -0.100000 5.450000 0.600000
v 0.100000 5.400000 0.600000
v 0.100000 5.550000 0.600000
v -0.100000 5.650000 0.600000
v 0.100000 5.700000 0.600000
v -1.200000 1.200000 0.700000
v -1.100000 1.200000 0.700000
v -1.100000 1.800000 0.700000
v -0.200000 1.700000 0.700000
v -0.100000 1.700000 0.700000
v 0.100000 1.700000 0.700000
v 0.200000 1.750000 0.700000
v -1.200000 1.800000 0.700000
v -0.300000 1.800000 0.700000
v -0.200000 1.800000 0.700000
v -0.100000 1.800000 0.700000
v 0.100000 1.800000 0.700000
v 0.300000 2.800000 0.700000
v -0.200000 2.250000 0.700000
v -0.100000 2.200000 0.700000
v 0.100000 2.200000 0.700000
v 0.200000 2.250000 0.700000
v -0.100000 2.300000 0.700000
v 0.100000 2.300000 0.700000
v -0.200000 2.700000 0.700000
v -0.100000 2.700000 0.700000
v 0.100000 2.700000 0.700000
v 0.200000 2.700000 0.700000
v -0.300000 2.800000 0.700000
v -0.100000 2.800000 0.700000
v 0.100000 2.800000 0.700000
v -0.100000 3.000000 0.700000
v 0.100000 3.000000 0.700000
v -1.000000 4.100000 0.700000
v -0.200000 4.100000 0.700000
v 0.200000 4.100000 0.700000
v 1.000000 4.100000 0.700000
v 0.600000 4.700000 0.700000
v 1.000000 4.700000 0.700000
v -1.000000 4.850000 0.700000
v 0.600000 5.000000 0.700000
v 1.000000 5.000000 0.700000
v -1.000000 1.200000 0.800000
v -0.900000 1.200000 0.800000
v -0.500000 1.200000 0.800000
v -0.400000 1.200000 0.800000
v -0.300000 1.800000 0.800000
v -1.100000 1.800000 0.800000
v -1.000000 1.800000 0.800000
v -0.900000 1.800000 0.800000
v -0.500000 1.800000 0.800000
v 0.500000 1.800000 0.800000
v -0.400000 1.800000 0.800000
v 0.300000 1.800000 0.800000
v 0.400000 1.800000 0.800000
v -1.100000 1.900000 0.800000
v -0.300000 1.900000 0.800000
v 0.300000 1.900000 0.800000
v -1.100000 2.600000 0.800000
v -0.800000 2.600000 0.800000
v -0.300000 2.800000 0.800000
v -0.100000 2.800000 0.800000
v 0.100000 2.800000 0.800000
v 0.300000 2.800000 0.800000
v -0.100000 3.000000 0.800000
v 0.100000 3.000000 0.800000
v 0.500000 3.000000 0.800000
v 0.800000 3.000000 0.800000
v -1.100000 3.000000 0.800000
v -0.800000 3.000000 0.800000
v 0.200000 3.300000 0.800000
v 0.500000 3.200000 0.800000
v 0.800000 3.200000 0.800000
v 0.500000 3.300000 0.800000
v 0.200000 3.500000 0.800000
v 0.500000 3.500000 0.800000
v -0.500000 3.800000 0.800000
v -0.200000 3.800000 0.800000
v 0.200000 3.800000 0.800000
v 0.500000 3.800000 0.800000
v 0.900000 3.800000 0.800000
v 1.000000 3.800000 0.800000
v 1.100000 3.800000 0.800000
v -1.100000 3.800000 0.800000
v -1.000000 3.800000 0.800000
v -0.900000 3.800000 0.800000
v -1.000000 4.000000 0.800000
v -0.900000 4.000000 0.800000
v -0.500000 4.000000 0.800000
v -0.200000 4.000000 0.800000
v 0.200000 4.000000 0.800000
v 0.500000 4.000000 0.800000
v 0.900000 4.000000 0.800000
v 1.000000 4.000000 0.800000
v 0.600000 4.700000 0.800000
v 1.100000 4.700000 0.800000
v 0.600000 5.000000 0.800000
v 1.100000 5.000000 0.800000
v -1.000000 1.200000 0.900000
v -0.900000 1.200000 0.900000
v -0.500000 1.200000 0.900000
v -0.400000 1.200000 0.900000
v -1.200000 1.800000 0.900000
v -1.000000 1.800000 0.900000
v -0.900000 1.800000 0.900000
v -0.500000 1.800000 0.900000
v -0.400000 1.800000 0.900000
v -0.300000 1.800000 0.900000
v 0.300000 1.800000 0.900000
v 0.400000 1.800000 0.900000
v 0.500000 1.800000 0.900000
v -1.200000 1.900000 0.900000
v -0.300000 1.900000 0.900000
v 0.300000 1.900000 0.900000
v -1.200000 2.600000 0.900000
v -0.800000 2.600000 0.900000
v -1.200000 3.000000 0.900000
v -0.800000 3.000000 0.900000
v 0.500000 3.000000 0.900000
v 0.800000 3.000000 0.900000
v 0.500000 3.200000 0.900000
v 0.800000 3.200000 0.900000
v 0.200000 3.300000 0.900000
v 0.500000 3.300000 0.900000
v 0.200000 3.500000 0.900000
v 0.500000 3.500000 0.900000
v -1.200000 3.800000 0.900000
v -1.000000 3.800000 0.900000
v -0.900000 3.800000 0.900000
v -0.500000 3.800000 0.900000
v -0.200000 3.800000 0.900000
v 0.200000 3.800000 0.900000
v 0.500000 3.800000 0.900000
v 0.900000 3.800000 0.900000
v 1.000000 3.800000 0.900000
v 1.200000 3.800000 0.900000
v -1.200000 4.000000 0.900000
v -1.000000 4.000000 0.900000
v -0.900000 4.000000 0.900000
v -0.500000 4.000000 0.900000
v -0.200000 4.000000 0.900000
v 0.200000 4.000000 0.900000
v 0.500000 4.000000 0.900000
v 0.900000 4.000000 0.900000
v 1.000000 4.000000 0.900000
v 1.200000 4.000000 0.900000
v -1.300000 4.050000 1.000000
v 1.300000 4.000000 1.000000
v -0.900000 4.100000 1.000000
v -0.700000 4.100000 1.000000
v -0.400000 4.100000 1.000000
v 0.800000 4.300000 1.000000
v 1.250000 4.100000 1.000000
v -0.700000 4.300000 1.000000
v -0.400000 4.300000 1.000000
v 1.100000 4.300000 1.000000
v -1.400000 4.400000 1.000000
v -1.300000 4.400000 1.000000
v -1.200000 4.400000 1.000000
v -0.900000 4.400000 1.000000
v 1.200000 4.600000 1.000000
v 1.300000 4.400000 1.000000
v 1.400000 4.400000 1.000000
v 0.800000 4.500000 1.000000
v 1.100000 4.500000 1.000000
v -1.200000 4.600000 1.000000
v -1.400000 4.700000 1.000000
v -1.300000 4.700000 1.000000
v -1.200000 4.700000 1.000000
v 1.200000 4.700000 1.000000
v 1.300000 4.700000 1.000000
v 1.400000 4.700000 1.000000
v -1.400000 4.100000 1.100000
v -0.900000 4.100000 1.100000
v -0.700000 4.100000 1.100000
v -0.400000 4.100000 1.100000
v 1.200000 4.100000 1.100000
v 1.400000 4.100000 1.100000
v -0.700000 4.300000 1.100000
v -0.400000 4.300000 1.100000
v 0.800000 4.300000 1.100000
v 1.100000 4.300000 1.100000
v -1.400000 4.400000 1.100000
v -1.250000 4.400000 1.100000
v -0.900000 4.400000 1.100000
v 1.300000 4.400000 1.100000
v 1.400000 4.400000 1.100000
v 0.800000 4.500000 1.100000
v 1.100000 4.500000 1.100000
v -1.250000 4.700000 1.100000
v 1.250000 4.700000 1.100000
v -1.400000 4.400000 -1.600000
v -1.400000 4.700000 -1.600000
v -1.400000 4.400000 -1.500000
v -1.400000 4.700000 -1.500000
v -1.400000 4.200000 -1.400000
v -1.400000 4.400000 -1.400000
v -1.400000 4.200000 -1.100000
v -1.400000 4.400000 -1.100000
v -1.400000 4.300000 -1.000000
v -1.400000 4.500000 -1.000000
v -1.400000 1.900000 -0.700000
v -1.400000 2.000000 -0.700000
v -1.400000 3.600000 -0.700000
v -1.400000 3.700000 -0.700000
v -1.400000 4.300000 -0.700000
v -1.400000 4.500000 -0.700000
v -1.400000 0.800000 0.100000
v -1.400000 1.900000 0.100000
v -1.400000 2.000000 0.100000
v -1.400000 3.600000 0.100000
v -1.400000 3.700000 0.100000
v -1.400000 4.100000 0.800000
v -1.400000 4.400000 0.800000
v -1.400000 4.400000 0.900000
v -1.400000 4.700000 0.900000
v -1.400000 4.400000 1.000000
v -1.400000 4.700000 1.000000
v -1.400000 4.100000 1.100000
v -1.400000 4.400000 1.100000
v -1.300000 4.400000 -1.700000
v -1.300000 4.700000 -1.700000
v -1.300000 4.000000 -1.600000
v -1.300000 4.400000 -1.600000
v -1.300000 4.700000 -1.600000
v -1.300000 4.400000 -1.500000
v -1.300000 4.600000 -1.500000
v -1.300000 4.700000 -1.500000
v -1.300000 4.200000 -1.400000
v -1.300000 4.400000 -1.400000
v -1.300000 7.000000 -1.400000
v -1.300000 7.000000 -1.300000
v -1.300000 4.200000 -1.100000
v -1.300000 4.400000 -1.100000
v -1.300000 4.300000 -1.000000
v -1.300000 4.500000 -1.000000
v -1.300000 1.900000 -0.700000
v -1.300000 2.000000 -0.700000
v -1.300000 3.600000 -0.700000
v -1.300000 4.300000 -0.700000
v -1.300000 4.500000 -0.700000
v -1.300000 1.900000 -0.600000
v -1.300000 2.000000 -0.600000
v -1.300000 3.600000 -0.600000
v -1.300000 4.600000 0.100000
v -1.300000 1.900000 0.050000
v -1.300000 2.000000 0.050000
v -1.300000 3.600000 0.050000
v -1.300000 4.100000 0.800000
v -1.300000 4.400000 0.800000
v -1.300000 4.400000 0.900000
v -1.300000 4.600000 0.900000
v -1.300000 4.700000 0.900000
v -1.300000 4.050000 1.000000
v -1.300000 4.400000 1.000000
v -1.300000 4.700000 1.000000
v -1.300000 4.400000 1.100000
v -1.300000 4.700000 1.100000
v -1.200000 1.800000 -1.500000
v -1.200000 1.900000 -1.500000
v -1.200000 2.000000 -1.500000
v -1.200000 2.400000 -1.500000
v -1.200000 3.800000 -1.500000
v -1.200000 4.000000 -1.500000
v -1.200000 4.000000 -1.300000
v -1.200000 1.800000 -1.250000
v -1.200000 3.800000 -1.300000
v -1.200000 3.800000 -1.200000
v -1.200000 4.000000 -1.200000
v -1.200000 2.000000 -1.000000
v -1.200000 2.400000 -1.000000
v -1.200000 3.800000 -0.800000
v -1.200000 4.000000 -0.800000
v -1.200000 1.200000 -0.800000
v -1.200000 1.800000 -0.800000
v -1.200000 1.900000 -0.700000
v -1.200000 1.200000 -0.700000
v -1.200000 3.800000 -0.500000
v -1.200000 4.000000 -0.500000
v -1.200000 2.100000 -0.400000
v -1.200000 2.200000 -0.400000
v -1.200000 2.100000 -0.200000
v -1.200000 2.200000 -0.200000
v -1.200000 1.800000 -0.100000
v -1.200000 1.900000 -0.100000
v -1.200000 3.800000 -0.100000
v -1.200000 4.000000 -0.100000
v -1.200000 1.800000 -0.000000
v -1.200000 1.900000 -0.000000
v -1.200000 1.200000 0.100000
v -1.200000 1.900000 0.100000
v -1.200000 1.200000 0.200000
v -1.200000 1.800000 0.200000
v -1.200000 3.100000 0.200000
v -1.200000 3.300000 0.200000
v -1.200000 3.800000 0.200000
v -1.200000 4.000000 0.200000
v -1.200000 2.600000 0.400000
v -1.200000 3.000000 0.400000
v -1.200000 3.100000 0.500000
v -1.200000 3.300000 0.500000
v -1.200000 1.200000 0.600000
v -1.200000 1.800000 0.600000
v -1.200000 1.900000 0.900000
v -1.200000 3.800000 0.600000
v -1.200000 4.000000 0.600000
v -1.200000 1.200000 0.700000
v -1.200000 1.800000 0.700000
v -1.200000 3.800000 0.700000
v -1.200000 4.000000 0.700000
v -1.200000 1.800000 0.900000
v -1.200000 2.600000 0.900000
v -1.200000 3.000000 0.900000
v -1.200000 3.800000 0.900000
v -1.200000 4.000000 0.900000
v -1.100000 7.000000 -1.600001
v -1.100000 7.000000 -1.500000
v -1.100000 1.800000 -1.400000
v -1.100000 1.900000 -1.400000
v -1.100000 2.000000 -1.400000
v -1.100000 2.400000 -1.400000
v -1.100000 3.800000 -1.400000
v -1.100000 1.800000 -1.300000
v -1.100000 3.800000 -1.250000
v -1.100000 4.000000 -1.300000
v -1.100000 1.800000 -1.200000
v -1.100000 4.000000 -1.200000
v -1.100000 6.000000 -1.100001
v -1.100000 6.200000 -1.100001
v -1.100000 2.000000 -1.000000
v -1.100000 2.400000 -1.000000
v -1.100000 3.800000 -0.800000
v -1.100000 1.800000 -0.800000
v -1.100000 4.000000 -0.800000
v -1.100000 6.000000 -0.800000
v -1.100000 6.200000 -0.800000
v -1.100000 1.200000 -0.600000
v -1.100000 1.300000 -0.700000
v -1.100000 1.900000 -0.700000
v -1.100000 2.000000 -0.700000
v -1.100000 3.600000 -0.700000
v -1.100000 3.700000 -0.700000
v -1.100000 1.300000 -0.600000
v -1.100000 1.900000 -0.500000
v -1.100000 2.200000 -0.500000
v -1.100000 3.600000 -0.500000
v -1.100000 3.800000 -0.500000
v -1.100000 4.000000 -0.500000
v -1.100000 2.100000 -0.400000
v -1.100000 2.200000 -0.400000
v -1.100000 2.100000 -0.200000
v -1.100000 2.200000 -0.200000
v -1.100000 1.800000 -0.100000
v -1.100000 2.200000 -0.100000
v -1.100000 3.600000 -0.100000
v -1.100000 3.700000 0.100000
v -1.100000 3.800000 -0.100000
v -1.100000 4.000000 -0.100000
v -1.100000 1.200000 0.100000
v -1.100000 1.800000 0.100000
v -1.100000 2.000000 0.100000
v -1.100000 3.600000 0.100000
v -1.100000 1.900000 0.100000
v -1.100000 1.200000 0.200000
v -1.100000 1.800000 0.200000
v -1.100000 3.100000 0.200000
v -1.100000 3.300000 0.200000
v -1.100000 3.800000 0.200000
v -1.100000 4.000000 0.200000
v -1.100000 5.300000 0.200000
v -1.100000 5.500000 0.200000
v -1.100000 2.600000 0.400000
v -1.100000 3.000000 0.400000
v -1.100000 1.200000 0.600000
v -1.100000 1.800000 0.600000
v -1.100000 3.100000 0.500000
v -1.100000 3.300000 0.500000
v -1.100000 5.300000 0.500000
v -1.100000 5.500000 0.500000
v -1.100000 1.900000 0.800000
v -1.100000 3.000000 0.800000
v -1.100000 3.800000 0.600000
v -1.100000 4.000000 0.600000
v -1.100000 1.200000 0.700000
v -1.100000 1.800000 0.700000
v -1.100000 3.800000 0.700000
v -1.100000 4.000000 0.700000
v -1.100000 1.800000 0.800000
v -1.100000 2.600000 0.800000
v -1.100000 3.800000 0.800000
v -1.000000 1.800000 -1.500000
v -1.000000 1.800000 -1.400000
v -1.000000 4.100000 -1.300000
v -1.000000 6.000000 -1.100001
v -1.000000 6.200000 -1.100001
v -1.000000 6.000000 -0.800000
v -1.000000 6.200000 -0.800000
v -1.000000 5.100000 -0.500000
v -1.000000 1.250000 -0.500000
v -1.000000 1.400000 -0.500000
v -1.000000 1.500000 -0.500000
v -1.000000 1.600000 -0.500000
v -1.000000 1.700000 -0.500000
v -1.000000 1.800000 -0.500000
v -1.000000 1.900000 -0.500000
v -1.000000 2.300000 -0.500000
v -1.000000 2.400000 -0.500000
v -1.000000 2.550000 -0.500000
v -1.000000 2.750000 -0.500000
v -1.000000 2.950000 -0.500000
v -1.000000 3.100000 -0.500000
v -1.000000 3.200000 -0.500000
v -1.000000 3.300000 -0.500000
v -1.000000 3.400000 -0.500000
v -1.000000 3.550000 -0.500000
v -1.000000 1.100000 -0.100000
v -1.000000 1.250000 -0.100000
v -1.000000 1.400000 -0.100000
v -1.000000 1.500000 -0.100000
v -1.000000 1.600000 -0.100000
v -1.000000 1.700000 -0.100000
v -1.000000 1.800000 -0.100000
v -1.000000 1.900000 -0.100000
v -1.000000 2.300000 -0.100000
v -1.000000 2.400000 -0.100000
v -1.000000 2.550000 -0.100000
v -1.000000 2.750000 -0.100000
v -1.000000 2.950000 -0.100000
v -1.000000 3.100000 -0.100000
v -1.000000 3.200000 -0.100000
v -1.000000 3.300000 -0.100000
v -1.000000 3.400000 -0.100000
v -1.000000 3.550000 -0.100000
v -1.000000 5.100000 -0.100000
v -1.000000 5.300000 0.200000
v -1.000000 5.500000 0.200000
v -1.000000 5.300000 0.500000
v -1.000000 5.500000 0.500000
v -1.000000 4.100000 0.700000
v -1.000000 1.200000 0.800000
v -1.000000 1.800000 0.800000
v -1.000000 1.200000 0.900000
v -1.000000 1.800000 0.900000
v -0.900000 3.800000 -1.500000
v -0.900000 4.000000 -1.500000
v -0.900000 3.800000 -1.400000
v -0.900000 4.000000 -1.400000
v -0.900000 5.100000 -0.500000
v -0.900000 5.200000 -0.500000
v -0.900000 5.300000 -0.500000
v -0.900000 5.400000 -0.500000
v -0.900000 5.500000 -0.500000
v -0.900000 5.600000 -0.500000
v -0.900000 5.700000 -0.500000
v -0.900000 5.800000 -0.500000
v -0.900000 5.900000 -0.500000
v -0.900000 6.000000 -0.500000
v -0.900000 6.100000 -0.500000
v -0.900000 6.200000 -0.500000
v -0.900000 6.300000 -0.500000
v -0.900000 6.400000 -0.500000
v -0.900000 6.500000 -0.500000
v -0.900000 5.100000 -0.100000
v -0.900000 5.200000 -0.100000
v -0.900000 5.300000 -0.100000
v -0.900000 5.400000 -0.100000
v -0.900000 5.500000 -0.100000
v -0.900000 5.600000 -0.100000
v -0.900000 5.700000 -0.100000
v -0.900000 5.800000 -0.100000
v -0.900000 5.900000 -0.100000
v -0.900000 6.000000 -0.100000
v -0.900000 6.100000 -0.100000
v -0.900000 6.200000 -0.100000
v -0.900000 6.300000 -0.100000
v -0.900000 6.400000 -0.100000
v -0.900000 3.800000 0.800000
v -0.900000 4.000000 0.800000
v -0.900000 3.800000 0.900000
v -0.900000 4.000000 0.900000
v -0.700000 4.300000 -1.700000
v -0.700000 4.500000 -1.700000
v -0.700000 4.300000 -1.600000
v -0.700000 4.500000 -1.600000
v -0.700000 4.100000 1.000000
v -0.700000 4.300000 1.000000
v -0.700000 4.100000 1.100000
v -0.700000 4.300000 1.100000
v -0.500000 1.200000 0.800000
v -0.500000 1.800000 0.800000
v -0.500000 1.200000 0.900000
v -0.500000 1.800000 0.900000
v -0.300000 3.000000 -1.500000
v -0.300000 3.200000 -1.500000
v -0.300000 3.000000 -1.400000
v -0.300000 3.200000 -1.400000
v -0.300000 2.800000 0.600000
v -0.300000 2.800000 0.700000
v -0.200000 3.800000 -1.500000
v -0.200000 4.000000 -1.500000
v -0.200000 3.800000 -1.400000
v -0.200000 4.000000 -1.400000
v -0.200000 4.100000 -1.200000
v -0.200000 4.100000 -1.100000
v -0.200000 4.100000 0.500000
v -0.200000 4.100000 0.600000
v -0.200000 3.800000 0.800000
v -0.200000 4.000000 0.800000
v -0.200000 3.800000 0.900000
v -0.200000 4.000000 0.900000
v -0.100000 1.700000 0.600000
v -0.100000 1.800000 0.600000
v -0.100000 2.200000 0.600000
v -0.100000 2.300000 0.600000
v -0.100000 2.700000 0.600000
v -0.100000 2.800000 0.600000
v -0.100000 3.000000 0.600000
v -0.100000 1.700000 0.700000
v -0.100000 1.800000 0.700000
v -0.100000 2.200000 0.700000
v -0.100000 2.300000 0.700000
v -0.100000 2.700000 0.700000
v -0.100000 2.800000 0.700000
v -0.100000 3.000000 0.700000
v 0.100000 3.200000 -1.500000
v 0.100000 3.400000 -1.500000
v 0.100000 3.200000 -1.400000
v 0.100000 3.400000 -1.400000
v 0.100000 4.850000 -1.200000
v 0.100000 5.000000 -1.200000
v 0.100000 5.400000 -1.200000
v 0.100000 5.550000 -1.200001
v 0.100000 5.700000 -1.200001
v 0.100000 6.000000 -1.200001
v 0.100000 6.150000 -1.200001
v 0.100000 6.300000 -1.200001
v 0.100000 4.850000 -1.100000
v 0.100000 5.000000 -1.100000
v 0.100000 5.400000 -1.100000
v 0.100000 5.550000 -1.100001
v 0.100000 5.700000 -1.100001
v 0.100000 6.000000 -1.100001
v 0.100000 6.150000 -1.100001
v 0.100000 6.300000 -1.100001
v 0.100000 4.850000 0.500000
v 0.100000 5.000000 0.500000
v 0.100000 5.400000 0.500000
v 0.100000 5.550000 0.500000
v 0.100000 5.700000 0.500000
v 0.100000 4.850000 0.600000
v 0.100000 5.000000 0.600000
v 0.100000 5.400000 0.600000
v 0.100000 5.550000 0.600000
v 0.100000 5.700000 0.600000
v 0.100000 2.800000 0.700000
v 0.100000 3.000000 0.700000
v 0.100000 2.800000 0.800000
v 0.100000 3.000000 0.800000
v 0.200000 4.100000 -1.250000
v 0.200000 1.700000 0.600000
v 0.200000 1.800000 0.600000
v 0.200000 2.200000 0.600000
v 0.200000 2.300000 0.600000
v 0.200000 2.700000 0.600000
v 0.200000 4.100000 0.600000
v 0.200000 1.700000 0.700000
v 0.200000 1.800000 0.700000
v 0.200000 2.200000 0.700000
v 0.200000 2.300000 0.700000
v 0.200000 2.700000 0.700000
v 0.200000 4.100000 0.700000
v 0.200000 3.300000 0.800000
v 0.200000 3.500000 0.800000
v 0.200000 3.300000 0.900000
v 0.200000 3.500000 0.900000
v 0.300000 2.800000 0.700000
v 0.300000 1.800000 0.800000
v 0.300000 1.900000 0.800000
v 0.300000 2.800000 0.800000
v 0.300000 1.800000 0.900000
v 0.300000 1.900000 0.900000
v 0.400000 1.800000 0.800000
v 0.400000 1.800000 0.900000
v 0.500000 3.800000 -1.500000
v 0.500000 4.000000 -1.500000
v 0.500000 3.800000 -1.400000
v 0.500000 4.000000 -1.400000
v 0.500000 3.000000 0.800000
v 0.500000 3.200000 0.800000
v 0.500000 3.800000 0.800000
v 0.500000 4.000000 0.800000
v 0.500000 3.000000 0.900000
v 0.500000 3.200000 0.900000
v 0.500000 3.800000 0.900000
v 0.500000 4.000000 0.900000
v 0.600000 6.000000 -1.400000
v 0.600000 6.200000 -1.400000
v 0.600000 6.000000 -1.300000
v 0.600000 6.200000 -1.300000
v 0.600000 4.700000 0.700000
v 0.600000 5.000000 0.700000
v 0.600000 4.700000 0.800000
v 0.600000 5.000000 0.800000
v 0.800000 4.100000 -1.200000
v 0.800000 5.200000 -0.500000
v 0.800000 5.350000 -0.500000
v 0.800000 5.550000 -0.500000
v 0.800000 5.700000 -0.500000
v 0.800000 5.800000 -0.500000
v 0.800000 5.950000 -0.500000
v 0.800000 6.150000 -0.500000
v 0.800000 5.200000 -0.100000
v 0.800000 5.350000 -0.100000
v 0.800000 5.550000 -0.100000
v 0.800000 5.700000 -0.100000
v 0.800000 5.800000 -0.100000
v 0.800000 5.950000 -0.100000
v 0.800000 4.100000 0.600000
v 0.800000 4.300000 1.000000
v 0.800000 4.500000 1.000000
v 0.800000 4.300000 1.100000
v 0.800000 4.500000 1.100000
v 1.000000 3.800000 -1.500000
v 1.000000 4.000000 -1.500000
v 1.000000 3.800000 -1.400000
v 1.000000 4.000000 -1.400000
v 1.000000 4.000000 -1.300000
v 1.000000 4.000000 0.700000
v 1.000000 3.800000 0.800000
v 1.000000 4.000000 0.800000
v 1.000000 3.800000 0.900000
v 1.000000 4.000000 0.900000
v 1.200000 4.400000 -1.700000
v 1.200000 4.700000 -1.700000
v 1.200000 4.400000 -1.600000
v 1.200000 4.650000 -1.600000
v 1.200000 4.100000 -1.500000
v 1.200000 4.600000 -1.500000
v 1.200000 4.100000 0.900000
v 1.200000 4.600000 0.900000
v 1.200000 4.100000 1.000000
v 1.200000 4.650000 1.000000
v 1.200000 4.100000 1.100000
v 1.200000 4.700000 1.100000
v -1.200000 4.400000 -1.700000
v -1.200000 4.700000 -1.700000
v -1.200000 4.400000 -1.600000
v -1.200000 4.650000 -1.600000
v -1.200000 4.100000 -1.500000
v -1.200000 4.600000 -1.500000
v -1.200000 7.000000 -1.400000
v -1.200000 4.600000 0.900000
v -1.200000 1.200000 -0.700000
v -1.200000 1.300000 -0.700000
v -1.200000 1.900000 -0.700000
v -1.200000 2.000000 -0.700000
v -1.200000 3.600000 -0.700000
v -1.200000 1.200000 -0.600000
v -1.200000 1.300000 -0.600000
v -1.200000 1.900000 -0.600000
v -1.200000 2.000000 -0.600000
v -1.200000 3.600000 -0.600000
v -1.200000 4.100000 0.900000
v -1.200000 1.800000 0.050000
v -1.200000 2.000000 0.050000
v -1.200000 3.600000 0.050000
v -1.200000 4.400000 1.000000
v -1.200000 4.650000 1.000000
v -1.200000 4.400000 1.100000
v -1.200000 4.700000 1.100000
v -1.000000 7.000000 -1.600001
v -1.000000 3.800000 -1.500000
v -1.000000 4.000000 -1.500000
v -1.000000 7.000000 -1.500000
v -1.000000 3.800000 -1.400000
v -1.000000 4.000000 -1.400000
v -1.000000 2.000000 -1.300000
v -1.000000 2.400000 -1.300000
v -1.000000 4.000000 -1.300000
v -1.000000 2.000000 -1.000000
v -1.000000 2.400000 -1.000000
v -1.000000 3.600000 -0.600000
v -1.000000 1.900000 -0.600000
v -1.000000 2.100000 -0.600000
v -1.000000 3.600000 -0.000000
v -1.000000 1.900000 -0.000000
v -1.000000 2.100000 -0.000000
v -1.000000 3.000000 0.400000
v -1.000000 2.600000 0.400000
v -1.000000 3.000000 0.700000
v -1.000000 4.000000 0.700000
v -1.000000 2.600000 0.700000
v -1.000000 3.800000 0.800000
v -1.000000 4.000000 0.800000
v -1.000000 3.800000 0.900000
v -1.000000 4.000000 0.900000
v -0.900000 1.800000 -1.500000
v -0.900000 2.000000 -1.500000
v -0.900000 2.400000 -1.500000
v -0.900000 1.800000 -1.400000
v -0.900000 2.000000 -1.400000
v -0.900000 2.400000 -1.400000
v -0.900000 2.000000 -1.300000
v -0.900000 2.400000 -1.300000
v -0.900000 2.000000 -1.000000
v -0.900000 2.400000 -1.000000
v -0.900000 1.900000 -0.600000
v -0.900000 2.100000 -0.600000
v -0.900000 3.600000 -0.600000
v -0.900000 1.400000 -0.500000
v -0.900000 1.500000 -0.500000
v -0.900000 1.600000 -0.500000
v -0.900000 1.750000 -0.500000
v -0.900000 2.200000 -0.500000
v -0.900000 2.300000 -0.500000
v -0.900000 2.400000 -0.500000
v -0.900000 2.550000 -0.500000
v -0.900000 2.750000 -0.500000
v -0.900000 2.950000 -0.500000
v -0.900000 3.100000 -0.500000
v -0.900000 3.200000 -0.500000
v -0.900000 3.300000 -0.500000
v -0.900000 3.450000 -0.500000
v -0.900000 1.250000 -0.100000
v -0.900000 1.400000 -0.100000
v -0.900000 1.500000 -0.100000
v -0.900000 1.600000 -0.100000
v -0.900000 1.700000 -0.100000
v -0.900000 1.800000 -0.100000
v -0.900000 2.250000 -0.100000
v -0.900000 2.400000 -0.100000
v -0.900000 2.550000 -0.100000
v -0.900000 2.750000 -0.100000
v -0.900000 2.900000 -0.100000
v -0.900000 3.050000 -0.100000
v -0.900000 3.250000 -0.100000
v -0.900000 3.400000 -0.100000
v -0.900000 3.500000 -0.100000
v -0.900000 1.900000 -0.000000
v -0.900000 2.100000 -0.000000
v -0.900000 3.600000 -0.000000
v -0.900000 1.200000 0.800000
v -0.900000 1.800000 0.800000
v -0.900000 1.200000 0.900000
v -0.900000 1.800000 0.900000
v -0.900000 4.100000 1.000000
v -0.900000 4.400000 1.000000
v -0.900000 4.100000 1.100000
v -0.900000 4.400000 1.100000
v -0.800000 4.100000 -1.200000
v -0.800000 5.200000 -0.500000
v -0.800000 5.300000 -0.500000
v -0.800000 5.400000 -0.500000
v -0.800000 5.500000 -0.500000
v -0.800000 5.600000 -0.500000
v -0.800000 5.700000 -0.500000
v -0.800000 5.800000 -0.500000
v -0.800000 5.900000 -0.500000
v -0.800000 6.000000 -0.500000
v -0.800000 6.100000 -0.500000
v -0.800000 6.200000 -0.500000
v -0.800000 6.300000 -0.500000
v -0.800000 6.400000 -0.500000
v -0.800000 6.500000 -0.500000
v -0.800000 5.200000 -0.100000
v -0.800000 5.300000 -0.100000
v -0.800000 5.400000 -0.100000
v -0.800000 5.500000 -0.100000
v -0.800000 5.600000 -0.100000
v -0.800000 5.700000 -0.100000
v -0.800000 5.800000 -0.100000
v -0.800000 5.900000 -0.100000
v -0.800000 6.000000 -0.100000
v -0.800000 6.100000 -0.100000
v -0.800000 6.200000 -0.100000
v -0.800000 6.300000 -0.100000
v -0.800000 2.600000 0.400000
v -0.800000 3.000000 0.400000
v -0.800000 4.100000 0.600000
v -0.800000 2.600000 0.700000
v -0.800000 3.000000 0.700000
v -0.800000 2.600000 0.800000
v -0.800000 3.000000 0.800000
v -0.800000 2.600000 0.900000
v -0.800000 3.000000 0.900000
v -0.500000 3.800000 -1.500000
v -0.500000 4.000000 -1.500000
v -0.500000 3.800000 -1.400000
v -0.500000 4.000000 -1.400000
v -0.500000 3.800000 0.800000
v -0.500000 4.000000 0.800000
v -0.500000 3.800000 0.900000
v -0.500000 4.000000 0.900000
v -0.400000 4.300000 -1.700000
v -0.400000 4.500000 -1.700000
v -0.400000 4.300000 -1.600000
v -0.400000 4.500000 -1.600000
v -0.400000 1.200000 0.800000
v -0.400000 1.800000 0.800000
v -0.400000 1.200000 0.900000
v -0.400000 1.800000 0.900000
v -0.400000 4.100000 1.000000
v -0.400000 4.300000 1.000000
v -0.400000 4.100000 1.100000
v -0.400000 4.300000 1.100000
v -0.300000 2.800000 0.700000
v -0.300000 1.800000 0.800000
v -0.300000 1.900000 0.800000
v -0.300000 2.800000 0.800000
v -0.300000 1.800000 0.900000
v -0.300000 1.900000 0.900000
v -0.200000 4.100000 -1.250000
v -0.200000 1.700000 0.600000
v -0.200000 1.800000 0.600000
v -0.200000 2.200000 0.600000
v -0.200000 2.300000 0.600000
v -0.200000 2.700000 0.600000
v -0.200000 4.100000 0.650000
v -0.200000 1.700000 0.700000
v -0.200000 1.800000 0.700000
v -0.200000 2.200000 0.700000
v -0.200000 2.300000 0.700000
v -0.200000 2.700000 0.700000
v -0.100000 4.850000 -1.200000
v -0.100000 5.000000 -1.200000
v -0.100000 5.400000 -1.200000
v -0.100000 5.550000 -1.200001
v -0.100000 5.700000 -1.200001
v -0.100000 6.000000 -1.200001
v -0.100000 6.150000 -1.200001
v -0.100000 6.300000 -1.200001
v -0.100000 6.700000 -1.200001
v -0.100000 4.850000 -1.100000
v -0.100000 5.000000 -1.100000
v -0.100000 5.400000 -1.100000
v -0.100000 5.550000 -1.100001
v -0.100000 5.700000 -1.100001
v -0.100000 6.000000 -1.100001
v -0.100000 6.150000 -1.100001
v -0.100000 6.300000 -1.100001
v -0.100000 4.850000 0.500000
v -0.100000 5.000000 0.500000
v -0.100000 5.400000 0.500000
v -0.100000 5.550000 0.500000
v -0.100000 5.700000 0.500000
v -0.100000 4.850000 0.600000
v -0.100000 5.000000 0.600000
v -0.100000 5.400000 0.600000
v -0.100000 5.550000 0.600000
v -0.100000 5.700000 0.600000
v -0.100000 2.800000 0.700000
v -0.100000 3.000000 0.700000
v -0.100000 2.800000 0.800000
v -0.100000 3.000000 0.800000
v 0.000000 3.000000 -1.500000
v 0.000000 3.200000 -1.500000
v 0.000000 3.000000 -1.400000
v 0.000000 3.200000 -1.400000
v 0.100000 1.700000 0.600000
v 0.100000 1.800000 0.600000
v 0.100000 2.200000 0.600000
v 0.100000 2.300000 0.600000
v 0.100000 2.700000 0.600000
v 0.100000 2.800000 0.600000
v 0.100000 3.000000 0.600000
v 0.100000 1.700000 0.700000
v 0.100000 1.800000 0.700000
v 0.100000 2.200000 0.700000
v 0.100000 2.300000 0.700000
v 0.100000 2.700000 0.700000
v 0.100000 2.800000 0.700000
v 0.100000 3.000000 0.700000
v 0.200000 3.800000 -1.500000
v 0.200000 4.000000 -1.500000
v 0.200000 3.800000 -1.400000
v 0.200000 4.000000 -1.400000
v 0.200000 4.100000 -1.200000
v 0.200000 4.100000 -1.100000
v 0.200000 4.100000 0.500000
v 0.200000 4.100000 0.600000
v 0.200000 3.800000 0.800000
v 0.200000 4.000000 0.800000
v 0.200000 3.800000 0.900000
v 0.200000 4.000000 0.900000
v 0.300000 2.800000 0.600000
v 0.300000 2.800000 0.700000
v 0.400000 3.200000 -1.500000
v 0.400000 3.400000 -1.500000
v 0.400000 3.200000 -1.400000
v 0.400000 3.400000 -1.400000
v 0.500000 1.800000 0.800000
v 0.500000 3.300000 0.800000
v 0.500000 3.500000 0.800000
v 0.500000 1.800000 0.900000
v 0.500000 3.300000 0.900000
v 0.500000 3.500000 0.900000
v 0.800000 3.000000 0.800000
v 0.800000 3.200000 0.800000
v 0.800000 3.000000 0.900000
v 0.800000 3.200000 0.900000
v 0.900000 3.800000 -1.500000
v 0.900000 4.000000 -1.500000
v 0.900000 3.800000 -1.400000
v 0.900000 4.000000 -1.400000
v 0.900000 6.000000 -1.400000
v 0.900000 6.200000 -1.400000
v 0.900000 6.000000 -1.300000
v 0.900000 6.200000 -1.300000
v 0.900000 5.150000 -0.500000
v 0.900000 5.350000 -0.500000
v 0.900000 5.550000 -0.500000
v 0.900000 5.700000 -0.500000
v 0.900000 5.800000 -0.500000
v 0.900000 5.950000 -0.500000
v 0.900000 6.150000 -0.500000
v 0.900000 5.150000 -0.100000
v 0.900000 5.350000 -0.100000
v 0.900000 5.550000 -0.100000
v 0.900000 5.700000 -0.100000
v 0.900000 5.800000 -0.100000
v 0.900000 5.950000 -0.100000
v 0.900000 3.800000 0.800000
v 0.900000 4.000000 0.800000
v 0.900000 3.800000 0.900000
v 0.900000 4.000000 0.900000
v 1.000000 4.100000 -1.300000
v 1.000000 5.100000 -1.000000
v 1.000000 5.300000 -1.000000
v 1.000000 5.100000 -0.700000
v 1.000000 5.300000 -0.700000
v 1.000000 5.100000 -0.500000
v 1.000000 5.100000 -0.100000
v 1.000000 4.700000 0.500000
v 1.000000 5.000000 0.500000
v 1.000000 4.100000 0.700000
v 1.000000 4.700000 0.700000
v 1.000000 5.000000 0.700000
v 1.100000 3.800000 -1.400000
v 1.100000 3.100000 -0.800000
v 1.100000 3.800000 -1.250000
v 1.100000 4.000000 -1.300000
v 1.100000 4.000000 -1.200000
v 1.100000 5.100000 -1.000000
v 1.100000 5.300000 -1.000000
v 1.100000 3.300000 -0.800000
v 1.100000 3.800000 -0.800000
v 1.100000 4.000000 -0.800000
v 1.100000 5.100000 -0.700000
v 1.100000 5.300000 -0.700000
v 1.100000 3.100000 -0.500000
v 1.100000 3.300000 -0.500000
v 1.100000 3.800000 -0.500000
v 1.100000 4.000000 -0.500000
v 1.100000 3.800000 -0.100000
v 1.100000 4.000000 -0.100000
v 1.100000 3.800000 0.200000
v 1.100000 4.000000 0.200000
v 1.100000 3.800000 0.600000
v 1.100000 4.700000 0.500000
v 1.100000 5.000000 0.500000
v 1.100000 4.000000 0.600000
v 1.100000 3.800000 0.700000
v 1.100000 4.000000 0.700000
v 1.100000 3.800000 0.800000
v 1.100000 4.700000 0.800000
v 1.100000 5.000000 0.800000
v 1.100000 4.300000 1.000000
v 1.100000 4.500000 1.000000
v 1.100000 4.300000 1.100000
v 1.100000 4.500000 1.100000
v 1.200000 3.800000 -1.500000
v 1.200000 4.000000 -1.500000
v 1.200000 3.800000 -1.300000
v 1.200000 4.000000 -1.300000
v 1.200000 3.800000 -1.200000
v 1.200000 4.000000 -1.200000
v 1.200000 3.800000 -0.800000
v 1.200000 4.000000 -0.800000
v 1.200000 3.100000 -0.800000
v 1.200000 3.300000 -0.800000
v 1.200000 3.100000 -0.500000
v 1.200000 3.300000 -0.500000
v 1.200000 3.800000 -0.500000
v 1.200000 4.000000 -0.500000
v 1.200000 3.800000 -0.100000
v 1.200000 4.000000 -0.100000
v 1.200000 3.800000 0.200000
v 1.200000 4.000000 0.200000
v 1.200000 3.800000 0.600000
v 1.200000 4.000000 0.600000
v 1.200000 3.800000 0.700000
v 1.200000 4.000000 0.700000
v 1.200000 4.000000 0.900000
v 1.200000 3.800000 0.900000
v 1.300000 4.400000 -1.700000
v 1.300000 4.700000 -1.700000
v 1.300000 4.000000 -1.600000
v 1.300000 4.400000 -1.600000
v 1.300000 4.700000 -1.600000
v 1.300000 4.200000 -1.400000
v 1.300000 4.400000 -1.500000
v 1.300000 4.600000 -1.500000
v 1.300000 4.700000 -1.500000
v 1.300000 4.000000 -1.400000
v 1.300000 4.500000 -1.200000
v 1.300000 4.300000 -1.200000
v 1.300000 4.000000 -1.100000
v 1.300000 4.200000 -1.100000
v 1.300000 4.300000 -0.900000
v 1.300000 4.500000 -0.900000
v 1.300000 4.100000 0.600000
v 1.300000 4.400000 0.600000
v 1.300000 4.400000 0.900000
v 1.300000 4.600000 0.900000
v 1.300000 4.700000 0.900000
v 1.300000 4.050000 1.000000
v 1.300000 4.400000 1.000000
v 1.300000 4.700000 1.000000
v 1.300000 4.400000 1.100000
v 1.300000 4.700000 1.100000
v 1.400000 4.400000 -1.600000
v 1.400000 4.700000 -1.600000
v 1.400000 4.400000 -1.500000
v 1.400000 4.700000 -1.500000
v 1.400000 4.000000 -1.400000
v 1.400000 4.200000 -1.400000
v 1.400000 4.300000 -1.200000
v 1.400000 4.500000 -1.200000
v 1.400000 4.000000 -1.100000
v 1.400000 4.200000 -1.100000
v 1.400000 4.300000 -0.900000
v 1.400000 4.500000 -0.900000
v 1.400000 4.100000 0.600000
v 1.400000 4.400000 0.600000
v 1.400000 4.400000 0.900000
v 1.400000 4.700000 0.900000
v 1.400000 4.400000 1.000000
v 1.400000 4.700000 1.000000
v 1.400000 4.100000 1.100000
v 1.400000 4.400000 1.100000
v -1.200000 1.200000 -0.800000
v -1.200000 1.200000 -0.600000
v -1.200000 1.200000 0.100000
v -1.200000 1.200000 0.200000
v -1.200000 1.200000 0.600000
v -1.200000 1.200000 0.700000
v -1.100000 1.200000 -0.600000
v -1.100000 1.200000 0.100000
v -1.100000 1.200000 0.200000
v -1.100000 1.200000 0.600000
v -1.100000 1.200000 0.700000
v -1.000000 1.200000 -0.100000
v -1.000000 1.200000 0.800000
v -1.000000 1.200000 0.900000
v -0.900000 1.200000 -0.100000
v -0.900000 1.200000 0.800000
v -0.900000 1.200000 0.900000
v -0.500000 1.200000 0.800000
v -0.500000 1.200000 0.900000
v -0.400000 1.200000 0.800000
v -0.400000 1.200000 0.900000
v -1.000000 1.400000 -0.500000
v -1.000000 1.400000 -0.100000
v -0.900000 1.400000 -0.500000
v -0.900000 1.400000 -0.100000
v -1.000000 1.600000 -0.500000
v -1.000000 1.600000 -0.100000
v -0.900000 1.600000 -0.500000
v -0.900000 1.600000 -0.100000
v -0.200000 1.700000 0.600000
v -0.200000 1.700000 0.700000
v -0.100000 1.700000 0.600000
v -0.100000 1.700000 0.700000
v 0.100000 1.700000 0.600000
v 0.100000 1.700000 0.700000
v 0.200000 1.700000 0.600000
v 0.200000 1.700000 0.700000
v -1.200000 1.800000 -1.500000
v -1.200000 1.800000 -1.300000
v -1.200000 1.800000 -1.200000
v -1.200000 1.800000 -0.800000
v -1.200000 1.800000 -0.100000
v -1.200000 1.800000 0.100000
v -1.200000 1.800000 0.200000
v -1.200000 1.800000 0.600000
v -1.200000 1.800000 0.700000
v -1.200000 1.800000 0.900000
v -1.100000 1.800000 -1.400000
v -1.100000 1.800000 -1.300000
v -1.100000 1.800000 -1.200000
v -1.100000 1.800000 -0.800000
v -1.100000 1.800000 -0.100000
v -1.100000 1.800000 0.100000
v -1.100000 1.800000 0.200000
v -1.100000 1.800000 0.600000
v -1.100000 1.800000 0.700000
v -1.100000 1.800000 0.800000
v -1.000000 1.800000 -1.500000
v -1.000000 1.800000 -1.400000
v -1.000000 1.800000 -0.500000
v -1.000000 1.800000 -0.100000
v -1.000000 1.800000 0.800000
v -1.000000 1.800000 0.900000
v -0.900000 1.800000 -1.500000
v -0.900000 1.800000 -1.400000
v -0.900000 1.800000 -0.500000
v -0.900000 1.800000 -0.100000
v -0.900000 1.800000 0.800000
v -0.900000 1.800000 0.900000
v -0.500000 1.800000 0.800000
v -0.500000 1.800000 0.900000
v -0.400000 1.800000 0.800000
v -0.400000 1.800000 0.900000
v -0.300000 1.800000 0.800000
v -0.300000 1.800000 0.900000
v 0.300000 1.800000 0.800000
v 0.300000 1.800000 0.900000
v 0.400000 1.800000 0.800000
v 0.400000 1.800000 0.900000
v 0.500000 1.800000 0.800000
v 0.500000 1.800000 0.900000
v -1.400000 1.900000 -0.700000
v -1.400000 1.900000 0.100000
v -1.300000 1.900000 -0.700000
v -1.250000 1.900000 -0.600000
v -1.300000 1.900000 0.050000
v -1.200000 1.900000 -0.700000
v -1.200000 1.900000 -0.100000
v -1.200000 1.900000 -0.000000
v -1.100000 1.900000 -0.700000
v -1.100000 1.900000 -0.500000
v -1.000000 1.900000 -0.500000
v -1.000000 1.900000 -0.100000
v -1.200000 2.000000 -1.500000
v -1.200000 2.000000 -1.000000
v -1.100000 2.000000 -1.400000
v -1.100000 2.000000 -1.000000
v -1.000000 2.000000 -1.300000
v -1.000000 2.000000 -1.000000
v -0.900000 2.000000 -1.500000
v -0.900000 2.000000 -1.400000
v -0.900000 2.000000 -1.300000
v -0.900000 2.000000 -1.000000
v -1.200000 2.100000 -0.400000
v -1.200000 2.100000 -0.200000
v -1.100000 2.100000 -0.400000
v -1.100000 2.100000 -0.200000
v -1.000000 2.100000 -0.600000
v -1.000000 2.100000 -0.000000
v -0.900000 2.100000 -0.600000
v -0.900000 2.100000 -0.000000
v -0.200000 2.200000 0.600000
v -0.200000 2.200000 0.700000
v -0.100000 2.200000 0.600000
v -0.100000 2.200000 0.700000
v 0.100000 2.200000 0.600000
v 0.100000 2.200000 0.700000
v 0.200000 2.200000 0.600000
v 0.200000 2.200000 0.700000
v -1.000000 2.300000 -0.500000
v -1.000000 2.300000 -0.100000
v -0.900000 2.300000 -0.500000
v -0.900000 2.300000 -0.100000
v -1.000000 2.500000 -0.500000
v -1.000000 2.500000 -0.100000
v -0.900000 2.500000 -0.500000
v -0.900000 2.500000 -0.100000
v -1.200000 2.600000 0.400000
v -1.200000 2.600000 0.900000
v -1.100000 2.600000 0.400000
v -1.100000 2.600000 0.800000
v -1.000000 2.600000 0.400000
v -1.000000 2.600000 0.700000
v -0.800000 2.600000 0.400000
v -0.800000 2.600000 0.700000
v -0.800000 2.600000 0.800000
v -0.800000 2.600000 0.900000
v -1.000000 2.700000 -0.500000
v -1.000000 2.700000 -0.100000
v -0.900000 2.700000 -0.500000
v -0.900000 2.700000 -0.100000
v -0.200000 2.700000 0.600000
v -0.200000 2.700000 0.700000
v -0.100000 2.700000 0.600000
v -0.100000 2.700000 0.700000
v 0.100000 2.700000 0.600000
v 0.100000 2.700000 0.700000
v 0.200000 2.700000 0.600000
v 0.200000 2.700000 0.700000
v -0.300000 2.800000 0.700000
v -0.300000 2.800000 0.800000
v -0.100000 2.800000 0.700000
v -0.100000 2.800000 0.800000
v 0.100000 2.800000 0.700000
v 0.100000 2.800000 0.800000
v 0.300000 2.800000 0.700000
v 0.300000 2.800000 0.800000
v -1.000000 2.900000 -0.500000
v -1.000000 2.900000 -0.100000
v -0.900000 2.900000 -0.500000
v -0.900000 2.900000 -0.100000
v -0.300000 3.000000 -1.500000
v -0.300000 3.000000 -1.400000
v -0.100000 3.000000 0.700000
v -0.100000 3.000000 0.800000
v 0.000000 3.000000 -1.500000
v 0.000000 3.000000 -1.400000
v 0.100000 3.000000 0.700000
v 0.100000 3.000000 0.800000
v 0.500000 3.000000 0.800000
v 0.500000 3.000000 0.900000
v 0.800000 3.000000 0.800000
v 0.800000 3.000000 0.900000
v -1.200000 3.100000 0.200000
v -1.200000 3.100000 0.500000
v -1.100000 3.100000 0.200000
v -1.100000 3.100000 0.500000
v -1.000000 3.100000 -0.500000
v -1.000000 3.100000 -0.100000
v -0.900000 3.100000 -0.500000
v -0.900000 3.100000 -0.100000
v 1.100000 3.100000 -0.800000
v 1.100000 3.100000 -0.500000
v 1.200000 3.100000 -0.800000
v 1.200000 3.100000 -0.500000
v 0.100000 3.200000 -1.500000
v 0.100000 3.200000 -1.400000
v 0.400000 3.200000 -1.500000
v 0.400000 3.200000 -1.400000
v -1.000000 3.300000 -0.500000
v -1.000000 3.300000 -0.100000
v -0.900000 3.300000 -0.500000
v -0.900000 3.300000 -0.100000
v 0.200000 3.300000 0.800000
v 0.200000 3.300000 0.900000
v 0.500000 3.300000 0.800000
v 0.500000 3.300000 0.900000
v -1.000000 3.500000 -0.500000
v -1.000000 3.500000 -0.100000
v -0.900000 3.500000 -0.500000
v -0.900000 3.500000 -0.100000
v -1.400000 3.600000 -0.700000
v -1.400000 3.600000 0.100000
v -1.300000 3.600000 -0.700000
v -1.250000 3.600000 -0.600000
v -1.300000 3.600000 0.050000
v -1.200000 3.600000 -0.700000
v -1.200000 3.600000 0.050000
v -1.100000 3.600000 -0.700000
v -1.100000 3.600000 -0.500000
v -1.100000 3.600000 -0.100000
v -1.100000 3.600000 0.100000
v -1.000000 3.600000 -0.500000
v -1.000000 3.600000 -0.100000
v -1.200000 3.800000 -1.500000
v -1.200000 3.800000 -1.300000
v -1.200000 3.800000 -1.200000
v -1.200000 3.800000 -0.800000
v -1.200000 3.800000 -0.500000
v -1.200000 3.800000 -0.100000
v -1.200000 3.800000 0.200000
v -1.200000 3.800000 0.600000
v -1.200000 3.800000 0.700000
v -1.200000 3.800000 0.900000
v -1.100000 3.800000 -1.400000
v -1.100000 3.800000 -1.300000
v -1.100000 3.800000 -1.200000
v -1.100000 3.800000 -0.800000
v -1.100000 3.800000 -0.500000
v -1.100000 3.800000 -0.100000
v -1.100000 3.800000 0.200000
v -1.100000 3.800000 0.600000
v -1.100000 3.800000 0.700000
v -1.100000 3.800000 0.800000
v -1.000000 3.800000 -1.500000
v -1.000000 3.800000 -1.400000
v -1.000000 3.800000 0.800000
v -1.000000 3.800000 0.900000
v -0.900000 3.800000 -1.500000
v -0.900000 3.800000 -1.400000
v -0.900000 3.800000 0.800000
v -0.900000 3.800000 0.900000
v -0.500000 3.800000 -1.500000
v -0.500000 3.800000 -1.400000
v -0.500000 3.800000 0.800000
v -0.500000 3.800000 0.900000
v -0.200000 3.800000 -1.500000
v -0.200000 3.800000 -1.400000
v -0.200000 3.800000 0.800000
v -0.200000 3.800000 0.900000
v 0.200000 3.800000 -1.500000
v 0.200000 3.800000 -1.400000
v 0.200000 3.800000 0.800000
v 0.200000 3.800000 0.900000
v 0.500000 3.800000 -1.500000
v 0.500000 3.800000 -1.400000
v 0.500000 3.800000 0.800000
v 0.500000 3.800000 0.900000
v 0.900000 3.800000 0.800000
v 0.900000 3.800000 0.900000
v 0.900000 3.800000 -1.500000
v 0.900000 3.800000 -1.400000
v 1.000000 3.800000 -1.500000
v 1.000000 3.800000 -1.400000
v 1.000000 3.800000 0.800000
v 1.000000 3.800000 0.900000
v 1.100000 3.800000 -1.400000
v 1.100000 3.800000 -1.300000
v 1.100000 3.800000 -1.200000
v 1.100000 3.800000 -0.800000
v 1.100000 3.800000 -0.500000
v 1.100000 3.800000 -0.100000
v 1.100000 3.800000 0.200000
v 1.100000 3.800000 0.600000
v 1.100000 3.800000 0.700000
v 1.100000 3.800000 0.800000
v 1.200000 3.800000 -1.500000
v 1.200000 3.800000 -1.300000
v 1.200000 3.800000 -1.200000
v 1.200000 3.800000 -0.800000
v 1.200000 3.800000 -0.500000
v 1.200000 3.800000 -0.100000
v 1.200000 3.800000 0.200000
v 1.200000 3.800000 0.600000
v 1.200000 3.800000 0.700000
v 1.200000 3.800000 0.900000
v -1.300000 4.000000 -1.600000
v -1.300000 4.000000 1.000000
v -1.200000 4.000000 -1.500000
v -1.200000 4.000000 -1.250000
v -1.200000 4.000000 -0.800000
v -1.200000 4.000000 -0.500000
v -1.200000 4.000000 -0.100000
v -1.200000 4.000000 0.200000
v -1.200000 4.000000 0.600000
v -1.200000 4.000000 0.700000
v -1.200000 4.000000 0.900000
v -1.100000 4.000000 -1.250000
v -1.100000 4.000000 -0.800000
v -1.100000 4.000000 -0.500000
v -1.100000 4.000000 -0.100000
v -1.100000 4.000000 0.200000
v -1.100000 4.000000 0.600000
v -1.100000 4.000000 0.700000
v -1.000000 4.000000 -1.500000
v -1.000000 4.000000 -1.400000
v -1.000000 4.000000 -1.300000
v -1.000000 4.000000 0.700000
v -1.000000 4.000000 0.800000
v -1.000000 4.000000 0.900000
v -0.900000 4.000000 -1.500000
v -0.900000 4.000000 -1.400000
v -0.900000 4.000000 0.800000
v -0.900000 4.000000 0.900000
v -0.500000 4.000000 -1.500000
v -0.500000 4.000000 -1.400000
v -0.500000 4.000000 0.800000
v -0.500000 4.000000 0.900000
v -0.200000 4.000000 -1.500000
v -0.200000 4.000000 -1.400000
v -0.200000 4.000000 0.800000
v -0.200000 4.000000 0.900000
v 0.200000 4.000000 -1.500000
v 0.200000 4.000000 -1.400000
v 0.200000 4.000000 0.800000
v 0.200000 4.000000 0.900000
v 0.500000 4.000000 -1.500000
v 0.500000 4.000000 -1.400000
v 0.500000 4.000000 0.800000
v 0.500000 4.000000 0.900000
v 0.900000 4.000000 -1.500000
v 0.900000 4.000000 -1.400000
v 0.900000 4.000000 0.800000
v 0.900000 4.000000 0.900000
v 1.000000 4.000000 -1.500000
v 1.000000 4.000000 -1.400000
v 1.000000 4.000000 -1.300000
v 1.000000 4.000000 0.700000
v 1.000000 4.000000 0.800000
v 1.000000 4.000000 0.900000
v 1.100000 4.000000 -1.250000
v 1.100000 4.000000 -0.800000
v 1.100000 4.000000 -0.500000
v 1.100000 4.000000 -0.100000
v 1.100000 4.000000 0.200000
v 1.100000 4.000000 0.600000
v 1.100000 4.000000 0.700000
v 1.200000 4.000000 -1.500000
v 1.200000 4.000000 -1.250000
v 1.200000 4.000000 -0.800000
v 1.200000 4.000000 -0.500000
v 1.200000 4.000000 -0.100000
v 1.200000 4.000000 0.200000
v 1.200000 4.000000 0.600000
v 1.200000 4.000000 0.700000
v 1.200000 4.000000 0.900000
v 1.300000 4.000000 -1.600000
v 1.300000 4.000000 -1.400000
v 1.300000 4.000000 -1.100000
v 1.300000 4.000000 1.000000
v 1.400000 4.000000 -1.400000
v 1.400000 4.000000 -1.100000
v -1.400000 4.100000 0.800000
v -1.400000 4.100000 1.100000
v -1.300000 4.100000 0.800000
v -1.300000 4.100000 1.000000
v -0.900000 4.100000 1.000000
v -0.900000 4.100000 1.100000
v -0.700000 4.100000 1.000000
v -0.700000 4.100000 1.100000
v -0.400000 4.100000 1.000000
v -0.400000 4.100000 1.100000
v 1.250000 4.100000 1.000000
v 1.200000 4.100000 1.100000
v 1.300000 4.100000 0.600000
v 1.400000 4.100000 0.600000
v 1.400000 4.100000 1.100000
v -1.400000 4.200000 -1.400000
v -1.400000 4.200000 -1.100000
v -1.300000 4.200000 -1.400000
v -1.300000 4.200000 -1.100000
v -1.400000 4.300000 -1.000000
v -1.400000 4.300000 -0.700000
v -1.300000 4.300000 -1.000000
v -1.300000 4.300000 -0.700000
v -0.700000 4.300000 -1.700000
v -0.700000 4.300000 -1.600000
v -0.400000 4.300000 -1.700000
v -0.400000 4.300000 -1.600000
v 0.800000 4.300000 1.000000
v 0.800000 4.300000 1.100000
v 1.100000 4.300000 1.000000
v 1.100000 4.300000 1.100000
v 1.300000 4.300000 -1.200000
v 1.300000 4.300000 -0.900000
v 1.400000 4.300000 -1.200000
v 1.400000 4.300000 -0.900000
v -1.400000 4.400000 -1.600000
v -1.400000 4.400000 -1.500000
v -1.250000 4.400001 -1.700000
v -1.300000 4.400000 -1.600000
v -1.300000 4.400000 -1.500000
v -1.200000 4.400000 -1.600000
v 1.250000 4.400001 -1.700000
v 1.200000 4.400000 -1.600000
v 1.300000 4.400000 -1.600000
v 1.300000 4.400000 -1.500000
v 1.400000 4.400000 -1.600000
v 1.400000 4.400000 -1.500000
v 0.600000 4.700000 0.700000
v 0.600000 4.700000 0.800000
v 1.000000 4.700000 0.500000
v 1.000000 4.700000 0.700000
v 1.100000 4.700000 0.500000
v 1.100000 4.700000 0.800000
v -0.100000 4.900000 -1.200000
v -0.100000 4.900000 -1.100000
v -0.100000 4.900000 0.500000
v -0.100000 4.900000 0.600000
v 0.100000 4.900000 -1.200000
v 0.100000 4.900000 -1.100000
v 0.100000 4.900000 0.500000
v 0.100000 4.900000 0.600000
v 1.000000 5.100000 -1.000000
v 1.000000 5.100000 -0.700000
v 1.100000 5.100000 -1.000000
v 1.100000 5.100000 -0.700000
v -1.100000 5.300000 0.200000
v -1.100000 5.300000 0.500000
v -1.000000 5.300000 0.200000
v -1.000000 5.300000 0.500000
v -0.900000 5.300000 -0.500000
v -0.900000 5.300000 -0.100000
v -0.800000 5.300000 -0.500000
v -0.800000 5.300000 -0.100000
v 0.800000 5.300000 -0.500000
v 0.800000 5.300000 -0.100000
v 0.900000 5.300000 -0.500000
v 0.900000 5.300000 -0.100000
v -0.100000 5.400000 -1.200000
v -0.100000 5.400000 -1.100000
v -0.100000 5.400000 0.500000
v -0.100000 5.400000 0.600000
v 0.100000 5.400000 -1.200000
v 0.100000 5.400000 -1.100000
v 0.100000 5.400000 0.500000
v 0.100000 5.400000 0.600000
v -0.900000 5.500000 -0.500000
v -0.900000 5.500000 -0.100000
v -0.800000 5.500000 -0.500000
v -0.800000 5.500000 -0.100000
v 0.800000 5.500000 -0.500000
v 0.800000 5.500000 -0.100000
v 0.900000 5.500000 -0.500000
v 0.900000 5.500000 -0.100000
v -0.100000 5.600000 -1.200001
v -0.100000 5.600000 -1.100001
v -0.100000 5.600000 0.500000
v -0.100000 5.600000 0.600000
v 0.100000 5.600000 -1.200001
v 0.100000 5.600000 -1.100001
v 0.100000 5.600000 0.500000
v 0.100000 5.600000 0.600000
v -0.900000 5.700000 -0.500000
v -0.900000 5.700000 -0.100000
v -0.800000 5.700000 -0.500000
v -0.800000 5.700000 -0.100000
v 0.800000 5.700000 -0.500000
v 0.800000 5.700000 -0.100000
v 0.900000 5.700000 -0.500000
v 0.900000 5.700000 -0.100000
v -0.900000 5.900001 -0.500000
v -0.900000 5.900001 -0.100000
v -0.800000 5.900001 -0.500000
v -0.800000 5.900001 -0.100000
v 0.800000 5.900000 -0.500000
v 0.800000 5.900000 -0.100000
v 0.900000 5.900000 -0.500000
v 0.900000 5.900000 -0.100000
v -1.100000 6.000000 -1.100001
v -1.100000 6.000000 -0.800000
v -1.000000 6.000000 -1.100001
v -1.000000 6.000000 -0.800000
v -0.100000 6.000000 -1.200001
v -0.100000 6.000000 -1.100001
v 0.100000 6.000000 -1.200001
v 0.100000 6.000000 -1.100001
v 0.600000 6.000000 -1.400000
v 0.600000 6.000000 -1.300000
v 0.900000 6.000000 -1.400000
v 0.900000 6.000000 -1.300000
v -0.900000 6.100000 -0.500000
v -0.900000 6.100000 -0.100000
v -0.800000 6.100000 -0.500000
v -0.800000 6.100000 -0.100000
v 0.800000 6.100000 -0.500000
v 0.900000 6.100000 -0.500000
v -0.100000 6.200000 -1.200001
v -0.100000 6.200000 -1.100001
v 0.100000 6.200000 -1.200001
v 0.100000 6.200000 -1.100001
v -0.900000 6.300001 -0.500000
v -0.900000 6.300001 -0.100000
v -0.800000 6.300001 -0.500000
v -0.800000 6.300001 -0.100000
v -0.900000 6.500000 -0.500000
v -0.800000 6.500000 -0.500000
v -0.100000 6.700000 -1.200001
v -1.250000 7.000000 -1.400000
v -1.250000 7.000000 -1.300000
v -1.100000 7.000000 -1.600001
v -1.100000 7.000000 -1.500000
v -1.000000 7.000000 -1.600001
v -1.000000 7.000000 -1.500000
v -1.400000 0.800000 0.100000
v -1.000000 1.100000 -0.100000
v -1.200000 1.300000 -0.700000
v -1.200000 1.300000 -0.600000
v -1.100000 1.300000 -0.700000
v -1.100000 1.300000 -0.600000
v -1.000000 1.300000 -0.500000
v -1.000000 1.300000 -0.100000
v -0.900000 1.300000 -0.500000
v -0.900000 1.300000 -0.100000
v -1.000000 1.500000 -0.500000
v -1.000000 1.500000 -0.100000
v -0.900000 1.500000 -0.500000
v -0.900000 1.500000 -0.100000
v -1.000000 1.700000 -0.500000
v -1.000000 1.700000 -0.100000
v -0.900000 1.700000 -0.500000
v -0.900000 1.700000 -0.100000
v -0.200000 1.800000 0.600000
v -0.200000 1.800000 0.700000
v -0.100000 1.800000 0.600000
v -0.100000 1.800000 0.700000
v 0.100000 1.800000 0.600000
v 0.100000 1.800000 0.700000
v 0.200000 1.800000 0.600000
v 0.200000 1.800000 0.700000
v -1.200000 1.900000 -1.500000
v -1.200000 1.900000 -0.700000
v -1.200000 1.900000 0.100000
v -1.200000 1.900000 0.900000
v -1.100000 1.900000 -1.400000
v -1.100000 1.900000 -0.700000
v -1.100000 1.900000 0.100000
v -1.100000 1.900000 0.800000
v -1.000000 1.900000 -0.600000
v -1.000000 1.900000 -0.000000
v -0.900000 1.900000 -0.600000
v -0.900000 1.900000 -0.000000
v -0.300000 1.900000 0.800000
v -0.300000 1.900000 0.900000
v 0.300000 1.900000 0.800000
v 0.300000 1.900000 0.900000
v -1.400000 2.000000 -0.700000
v -1.400000 2.000000 0.100000
v -1.300000 2.000000 -0.700000
v -1.250000 2.000000 -0.600000
v -1.300000 2.000000 0.050000
v -1.200000 2.000000 -0.700000
v -1.200000 2.000000 0.050000
v -1.100000 2.000000 -0.700000
v -1.100000 2.000000 0.100000
v -1.200000 2.200000 -0.400000
v -1.200000 2.200000 -0.200000
v -1.100000 2.200000 -0.500000
v -1.100000 2.200000 -0.400000
v -1.100000 2.200000 -0.200000
v -1.100000 2.200000 -0.100000
v -0.900000 2.200000 -0.500000
v -0.900000 2.200000 -0.100000
v -0.200000 2.300000 0.600000
v -0.200000 2.300000 0.700000
v -0.100000 2.300000 0.600000
v -0.100000 2.300000 0.700000
v 0.100000 2.300000 0.600000
v 0.100000 2.300000 0.700000
v 0.200000 2.300000 0.600000
v 0.200000 2.300000 0.700000
v -1.200000 2.400000 -1.500000
v -1.200000 2.400000 -1.000000
v -1.100000 2.400000 -1.400000
v -1.100000 2.400000 -1.000000
v -1.000000 2.400000 -1.300000
v -1.000000 2.400000 -1.000000
v -1.000000 2.400000 -0.500000
v -1.000000 2.400000 -0.100000
v -0.900000 2.400000 -1.500000
v -0.900000 2.400000 -1.400000
v -0.900000 2.400000 -1.300000
v -0.900000 2.400000 -1.000000
v -0.900000 2.400000 -0.500000
v -0.900000 2.400000 -0.100000
v -1.000000 2.600000 -0.500000
v -1.000000 2.600000 -0.100000
v -0.900000 2.600000 -0.500000
v -0.900000 2.600000 -0.100000
v -1.000000 2.800000 -0.500000
v -1.000000 2.800000 -0.100000
v -0.900000 2.800000 -0.500000
v -0.900000 2.800000 -0.100000
v -0.300000 2.800000 0.600000
v -0.300000 2.800000 0.700000
v -0.100000 2.800000 0.600000
v -0.100000 2.800000 0.700000
v 0.100000 2.800000 0.600000
v 0.100000 2.800000 0.700000
v 0.300000 2.800000 0.600000
v 0.300000 2.800000 0.700000
v -1.200000 3.000000 0.400000
v -1.200000 3.000000 0.900000
v -1.100000 3.000000 0.400000
v -1.100000 3.000000 0.800000
v -1.000000 3.000000 -0.500000
v -1.000000 3.000000 -0.100000
v -1.000000 3.000000 0.400000
v -1.000000 3.000000 0.700000
v -0.900000 3.000000 -0.500000
v -0.900000 3.000000 -0.100000
v -0.800000 3.000000 0.400000
v -0.800000 3.000000 0.700000
v -0.800000 3.000000 0.800000
v -0.800000 3.000000 0.900000
v -0.100000 3.000000 0.600000
v -0.100000 3.000000 0.700000
v 0.100000 3.000000 0.600000
v 0.100000 3.000000 0.700000
v -1.000000 3.200000 -0.500000
v -1.000000 3.200000 -0.100000
v -0.900000 3.200000 -0.500000
v -0.900000 3.200000 -0.100000
v -0.300000 3.200000 -1.500000
v -0.300000 3.200000 -1.400000
v 0.000000 3.200000 -1.500000
v 0.000000 3.200000 -1.400000
v 0.500000 3.200000 0.800000
v 0.500000 3.200000 0.900000
v 0.800000 3.200000 0.800000
v 0.800000 3.200000 0.900000
v -1.200000 3.300000 0.200000
v -1.200000 3.300000 0.500000
v -1.100000 3.300000 0.200000
v -1.100000 3.300000 0.500000
v 1.100000 3.300000 -0.800000
v 1.100000 3.300000 -0.500000
v 1.200000 3.300000 -0.800000
v 1.200000 3.300000 -0.500000
v -1.000000 3.400000 -0.500000
v -1.000000 3.400000 -0.100000
v -0.900000 3.400000 -0.500000
v -0.900000 3.400000 -0.100000
v 0.100000 3.400000 -1.500000
v 0.100000 3.400000 -1.400000
v 0.400000 3.400000 -1.500000
v 0.400000 3.400000 -1.400000
v 0.200000 3.500000 0.800000
v 0.200000 3.500000 0.900000
v 0.500000 3.500000 0.800000
v 0.500000 3.500000 0.900000
v -1.000000 3.600000 -0.600000
v -1.000000 3.600000 -0.000000
v -0.900000 3.600000 -0.600000
v -0.900000 3.600000 -0.000000
v -1.400000 3.700000 -0.700000
v -1.400000 3.700000 0.100000
v -1.100000 3.700000 -0.700000
v -1.100000 3.700000 0.100000
v -1.200000 4.100000 -1.500000
v -1.200000 4.100000 0.900000
v -1.000000 4.100000 -1.300000
v -1.000000 4.100000 0.700000
v -0.800000 4.100000 -1.200000
v -0.800000 4.100000 0.600000
v -0.187500 4.100000 0.900000
v -0.200000 4.100000 -1.300000
v -0.200000 4.100000 -1.200000
v -0.200000 4.100000 0.700000
v -0.200000 4.100000 -1.100000
v -0.200000 4.100000 0.500000
v -0.200000 4.100000 0.600000
v 0.200000 4.100000 -1.300000
v 0.200000 4.100000 -1.200000
v 0.200000 4.100000 -1.100000
v 0.200000 4.100000 0.500000
v 0.200000 4.100000 0.600000
v 0.200000 4.100000 0.700000
v 0.800000 4.100000 -1.200000
v 1.200000 4.100000 -1.500000
v 1.200000 4.100000 0.900000
v 0.800000 4.100000 0.600000
v 1.000000 4.100000 -1.300000
v 1.000000 4.100000 0.700000
v 1.300000 4.200000 -1.400000
v 1.300000 4.200000 -1.100000
v 1.400000 4.200000 -1.400000
v 1.400000 4.200000 -1.100000
v -0.700000 4.300000 1.000000
v -0.700000 4.300000 1.100000
v -0.400000 4.300000 1.000000
v -0.400000 4.300000 1.100000
v -1.400000 4.400000 -1.400000
v -1.400000 4.400000 -1.100000
v -1.400000 4.400000 0.800000
v -1.400000 4.400000 0.900000
v -1.400000 4.400000 1.000000
v -1.400000 4.400000 1.100000
v -1.300000 4.400000 -1.400000
v -1.300000 4.400000 -1.100000
v -1.300000 4.400000 0.800000
v -1.300000 4.400000 0.900000
v -1.300000 4.400000 1.000000
v -1.300000 4.400000 1.100000
v -1.200000 4.400000 1.000000
v -1.200000 4.400000 1.100000
v -0.900000 4.400000 1.000000
v -0.900000 4.400000 1.100000
v 1.300000 4.400000 0.600000
v 1.300000 4.400000 0.900000
v 1.300000 4.400000 1.000000
v 1.300000 4.400000 1.100000
v 1.400000 4.400000 0.600000
v 1.400000 4.400000 0.900000
v 1.400000 4.400000 1.000000
v 1.400000 4.400000 1.100000
v -1.400000 4.500000 -1.000000
v -1.400000 4.500000 -0.700000
v -1.300000 4.500000 -1.000000
v -1.300000 4.500000 -0.700000
v -0.700000 4.500000 -1.700000
v -0.700000 4.500000 -1.600000
v -0.400000 4.500000 -1.700000
v -0.400000 4.500000 -1.600000
v 0.800000 4.500000 1.000000
v 0.800000 4.500000 1.100000
v 1.100000 4.500000 1.000000
v 1.100000 4.500000 1.100000
v 1.300000 4.500000 -1.200000
v 1.300000 4.500000 -0.900000
v 1.400000 4.500000 -1.200000
v 1.400000 4.500000 -0.900000
v -1.300000 4.600000 -1.500000
v -1.300000 4.600000 0.900000
v -1.200000 4.600000 -1.600000
v -1.200000 4.600000 -1.500000
v -1.200000 4.600000 0.900000
v -1.200000 4.600000 1.000000
v 1.200000 4.600000 -1.600000
v 1.200000 4.600000 -1.500000
v 1.200000 4.600000 0.900000
v 1.200000 4.600000 1.000000
v 1.300000 4.600000 -1.500000
v 1.300000 4.600000 0.900000
v -1.400000 4.700000 -1.600000
v -1.400000 4.700000 -1.500000
v -1.400000 4.700000 0.900000
v -1.400000 4.700000 1.000000
v -1.250000 4.700000 -1.700000
v -1.300000 4.700000 -1.600000
v -1.300000 4.700000 -1.500000
v -1.300000 4.700000 0.900000
v -1.300000 4.700000 1.000000
v -1.250000 4.700000 1.100000
v -1.200000 4.700000 -1.600000
v -1.200000 4.700000 1.000000
v 1.250000 4.700000 -1.700000
v 1.200000 4.700000 -1.600000
v 1.200000 4.700000 1.000000
v 1.250000 4.700000 1.100000
v 1.300000 4.700000 -1.600000
v 1.300000 4.700000 -1.500000
v 1.300000 4.700000 0.900000
v 1.300000 4.700000 1.000000
v 1.400000 4.700000 -1.600000
v 1.400000 4.700000 -1.500000
v 1.400000 4.700000 0.900000
v 1.400000 4.700000 1.000000
v -0.100000 4.800000 -1.200000
v -0.100000 4.800000 -1.100000
v -0.100000 4.800000 0.500000
v -0.100000 4.800000 0.600000
v 0.100000 4.800000 -1.200000
v 0.100000 4.800000 -1.100000
v 0.100000 4.800000 0.500000
v 0.100000 4.800000 0.600000
v -0.100000 5.000000 -1.200000
v -0.100000 5.000000 -1.100000
v -0.100000 5.000000 0.500000
v -0.100000 5.000000 0.600000
v 0.100000 5.000000 -1.200000
v 0.100000 5.000000 -1.100000
v 0.100000 5.000000 0.500000
v 0.100000 5.000000 0.600000
v 0.600000 5.000000 0.700000
v 0.600000 5.000000 0.800000
v 1.000000 5.000000 0.500000
v 1.000000 5.000000 0.700000
v 1.100000 5.000000 0.500000
v 1.100000 5.000000 0.800000
v -1.000000 5.100000 -0.500000
v -1.000000 5.100000 -0.100000
v -0.900000 5.100000 -0.500000
v -0.900000 5.100000 -0.100000
v 0.900000 5.100000 -0.500000
v 0.900000 5.100000 -0.100000
v 1.000000 5.100000 -0.500000
v 1.000000 5.100000 -0.100000
v -0.900000 5.200000 -0.500000
v -0.900000 5.200000 -0.100000
v -0.800000 5.200000 -0.500000
v -0.800000 5.200000 -0.100000
v 0.800000 5.200000 -0.500000
v 0.800000 5.200000 -0.100000
v 0.900000 5.200000 -0.500000
v 0.900000 5.200000 -0.100000
v 1.000000 5.300000 -1.000000
v 1.000000 5.300000 -0.700000
v 1.100000 5.300000 -1.000000
v 1.100000 5.300000 -0.700000
v -0.900000 5.400001 -0.500000
v -0.900000 5.400001 -0.100000
v -0.800000 5.400001 -0.500000
v -0.800000 5.400001 -0.100000
v 0.800000 5.400000 -0.500000
v 0.800000 5.400000 -0.100000
v 0.900000 5.400000 -0.500000
v 0.900000 5.400000 -0.100000
v -1.100000 5.500000 0.200000
v -1.100000 5.500000 0.500000
v -1.000000 5.500000 0.200000
v -1.000000 5.500000 0.500000
v -0.100000 5.500000 -1.200000
v -0.100000 5.500000 -1.100000
v -0.100000 5.500000 0.500000
v -0.100000 5.500000 0.600000
v 0.100000 5.500000 -1.200000
v 0.100000 5.500000 -1.100000
v 0.100000 5.500000 0.500000
v 0.100000 5.500000 0.600000
v -0.900000 5.600000 -0.500000
v -0.900000 5.600000 -0.100000
v -0.800000 5.600000 -0.500000
v -0.800000 5.600000 -0.100000
v 0.800000 5.600000 -0.500000
v 0.800000 5.600000 -0.100000
v 0.900000 5.600000 -0.500000
v 0.900000 5.600000 -0.100000
v -0.100000 5.700000 -1.200001
v -0.100000 5.700000 -1.100001
v -0.100000 5.700000 0.500000
v -0.100000 5.700000 0.600000
v 0.100000 5.700000 -1.200001
v 0.100000 5.700000 -1.100001
v 0.100000 5.700000 0.500000
v 0.100000 5.700000 0.600000
v -0.900000 5.800001 -0.500000
v -0.900000 5.800001 -0.100000
v -0.800000 5.800001 -0.500000
v -0.800000 5.800001 -0.100000
v 0.800000 5.800000 -0.500000
v 0.800000 5.800000 -0.100000
v 0.900000 5.800000 -0.500000
v 0.900000 5.800000 -0.100000
v -0.900000 6.000000 -0.500000
v -0.900000 6.000000 -0.100000
v -0.800000 6.000000 -0.500000
v -0.800000 6.000000 -0.100000
v 0.800000 6.000000 -0.500000
v 0.800000 6.000000 -0.100000
v 0.900000 6.000000 -0.500000
v 0.900000 6.000000 -0.100000
v -0.100000 6.100000 -1.200001
v -0.100000 6.100000 -1.100001
v 0.100000 6.100000 -1.200001
v 0.100000 6.100000 -1.100001
v -1.100000 6.200000 -1.100001
v -1.100000 6.200000 -0.800000
v -1.000000 6.200000 -1.100001
v -1.000000 6.200000 -0.800000
v -0.900000 6.200000 -0.500000
v -0.900000 6.200000 -0.100000
v -0.800000 6.200000 -0.500000
v -0.800000 6.200000 -0.100000
v 0.600000 6.200000 -1.400000
v 0.600000 6.200000 -1.300000
v 0.800000 6.200000 -0.500000
v 0.900000 6.200000 -1.400000
v 0.900000 6.200000 -1.300000
v 0.900000 6.200000 -0.500000
v -0.100000 6.300000 -1.200001
v -0.100000 6.300000 -1.100001
v 0.100000 6.300000 -1.200001
v 0.100000 6.300000 -1.100001
v -0.900000 6.400001 -0.500000
v -0.900000 6.400001 -0.100000
v -0.800000 6.400001 -0.500000
v -0.900000 1.250000 -0.447930
v -0.752468 1.622961 -1.400000
v -1.229092 1.120018 -0.700000
v -1.200000 1.138092 -0.700000
v -0.957289 1.259338 -0.600000
v -0.900000 1.294931 -0.600000
v 0.207372 1.628367 0.600000
v 0.228308 1.641375 0.600000
v 0.240427 1.648904 0.600000
v 0.300000 1.685916 0.600000
v 0.658200 1.878913 0.700000
v 1.000000 2.091268 0.700000
v -1.000000 1.055524 -0.000000
v -1.379902 0.789951 0.100000
v -1.200000 1.312598 -1.290617
v -1.100000 1.347952 -1.200000
v -1.100000 1.006189 -0.043299
v -1.100000 0.945064 0.163580
v -1.100000 0.768646 0.760668
v -1.000000 1.483115 -1.447186
v 0.200000 1.594241 0.700000
v 1.000000 2.682196 -1.300000
v -1.200000 1.138092 -0.700000
v -1.200000 1.108546 -0.600000
v -1.200000 0.903247 0.094838
v -1.000000 1.055524 -0.000000
v -0.900000 1.265385 -0.500000
v -0.900000 1.137461 -0.067042
v -0.300000 1.266821 0.756784
v -0.200000 1.375273 0.600000
v 1.100000 2.131036 0.775680
v 1.100000 2.127386 0.788032
v 1.100000 2.123850 0.800000
v -1.100000 1.200000 -0.699253
v -1.000000 1.200000 -0.488979
v -0.322629 1.900000 -1.433799
v -0.306555 1.900000 -1.400000
v -1.000000 1.498720 -1.500000
v -0.975970 1.100000 -0.100000
v -1.000000 0.848700 0.700000
v -0.558185 1.714120 -1.300000
v -1.011977 1.195815 -0.500000
v -1.000000 1.203256 -0.500000
v -0.945941 1.089110 -0.000000
v -0.900000 1.117653 -0.000000
v -1.376393 0.792131 0.100000
v 0.626297 1.800000 0.900000
v -1.300000 1.075964 -0.700000
v -1.200000 1.287990 -1.207333
v -1.100000 1.237069 -0.824713
v -1.100000 1.022943 -0.100000
v -1.100000 0.949128 0.149826
v -1.000000 1.469174 -1.400000
v 0.200000 1.623787 0.600000
v 1.000000 2.652708 -1.200201
v 1.000000 2.417186 -0.403072
v 1.000000 2.358948 -0.205965
v -1.200000 1.133155 -0.683289
v -1.000000 1.232803 -0.600000
v -1.000000 0.952370 0.349127
v -0.900000 1.560848 -1.500000
v -0.900000 1.135769 -0.061314
v -0.200000 1.349374 0.687656
v -1.147912 1.200000 -0.800000
v -0.936262 1.200000 -0.354954
v -1.300000 0.854366 0.050000
v -0.954498 1.526989 -1.500000
v -0.900000 1.560848 -1.500000
v -0.306555 1.900000 -1.400000
v -1.178551 1.328697 -1.300000
v -1.200000 1.315370 -1.300000
v -0.922250 1.133376 -0.100000
v -0.900000 1.147199 -0.100000
v 0.200000 1.623787 0.600000
v -0.977964 1.216947 -0.500000
v -1.363727 0.800000 0.100000
v 0.225446 1.610050 0.700000
v 0.300000 1.656369 0.700000
v 0.578740 1.800000 0.800000
v 0.684191 1.835968 0.900000
v -1.300000 1.053219 -0.623020
v -1.100000 1.141128 -0.500000
v -1.100000 1.004871 -0.038836
v -1.100000 1.001494 -0.027409
v -1.100000 0.986907 0.021964
v -1.100000 0.972261 0.071533
v -1.100000 0.960806 0.110302
v -0.300000 1.313145 0.600000
v 0.200000 1.617709 0.620573
v 0.300000 1.626823 0.800000
v -0.900000 1.548462 -1.458077
v -0.900000 1.134343 -0.056488
v 0.300000 1.656369 0.700000
v 0.500000 1.721534 0.900000
v 1.100000 2.269360 0.307519
v -1.124556 1.200000 -0.750888
v -0.515069 1.800000 -1.500000
v 0.578740 1.800000 0.800000
v -1.400000 0.800000 0.023728
v -1.000000 1.100000 -0.150528
v -0.467512 1.800000 -1.400000
v -0.201789 1.965089 -1.400000
v 0.097032 2.150742 -1.400000
v 0.478912 2.387998 -1.400000
v 0.561001 2.438999 -1.400000
v 0.615352 2.472766 -1.400000
v 0.645163 2.491287 -1.400000
v 0.747409 2.554811 -1.400000
v 0.783855 2.577454 -1.400000
v 0.869303 2.630542 -1.400000
v 1.013660 2.720229 -1.400000
v 1.055463 2.746200 -1.400000
v 1.100000 2.773870 -1.400000
v -1.100000 1.377499 -1.300000
v -0.582299 1.108211 0.700000
v -0.510557 1.152783 0.700000
v -0.300000 1.283599 0.700000
v -0.536698 1.727469 -1.300000
v -1.296185 0.841963 0.100000
v -1.300000 0.839593 0.100000
v -1.036695 0.796356 0.800000
v -1.100000 0.757025 0.800000
v 0.739698 1.900000 0.800000
v -1.400000 0.800000 0.023728
v -1.100000 1.229767 -0.800000
v -1.100000 1.200000 -0.699253
v -1.100000 0.757025 0.800000
v -0.300000 1.296694 0.655678
v -0.900000 1.133125 -0.052366
v -0.505075 1.800000 -1.478985
v -0.467512 1.800000 -1.400000
v 0.612877 1.800000 0.871781
v 0.626297 1.800000 0.900000
v -1.392450 0.800000 0.039603
v -1.363727 0.800000 0.100000
v -0.991720 1.100000 -0.133118
v -0.975970 1.100000 -0.100000
v 0.739698 1.900000 0.800000
v -1.147912 1.200000 -0.800000
v 0.300000 1.656369 0.700000
v -0.958312 1.229156 -0.500000
v -1.400000 0.777464 0.100000
v -1.200000 0.901721 0.100000
v -0.826313 0.927063 0.800000
v -0.770156 0.961952 0.800000
v -0.488531 1.136921 0.800000
v -0.399305 1.192356 0.800000
v -0.300000 1.254053 0.800000
v 0.326155 1.643072 0.800000
v 0.400000 1.688951 0.800000
v 1.008804 2.067192 0.800000
v 1.047796 2.091416 0.800000
v 1.054820 2.095780 0.800000
v 1.077883 2.110109 0.800000
v 1.088591 2.116762 0.800000
v 1.100000 2.123850 0.800000
v -1.100000 1.407045 -1.400000
v -1.100000 1.377499 -1.300000
v -0.100000 1.407856 0.700000
v 0.400000 1.688951 0.800000
v 0.100000 1.532112 0.700000
v 1.100000 2.146886 0.722036
v -0.354112 1.900000 -1.500000
v 0.759914 1.900000 0.842511
v 0.787255 1.900000 0.900000
v -0.515069 1.800000 -1.500000
v -0.354112 1.900000 -1.500000
v -1.100000 1.407045 -1.400000
v -1.100000 1.229767 -0.800000
v -1.002776 1.083346 -0.100000
v -1.100000 1.022943 -0.100000
v -0.100000 1.437402 0.600000
v -0.445271 1.784272 -1.300000
v -0.423060 1.798071 -1.300000
v -1.200000 1.285824 -1.200000
v -1.100000 1.141128 -0.500000
v -0.100000 1.407856 0.700000
v 0.500000 1.751080 0.800000
v 0.300000 1.626823 0.800000
v 0.400000 1.659405 0.900000
v -1.400000 0.782604 0.082604
v -1.100000 1.386692 -1.331115
v -1.100000 1.172692 -0.606827
v -1.100000 0.794325 0.673759
v -1.000000 1.085071 -0.100000
v -0.100000 1.437402 0.600000
v 0.400000 1.683200 0.819467
v 1.000000 2.091268 0.700000
v -1.000000 1.439627 -1.300000
v -0.900000 1.531302 -1.400000
v -0.900000 1.294931 -0.600000
v -0.900000 1.147199 -0.100000
v -0.900000 1.117653 -0.000000
v -0.300000 1.254053 0.800000
v 0.100000 1.561659 0.600000
v -0.495795 1.811974 -1.500000
v -1.040653 1.443917 -1.400000
v -1.000000 1.469174 -1.400000
v -1.293338 0.873278 -0.000000
v -1.300000 0.869139 -0.000000
v 0.000179 1.499642 0.600000
v 0.100000 1.561659 0.600000
v -1.122345 1.334070 -1.200000
v -1.100000 1.347952 -1.200000
v -1.236469 1.085888 -0.600000
v -1.300000 1.046417 -0.600000
v -0.223037 1.331415 0.700000
v -0.200000 1.345727 0.700000
v 0.011451 1.477098 0.700000
v 0.100000 1.532112 0.700000
v -0.300000 1.283599 0.700000
v 0.523062 1.765408 0.800000
v 0.421234 1.672597 0.900000
v 0.500000 1.721534 0.900000
v -1.400000 0.777464 0.100000
v -1.100000 1.170674 -0.600000
v -1.100000 1.169550 -0.596194
v -1.100000 1.169382 -0.595626
v -0.300000 1.283599 0.700000
v -0.100000 1.416458 0.670885
v 0.300000 1.656369 0.700000
v 0.400000 1.659405 0.900000
v -1.000000 1.356437 -1.018441
v -0.900000 1.281886 -0.555849
v -0.900000 1.280859 -0.552374
v -0.900000 1.279657 -0.548305
v -0.900000 1.278230 -0.543476
v -0.900000 1.276509 -0.537651
v -0.900000 1.274393 -0.530488
v -0.900000 1.271727 -0.521466
v -0.900000 1.266117 -0.502480
v -0.900000 1.143497 -0.087470
v 0.100000 1.550625 0.637344
v 0.300000 1.685916 0.600000
v 0.500000 1.751080 0.800000
v 1.100000 2.661389 -1.019306
v 1.100000 2.773870 -1.400000
v 1.100000 2.229233 0.443331
v -0.900000 1.200000 -0.278705
v -0.900000 1.531302 -1.400000
v -1.300000 1.075964 -0.700000
v -1.000000 1.232803 -0.600000
v -1.000000 1.085071 -0.100000
v -1.200000 0.931268 -0.000000
v -0.223599 1.360612 0.600000
v -0.200000 1.375273 0.600000
v -0.241896 1.349244 0.600000
v -0.252198 1.342844 0.600000
v -0.300000 1.313145 0.600000
v 0.570920 1.824688 0.700000
v -1.000000 1.439627 -1.300000
v -0.396573 1.814527 -1.300000
v -0.151608 1.966720 -1.300000
v 0.298835 2.246573 -1.300000
v 1.000000 2.682196 -1.300000
v -1.200000 1.108546 -0.600000
v 0.200000 1.594241 0.700000
v 0.787255 1.900000 0.900000
v -1.300000 1.046417 -0.600000
v -1.100000 0.943767 0.167971
v -1.100000 0.875957 0.397473
v -1.100000 0.775160 0.738622
v -1.000000 1.498720 -1.500000
v -1.000000 1.100000 -0.150528
v 0.300000 1.643716 0.742825
v -1.200000 0.929357 0.006468
v -1.000000 0.848700 0.700000
v -0.900000 1.139503 -0.073950
v -0.300000 1.283599 0.700000
v -0.200000 1.345727 0.700000
v 0.300000 1.673589 0.641719
v 0.500000 1.748546 0.808576
v 1.400000 4.111018 1.100000
v 0.800000 6.150000 -0.305999
v 0.900000 6.150000 -0.353609
v -1.273903 7.138798 -1.600001
v -1.200000 7.123548 -1.600001
v 0.100701 6.681778 -1.200001
v 0.104407 6.681014 -1.200001
v 0.109475 6.679968 -1.200001
v 0.114032 6.679028 -1.200001
v 0.200000 6.661288 -1.200001
v 0.102921 5.944507 0.500000
v 0.110096 5.943027 0.500000
v 0.116284 5.941750 0.500000
v 0.129267 5.939071 0.499999
v 0.133154 5.938269 0.499999
v 0.136636 5.937550 0.499999
v 0.138763 5.937111 0.499999
v 0.200000 5.924475 0.499999
v 0.379285 6.624293 -1.200001
v 0.800000 6.537478 -1.200001
v 0.100000 5.901768 0.600000
v 1.200000 5.501414 0.999999
v -1.000000 6.865567 -1.100001
v -1.000000 6.605515 -0.500001
v -1.000000 6.432148 -0.100001
v -0.200000 6.007015 0.499999
v 0.100000 6.679726 -1.194933
v 0.200000 5.863266 0.641223
v 0.800000 6.234084 -0.500000
v 0.800000 6.022439 -0.011686
v 0.800000 5.757322 0.599999
v 1.200000 6.584963 -1.500001
v 1.200000 5.544755 0.899999
v 1.200000 5.501414 0.999999
v -1.200000 7.113214 -1.576159
v -0.800000 6.564245 -0.500000
v -0.800000 6.500000 -0.351772
v -0.800000 6.282210 0.150720
v -0.800000 6.389491 -0.096802
v -0.100000 5.943038 0.600000
v 0.200000 6.661288 -1.200001
v 1.300000 5.480779 0.999999
v -0.200000 6.765500 -1.250000
v 1.200000 6.628305 -1.600001
v 0.448911 6.653267 -1.300000
v 0.505368 6.641617 -1.300001
v 0.901067 6.039861 -0.100000
v 0.914816 6.037024 -0.100000
v 0.922039 6.035533 -0.100000
v 0.930836 6.033718 -0.100000
v 0.939880 6.031852 -0.100001
v 0.946833 6.030417 -0.100001
v 0.952345 6.029280 -0.100001
v 0.955782 6.028571 -0.100001
v 0.958757 6.027956 -0.100001
v 0.962153 6.027256 -0.100001
v 1.000000 6.019446 -0.100001
v -0.469103 6.019203 0.599999
v -0.800000 6.087483 0.599999
v -1.243911 6.049059 0.899999
v -1.200000 6.039998 0.899999
v -1.100000 7.059570 -1.500001
v -0.907103 6.586346 -0.500000
v -0.912502 6.587461 -0.500001
v -0.919518 6.588908 -0.500001
v -0.927292 6.590512 -0.500001
v -0.932203 6.591526 -0.500001
v -0.936493 6.592411 -0.500001
v -1.000000 6.605515 -0.500001
v 1.275442 5.485846 0.999999
v -1.300000 7.100841 -1.500001
v -1.000000 6.807331 -0.965637
v -1.000000 6.362169 0.061455
v -1.000000 6.355064 0.077847
v -1.000000 6.267087 0.280831
v -0.200000 5.991950 0.534759
v 0.800000 6.003008 0.033146
v -1.200000 6.039998 0.899999
v -1.200000 5.996656 0.999999
v -1.000000 7.038935 -1.500000
v -0.800000 6.867639 -1.200001
v -0.800000 6.339085 0.019495
v -0.800000 6.361994 -0.033360
v 0.200000 6.654857 -1.185163
v 1.300000 6.564328 -1.500001
v 0.200000 6.682959 -1.250000
v 1.239998 6.620051 -1.600001
v 1.300000 6.607670 -1.600001
v -0.365047 6.821228 -1.300000
v -1.000000 6.952251 -1.300001
v 0.730659 6.595128 -1.300001
v 0.919783 6.556102 -1.300001
v -0.264725 5.977029 0.599999
v -0.200000 5.963674 0.599999
v 1.300000 5.524121 0.899999
v -1.004428 7.039848 -1.500000
v -1.000000 7.038935 -1.500000
v -0.100000 6.679852 -1.100001
v -0.697303 6.022950 0.700000
v -0.869356 6.058453 0.700000
v -1.000000 6.085412 0.699999
v -1.100000 7.059570 -1.500001
v -1.000000 6.790372 -0.926509
v -0.200000 5.963674 0.599999
v 0.100000 5.901768 0.600000
v 0.800000 5.981136 0.083609
v -1.200000 7.080205 -1.500001
v -0.800000 6.752674 -0.934750
v -0.800000 6.747190 -0.922098
v -0.800000 6.741158 -0.908180
v -0.800000 6.734488 -0.892793
v -0.800000 6.727077 -0.875694
v -0.800000 6.718793 -0.856579
v -0.800000 6.709470 -0.835069
v -0.800000 6.698902 -0.810685
v -0.800000 6.686820 -0.782809
v -0.800000 6.672874 -0.750633
v -0.800000 6.656598 -0.713080
v -0.800000 6.637353 -0.668677
v -0.800000 6.614245 -0.615364
v -0.800000 6.585984 -0.550158
v -0.800000 6.350040 -0.005782
v -0.800000 6.303099 0.102525
v -0.100000 6.700000 -1.146488
v 0.200000 6.617947 -1.100001
v 1.000000 6.539550 -1.300001
v 1.000000 5.963319 0.029497
v 1.000000 6.019446 -0.100001
v 1.000000 5.672710 0.699999
v 0.800000 6.100000 -0.190637
v -0.900000 6.500000 -0.304162
v 0.012398 6.700000 -1.200001
v -0.100000 6.700000 -1.146488
v 0.900000 6.200000 -0.468970
v -0.290193 6.805781 -1.300000
v -0.200000 6.787170 -1.300000
v 0.100000 6.681923 -1.200001
v 0.900000 6.040081 -0.100000
v -0.100000 5.986380 0.500000
v 0.258966 5.868966 0.599999
v 0.200000 5.881133 0.599999
v 1.228451 5.538885 0.899999
v 1.200000 5.544755 0.899999
v 0.100000 6.638581 -1.100001
v 0.850953 6.223570 -0.500000
v 0.900000 6.213449 -0.500000
v -1.000000 6.952251 -1.300001
v 0.100000 6.638581 -1.100001
v 0.800000 5.967128 0.115929
v -0.800000 6.329008 0.042747
v -0.800000 6.375086 -0.063567
v 1.000000 6.470994 -1.141828
v 1.000000 6.465659 -1.129519
v 1.300000 6.607670 -1.600001
v 0.825721 6.100000 -0.202883
v -0.842064 6.500000 -0.331746
v -1.100000 7.102912 -1.600001
v 0.286228 6.686837 -1.300000
v 0.200000 6.704630 -1.300000
v -0.100000 6.723194 -1.200001
v 0.012398 6.700000 -1.200001
v -0.900000 6.411512 -0.100001
v -0.849009 6.400990 -0.100000
v 0.100000 5.945109 0.500000
v 0.513942 5.816351 0.599999
v 0.800000 5.757322 0.599999
v -1.300000 6.060634 0.899999
v 0.907339 6.211935 -0.500000
v 0.917794 6.209777 -0.500000
v 0.928545 6.207559 -0.500000
v 0.936808 6.205853 -0.500001
v 0.943359 6.204502 -0.500001
v 0.947445 6.203659 -0.500001
v 0.950981 6.202929 -0.500001
v 0.955016 6.202096 -0.500001
v 1.000000 6.192814 -0.500001
v 0.488830 5.778191 0.699999
v -1.300000 7.144183 -1.600001
v -1.300000 6.060634 0.899999
v -1.000000 6.927407 -1.242679
v -1.000000 6.922503 -1.231366
v -0.200000 6.743829 -1.200001
v 0.100000 5.945110 0.500000
v 0.800000 5.954770 0.144441
v -0.800000 6.319706 0.064208
v -0.100000 5.986380 0.500000
v 0.200000 5.924475 0.499999
v 1.000000 5.820077 0.359989
v 1.000000 5.809517 0.384354
v 1.300000 6.589140 -1.557248
v 0.900000 6.100000 -0.238247
v -0.800000 6.500000 -0.351772
v -1.009356 7.084208 -1.600001
v -1.000000 7.082277 -1.600001
v 1.000000 6.539550 -1.300001
v 1.240721 6.576560 -1.500001
v 1.300000 6.564328 -1.500001
v -1.300000 7.014156 -1.300000
v -1.231398 7.000000 -1.300000
v -0.800000 6.867639 -1.200001
v -0.100769 6.680010 -1.100001
v -0.104416 6.680763 -1.100001
v -0.109411 6.681794 -1.100001
v -0.200000 6.700487 -1.100001
v -0.528363 5.988089 0.700000
v 0.759200 5.722399 0.699999
v -0.279861 5.936810 0.700000
v -0.200000 5.920331 0.699999
v 1.000000 5.672710 0.699999
v -1.300000 7.132793 -1.573722
v -1.300000 7.057498 -1.400001
v -1.300000 6.035378 0.958269
v -1.000000 6.735541 -0.800001
v -1.000000 6.149572 0.551965
v -0.200000 6.738607 -1.187955
v 0.100000 5.935841 0.521386
v 0.800000 5.940392 0.177614
v 1.200000 6.628305 -1.600001
v 1.200000 5.512922 0.973448
v -1.200000 7.000000 -1.314949
v -1.200000 7.036863 -1.400000
v -1.000000 7.082277 -1.600001
v -0.800000 6.311094 0.084077
v -0.800000 6.087483 0.599999
v -0.100000 6.679852 -1.100001
v -0.100000 5.984080 0.505306
v 0.200000 5.907243 0.539758
v 1.000000 6.313984 -0.779570
v -0.844213 6.400001 -0.100000
v 0.851931 6.050000 -0.100000
v -1.300000 7.057498 -1.400001
v -0.909417 6.413455 -0.100001
v -0.917801 6.415186 -0.100001
v -0.924764 6.416623 -0.100001
v -0.932400 6.418199 -0.100001
v -0.937182 6.419185 -0.100001
v -0.941331 6.420042 -0.100001
v -0.946081 6.421021 -0.100001
v -1.000000 6.432148 -0.100001
v -1.275631 7.095812 -1.500001
v -1.200000 7.080205 -1.500001
v -0.656332 6.837993 -1.200001
v -0.288738 6.762139 -1.200001
v -0.200000 6.743829 -1.200001
v 0.102381 6.638090 -1.100001
v 0.107746 6.636983 -1.100001
v 0.114045 6.635684 -1.100001
v 0.200000 6.617947 -1.100001
v 0.800000 6.234084 -0.500000
v -0.900000 6.584880 -0.500000
v -0.871086 6.578914 -0.500000
v -0.105428 5.944158 0.600000
v -0.112117 5.945539 0.600000
v -0.200000 5.963674 0.600000
v 0.257531 5.825920 0.699999
v 0.200000 5.837791 0.699999
v -1.300000 6.017291 0.999999
v -1.300000 7.014872 -1.301653
v -1.300000 6.017291 0.999999
v -1.100000 7.102912 -1.600001
v -1.000000 6.688114 -0.690575
v -1.000000 6.085412 0.699999
v -0.900000 6.500000 -0.304162
v -0.900000 6.584880 -0.500000
v -0.200000 6.700487 -1.100001
v 0.200000 5.837791 0.699999
v 0.800000 6.537478 -1.200001
v 0.800000 5.927967 0.206283
v 0.800000 6.060716 -0.100000
v 1.200000 6.611381 -1.560952
v -1.200000 6.014858 0.958003
v -1.000000 7.040905 -1.504545
v -0.800000 6.295654 0.119699
v -0.200000 5.928792 0.680479
v -0.200000 5.955405 0.619075
v 0.200000 5.881133 0.599999
v 1.000000 6.243923 -0.617921
v 1.000000 6.192814 -0.500001
v 1.300000 5.524120 0.899999
v 0.800000 6.200000 -0.421360
v -0.800000 6.400001 -0.121051
v -1.300000 7.144183 -1.600001
v -1.204192 7.037728 -1.400000
v -1.200000 7.036863 -1.400000
v -0.104577 6.724138 -1.200001
v -0.111001 6.725464 -1.200001
v -0.200000 6.743829 -1.200001
v -0.103228 5.987046 0.500000
v -0.110073 5.988459 0.500000
v -0.114123 5.989294 0.500000
v -0.127231 5.991999 0.499999
v -0.129906 5.992551 0.499999
v -0.132391 5.993064 0.499999
v -0.200000 6.007015 0.499999
v -1.300000 7.100841 -1.500001
v 1.200000 6.584963 -1.500001
v 0.284793 6.643791 -1.200001
v 0.200000 6.661288 -1.200001
v -0.100000 5.943038 0.600000
v 0.105227 5.900689 0.600000
v 0.112232 5.899244 0.600000
v 0.118273 5.897997 0.600000
v 0.130947 5.895382 0.600000
v 0.134742 5.894599 0.599999
v 0.139197 5.893680 0.599999
v 0.200000 5.881133 0.599999
v -1.239540 6.004816 0.999999
v -1.200000 5.996656 0.999999
v -1.300000 7.014156 -1.300000
v -1.100000 7.062584 -1.506954
v -1.000000 6.681686 -0.675744
v 0.100000 6.681923 -1.200001
v 0.200000 5.881133 0.599999
v 0.800000 6.376911 -0.829536
v 0.800000 6.365143 -0.802384
v 0.800000 6.346478 -0.759319
v 0.800000 6.329591 -0.720358
v 0.800000 6.316570 -0.690316
v 0.800000 6.293664 -0.637466
v 0.800000 6.254548 -0.547216
v 0.800000 5.919701 0.225355
v 0.800000 6.045208 -0.064218
v -1.200000 7.123548 -1.600001
v -0.800000 6.390877 -0.100000
v -0.800000 6.400000 -0.121049
v -0.800000 6.288708 0.135728
v 1.000000 5.759394 0.499999
v 1.000000 5.738068 0.549204
v 1.300000 5.491499 0.975265
v 0.891194 6.200000 -0.464778
v 1.300000 5.480779 0.999999
vn -0.0000 -0.0000 -1.0000
vn 0.0001 -0.0000 -1.0000
vn -0.0001 -0.0000 -1.0000
vn -0.0000 -0.0000 1.0000
vn 0.0001 -0.0000 1.0000
vn -1.0000 -0.0000 -0.0000
vn 1.0000 -0.0000 -0.0000
vn -0.0000 -1.0000 -0.0000
vn -0.0000 1.0000 -0.0000
vn -0.0001 -0.0000 1.0000
vn -0.0000 1.0000 -0.0001
vt 0.939453 0.500000
vt 0.943359 0.500000
vt 0.912109 0.500000
vt 0.759766 0.500000
vt 0.755859 0.500000
vt 0.947266 0.500000
vt 0.943359 0.500000
vt 0.943359 0.500000
vt 0.912109 0.500000
vt 0.912109 0.500000
vt 0.908203 0.500000
vt 0.908203 0.500000
vt 0.947266 0.500000
vt 0.759766 0.500000
vt 0.724609 0.500000
s 1
usemtl palette.002
f 5/1/1 2/1/1 1/1/1
f 6/1/1 2/1/1 5/1/1
f 11/1/1 10/1/1 9/1/1
f 12/1/1 10/1/1 11/1/1
f 13/2/1 11/2/1 9/2/1
f 15/2/1 13/2/1 9/2/1
f 16/2/1 13/2/1 15/2/1
f 17/2/1 10/2/1 12/2/1
f 19/2/1 13/2/1 16/2/1
f 20/2/1 12/2/1 11/2/1
f 21/2/1 19/2/1 16/2/1
f 21/2/1 20/2/1 19/2/1
f 21/2/1 12/2/1 20/2/1
f 22/2/1 12/2/1 21/2/1
f 23/3/1 15/3/1 14/3/1
f 24/3/1 15/3/1 23/3/1
f 27/3/1 18/3/1 17/3/1
f 28/3/1 18/3/1 27/3/1
f 3018/4/1 29/4/1 2982/4/1
f 3019/4/1 30/4/1 3018/4/1
f 2829/3/1 24/3/1 3107/3/1
f 2830/3/1 25/3/1 2829/3/1
f 2912/3/1 26/3/1 2869/3/1
f 2913/3/1 27/3/1 2912/3/1
f 34/4/1 32/4/1 31/4/1
f 34/5/1 33/5/1 32/5/1
f 2720/4/1 2749/4/1 34/4/1
f 37/1/1 36/1/1 35/1/1
f 38/1/1 36/1/1 37/1/1
f 41/1/1 40/1/1 39/1/1
f 42/1/1 40/1/1 41/1/1
f 45/1/1 44/1/1 43/1/1
f 46/1/1 44/1/1 45/1/1
f 57/2/1 48/2/1 47/2/1
f 58/2/1 48/2/1 57/2/1
f 59/2/1 50/2/1 49/2/1
f 60/2/1 50/2/1 59/2/1
f 61/2/1 52/2/1 51/2/1
f 62/2/1 52/2/1 61/2/1
f 63/2/1 54/2/1 53/2/1
f 64/2/1 54/2/1 63/2/1
f 65/2/1 56/2/1 55/2/1
f 66/2/1 56/2/1 65/2/1
f 2654/6/1 2555/6/1 69/6/1
f 72/1/1 70/1/1 71/1/1
f 75/2/1 74/2/1 73/2/1
f 77/2/1 75/2/1 73/2/1
f 81/2/1 78/2/1 77/2/1
f 81/2/1 79/2/1 78/2/1
f 83/2/1 77/2/1 73/2/1
f 83/2/1 82/2/1 81/2/1
f 83/2/1 81/2/1 77/2/1
f 84/2/1 82/2/1 83/2/1
f 85/2/1 82/2/1 84/2/1
f 86/2/1 82/2/1 85/2/1
f 87/2/1 82/2/1 86/2/1
f 88/2/1 82/2/1 87/2/1
f 89/2/1 82/2/1 88/2/1
f 93/1/1 85/1/1 84/1/1
f 94/1/1 85/1/1 93/1/1
f 95/1/1 87/1/1 86/1/1
f 96/1/1 87/1/1 95/1/1
f 97/1/1 89/1/1 88/1/1
f 98/1/1 89/1/1 97/1/1
f 99/1/1 91/1/1 90/1/1
f 100/1/1 91/1/1 99/1/1
f 105/1/1 102/1/1 101/1/1
f 106/1/1 102/1/1 105/1/1
f 107/1/1 104/1/1 103/1/1
f 108/1/1 104/1/1 107/1/1
f 111/1/1 110/1/1 109/1/1
f 112/1/1 110/1/1 111/1/1
f 3108/4/1 113/4/1 3056/4/1
f 3109/4/1 114/4/1 3108/4/1
f 121/2/1 120/2/1 119/2/1
f 122/2/1 121/2/1 119/2/1
f 2960/2/1 117/2/1 2914/2/1
f 123/2/1 122/2/1 119/2/1
f 124/2/1 120/2/1 121/2/1
f 123/2/1 2983/2/1 2870/2/1
f 2961/4/1 118/4/1 2960/4/1
f 2984/4/1 2983/4/1 119/4/1
f 2915/2/1 2914/2/1 117/2/1
f 2871/7/1 123/2/1 2870/2/1
f 2916/8/1 123/2/1 2871/7/1
f 3020/2/1 124/2/1 2917/2/1
f 2917/2/1 124/2/1 2916/8/1
f 129/2/1 126/2/1 125/2/1
f 130/2/1 126/2/1 129/2/1
f 131/2/1 128/2/1 127/2/1
f 132/2/1 128/2/1 131/2/1
f 137/1/1 136/1/1 135/1/1
f 138/1/1 136/1/1 137/1/1
f 139/3/1 134/3/1 133/3/1
f 140/3/1 134/3/1 139/3/1
f 141/3/1 134/3/1 140/3/1
f 142/3/1 139/3/1 133/3/1
f 142/3/1 141/3/1 139/3/1
f 143/3/2 142/3/1 133/3/1
f 144/3/3 134/3/1 141/3/1
f 145/3/1 143/3/2 133/3/1
f 145/3/1 144/3/1 143/3/2
f 146/3/1 134/3/1 144/3/3
f 147/3/1 145/3/1 133/3/1
f 147/3/1 146/3/1 145/3/1
f 148/3/1 147/3/1 133/3/1
f 149/3/1 134/3/1 146/3/1
f 150/3/1 148/3/1 133/3/1
f 151/3/1 134/3/1 149/3/1
f 152/3/1 150/3/1 133/3/1
f 152/3/1 151/3/1 150/3/1
f 153/3/1 134/3/1 151/3/1
f 153/3/1 151/3/1 152/3/1
f 154/3/1 152/3/1 133/3/1
f 2831/3/1 153/3/1 2962/3/1
f 154/3/1 3110/3/1 2985/9/1
f 2985/9/1 2986/3/1 154/3/1
f 2832/3/1 134/3/1 2831/3/1
f 2833/3/1 134/3/1 2832/3/1
f 3111/3/1 3110/3/1 133/3/1
f 3112/3/1 3111/3/1 133/3/1
f 2834/3/1 134/3/1 2833/3/1
f 2835/3/1 134/3/1 2834/3/1
f 157/1/1 156/1/1 155/1/1
f 158/1/1 156/1/1 157/1/1
f 161/1/1 160/1/1 159/1/1
f 162/1/1 160/1/1 161/1/1
f 165/1/1 164/1/1 163/1/1
f 166/1/1 164/1/1 165/1/1
f 169/4/1 168/4/1 167/4/1
f 172/1/1 171/1/1 170/1/1
f 173/1/1 171/1/1 172/1/1
f 178/3/1 174/3/1 176/3/1
f 178/3/1 177/3/1 175/3/1
f 178/3/1 175/3/1 174/3/1
f 179/3/1 177/3/1 178/3/1
f 180/3/1 177/3/1 179/3/1
f 184/3/1 182/3/1 181/3/1
f 184/3/1 183/3/1 182/3/1
f 185/3/1 183/3/1 184/3/1
f 190/3/1 189/3/1 188/3/1
f 191/3/1 189/3/1 190/3/1
f 196/1/1 193/1/1 192/1/1
f 197/2/1 195/2/1 194/2/1
f 198/2/1 195/2/1 197/2/1
f 199/1/1 196/1/1 192/1/1
f 202/3/1 201/3/1 200/3/1
f 203/3/1 201/3/1 202/3/1
f 206/6/1 204/6/1 205/6/1
f 209/2/1 206/2/1 205/2/1
f 209/3/1 208/3/1 206/3/1
f 210/3/1 208/3/1 209/3/1
f 211/2/1 209/2/1 205/2/1
f 213/2/1 211/2/1 205/2/1
f 213/3/1 212/3/1 211/3/1
f 214/3/1 212/3/1 213/3/1
f 215/2/1 213/2/1 205/2/1
f 218/4/1 205/4/1 217/4/1
f 218/4/1 215/4/1 205/4/1
f 219/4/1 215/4/1 218/4/1
f 222/3/1 221/3/1 220/3/1
f 223/4/1 222/4/1 220/4/1
f 225/4/1 223/4/1 220/4/1
f 227/4/1 225/4/1 220/4/1
f 227/3/1 226/3/1 225/3/1
f 228/3/1 226/3/1 227/3/1
f 230/4/1 227/4/1 220/4/1
f 230/3/1 229/3/1 227/3/1
f 231/3/1 229/3/1 230/3/1
f 233/4/1 230/4/1 220/4/1
f 233/3/1 232/3/1 230/3/1
f 234/4/1 233/4/1 220/4/1
f 236/4/1 234/4/1 220/4/1
f 238/4/1 236/4/1 220/4/1
f 238/3/1 237/3/1 236/3/1
f 239/4/1 238/4/1 220/4/1
f 246/2/1 244/2/1 241/2/1
f 246/4/1 241/4/1 240/4/1
f 247/2/1 244/2/1 246/2/1
f 248/2/1 242/2/1 245/2/1
f 249/4/1 243/4/1 242/4/1
f 249/2/1 242/2/1 248/2/1
f 252/4/1 243/4/1 249/4/1
f 253/2/1 250/2/1 246/2/1
f 253/4/1 246/4/1 240/4/1
f 254/4/1 253/4/1 240/4/1
f 257/4/1 243/4/1 252/4/1
f 258/4/1 254/4/1 240/4/1
f 261/4/1 243/4/1 257/4/1
f 262/4/1 258/4/1 240/4/1
f 2872/4/1 261/4/1 2963/4/1
f 265/2/1 263/2/1 262/2/1
f 265/4/1 262/4/1 240/4/1
f 2873/4/1 243/4/1 2872/4/1
f 267/2/1 266/2/1 265/2/1
f 267/4/1 265/4/1 240/4/1
f 268/2/1 266/2/1 267/2/1
f 2874/4/1 243/4/1 2873/4/1
f 2875/4/1 243/4/1 2874/4/1
f 2987/2/1 2988/2/1 267/2/1
f 267/4/1 3057/4/1 2987/4/1
f 2876/4/1 243/4/1 2875/4/1
f 3058/4/1 3057/4/1 240/4/1
f 3059/4/1 3058/4/1 240/4/1
f 2877/4/1 243/4/1 2876/4/1
f 3060/4/1 3059/4/1 240/4/1
f 2878/4/1 243/4/1 2877/4/1
f 3061/4/1 3060/4/1 240/4/1
f 2879/4/1 243/4/1 2878/4/1
f 3062/4/1 3061/4/1 240/4/1
f 2880/4/1 243/4/1 2879/4/1
f 3063/4/1 3062/4/1 240/4/1
f 2881/4/1 243/4/1 2880/4/1
f 3064/4/1 3063/4/1 240/4/1
f 2882/4/1 243/4/1 2881/4/1
f 275/4/1 274/4/1 273/4/1
f 276/4/1 274/4/1 275/4/1
f 279/1/1 278/1/1 277/1/1
f 280/1/1 278/1/1 279/1/1
f 285/2/1 282/2/1 281/2/1
f 286/2/1 282/2/1 285/2/1
f 287/2/1 284/2/1 283/2/1
f 288/2/1 284/2/1 287/2/1
f 291/1/1 290/1/1 289/1/1
f 292/1/1 290/1/1 291/1/1
f 297/1/1 294/1/1 293/1/1
f 298/1/1 294/1/1 297/1/1
f 299/1/1 296/1/1 295/1/1
f 300/1/1 296/1/1 299/1/1
f 305/3/1 302/3/1 301/3/1
f 306/3/1 302/3/1 305/3/1
f 307/3/1 302/3/1 306/3/1
f 308/3/1 305/3/1 301/3/1
f 308/3/1 307/3/1 305/3/1
f 309/1/1 304/1/1 303/1/1
f 310/1/1 304/1/1 309/1/1
f 311/3/1 308/3/1 301/3/1
f 312/3/1 302/3/1 307/3/1
f 313/3/1 311/3/1 301/3/1
f 314/3/1 302/3/1 312/3/1
f 313/3/1 3113/3/1 2964/3/1
f 2836/3/1 314/3/1 2989/3/1
f 2837/3/1 302/3/1 2836/3/1
f 3114/3/1 3113/3/1 301/3/1
f 3115/3/1 3114/3/1 301/3/1
f 2838/3/1 302/3/1 2837/3/1
f 3116/3/1 3115/3/1 301/3/1
f 2839/3/1 302/3/1 2838/3/1
f 3117/3/1 3116/3/1 301/3/1
f 2840/3/1 302/3/1 2839/3/1
f 3118/3/1 3117/3/1 301/3/1
f 3119/3/1 3118/3/1 301/3/1
f 2841/3/1 302/3/1 2840/3/1
f 2842/3/1 302/3/1 2841/3/1
f 2843/3/1 302/3/1 2842/3/1
f 321/4/1 316/4/1 315/4/1
f 322/4/1 316/4/1 321/4/1
f 317/3/1 320/3/1 319/3/1
f 317/3/1 319/3/1 318/3/1
f 323/3/1 320/3/1 317/3/1
f 324/3/1 320/3/1 323/3/1
f 326/3/1 324/3/1 323/3/1
f 327/3/1 324/3/1 326/3/1
f 325/3/1 328/3/1 327/3/1
f 325/3/1 327/3/1 326/3/1
f 329/3/1 328/3/1 325/3/1
f 330/3/1 328/3/1 329/3/1
f 332/3/1 330/3/1 329/3/1
f 333/3/1 330/3/1 332/3/1
f 335/3/1 334/3/1 333/3/1
f 335/3/1 333/3/1 332/3/1
f 335/3/1 332/3/1 331/3/1
f 336/3/1 334/3/1 335/3/1
f 337/3/1 334/3/1 336/3/1
f 338/3/1 334/3/1 337/3/1
f 339/3/1 337/3/1 336/3/1
f 340/3/1 337/3/1 339/3/1
f 347/1/1 346/1/1 345/1/1
f 348/1/1 346/1/1 347/1/1
f 2918/2/1 341/2/1 2883/2/1
f 2990/2/1 343/2/1 2965/2/1
f 2919/4/1 342/4/1 2918/4/1
f 2966/4/1 2965/4/1 343/4/1
f 2884/2/1 2883/2/1 341/2/1
f 2991/2/1 344/2/1 2990/2/1
f 355/4/1 353/4/1 352/4/1
f 356/4/1 350/4/1 354/4/1
f 358/2/1 355/2/1 352/2/1
f 358/2/1 352/2/1 351/2/1
f 359/2/1 355/2/1 358/2/1
f 359/4/1 356/4/1 355/4/1
f 359/2/1 358/2/1 357/2/1
f 360/2/1 356/2/1 359/2/1
f 360/2/1 350/2/1 356/2/1
f 365/2/1 362/2/1 361/2/1
f 366/2/1 362/2/1 365/2/1
f 367/2/1 364/2/1 363/2/1
f 368/2/1 364/2/1 367/2/1
f 371/1/1 370/1/1 369/1/1
f 372/1/1 370/1/1 371/1/1
f 373/2/1 375/2/1 374/2/1
f 380/3/1 377/3/1 376/3/1
f 381/2/1 375/2/1 373/2/1
f 382/3/1 379/3/1 378/3/1
f 383/3/1 381/3/1 380/3/1
f 383/3/1 380/3/1 376/3/1
f 384/3/1 381/3/1 383/3/1
f 385/3/1 379/3/1 382/3/1
f 382/3/1 2967/10/1 2920/3/1
f 2885/3/1 384/3/1 2992/3/1
f 2886/11/1 381/11/1 2885/12/1
f 2968/3/1 2967/10/1 375/3/1
f 386/2/4 387/2/4 388/2/4
f 388/2/4 387/2/4 389/2/4
f 390/3/4 391/3/4 394/3/4
f 392/3/4 393/3/4 395/3/4
f 390/3/4 394/3/4 396/3/4
f 394/3/4 388/3/4 396/3/4
f 396/3/4 388/3/4 397/3/4
f 395/3/4 393/3/4 398/3/4
f 2921/4/4 400/4/4 2922/4/4
f 3065/3/4 388/3/4 3066/3/4
f 3021/3/4 395/3/4 3022/3/4
f 2804/6/4 2594/6/4 401/6/4
f 2726/4/4 2727/4/4 401/4/4
f 403/2/4 404/2/4 405/2/4
f 407/1/4 408/1/4 411/1/4
f 409/2/4 410/2/4 412/2/4
f 412/2/4 410/2/4 413/2/4
f 407/1/4 411/1/4 414/1/4
f 2728/4/4 2756/4/4 416/4/4
f 3067/2/4 419/2/4 3068/2/4
f 3068/4/4 419/4/4 3069/4/4
f 2844/2/4 421/2/4 2845/2/4
f 422/1/4 423/1/4 428/1/4
f 428/1/4 423/1/4 429/1/4
f 426/1/4 427/1/4 430/1/4
f 430/1/4 427/1/4 431/1/4
f 424/3/4 425/3/4 432/3/4
f 432/3/4 425/3/4 433/3/4
f 424/3/4 432/3/4 434/3/4
f 433/3/4 425/3/4 435/3/4
f 434/3/4 433/3/4 435/3/4
f 424/3/4 434/3/4 436/3/4
f 435/3/4 425/3/4 437/3/5
f 437/3/5 425/3/4 438/3/4
f 436/3/4 437/3/5 438/3/4
f 424/3/4 436/3/4 439/3/4
f 438/3/4 425/3/4 440/3/4
f 439/3/4 438/3/4 440/3/4
f 424/3/4 439/3/4 441/3/4
f 440/3/4 425/3/4 442/3/4
f 424/3/4 441/3/4 443/3/4
f 442/3/4 425/3/4 444/3/4
f 424/3/4 443/3/4 445/3/4
f 443/3/4 444/3/4 445/3/4
f 444/3/4 425/3/4 446/3/4
f 445/3/4 444/3/4 446/3/4
f 3070/3/4 425/3/4 3071/3/4
f 3071/3/4 425/3/4 3072/3/4
f 3072/3/4 425/3/4 3073/3/4
f 447/1/4 448/1/4 451/1/4
f 451/1/4 448/1/4 452/1/4
f 449/1/4 450/1/4 453/1/4
f 453/1/4 450/1/4 454/1/4
f 455/1/4 456/1/4 457/1/4
f 457/1/4 456/1/4 458/1/4
f 459/2/4 460/2/4 463/2/4
f 463/2/4 460/2/4 464/2/4
f 461/1/4 462/1/4 465/1/4
f 465/1/4 462/1/4 466/1/4
f 467/1/4 468/1/4 469/1/4
f 469/1/4 468/1/4 470/1/4
f 471/4/4 472/4/4 473/4/4
f 473/4/4 472/4/4 474/4/4
f 475/1/4 476/1/4 477/1/4
f 477/1/4 476/1/4 478/1/4
f 479/1/4 480/1/4 481/1/4
f 481/1/4 480/1/4 482/1/4
f 2758/4/4 2809/4/4 483/4/4
f 483/4/4 2759/4/4 2758/4/4
f 485/4/4 483/4/4 486/4/4
f 2729/6/4 2595/6/4 489/6/4
f 2596/3/4 2628/3/4 490/3/4
f 489/2/4 490/2/4 492/2/4
f 490/3/4 491/3/4 492/3/4
f 492/3/4 491/3/4 493/3/4
f 489/2/4 492/2/4 494/2/4
f 489/2/4 494/2/4 496/2/4
f 494/3/4 495/3/4 496/3/4
f 496/3/4 495/3/4 497/3/4
f 489/2/4 496/2/4 498/2/4
f 489/6/4 498/6/4 500/6/4
f 501/4/4 502/4/4 503/4/4
f 503/3/4 502/3/4 504/3/4
f 501/4/4 503/4/4 505/4/4
f 501/4/4 505/4/4 507/4/4
f 501/4/4 507/4/4 509/4/4
f 507/3/4 508/3/4 509/3/4
f 509/3/4 508/3/4 510/3/4
f 501/4/4 509/4/4 512/4/4
f 509/3/4 511/3/4 512/3/4
f 512/3/4 511/3/4 513/3/4
f 501/4/4 512/4/4 514/4/4
f 501/4/4 514/4/4 518/4/4
f 516/1/4 517/1/4 520/1/4
f 520/1/4 517/1/4 521/1/4
f 501/4/4 518/4/4 522/4/4
f 501/4/4 522/4/4 524/4/4
f 524/4/4 522/4/4 525/4/4
f 527/2/4 530/2/4 532/2/4
f 526/4/4 527/4/4 532/4/4
f 532/2/4 530/2/4 533/2/4
f 531/2/4 528/2/4 534/2/4
f 528/4/4 529/4/4 535/4/4
f 534/2/4 528/2/4 535/2/4
f 535/4/4 529/4/4 538/4/4
f 532/2/4 536/2/4 539/2/4
f 526/4/4 532/4/4 539/4/4
f 538/4/4 529/4/4 542/4/4
f 539/2/4 540/2/4 543/2/4
f 526/4/4 539/4/4 543/4/4
f 526/4/4 543/4/4 544/4/4
f 542/4/4 529/4/4 547/4/4
f 526/4/4 544/4/4 548/4/4
f 547/4/4 529/4/4 551/4/4
f 551/4/4 529/4/4 552/4/4
f 550/2/4 551/2/4 552/2/4
f 526/4/4 548/4/4 553/4/4
f 553/2/4 554/2/4 556/2/4
f 526/4/4 553/4/4 556/4/4
f 556/2/4 554/2/4 557/2/4
f 2970/2/4 552/2/4 2971/2/4
f 2993/4/4 529/4/4 2994/4/4
f 556/2/4 558/2/4 559/2/4
f 526/4/4 556/4/4 559/4/4
f 2994/4/4 529/4/4 2995/4/4
f 2995/4/4 529/4/4 2996/4/4
f 2996/4/4 529/4/4 2997/4/4
f 2997/4/4 529/4/4 2998/4/4
f 2998/4/4 529/4/4 2999/4/4
f 2999/4/4 529/4/4 3000/4/4
f 3000/4/4 529/4/4 3001/4/4
f 560/3/4 561/3/4 562/3/4
f 562/3/4 561/3/4 563/3/4
f 564/2/4 565/2/4 568/2/4
f 568/2/4 565/2/4 569/2/4
f 566/2/4 567/2/4 570/2/4
f 570/2/4 567/2/4 571/2/4
f 2566/3/4 2597/3/4 572/3/4
f 574/3/4 575/3/4 576/3/4
f 576/3/4 575/3/4 577/3/4
f 2695/3/4 2567/3/4 578/3/4
f 2567/3/4 2599/3/4 578/3/4
f 2672/3/4 2696/3/4 579/3/4
f 2672/3/4 581/3/4 2673/3/4
f 580/3/4 581/3/4 583/3/4
f 579/3/4 582/3/4 583/3/4
f 581/3/4 579/3/4 583/3/4
f 583/3/4 582/3/4 584/3/4
f 584/3/4 582/3/4 585/3/4
f 586/3/4 587/3/4 589/3/4
f 587/3/4 588/3/4 589/3/4
f 589/3/4 588/3/4 590/3/4
f 591/4/4 592/4/4 593/4/4
f 591/4/4 593/4/4 594/4/4
f 595/1/4 596/1/4 597/1/4
f 597/1/4 596/1/4 598/1/4
f 599/1/4 600/1/4 601/1/4
f 601/1/4 600/1/4 602/1/4
f 603/2/4 604/2/4 607/2/4
f 607/2/4 604/2/4 608/2/4
f 605/2/4 606/2/4 609/2/4
f 609/2/4 606/2/4 610/2/4
f 611/3/4 612/3/4 613/3/4
f 613/3/4 612/3/4 614/3/4
f 614/3/4 612/3/4 615/3/4
f 611/3/4 613/3/4 616/3/4
f 613/3/4 615/3/4 616/3/4
f 611/3/4 616/3/4 617/3/4
f 615/3/4 612/3/4 618/3/4
f 618/3/4 612/3/4 619/3/4
f 617/3/4 618/3/4 619/3/4
f 611/3/4 617/3/4 620/3/4
f 619/3/4 612/3/4 621/3/4
f 620/3/4 619/3/4 621/3/4
f 3125/3/4 612/3/4 3126/3/4
f 3126/3/4 612/3/4 3127/3/4
f 3127/3/4 612/3/4 3128/3/5
f 3128/3/5 612/3/4 3129/3/5
f 3129/3/5 612/3/4 3130/3/4
f 3130/3/4 612/3/4 3131/3/4
f 622/4/4 623/4/4 624/4/4
f 2760/3/4 2761/3/4 625/3/4
f 2730/3/4 2762/9/4 626/3/4
f 2810/3/4 2630/3/4 628/3/4
f 622/4/4 624/4/4 629/4/4
f 626/3/4 627/3/4 630/3/4
f 627/3/4 628/3/4 630/3/4
f 625/3/4 2764/3/4 2760/3/4
f 625/3/4 626/3/4 630/3/4
f 630/3/4 628/3/4 631/3/4
f 631/3/4 628/3/4 632/3/4
f 632/3/4 628/3/4 633/3/4
f 630/3/4 631/3/4 635/3/4
f 632/3/4 633/3/4 636/3/4
f 636/3/4 633/3/4 637/3/4
f 628/3/4 634/3/4 638/3/4
f 636/3/4 637/3/4 635/3/4
f 637/3/4 638/3/4 635/3/4
f 635/3/4 638/3/4 639/3/4
f 639/3/4 638/3/4 640/3/4
f 630/3/4 635/3/4 641/3/4
f 639/3/4 640/3/4 642/3/4
f 642/3/4 640/3/4 643/3/4
f 638/3/4 634/3/4 644/3/4
f 630/3/4 641/3/4 645/3/4
f 643/3/4 644/3/4 645/3/4
f 642/3/4 643/3/4 645/3/4
f 641/3/4 642/3/4 645/3/4
f 645/3/4 644/3/4 646/3/4
f 646/3/4 644/3/4 647/3/4
f 647/3/4 644/3/4 634/3/4
f 646/3/4 647/3/4 648/3/4
f 648/3/4 647/3/4 649/3/4
f 652/2/4 653/2/4 654/2/4
f 654/2/4 653/2/4 655/2/4
f 650/2/4 651/2/4 656/2/4
f 652/2/4 654/2/4 657/2/4
f 3030/2/4 651/2/4 3032/2/4
f 3032/4/4 651/4/4 3033/4/4
f 3031/2/4 658/2/4 3034/2/4
f 2674/6/4 2697/6/4 659/6/4
f 659/6/4 2675/6/4 2674/6/4
f 664/6/4 659/6/4 665/6/4
f 660/6/4 661/6/4 666/6/4
f 666/6/4 661/6/4 667/6/4
f 2731/6/4 2765/6/4 668/6/4
f 662/2/4 663/2/4 669/2/4
f 2732/2/4 2702/2/4 670/2/4
f 672/2/4 673/2/4 675/2/4
f 675/2/4 673/2/4 676/2/4
f 676/2/4 673/2/4 677/2/4
f 677/4/4 678/4/4 681/4/4
f 679/4/4 680/4/4 682/4/4
f 682/4/4 680/4/4 683/4/4
f 680/4/4 674/4/4 683/4/4
f 677/2/4 681/2/4 686/2/4
f 676/2/4 677/2/4 686/2/4
f 686/2/4 681/2/4 687/2/4
f 685/2/4 686/2/4 687/2/4
f 681/4/4 682/4/4 687/4/4
f 682/2/4 683/2/4 687/2/4
f 687/2/4 683/2/4 688/2/4
f 688/1/4 689/1/4 687/1/4
f 687/1/4 689/1/4 690/1/4
f 690/1/4 689/1/4 692/1/4
f 685/2/4 687/2/4 691/2/4
f 691/2/4 692/2/4 693/2/4
f 693/2/4 692/2/4 694/2/4
f 694/2/4 692/2/4 695/2/4
f 695/2/4 692/2/4 696/2/4
f 692/2/4 689/2/4 697/2/4
f 696/2/4 692/2/4 697/2/4
f 685/2/4 691/2/4 700/2/4
f 700/2/4 691/2/4 701/2/4
f 691/1/4 693/1/4 702/1/4
f 701/2/4 691/2/4 702/2/4
f 701/1/4 702/1/4 703/1/4
f 703/1/4 702/1/4 704/1/4
f 693/1/4 694/1/4 705/1/4
f 705/1/4 694/1/4 706/1/4
f 695/1/4 696/1/4 707/1/4
f 707/1/4 696/1/4 708/1/4
f 697/1/4 698/1/4 709/1/4
f 709/1/4 698/1/4 710/1/4
f 711/1/4 712/1/4 713/1/4
f 713/1/4 712/1/4 714/1/4
f 715/4/4 716/4/4 720/4/4
f 720/4/4 716/4/4 721/4/4
f 717/4/4 718/4/4 722/4/4
f 722/4/4 718/4/4 723/4/4
f 2733/4/4 2766/4/4 726/4/4
f 719/4/4 720/4/4 728/4/4
f 720/5/4 721/5/4 728/5/4
f 721/4/4 722/4/4 728/4/4
f 722/5/4 723/5/4 729/5/4
f 728/4/4 722/4/4 729/4/4
f 723/4/4 724/4/4 729/4/4
f 725/4/4 726/4/4 730/4/4
f 726/5/4 727/5/4 730/5/4
f 731/1/4 732/1/4 733/1/4
f 733/1/4 732/1/4 734/1/4
f 735/1/4 736/1/4 737/1/4
f 737/1/4 736/1/4 738/1/4
f 739/1/4 740/1/4 741/1/4
f 741/1/4 740/1/4 742/1/4
f 743/2/4 744/2/4 753/2/4
f 753/2/4 744/2/4 754/2/4
f 745/2/4 746/2/4 755/2/4
f 755/2/4 746/2/4 756/2/4
f 747/2/4 748/2/4 757/2/4
f 757/2/4 748/2/4 758/2/4
f 749/2/4 750/2/4 759/2/4
f 759/2/4 750/2/4 760/2/4
f 751/2/4 752/2/4 761/2/4
f 761/2/4 752/2/4 762/2/4
f 763/1/4 764/1/4 765/1/4
f 765/1/4 764/1/4 766/1/4
f 766/1/4 764/1/4 767/1/4
f 767/1/4 764/1/4 768/1/4
f 768/1/4 764/1/4 769/1/4
f 765/2/4 766/2/4 770/2/4
f 767/2/4 768/2/4 771/2/4
f 768/1/4 769/1/4 772/1/4
f 771/2/4 768/2/4 776/2/4
f 765/2/4 770/2/4 776/2/4
f 770/2/4 771/2/4 776/2/4
f 772/1/4 769/1/4 777/1/4
f 775/2/4 776/2/4 780/2/4
f 776/2/4 768/2/4 780/2/4
f 772/1/4 777/1/4 781/1/4
f 775/2/4 780/2/4 782/2/4
f 780/2/4 781/2/4 782/2/4
f 781/2/4 777/2/4 782/2/4
f 773/3/4 774/3/4 783/3/4
f 783/3/4 774/3/4 784/3/4
f 778/3/4 779/3/4 787/3/4
f 787/3/4 779/3/4 788/3/4
f 3132/3/4 785/3/4 3133/3/4
f 2895/3/4 787/3/4 3156/3/4
f 791/1/4 792/1/4 795/1/4
f 795/1/4 792/1/4 796/1/4
f 789/1/4 790/1/4 799/1/4
f 799/1/4 790/1/4 800/1/4
f 800/1/4 790/1/4 801/1/4
f 793/1/4 794/1/4 802/1/4
f 802/1/4 794/1/4 803/1/4
f 797/1/4 798/1/4 804/1/4
f 804/1/4 798/1/4 805/1/4
f 793/3/4 802/3/4 807/3/4
f 810/3/6 809/3/6 808/3/6
f 811/3/6 809/3/6 810/3/6
f 814/1/6 813/1/6 812/1/6
f 815/1/6 813/1/6 814/1/6
f 822/1/6 817/1/6 816/1/6
f 823/1/6 817/1/6 822/1/6
f 825/3/6 819/3/6 818/3/6
f 826/3/6 819/3/6 825/3/6
f 827/3/6 821/3/6 820/3/6
f 828/3/6 821/3/6 827/3/6
f 831/1/6 830/1/6 829/1/6
f 833/1/6 831/1/6 829/1/6
f 833/3/6 832/3/6 831/3/6
f 834/3/6 832/3/6 833/3/6
f 835/1/6 833/1/6 829/1/6
f 836/1/6 833/1/6 835/1/6
f 840/3/6 838/3/6 837/3/6
f 841/3/6 838/3/6 840/3/6
f 842/2/6 840/2/6 839/2/6
f 2896/3/6 3035/3/6 844/3/6
f 845/2/6 843/2/6 842/2/6
f 845/2/6 842/2/6 839/2/6
f 846/2/6 843/2/6 845/2/6
f 3134/4/6 3083/4/6 848/4/6
f 850/2/6 843/2/6 846/2/6
f 849/1/6 845/1/6 839/1/6
f 851/1/6 850/1/6 849/1/6
f 852/2/6 843/2/6 850/2/6
f 852/1/6 850/1/6 851/1/6
f 856/1/6 851/1/6 849/1/6
f 857/2/6 843/2/6 852/2/6
f 2634/4/6 853/4/6 2601/4/6
f 859/3/6 855/3/6 854/3/6
f 860/3/6 855/3/6 859/3/6
f 861/2/6 843/2/6 857/2/6
f 856/1/6 849/1/6 839/1/6
f 856/2/6 861/2/6 857/2/6
f 865/2/6 861/2/6 856/2/6
f 865/1/6 856/1/6 839/1/6
f 866/2/6 861/2/6 865/2/6
f 867/2/6 861/2/6 866/2/6
f 868/2/6 861/2/6 867/2/6
f 870/1/6 865/1/6 839/1/6
f 3084/3/6 3037/3/6 872/3/6
f 873/3/6 872/3/6 871/3/6
f 874/3/6 872/3/6 873/3/6
f 881/2/6 880/2/6 879/2/6
f 882/4/6 876/4/6 875/4/6
f 883/1/6 881/1/6 879/1/6
f 2602/4/6 882/4/6 2568/4/6
f 886/1/6 878/1/6 877/1/6
f 887/1/6 878/1/6 886/1/6
f 888/2/6 885/2/6 884/2/6
f 889/2/6 885/2/6 888/2/6
f 891/4/6 876/4/6 882/4/6
f 892/4/6 876/4/6 891/4/6
f 893/4/6 891/4/6 890/4/6
f 892/4/6 891/4/6 893/4/6
f 898/3/6 897/3/6 896/3/6
f 899/3/6 897/3/6 898/3/6
f 902/2/6 895/2/6 894/2/6
f 903/2/6 895/2/6 902/2/6
f 904/4/6 901/4/6 900/4/6
f 905/4/6 901/4/6 904/4/6
f 908/4/6 907/4/6 906/4/6
f 909/4/6 907/4/6 908/4/6
f 916/1/6 911/1/6 910/1/6
f 917/1/6 911/1/6 916/1/6
f 919/4/6 907/4/6 909/4/6
f 920/4/6 907/4/6 919/4/6
f 921/2/6 913/2/6 912/2/6
f 922/2/6 913/2/6 921/2/6
f 923/4/6 919/4/6 918/4/6
f 924/5/6 920/5/6 919/5/6
f 924/4/6 919/4/6 923/4/6
f 927/4/6 920/4/6 924/4/6
f 928/1/6 915/1/6 914/1/6
f 929/1/6 915/1/6 928/1/6
f 930/2/6 926/2/6 925/2/6
f 931/2/6 926/2/6 930/2/6
f 2927/4/6 3135/4/6 933/4/6
f 2735/6/6 934/6/6 2710/6/6
f 940/2/6 938/2/6 937/2/6
f 943/1/6 941/1/6 940/1/6
f 946/1/6 936/1/6 935/1/6
f 947/2/6 940/2/6 937/2/6
f 2603/6/6 942/6/6 2569/6/6
f 955/1/6 946/1/6 935/1/6
f 948/2/6 940/2/6 947/2/6
f 948/2/6 947/2/6 946/2/6
f 951/1/6 945/1/6 944/1/6
f 952/1/6 945/1/6 951/1/6
f 956/2/6 948/2/6 946/2/6
f 956/1/6 946/1/6 955/1/6
f 957/2/6 948/2/6 956/2/6
f 958/2/6 948/2/6 957/2/6
f 2769/4/6 953/4/6 2736/4/6
f 959/4/6 955/4/6 954/4/6
f 2770/13/6 953/6/6 2769/6/6
f 2771/6/6 953/6/6 2770/13/6
f 960/2/6 955/2/6 959/2/6
f 960/2/6 959/2/6 953/2/6
f 961/4/6 957/4/6 956/4/6
f 962/4/6 957/4/6 961/4/6
f 963/1/6 950/1/6 948/1/6
f 963/2/6 948/2/6 958/2/6
f 964/1/6 950/1/6 963/1/6
f 965/4/6 961/4/6 956/4/6
f 966/3/6 961/3/6 965/3/6
f 967/4/6 965/4/6 956/4/6
f 970/3/6 968/3/6 967/3/6
f 972/1/6 963/1/6 958/1/6
f 973/1/6 963/1/6 972/1/6
f 2570/6/6 969/6/6 2604/6/6
f 2636/6/6 969/6/6 2570/6/6
f 2637/6/6 969/6/6 2636/6/6
f 2638/6/6 969/6/6 2637/6/6
f 976/2/6 969/2/6 975/2/6
f 977/4/6 971/4/6 970/4/6
f 977/4/6 967/4/6 956/4/6
f 977/4/6 970/4/6 967/4/6
f 978/4/6 971/4/6 977/4/6
f 982/2/6 978/2/6 977/2/6
f 982/2/6 972/2/6 978/2/6
f 983/2/6 972/2/6 982/2/6
f 984/1/6 974/1/6 973/1/6
f 984/2/6 973/2/6 972/2/6
f 985/1/6 974/1/6 984/1/6
f 988/2/6 982/2/6 977/2/6
f 989/2/6 982/2/6 988/2/6
f 990/6/6 981/6/6 980/6/6
f 991/6/6 981/6/6 990/6/6
f 992/1/6 982/1/6 989/1/6
f 993/2/6 972/2/6 983/2/6
f 994/1/6 987/1/6 986/1/6
f 995/1/6 987/1/6 994/1/6
f 996/1/6 977/1/6 979/1/6
f 997/1/6 993/1/6 992/1/6
f 997/1/6 992/1/6 989/1/6
f 998/1/6 984/1/6 972/1/6
f 998/2/6 972/2/6 993/2/6
f 1002/1/6 999/1/6 998/1/6
f 1002/2/6 993/2/6 997/2/6
f 1002/2/6 998/2/6 993/2/6
f 1003/1/6 999/1/6 1002/1/6
f 2737/6/6 990/6/6 2814/6/6
f 2572/6/6 1000/6/6 2815/6/6
f 1000/6/6 2737/6/6 2815/6/6
f 996/2/6 988/2/6 977/2/6
f 1005/2/6 988/2/6 996/2/6
f 1006/2/6 1002/2/6 997/2/6
f 2573/4/6 1007/4/6 2816/4/6
f 2848/2/6 3006/2/6 1011/2/6
f 3038/8/6 2928/2/6 1013/2/6
f 1014/2/6 1013/2/6 1012/2/6
f 1014/2/6 1012/2/6 1010/2/6
f 1014/2/6 1010/2/6 1009/2/6
f 2849/2/6 3136/2/6 1014/2/6
f 1034/3/6 1017/3/6 1016/3/6
f 1035/3/6 1017/3/6 1034/3/6
f 1036/3/6 1019/3/6 1018/3/6
f 1037/3/6 1019/3/6 1036/3/6
f 1038/3/6 1021/3/6 1020/3/6
f 1039/3/6 1021/3/6 1038/3/6
f 1040/3/6 1023/3/6 1022/3/6
f 1041/3/6 1023/3/6 1040/3/6
f 1045/3/6 1028/3/6 1027/3/6
f 1046/3/6 1028/3/6 1045/3/6
f 1047/3/6 1030/3/6 1029/3/6
f 1048/3/6 1030/3/6 1047/3/6
f 1050/2/6 1014/2/6 1009/2/6
f 3039/2/6 2900/2/6 1054/2/6
f 1053/2/6 1051/2/6 1050/2/6
f 1055/2/6 1050/2/6 1009/2/6
f 1055/2/6 1053/2/6 1050/2/6
f 1055/2/6 1054/2/6 1053/2/6
f 1058/4/6 1057/4/6 1056/4/6
f 1059/4/6 1057/4/6 1058/4/6
f 1062/2/6 1061/2/6 1060/2/6
f 1063/2/6 1061/2/6 1062/2/6
f 1079/3/6 1065/3/6 1064/3/6
f 1080/3/6 1065/3/6 1079/3/6
f 1081/3/6 1067/3/6 1066/3/6
f 1082/3/6 1067/3/6 1081/3/6
f 1083/3/6 1069/3/6 1068/3/6
f 1084/3/6 1069/3/6 1083/3/6
f 1085/3/6 1071/3/6 1070/3/6
f 1086/3/6 1071/3/6 1085/3/6
f 1087/3/6 1073/3/6 1072/3/6
f 1088/3/6 1073/3/6 1087/3/6
f 1089/3/6 1075/3/6 1074/3/6
f 1090/3/6 1075/3/6 1089/3/6
f 1091/3/6 1077/3/6 1076/3/6
f 1092/3/6 1077/3/6 1091/3/6
f 3088/3/6 3089/3/6 1078/3/6
f 1095/2/6 1094/2/6 1093/2/6
f 1096/2/6 1094/2/6 1095/2/6
f 1099/1/6 1098/1/6 1097/1/6
f 1100/1/6 1098/1/6 1099/1/6
f 1103/1/6 1102/1/6 1101/1/6
f 1104/1/6 1102/1/6 1103/1/6
f 1107/4/6 1106/4/6 1105/4/6
f 1108/4/6 1106/4/6 1107/4/6
f 1111/1/6 1110/1/6 1109/1/6
f 1112/1/6 1110/1/6 1111/1/6
f 2681/3/6 1113/3/6 2641/3/6
f 1117/1/6 1116/1/6 1115/1/6
f 1118/1/6 1116/1/6 1117/1/6
f 3090/3/6 3040/3/6 1120/3/6
f 2929/3/6 2901/3/6 1122/3/6
f 1125/1/6 1124/1/6 1123/1/6
f 1126/1/6 1124/1/6 1125/1/6
f 2773/3/6 1127/3/6 2739/3/6
f 1135/3/6 1129/3/6 1128/3/6
f 1136/3/6 1129/3/6 1135/3/6
f 1137/3/6 1131/3/6 1130/3/6
f 1138/3/6 1131/3/6 1137/3/6
f 1139/3/6 1133/3/6 1132/3/6
f 1140/3/6 1133/3/6 1139/3/6
f 1143/1/6 1142/1/6 1141/1/6
f 1144/1/6 1142/1/6 1143/1/6
f 1154/3/6 1147/3/6 1146/3/6
f 1155/3/6 1147/3/6 1154/3/6
f 1157/3/6 1150/3/6 1149/3/6
f 1158/3/6 1150/3/6 1157/3/6
f 2973/3/6 2852/3/6 1160/3/6
f 1167/3/6 1163/3/6 1162/3/6
f 1168/3/6 1163/3/6 1167/3/6
f 2930/3/6 3041/3/6 1170/3/6
f 1173/4/6 1172/4/6 1171/4/6
f 1174/4/6 1172/4/6 1173/4/6
f 2642/9/6 1176/3/6 2607/3/6
f 1183/3/6 1178/3/6 1177/3/6
f 1184/3/6 1178/3/6 1183/3/6
f 1185/3/6 1180/3/6 1179/3/6
f 1186/3/6 1180/3/6 1185/3/6
f 3091/4/6 2853/4/6 1187/4/6
f 1190/1/6 1189/1/6 1188/1/6
f 1191/1/6 1189/1/6 1190/1/6
f 2818/6/6 1192/6/6 2774/6/6
f 1194/4/6 1192/4/6 1193/4/6
f 1195/4/6 1192/4/6 1194/4/6
f 1196/4/6 1194/4/6 1193/4/6
f 1197/4/6 1194/4/6 1196/4/6
f 2740/4/6 1198/4/6 2713/4/6
f 1202/2/6 1201/2/6 1200/2/6
f 1203/2/6 1201/2/6 1202/2/6
f 1208/1/6 1205/1/6 1204/1/6
f 1209/1/6 1205/1/6 1208/1/6
f 1210/2/6 1207/2/6 1206/2/6
f 1211/2/6 1207/2/6 1210/2/6
f 1214/1/6 1213/1/6 1212/1/6
f 1215/1/6 1213/1/6 1214/1/6
f 1218/1/6 1217/1/6 1216/1/6
f 1219/1/6 1217/1/6 1218/1/6
f 2854/2/6 3145/2/6 1227/2/6
f 1228/2/6 1221/2/6 1220/2/6
f 1231/3/6 1225/3/6 1224/3/6
f 1232/3/6 1225/3/6 1231/3/6
f 1234/2/6 1232/2/6 1231/2/6
f 1234/2/6 1233/2/6 1232/2/6
f 1234/2/6 1231/2/6 1230/2/6
f 1234/2/6 1230/2/6 1229/2/6
f 1234/2/6 1229/2/6 1228/2/6
f 1234/2/6 1228/2/6 1220/2/6
f 2856/2/6 3146/2/6 1234/2/6
f 1237/1/6 1236/1/6 1235/1/6
f 1238/1/6 1236/1/6 1237/1/6
f 1241/2/6 1240/2/6 1239/2/6
f 1242/2/6 1240/2/6 1241/2/6
f 2608/6/6 1243/6/6 2575/6/6
f 2609/4/6 1243/4/6 2608/4/6
f 2610/4/6 1243/4/6 2609/4/6
f 1244/2/6 2610/2/6 2741/2/6
f 1247/2/6 1246/2/6 1245/2/6
f 1248/2/6 1246/2/6 1247/2/6
f 1251/3/6 1250/3/6 1249/3/6
f 1252/3/6 1250/3/6 1251/3/6
f 2857/3/6 3095/3/6 1254/3/6
f 1255/2/6 1254/2/6 1253/2/6
f 1256/2/6 1254/2/6 1255/2/6
f 2859/3/6 3044/3/6 1258/3/6
f 1259/1/6 1258/1/6 1257/1/6
f 1260/1/6 1258/1/6 1259/1/6
f 1261/3/7 1262/3/7 1263/3/7
f 1263/3/7 1262/3/7 1264/3/7
f 1265/1/7 1266/1/7 1268/1/7
f 2576/4/7 1269/4/7 2611/4/7
f 2611/4/7 1274/4/7 2577/4/7
f 1270/4/7 1271/4/7 1275/4/7
f 1275/4/7 1271/4/7 1276/4/7
f 1272/3/7 1273/3/7 1277/3/7
f 1277/3/7 1273/3/7 1278/3/7
f 1265/2/7 1268/2/7 1279/2/7
f 2819/3/7 1280/3/7 2578/3/7
f 1283/3/7 1284/3/7 1285/3/7
f 1285/3/7 1284/3/7 1286/3/7
f 1288/2/7 1289/2/7 1291/2/7
f 1291/2/7 1289/2/7 1292/2/7
f 2742/6/7 1293/6/7 2776/13/7
f 1294/2/7 1295/2/7 1297/2/7
f 1297/2/7 1295/2/7 1298/2/7
f 1296/2/7 1297/2/7 1298/2/7
f 2776/13/7 1299/6/7 2612/6/7
f 1293/1/7 1296/1/7 1299/1/7
f 1299/1/7 1296/1/7 1300/1/7
f 1296/2/7 1298/2/7 1300/2/7
f 1298/3/7 1295/3/7 1301/3/7
f 1299/2/7 1300/2/7 1302/2/7
f 1302/2/7 1300/2/7 1303/2/7
f 1303/2/7 1301/2/7 1304/2/7
f 1303/2/7 1304/2/7 1305/2/7
f 1304/2/7 1301/2/7 1306/2/7
f 1306/2/7 1301/2/7 1307/2/7
f 1301/3/7 1295/3/7 1307/3/7
f 2579/6/7 1302/6/7 2613/6/7
f 1302/6/7 2820/6/7 2613/6/7
f 1302/1/7 1303/1/7 1308/1/7
f 1303/2/7 1305/2/7 1308/2/7
f 1309/2/7 1310/2/7 1311/2/7
f 1311/2/7 1310/2/7 1312/2/7
f 2614/4/7 1313/4/7 2644/4/7
f 2644/4/7 1316/4/7 2743/4/7
f 1314/1/7 1315/1/7 1317/1/7
f 1317/1/7 1315/1/7 1318/1/7
f 1319/1/7 1320/1/7 1321/1/7
f 1321/1/7 1320/1/7 1322/1/7
f 2744/3/7 1323/3/7 2777/3/7
f 2777/3/7 1323/3/7 2778/3/7
f 2778/3/7 1323/3/7 2779/3/7
f 2779/3/7 1323/3/7 2780/3/7
f 2780/3/7 1323/3/7 2781/3/7
f 2781/3/7 1323/3/7 2782/3/7
f 2782/3/7 1323/3/7 2783/3/7
f 2783/3/7 1323/3/7 2784/3/7
f 2784/3/7 1326/3/7 2580/3/7
f 1326/3/7 1323/3/7 1327/3/7
f 1327/3/7 1323/3/7 1328/3/7
f 1328/3/7 1323/3/7 1329/3/7
f 1324/3/7 1325/3/7 1330/3/7
f 1330/3/7 1325/3/7 1331/3/7
f 1331/3/7 1325/3/7 1332/3/7
f 1332/3/7 1325/3/7 1333/3/7
f 1333/3/7 1325/3/7 1334/3/7
f 1334/3/7 1325/3/7 1335/3/7
f 1335/3/7 1325/3/7 1336/3/7
f 1336/3/7 1325/3/7 1337/3/7
f 1337/3/7 1325/3/7 1338/3/7
f 1338/3/7 1325/3/7 1339/3/7
f 1326/3/7 1327/3/7 1341/3/7
f 1341/3/7 1327/3/7 1342/3/7
f 1328/3/7 1329/3/7 1343/3/7
f 1343/3/7 1329/3/7 1344/3/7
f 1329/3/7 1323/3/7 1345/3/7
f 1324/3/7 1330/3/7 1346/3/7
f 1331/3/7 1332/3/7 1346/3/7
f 1346/3/7 1332/3/7 1347/3/7
f 1350/3/7 1335/3/7 1351/3/7
f 1336/3/7 1337/3/7 1351/3/7
f 1351/3/7 1337/3/7 1352/3/7
f 1338/3/7 1339/3/7 1352/3/7
f 1352/3/7 1339/3/7 1353/3/7
f 1339/3/7 1325/3/7 1354/3/7
f 2745/3/7 1340/3/7 2785/3/7
f 1345/3/7 1323/3/7 1355/3/7
f 1345/3/7 2746/3/7 2682/3/7
f 1353/3/7 1354/3/7 1356/3/7
f 1352/3/7 1353/3/7 1356/3/7
f 1351/3/7 1352/3/7 1356/3/7
f 1350/3/7 1351/3/7 1356/3/7
f 1346/3/7 1347/3/7 1356/3/7
f 1347/3/7 1348/3/7 1356/3/7
f 1324/3/7 1346/3/7 1356/3/7
f 1349/3/7 1350/3/7 1356/3/7
f 1348/3/7 1349/3/7 1356/3/7
f 1354/3/7 1325/3/7 1357/3/7
f 1356/3/7 1354/3/7 1357/3/7
f 1358/4/7 1359/4/7 1360/4/7
f 1360/4/7 1359/4/7 1361/4/7
f 1362/1/7 1363/1/7 1364/1/7
f 1364/1/7 1363/1/7 1365/1/7
f 1366/2/7 1367/2/7 1381/2/7
f 1368/3/7 1369/3/7 1382/3/7
f 1382/3/7 1369/3/7 1383/3/7
f 1370/3/7 1371/3/7 1384/3/7
f 1384/3/7 1371/3/7 1385/3/7
f 1372/3/7 1373/3/7 1386/3/7
f 1386/3/7 1373/3/7 1387/3/7
f 1374/3/7 1375/3/7 1388/3/7
f 1388/3/7 1375/3/7 1389/3/7
f 1376/3/7 1377/3/7 1390/3/7
f 1390/3/7 1377/3/7 1391/3/7
f 1378/3/7 1379/3/7 1392/3/7
f 2975/2/7 3010/2/7 1395/2/7
f 2947/8/7 2907/2/7 1395/2/7
f 2976/2/7 2908/2/7 1395/2/7
f 3151/2/7 2863/2/7 1395/2/7
f 2948/2/7 3098/2/7 1395/2/7
f 3010/2/7 3048/2/7 1395/2/7
f 2907/2/7 2975/2/7 1395/2/7
f 1390/2/7 1391/2/7 1395/2/7
f 2908/2/7 2947/8/7 1395/2/7
f 1382/2/7 1383/2/7 1395/2/7
f 2864/2/7 2976/2/7 1395/2/7
f 1388/2/7 1389/2/7 1395/2/7
f 1391/2/7 1392/2/7 1395/2/7
f 1384/2/7 1385/2/7 1395/2/7
f 1389/2/7 1390/2/7 1395/2/7
f 1386/2/7 1387/2/7 1395/2/7
f 1387/2/7 1388/2/7 1395/2/7
f 3048/2/7 2948/2/7 1395/2/7
f 1385/2/7 1386/2/7 1395/2/7
f 3098/2/7 3151/2/7 1395/2/7
f 1383/2/7 1384/2/7 1395/2/7
f 1366/2/7 1381/2/7 1395/2/7
f 1381/2/7 1382/2/7 1395/2/7
f 1393/1/7 1394/1/7 1396/1/7
f 1396/1/7 1394/1/7 1397/1/7
f 1398/1/7 1399/1/7 1400/1/7
f 1400/1/7 1399/1/7 1401/1/7
f 1402/2/7 1403/2/7 1404/2/7
f 1404/2/7 1403/2/7 1405/2/7
f 1406/2/7 1407/2/7 1408/2/7
f 1408/2/7 1407/2/7 1409/2/7
f 1410/1/7 1411/1/7 1412/1/7
f 1412/1/7 1411/1/7 1413/1/7
f 1414/4/7 1415/4/7 1416/4/7
f 1416/4/7 1415/4/7 1417/4/7
f 1418/1/7 1419/1/7 1420/1/7
f 1420/1/7 1419/1/7 1421/1/7
f 2822/6/7 1422/6/7 2582/6/7
f 2582/6/7 1423/6/7 2747/6/7
f 1423/4/7 1422/4/7 1424/4/7
f 1424/4/7 1422/4/7 1425/4/7
f 1423/4/7 1424/4/7 1426/4/7
f 1426/4/7 1424/4/7 1427/4/7
f 2583/3/7 1429/3/7 2616/3/7
f 2616/3/7 1435/3/7 2823/3/7
f 1430/3/7 1431/3/7 1436/3/7
f 1436/3/7 1431/3/7 1437/3/7
f 1432/3/7 1433/3/7 1438/3/7
f 1438/3/7 1433/3/7 1439/3/7
f 1441/3/7 1442/3/7 1450/3/7
f 1450/3/7 1442/3/7 1451/3/7
f 1444/3/7 1445/3/7 1453/3/7
f 1453/3/7 1445/3/7 1454/3/7
f 1447/3/7 1448/3/7 1456/3/7
f 1458/3/7 1459/3/7 1463/3/7
f 1463/3/7 1459/3/7 1464/3/7
f 1467/4/7 1468/4/7 1469/4/7
f 1469/4/7 1468/4/7 1470/4/7
f 1471/1/7 1472/1/7 1473/1/7
f 1473/1/7 1472/1/7 1474/1/7
f 2748/3/7 1475/3/7 2786/3/7
f 2786/3/7 1482/3/7 2714/3/7
f 1476/3/7 1477/3/7 1483/3/7
f 1483/3/7 1477/3/7 1484/3/7
f 1478/3/7 1479/3/7 1485/3/7
f 1485/3/7 1479/3/7 1486/3/7
f 1480/3/7 1481/3/7 1487/3/7
f 1487/3/7 1481/3/7 1488/3/7
f 1489/2/7 1490/2/7 1491/2/7
f 1491/2/7 1490/2/7 1492/2/7
f 1497/2/7 1498/2/7 1499/2/7
f 1499/2/7 1498/2/7 1500/2/7
f 2787/3/7 1501/3/7 2824/3/7
f 2824/3/7 1502/3/7 2646/3/7
f 1503/1/7 1504/1/7 1505/1/7
f 1505/1/7 1504/1/7 1506/1/7
f 2788/4/7 1507/4/7 2825/14/7
f 2825/14/7 1510/4/7 2647/4/7
f 1508/1/7 1509/1/7 1511/1/7
f 1511/1/7 1509/1/7 1512/1/7
f 1513/1/7 1514/1/7 1515/1/7
f 1515/1/7 1514/1/7 1516/1/7
f 1517/2/7 1518/2/7 1519/2/7
f 1519/2/7 1518/2/7 1520/2/7
f 1521/1/7 1522/1/7 1523/1/7
f 1523/1/7 1522/1/7 1524/1/7
f 1528/3/7 1529/3/7 1535/3/7
f 1535/3/7 1529/3/7 1536/3/7
f 1538/1/7 1539/1/7 1540/1/7
f 1540/1/7 1539/1/7 1541/1/7
f 1542/2/7 1543/2/7 1545/2/7
f 1545/2/7 1546/2/7 1547/2/7
f 1542/2/7 1545/2/7 1547/2/7
f 1542/2/7 1547/2/7 1548/2/7
f 1542/2/7 1548/2/7 1549/2/7
f 1542/2/7 1549/2/7 1551/2/7
f 1551/2/7 1549/2/7 1552/2/7
f 2790/2/7 1555/2/7 2789/2/7
f 1555/2/7 1554/2/7 1556/2/7
f 1556/1/7 1557/1/7 1558/1/7
f 1555/2/7 1556/2/7 1561/2/7
f 1561/2/7 1556/2/7 1562/2/7
f 1559/1/7 1560/1/7 1564/1/7
f 1564/1/7 1560/1/7 1565/1/7
f 1561/2/7 1562/2/7 1567/2/7
f 1562/1/7 1563/1/7 1568/1/7
f 1567/2/7 1562/2/7 1568/2/7
f 1568/1/7 1563/1/7 1569/1/7
f 1567/1/7 1568/1/7 1570/1/7
f 1566/2/7 1567/2/7 1570/2/7
f 1566/2/7 1570/2/7 1572/2/7
f 1570/1/7 1571/1/7 1572/1/7
f 1572/1/7 1571/1/7 1573/1/7
f 2715/2/7 1574/2/7 2584/2/7
f 2584/2/7 1578/2/7 2585/2/7
f 1574/1/7 1577/1/7 1578/1/7
f 1578/1/7 1577/1/7 1579/1/7
f 2789/2/7 1555/2/7 2648/2/7
f 2585/2/7 1580/2/7 2586/2/7
f 1575/1/7 1576/1/7 1581/1/7
f 1581/1/7 1576/1/7 1582/1/7
f 1583/1/7 1584/1/7 1585/1/7
f 1585/1/7 1584/1/7 1586/1/7
f 1587/2/7 1588/2/7 1589/2/7
f 1589/2/7 1588/2/7 1590/2/7
f 1591/2/7 1592/2/7 1593/2/7
f 1593/2/7 1592/2/7 1594/2/7
f 1595/1/7 1596/1/7 1597/1/7
f 1597/1/7 1596/1/7 1598/1/7
f 1599/2/7 1600/2/7 1601/2/7
f 1601/2/7 1600/2/7 1602/2/7
f 1603/2/7 1604/2/7 1605/2/7
f 1605/2/7 1604/2/7 1606/2/7
f 1607/2/7 1608/2/7 1609/2/7
f 1607/2/7 1609/2/7 1610/2/7
f 1611/3/7 1612/3/7 1614/3/7
f 1614/3/7 1612/3/7 1615/3/7
f 1613/2/7 1614/2/7 1616/2/7
f 1616/2/7 1614/2/7 1617/2/7
f 1613/1/7 1616/1/7 1620/1/7
f 1617/2/7 1618/2/7 1616/2/7
f 1616/2/7 1618/2/7 1621/2/7
f 1616/1/7 1621/1/7 1622/1/7
f 1616/1/7 1622/1/7 1624/1/7
f 1624/1/7 1622/1/7 1625/1/7
f 1621/2/7 1618/2/7 1626/2/7
f 1623/1/7 1624/1/7 1625/1/7
f 1623/1/7 1625/1/7 1627/1/7
f 1625/2/7 1626/2/7 1628/2/7
f 1627/2/7 1625/2/7 1628/2/7
f 1628/2/7 1626/2/7 1629/2/7
f 1626/2/7 1618/2/7 1630/2/7
f 1629/2/7 1626/2/7 1630/2/7
f 1623/1/7 1627/1/7 1632/1/7
f 1633/3/7 1634/3/7 1635/3/7
f 1635/3/7 1634/3/7 1636/3/7
f 1637/3/7 1638/3/7 1639/3/7
f 1639/3/7 1638/3/7 1640/3/7
f 1641/1/7 1642/1/7 1645/1/7
f 1645/1/7 1642/1/7 1646/1/7
f 1643/1/7 1644/1/7 1647/1/7
f 1647/1/7 1644/1/7 1648/1/7
f 1649/1/7 1650/1/7 1651/1/7
f 1649/1/7 1651/1/7 1653/1/7
f 1651/3/7 1652/3/7 1653/3/7
f 1653/3/7 1652/3/7 1654/3/7
f 1649/1/7 1653/1/7 1655/1/7
f 1653/1/7 2826/1/7 1655/1/7
f 2649/15/8 1657/15/8 2617/15/8
f 1664/15/8 1660/15/8 1659/15/8
f 1665/15/8 1660/15/8 1664/15/8
f 1666/15/8 1662/15/8 1661/15/8
f 1667/15/8 1662/15/8 1666/15/8
f 2618/3/8 1668/3/8 2588/3/8
f 1672/15/8 1670/15/8 1669/15/8
f 1673/15/8 1670/15/8 1672/15/8
f 1676/15/8 1675/15/8 1674/15/8
f 1677/15/8 1675/15/8 1676/15/8
f 1680/3/8 1679/3/8 1678/3/8
f 1681/3/8 1679/3/8 1680/3/8
f 1684/3/8 1683/3/8 1682/3/8
f 1685/3/8 1683/3/8 1684/3/8
f 1688/3/8 1687/3/8 1686/3/8
f 1689/3/8 1687/3/8 1688/3/8
f 1692/3/8 1691/3/8 1690/3/8
f 1693/3/8 1691/3/8 1692/3/8
f 1704/4/8 1695/4/8 1694/4/8
f 1705/4/8 1695/4/8 1704/4/8
f 1706/4/8 1697/4/8 1696/4/8
f 1707/4/8 1697/4/8 1706/4/8
f 1708/4/8 1699/4/8 1698/4/8
f 1709/4/8 1699/4/8 1708/4/8
f 1710/4/8 1701/4/8 1700/4/8
f 1711/4/8 1701/4/8 1710/4/8
f 1712/4/8 1703/4/8 1702/4/8
f 1713/4/8 1703/4/8 1712/4/8
f 1714/4/8 1704/4/8 1694/4/8
f 1715/4/8 1704/4/8 1714/4/8
f 1718/4/8 1703/4/8 1713/4/8
f 1719/4/8 1703/4/8 1718/4/8
f 1722/3/8 1717/3/8 1716/3/8
f 1723/3/8 1717/3/8 1722/3/8
f 1726/4/8 1725/4/8 1724/4/8
f 1727/4/8 1725/4/8 1726/4/8
f 1721/4/8 2650/4/8 2683/4/8
f 2684/4/8 1721/4/8 2683/4/8
f 1730/4/8 1729/4/8 1728/4/8
f 1731/4/8 1729/4/8 1730/4/8
f 1734/4/8 1733/4/8 1732/4/8
f 1735/4/8 1733/4/8 1734/4/8
f 1737/4/8 2651/4/8 2685/4/8
f 2686/4/8 1737/4/8 2685/4/8
f 1740/3/8 1739/3/8 1738/3/8
f 1741/3/8 1739/3/8 1740/3/8
f 1742/3/8 1739/3/8 1741/3/8
f 1744/3/8 1742/3/8 1741/3/8
f 1745/3/8 1742/3/8 1744/3/8
f 1746/3/8 1741/3/8 1743/3/8
f 1746/3/8 1744/3/8 1741/3/8
f 1747/3/8 1744/3/8 1746/3/8
f 1748/2/8 1744/2/8 1747/2/8
f 1749/2/8 1744/2/8 1748/2/8
f 1752/1/8 1751/1/8 1750/1/8
f 1753/1/8 1751/1/8 1752/1/8
f 1756/1/8 1752/1/8 1750/1/8
f 1757/1/8 1752/1/8 1756/1/8
f 1758/1/8 1755/1/8 1754/1/8
f 1759/1/8 1755/1/8 1758/1/8
f 1762/3/8 1761/3/8 1760/3/8
f 1763/3/8 1761/3/8 1762/3/8
f 1766/3/8 1765/3/8 1764/3/8
f 1767/3/8 1765/3/8 1766/3/8
f 1770/3/8 1769/3/8 1768/3/8
f 1771/3/8 1769/3/8 1770/3/8
f 1774/3/8 1773/3/8 1772/3/8
f 1775/3/8 1773/3/8 1774/3/8
f 1778/3/8 1777/3/8 1776/3/8
f 1779/3/8 1777/3/8 1778/3/8
f 1782/3/8 1781/3/8 1780/3/8
f 1783/3/8 1781/3/8 1782/3/8
f 1786/1/8 1785/1/8 1784/1/8
f 1787/1/8 1785/1/8 1786/1/8
f 1790/1/8 1789/1/8 1788/1/8
f 1791/1/8 1789/1/8 1790/1/8
f 1792/1/8 1785/1/8 1787/1/8
f 1793/1/8 1785/1/8 1792/1/8
f 1796/3/8 1795/3/8 1794/3/8
f 1797/3/8 1795/3/8 1796/3/8
f 1800/3/8 1799/3/8 1798/3/8
f 1801/3/8 1799/3/8 1800/3/8
f 1804/3/8 1803/3/8 1802/3/8
f 1805/3/8 1803/3/8 1804/3/8
f 1808/4/8 1807/4/8 1806/4/8
f 1809/4/8 1807/4/8 1808/4/8
f 1812/4/8 1811/4/8 1810/4/8
f 1813/4/8 1811/4/8 1812/4/8
f 1816/3/8 1815/3/8 1814/3/8
f 1817/3/8 1815/3/8 1816/3/8
f 1822/1/8 1819/1/8 1818/1/8
f 1823/1/8 1819/1/8 1822/1/8
f 1824/4/8 1821/4/8 1820/4/8
f 1825/4/8 1821/4/8 1824/4/8
f 1828/1/8 1827/1/8 1826/1/8
f 1829/1/8 1827/1/8 1828/1/8
f 1832/1/8 1831/1/8 1830/1/8
f 1833/1/8 1831/1/8 1832/1/8
f 1836/3/8 1835/3/8 1834/3/8
f 1837/3/8 1835/3/8 1836/3/8
f 1840/1/8 1839/1/8 1838/1/8
f 1841/1/8 1839/1/8 1840/1/8
f 1844/1/8 1843/1/8 1842/1/8
f 1845/1/8 1843/1/8 1844/1/8
f 1848/3/8 1847/3/8 1846/3/8
f 1849/3/8 1847/3/8 1848/3/8
f 1852/1/8 1851/1/8 1850/1/8
f 1853/1/8 1851/1/8 1852/1/8
f 1856/3/8 1855/3/8 1854/3/8
f 1857/3/8 1855/3/8 1856/3/8
f 1860/3/8 1859/3/8 1858/3/8
f 1861/3/8 1859/3/8 1860/3/8
f 1862/3/8 1859/3/8 1861/3/8
f 1864/3/8 1862/3/8 1861/3/8
f 1865/3/8 1861/3/8 1863/3/8
f 1865/3/8 1864/3/8 1861/3/8
f 1866/3/8 1864/3/8 1865/3/8
f 1867/3/8 1864/3/8 1866/3/8
f 1868/3/8 1864/3/8 1867/3/8
f 1869/2/8 1867/2/8 1866/2/8
f 1870/2/8 1867/2/8 1869/2/8
f 1881/1/8 1872/1/8 1871/1/8
f 1882/1/8 1872/1/8 1881/1/8
f 1883/2/8 1874/2/8 1873/2/8
f 1884/2/8 1874/2/8 1883/2/8
f 1885/2/8 1876/2/8 1875/2/8
f 1886/2/8 1876/2/8 1885/2/8
f 1887/2/8 1878/2/8 1877/2/8
f 1888/2/8 1878/2/8 1887/2/8
f 1889/2/8 1880/2/8 1879/2/8
f 1890/2/8 1880/2/8 1889/2/8
f 1891/2/8 1881/2/8 1871/2/8
f 1892/2/8 1881/2/8 1891/2/8
f 1893/2/8 1880/2/8 1890/2/8
f 1894/2/8 1880/2/8 1893/2/8
f 1899/2/8 1896/2/8 1895/2/8
f 1900/2/8 1896/2/8 1899/2/8
f 1901/2/8 1898/2/8 1897/2/8
f 1902/2/8 1898/2/8 1901/2/8
f 1907/2/8 1904/2/8 1903/2/8
f 1908/2/8 1904/2/8 1907/2/8
f 1909/2/8 1906/2/8 1905/2/8
f 1910/2/8 1906/2/8 1909/2/8
f 1915/2/8 1914/2/8 1913/2/8
f 1916/2/8 1914/2/8 1915/2/8
f 1917/2/8 1912/2/8 1911/2/8
f 1918/2/8 1912/2/8 1917/2/8
f 1923/2/8 1920/2/8 1919/2/8
f 1932/2/8 1922/2/8 1921/2/8
f 1933/2/8 1923/2/8 1919/2/8
f 1933/2/8 1924/2/8 1923/2/8
f 1934/2/8 1924/2/8 1933/2/8
f 1935/2/8 1926/2/8 1925/2/8
f 1936/2/8 1926/2/8 1935/2/8
f 1937/2/8 1928/2/8 1927/2/8
f 1938/2/8 1928/2/8 1937/2/8
f 1939/2/8 1930/2/8 1929/2/8
f 1940/2/8 1930/2/8 1939/2/8
f 1941/2/8 1932/2/8 1931/2/8
f 1942/2/8 1922/2/8 1932/2/8
f 1942/2/8 1932/2/8 1941/2/8
f 1945/1/8 1944/1/8 1943/1/8
f 1946/1/8 1944/1/8 1945/1/8
f 1947/1/8 1944/1/8 1946/1/8
f 1948/1/8 1944/1/8 1947/1/8
f 1949/1/8 1944/1/8 1948/1/8
f 1950/1/8 1944/1/8 1949/1/8
f 1951/1/8 1944/1/8 1950/1/8
f 1952/1/8 1944/1/8 1951/1/8
f 1953/1/8 1944/1/8 1952/1/8
f 1955/3/8 1948/3/8 1947/3/8
f 1956/3/8 1948/3/8 1955/3/8
f 1957/3/8 1950/3/8 1949/3/8
f 1958/3/8 1950/3/8 1957/3/8
f 1959/3/8 1952/3/8 1951/3/8
f 1960/3/8 1952/3/8 1959/3/8
f 1961/1/8 1945/1/8 1943/1/8
f 1966/1/8 1944/1/8 1953/1/8
f 1967/3/8 1962/3/8 1961/3/8
f 1967/1/8 1961/1/8 1943/1/8
f 1968/3/8 1962/3/8 1967/3/8
f 1969/1/8 1966/1/8 1965/1/8
f 1970/1/8 1944/1/8 1966/1/8
f 1970/1/8 1966/1/8 1969/1/8
f 1971/1/8 1967/1/8 1943/1/8
f 1974/1/8 1944/1/8 1970/1/8
f 1975/3/8 1972/3/8 1971/3/8
f 1975/1/8 1971/1/8 1943/1/8
f 1976/3/8 1972/3/8 1975/3/8
f 1977/3/8 1974/3/8 1973/3/8
f 1978/1/8 1944/1/8 1974/1/8
f 1978/3/8 1974/3/8 1977/3/8
f 1979/1/8 1975/1/8 1943/1/8
f 1982/1/8 1944/1/8 1978/1/8
f 1983/3/8 1980/3/8 1979/3/8
f 1983/1/8 1979/1/8 1943/1/8
f 1984/3/8 1980/3/8 1983/3/8
f 1985/3/8 1982/3/8 1981/3/8
f 1986/1/8 1944/1/8 1982/1/8
f 1986/3/8 1982/3/8 1985/3/8
f 1987/1/8 1983/1/8 1943/1/8
f 1990/1/8 1944/1/8 1986/1/8
f 1991/3/8 1988/3/8 1987/3/8
f 1991/1/8 1987/1/8 1943/1/8
f 1992/3/8 1988/3/8 1991/3/8
f 1993/3/8 1964/3/8 1963/3/8
f 1994/3/8 1964/3/8 1993/3/8
f 1995/3/8 1990/3/8 1989/3/8
f 1996/1/8 1944/1/8 1990/1/8
f 1996/3/8 1990/3/8 1995/3/8
f 2004/1/8 1991/1/8 1943/1/8
f 2006/3/8 1999/3/8 1998/3/8
f 2007/3/8 1999/3/8 2006/3/8
f 2008/3/8 2001/3/8 2000/3/8
f 2009/3/8 2001/3/8 2008/3/8
f 2010/1/8 2003/1/8 2002/1/8
f 2011/1/8 2003/1/8 2010/1/8
f 2012/1/8 1944/1/8 1996/1/8
f 2013/1/8 2012/1/8 2011/1/8
f 2013/1/8 2009/1/8 2008/1/8
f 2013/1/8 2004/1/8 1943/1/8
f 2013/1/8 2011/1/8 2010/1/8
f 2013/1/8 2010/1/8 2009/1/8
f 2013/1/8 2008/1/8 2007/1/8
f 2013/1/8 2007/1/8 2006/1/8
f 2013/1/8 2006/1/8 2005/1/8
f 2013/1/8 2005/1/8 2004/1/8
f 2014/1/8 2012/1/8 2013/1/8
f 2015/1/8 2012/1/8 2014/1/8
f 2016/1/8 1944/1/8 2012/1/8
f 2016/1/8 2012/1/8 2015/1/8
f 2017/1/8 2015/1/8 2014/1/8
f 2018/1/8 2015/1/8 2017/1/8
f 2021/1/8 2020/1/8 2019/1/8
f 2022/1/8 2020/1/8 2021/1/8
f 2023/1/8 2020/1/8 2022/1/8
f 2024/1/8 2020/1/8 2023/1/8
f 2027/1/8 2026/1/8 2025/1/8
f 2028/1/8 2026/1/8 2027/1/8
f 2032/1/8 2029/1/8 2031/1/8
f 2033/1/8 2030/1/8 2029/1/8
f 2033/1/8 2029/1/8 2032/1/8
f 2036/1/8 2035/1/8 2034/1/8
f 2037/1/8 2035/1/8 2036/1/8
f 2040/1/8 2039/1/8 2038/1/8
f 2041/1/8 2039/1/8 2040/1/8
f 2044/1/8 2043/1/8 2042/1/8
f 2045/1/8 2043/1/8 2044/1/8
f 2048/1/8 2047/1/8 2046/1/8
f 2049/1/8 2047/1/8 2048/1/8
f 2052/1/8 2051/1/8 2050/1/8
f 2053/1/8 2051/1/8 2052/1/8
f 2057/3/8 2055/3/8 2054/3/8
f 2058/3/8 2055/3/8 2057/3/8
f 2059/3/8 2057/3/8 2056/3/8
f 2062/3/8 2061/3/8 2060/3/8
f 2064/3/8 2063/3/8 2062/3/8
f 2065/3/8 2063/3/8 2064/3/8
f 2069/1/8 2067/1/8 2066/1/8
f 2070/1/8 2069/1/8 2068/1/8
f 2071/1/8 2067/1/8 2069/1/8
f 2071/1/8 2069/1/8 2070/1/8
f 2076/3/8 2073/3/8 2072/3/8
f 2077/3/8 2073/3/8 2076/3/8
f 2078/3/8 2075/3/8 2074/3/8
f 2079/3/8 2075/3/8 2078/3/8
f 2082/1/8 2081/1/8 2080/1/8
f 2083/1/8 2081/1/8 2082/1/8
f 2086/1/8 2085/1/8 2084/1/8
f 2087/1/8 2085/1/8 2086/1/8
f 2090/3/8 2089/3/8 2088/3/8
f 2091/3/8 2089/3/8 2090/3/8
f 2094/3/8 2093/3/8 2092/3/8
f 2095/3/8 2093/3/8 2094/3/8
f 2100/3/8 2097/3/8 2096/3/8
f 2101/3/8 2097/3/8 2100/3/8
f 2102/3/8 2099/3/8 2098/3/8
f 2103/3/8 2099/3/8 2102/3/8
f 2106/3/8 2105/3/8 2104/3/8
f 2107/3/8 2105/3/8 2106/3/8
f 2110/3/8 2109/3/8 2108/3/8
f 2111/3/8 2109/3/8 2110/3/8
f 2116/3/8 2113/3/8 2112/3/8
f 2117/3/8 2113/3/8 2116/3/8
f 2118/3/8 2115/3/8 2114/3/8
f 2119/3/8 2115/3/8 2118/3/8
f 2122/3/8 2121/3/8 2120/3/8
f 2123/3/8 2121/3/8 2122/3/8
f 2126/3/8 2125/3/8 2124/3/8
f 2127/3/8 2125/3/8 2126/3/8
f 2130/3/8 2129/3/8 2128/3/8
f 2131/3/8 2129/3/8 2130/3/8
f 2134/3/8 2133/3/8 2132/3/8
f 2135/3/8 2133/3/8 2134/3/8
f 2138/1/8 2137/1/8 2136/1/8
f 2139/1/8 2137/1/8 2138/1/8
f 2142/3/8 2141/3/8 2140/3/8
f 2143/3/8 2141/3/8 2142/3/8
f 2146/1/8 2145/1/8 2144/1/8
f 2147/1/8 2145/1/8 2146/1/8
f 2150/3/8 2149/3/8 2148/3/8
f 2151/3/8 2149/3/8 2150/3/8
f 3016/3/8 2980/3/8 2153/3/8
f 2156/3/8 2155/3/8 2154/3/8
f 2157/3/8 2155/3/8 2156/3/8
f 2160/3/8 2159/3/8 2158/3/8
f 2161/3/8 2159/3/8 2160/3/8
f 3017/3/8 2981/3/8 2163/3/8
f 2957/3/8 2958/3/8 2164/3/8
f 2169/4/8 2168/4/8 2167/4/8
f 2170/4/8 2168/4/8 2169/4/8
f 2652/3/9 2171/3/9 2687/3/9
f 2687/3/9 2171/3/9 2688/3/9
f 2653/3/9 2172/3/9 2689/3/9
f 2689/3/9 2172/3/9 2690/3/9
f 2173/4/9 2174/4/9 2175/4/9
f 2175/4/9 2174/4/9 2176/4/9
f 2177/3/9 2178/3/9 2179/3/9
f 2179/3/9 2178/3/9 2180/3/9
f 2181/3/9 2182/3/9 2183/3/9
f 2183/3/9 2182/3/9 2184/3/9
f 2185/3/9 2186/3/9 2187/3/9
f 2187/3/9 2186/3/9 2188/3/9
f 2189/3/9 2190/3/9 2191/3/9
f 2191/3/9 2190/3/9 2192/3/9
f 2193/3/9 2194/3/9 2195/3/9
f 2195/3/9 2194/3/9 2196/3/9
f 2197/4/9 2198/4/9 2201/4/9
f 2201/4/9 2198/4/9 2202/4/9
f 2199/4/9 2200/4/9 2203/4/9
f 2203/4/9 2200/4/9 2204/4/9
f 2205/3/9 2206/3/9 2207/3/9
f 2207/3/9 2206/3/9 2208/3/9
f 2204/4/9 2200/4/9 2209/4/9
f 2209/4/9 2200/4/9 2210/4/9
f 2589/4/9 2201/4/9 2590/4/9
f 2717/4/9 2212/4/9 2718/4/9
f 2213/3/9 2214/3/9 2215/3/9
f 2215/3/9 2214/3/9 2216/3/9
f 2216/3/9 2214/3/9 2217/3/9
f 2216/3/9 2217/3/9 2219/3/9
f 2218/3/9 2216/3/9 2220/3/9
f 2216/3/9 2219/3/9 2220/3/9
f 2220/3/9 2219/3/9 2221/3/9
f 2222/3/9 2223/3/9 2225/3/9
f 2225/3/9 2223/3/9 2226/3/9
f 2224/3/9 2225/3/9 2228/3/9
f 2226/3/9 2227/3/9 2228/3/9
f 2225/3/9 2226/3/9 2228/3/9
f 2228/3/9 2227/3/9 2229/3/9
f 2230/3/9 2231/3/9 2232/3/9
f 2232/3/9 2231/3/9 2233/3/9
f 2234/3/9 2235/3/9 2236/3/9
f 2236/3/9 2235/3/9 2237/3/9
f 2238/1/9 2239/1/9 2240/1/9
f 2240/1/9 2239/1/9 2241/1/9
f 2238/1/9 2240/1/9 2246/1/9
f 2246/1/9 2240/1/9 2247/1/9
f 2242/1/9 2243/1/9 2248/1/9
f 2248/1/9 2243/1/9 2249/1/9
f 2244/3/9 2245/3/9 2250/3/9
f 2250/3/9 2245/3/9 2251/3/9
f 2252/3/9 2253/3/9 2254/3/9
f 2254/3/9 2253/3/9 2255/3/9
f 2256/3/9 2257/3/9 2258/3/9
f 2258/3/9 2257/3/9 2259/3/9
f 2260/3/9 2261/3/9 2262/3/9
f 2262/3/9 2261/3/9 2263/3/9
f 2264/3/9 2265/3/9 2266/3/9
f 2266/3/9 2265/3/9 2267/3/9
f 2268/1/9 2269/1/9 2270/1/9
f 2270/1/9 2269/1/9 2271/1/9
f 2272/3/9 2273/3/9 2276/3/9
f 2276/3/9 2273/3/9 2277/3/9
f 2274/1/9 2275/1/9 2278/1/9
f 2278/1/9 2275/1/9 2279/1/9
f 2271/1/9 2269/1/9 2280/1/9
f 2280/1/9 2269/1/9 2281/1/9
f 2282/3/9 2283/3/9 2284/3/9
f 2284/3/9 2283/3/9 2285/3/9
f 2286/3/9 2287/3/9 2288/3/9
f 2288/3/9 2287/3/9 2289/3/9
f 2290/1/9 2291/1/9 2292/1/9
f 2292/1/9 2291/1/9 2293/1/9
f 2294/1/9 2295/1/9 2296/1/9
f 2296/1/9 2295/1/9 2297/1/9
f 2298/1/9 2299/1/9 2300/1/9
f 2300/1/9 2299/1/9 2301/1/9
f 2302/1/9 2303/1/9 2304/1/9
f 2304/1/9 2303/1/9 2305/1/9
f 2306/3/9 2307/3/9 2308/3/9
f 2308/3/9 2307/3/9 2309/3/9
f 2310/1/9 2311/1/9 2312/1/9
f 2312/1/9 2311/1/9 2313/1/9
f 2314/1/9 2315/1/9 2316/1/9
f 2316/1/9 2315/1/9 2317/1/9
f 2318/3/9 2319/3/9 2320/3/9
f 2320/3/9 2319/3/9 2321/3/9
f 2322/3/9 2323/3/9 2324/3/9
f 2324/3/9 2323/3/9 2325/3/9
f 2326/3/9 2327/3/9 2328/3/9
f 2328/3/9 2327/3/9 2329/3/9
f 2327/1/9 2332/1/9 2329/1/9
f 2326/3/9 2328/3/9 2333/3/9
f 2330/3/9 2331/3/9 2334/3/9
f 2329/3/9 2332/3/9 2335/3/9
f 2334/3/9 2331/3/9 2336/3/9
f 2336/3/9 2331/3/9 2337/3/9
f 2337/3/9 2331/3/9 2338/3/9
f 2338/3/9 2335/3/9 2332/3/9
f 2326/3/9 2333/3/9 2339/3/9
f 2333/3/9 2334/3/9 2339/3/9
f 2339/3/9 2334/3/9 2340/3/9
f 2336/3/9 2337/3/9 2341/3/9
f 2341/3/9 2337/3/9 2342/3/9
f 2338/3/9 2332/3/9 2343/3/9
f 2343/3/9 2332/3/9 2344/3/9
f 2341/3/9 2342/3/9 2345/3/9
f 2340/3/9 2341/3/9 2345/3/9
f 2342/3/9 2343/3/9 2345/3/9
f 2326/3/9 2339/3/9 2346/3/9
f 2344/3/9 2332/3/9 2347/3/9
f 2345/3/9 2343/3/9 2348/3/9
f 2346/3/9 2339/3/9 2349/3/9
f 2344/3/9 2347/3/9 2350/3/9
f 2349/3/9 2350/3/9 2346/3/9
f 2346/3/9 2350/3/9 2347/3/9
f 2351/1/9 2352/1/9 2353/1/9
f 2353/1/9 2352/1/9 2354/1/9
f 2355/1/9 2356/1/9 2357/1/9
f 2357/1/9 2356/1/9 2358/1/9
f 2359/1/9 2360/1/9 2365/1/9
f 2365/1/9 2360/1/9 2366/1/9
f 2361/1/9 2362/1/9 2367/1/9
f 2367/1/9 2362/1/9 2368/1/9
f 2363/1/9 2364/1/9 2369/1/9
f 2369/1/9 2364/1/9 2370/1/9
f 2371/1/9 2372/1/9 2373/1/9
f 2373/1/9 2372/1/9 2374/1/9
f 2375/1/9 2376/1/9 2379/1/9
f 2379/1/9 2376/1/9 2380/1/9
f 2377/1/9 2378/1/9 2381/1/9
f 2381/1/9 2378/1/9 2382/1/9
f 2383/1/9 2384/1/9 2385/1/9
f 2385/1/9 2384/1/9 2386/1/9
f 2387/1/9 2388/1/9 2389/1/9
f 2389/1/9 2388/1/9 2390/1/9
f 2391/1/9 2392/1/9 2393/1/9
f 2393/1/9 2392/1/9 2394/1/9
f 2395/1/9 2396/1/9 2397/1/9
f 2397/1/9 2396/1/9 2398/1/9
f 2399/2/9 2400/2/9 2402/2/9
f 2402/2/9 2400/2/9 2403/2/9
f 2401/2/9 2402/2/9 2405/2/9
f 2405/2/9 2402/2/9 2406/2/9
f 2403/2/9 2404/2/9 2407/2/9
f 2407/2/9 2404/2/9 2408/2/9
f 2406/2/9 2407/2/9 2409/2/9
f 2409/2/9 2407/2/9 2410/2/9
f 2411/3/9 2412/3/9 2416/3/9
f 2416/3/9 2412/3/9 2417/3/9
f 2413/3/9 2414/3/9 2418/3/9
f 2418/3/9 2414/3/9 2419/3/9
f 2415/3/9 2416/3/9 2421/3/9
f 2419/3/9 2420/3/9 2422/3/9
f 2423/3/9 2424/3/9 2427/3/9
f 2425/3/9 2426/3/9 2430/3/9
f 2427/3/9 2428/3/9 2431/3/9
f 2431/3/9 2428/3/9 2432/3/9
f 2429/3/9 2430/3/9 2433/3/9
f 2433/3/9 2430/3/9 2434/3/9
f 2435/3/9 2436/3/9 2439/3/9
f 2439/3/9 2436/3/9 2440/3/9
f 2437/3/9 2438/3/9 2441/3/9
f 2441/3/9 2438/3/9 2442/3/9
f 2443/3/9 2444/3/9 2447/3/9
f 2447/3/9 2444/3/9 2448/3/9
f 2445/3/9 2446/3/9 2449/3/9
f 2449/3/9 2446/3/9 2450/3/9
f 2451/1/9 2452/1/9 2454/1/9
f 2453/1/9 2454/1/9 2455/1/9
f 2454/1/9 2452/1/9 2456/1/9
f 2455/1/9 2454/1/9 2456/1/9
f 2457/4/9 2458/4/9 2459/4/9
f 2459/4/9 2458/4/9 2460/4/9
f 2461/4/9 2462/4/9 2463/4/9
f 2463/4/9 2462/4/9 2464/4/9
f 2465/3/9 2466/3/9 2467/3/9
f 2467/3/9 2466/3/9 2468/3/9
f 2469/3/9 2470/3/9 2471/3/9
f 2471/3/9 2470/3/9 2472/3/9
f 2473/1/9 2474/1/9 2475/1/9
f 2475/1/9 2474/1/9 2476/1/9
f 2477/3/9 2478/3/9 2479/3/9
f 2479/3/9 2478/3/9 2480/3/9
f 2481/3/9 2482/3/9 2483/3/9
f 2483/3/9 2482/3/9 2484/3/9
f 2485/1/9 2486/1/9 2487/1/9
f 2487/1/9 2486/1/9 2488/1/9
f 2489/3/9 2490/3/9 2493/3/9
f 2493/3/9 2490/3/9 2494/3/9
f 2491/3/9 2492/3/9 2495/3/9
f 2495/3/9 2492/3/9 2496/3/9
f 2497/3/9 2498/3/9 2499/3/9
f 2499/3/9 2498/3/9 2500/3/9
f 2501/3/9 2502/3/9 2503/3/9
f 2503/3/9 2502/3/9 2504/3/9
f 2505/3/9 2506/3/9 2509/3/9
f 2509/3/9 2506/3/9 2510/3/9
f 2507/3/9 2508/3/9 2511/3/9
f 2511/3/9 2508/3/9 2512/3/9
f 2513/3/9 2514/3/9 2515/3/9
f 2515/3/9 2514/3/9 2516/3/9
f 2517/3/9 2518/3/9 2519/3/9
f 2519/3/9 2518/3/9 2520/3/9
f 2521/3/9 2522/3/9 2523/3/9
f 2523/3/9 2522/3/9 2524/3/9
f 2525/3/9 2526/3/9 2527/3/9
f 2527/3/9 2526/3/9 2528/3/9
f 2529/3/9 2530/3/9 2531/3/9
f 2531/3/9 2530/3/9 2532/3/9
f 2533/1/9 2534/1/9 2535/1/9
f 2535/1/9 2534/1/9 2536/1/9
f 2537/3/9 2538/3/9 2539/3/9
f 2539/3/9 2538/3/9 2540/3/9
f 2541/1/9 2542/1/9 2544/1/9
f 2544/1/9 2542/1/9 2545/1/9
f 2547/3/9 2548/3/9 2549/3/9
f 2549/3/9 2548/3/9 2550/3/9
f 2551/3/9 2552/3/9 2553/3/9
f 980/6/6 2814/6/6 990/6/6
f 2807/2/4 406/2/4 405/2/4
f 404/2/4 2807/2/4 405/2/4
f 2805/2/4 404/2/4 402/2/4
f 331/3/1 2802/3/1 335/3/1
f 325/3/1 2801/3/1 331/3/1
f 317/3/1 2799/3/1 2798/3/1
f 317/3/1 2800/3/1 325/3/1
f 1340/3/7 2821/3/7 2785/3/7
f 726/4/4 2767/4/4 727/4/4
f 626/3/4 2763/3/4 627/3/4
f 416/4/4 2757/14/4 417/4/4
f 2755/3/1 318/3/1 319/3/1
f 269/3/1 2797/9/1 2752/3/1
f 270/3/1 2752/3/1 2753/3/1
f 2751/6/1 67/6/1 68/6/1
f 1199/4/6 2740/4/6 2775/4/6
f 1032/3/6 2817/3/6 2738/3/6
f 824/3/6 2734/3/6 2768/3/6
f 2727/4/4 402/4/4 401/4/4
f 318/3/1 2754/3/1 2725/3/1
f 204/6/1 2796/6/1 2723/6/1
f 204/6/1 2724/6/1 205/6/1
f 67/6/1 2750/6/1 2721/6/1
f 2749/4/1 33/4/1 34/4/1
f 1572/2/7 2791/2/7 1566/2/7
f 1134/3/6 2773/3/6 2712/3/6
f 939/6/6 2735/6/6 2711/6/6
f 698/2/4 2709/2/4 699/2/4
f 697/2/4 2708/2/4 698/2/4
f 689/2/4 2707/2/4 697/2/4
f 684/2/4 2706/2/4 689/2/4
f 2704/2/4 684/2/4 683/2/4
f 670/2/4 2703/2/4 671/2/4
f 662/6/4 2701/6/4 663/6/4
f 661/2/4 2700/2/4 662/2/4
f 2698/6/4 661/6/4 660/6/4
f 2697/6/4 660/6/4 659/6/4
f 350/6/1 2803/6/1 2693/6/1
f 2722/4/1 167/4/1 168/4/1
f 2212/4/9 2691/4/9 2211/4/9
f 1114/3/6 2681/3/6 2772/3/6
f 953/6/6 2679/6/6 2736/6/6
f 824/3/6 2677/3/6 2734/3/6
f 2676/2/4 683/2/4 674/2/4
f 401/2/4 2671/2/4 2726/2/4
f 2670/4/1 351/4/1 352/4/1
f 2669/4/1 349/4/1 351/4/1
f 2666/2/1 91/2/1 92/2/1
f 2665/2/1 90/2/1 91/2/1
f 2664/2/1 89/2/1 90/2/1
f 2663/2/1 82/2/1 89/2/1
f 2662/2/1 80/2/1 82/2/1
f 80/2/1 2660/2/1 79/2/1
f 79/2/1 2659/8/1 78/2/1
f 2659/8/1 76/2/1 78/2/1
f 76/2/1 2657/2/1 75/2/1
f 75/2/1 2656/2/1 74/2/1
f 74/2/1 2655/2/1 72/2/1
f 1566/2/7 2648/2/7 1555/2/7
f 1344/3/7 2682/3/7 2645/3/7
f 1193/6/6 2818/6/6 2643/6/6
f 975/6/6 2640/6/6 980/6/6
f 975/6/6 2638/6/6 2639/6/6
f 953/6/6 2635/6/6 960/6/6
f 858/4/6 2634/4/6 2812/4/6
f 730/4/4 2633/4/4 2811/4/4
f 668/6/4 2765/6/4 2632/13/4
f 628/3/4 2631/3/4 634/3/4
f 490/3/4 2628/3/4 2694/3/4
f 207/3/1 2625/3/1 206/3/1
f 115/4/1 2667/4/1 2623/4/1
f 116/4/1 2623/4/1 2624/4/1
f 72/2/1 2622/2/1 70/2/1
f 2621/4/1 32/4/1 33/4/1
f 1668/3/8 2792/3/8 1671/3/8
f 1343/3/7 2645/3/7 2615/3/7
f 980/6/6 2640/6/6 2605/6/6
f 949/6/6 2603/6/6 2678/6/6
f 727/4/4 2633/4/4 730/4/4
f 578/3/4 2599/3/4 2629/3/4
f 572/3/4 2598/3/4 573/3/4
f 2595/6/4 490/6/4 489/6/4
f 401/6/4 2594/6/4 2671/6/4
f 349/6/1 2668/6/1 2593/6/1
f 206/3/1 2592/3/1 204/3/1
f 32/4/1 2620/4/1 2591/4/1
f 2201/4/9 2716/4/9 2197/4/9
f 1658/15/8 2587/15/8 1663/15/8
f 1341/3/7 2581/3/7 2821/3/7
f 1342/3/7 2615/3/7 2581/3/7
f 1182/3/6 2642/9/6 2574/3/6
f 1008/4/6 2573/4/6 2606/4/6
f 1004/6/6 2572/6/6 2680/6/6
f 980/6/6 2605/6/6 2571/6/6
f 980/6/6 2571/6/6 2813/6/6
f 350/2/1 2564/2/1 2803/2/1
f 2565/2/1 350/2/1 360/2/1
f 2563/3/1 334/3/1 338/3/1
f 2562/3/1 328/3/1 334/3/1
f 320/3/1 2560/3/1 2627/3/1
f 2561/3/1 320/3/1 328/3/1
f 186/3/1 2558/3/1 2795/3/1
f 2559/3/1 186/3/1 187/3/1
f 174/4/1 2556/4/1 2794/4/1
f 2557/4/1 174/4/1 175/4/1
f 69/6/1 2555/6/1 2793/6/1
f 1550/2/7 3152/2/7 3153/2/7
f 1392/3/7 3150/3/7 3149/3/7
f 1227/2/6 3144/2/6 1226/2/6
f 1226/2/6 3143/2/6 1225/2/6
f 1225/2/6 3142/2/6 1224/2/6
f 1224/2/6 3141/2/6 1223/2/6
f 1223/2/6 3140/2/6 1222/2/6
f 1222/2/6 3139/2/6 1221/2/6
f 420/4/4 3122/4/4 3123/4/4
f 2543/3/9 3155/3/9 2546/3/9
f 1631/3/7 3154/3/7 1634/3/7
f 1546/2/7 3103/2/7 1547/2/7
f 1434/4/7 3100/4/7 3099/4/7
f 3147/7/6 1233/2/6 1234/2/6
f 1234/2/6 3146/2/6 3093/2/6
f 1221/2/6 3092/2/6 1220/2/6
f 1014/2/6 3136/2/6 3086/2/6
f 3135/4/6 932/4/6 933/4/6
f 784/3/4 3132/3/4 3082/3/4
f 652/4/4 3080/4/4 3081/4/4
f 611/3/4 3078/3/4 3079/3/4
f 620/3/4 3077/3/4 611/3/4
f 611/3/4 3077/3/4 3078/3/4
f 559/2/4 3076/2/4 3075/2/4
f 397/3/4 3065/3/4 3120/3/4
f 2552/3/9 3106/3/9 2553/3/9
f 1544/2/7 3102/2/7 1546/2/7
f 1496/3/7 3052/3/7 3101/3/7
f 1287/4/7 3097/4/7 1290/4/7
f 1267/4/7 3046/4/7 3045/4/7
f 3095/3/6 1252/3/6 1254/3/6
f 1234/2/6 3093/2/6 3042/8/6
f 3087/2/6 1054/2/6 1055/2/6
f 3086/2/6 1013/2/6 1014/2/6
f 3083/4/6 847/4/6 848/4/6
f 424/3/4 3028/3/4 3029/3/4
f 424/3/4 3027/3/4 3028/3/4
f 424/3/4 3026/3/4 3027/3/4
f 418/2/4 3067/2/4 3025/2/4
f 415/4/4 3024/4/4 3023/4/4
f 395/3/4 3121/3/4 389/3/4
f 1550/2/7 3014/2/7 3152/2/7
f 3013/2/7 1550/2/7 1549/2/7
f 1495/3/7 3052/3/7 1496/3/7
f 1461/3/7 3051/9/7 1466/3/7
f 1234/2/6 3042/8/6 3009/8/6
f 3041/3/6 1165/3/6 1170/3/6
f 3040/3/6 1119/3/6 1120/3/6
f 1011/2/6 3005/8/6 1010/2/6
f 3037/3/6 869/3/6 872/3/6
f 3035/3/6 841/3/6 844/3/6
f 657/2/4 3031/2/4 3002/2/4
f 657/2/4 3080/2/4 652/2/4
f 1615/3/7 3015/3/7 1619/3/7
f 1544/2/7 2978/2/7 3053/2/7
f 2977/2/7 1544/2/7 1543/2/7
f 1234/2/6 3009/8/6 2974/8/6
f 1010/2/6 2972/2/6 1009/2/6
f 552/4/4 2993/4/4 2971/4/4
f 555/2/4 2970/2/4 3074/2/4
f 446/3/4 3070/3/4 2969/3/4
f 2546/3/9 3155/3/9 2959/3/9
f 2981/3/8 2162/3/8 2163/3/8
f 2980/3/8 2152/3/8 2153/3/8
f 1550/2/7 2954/2/7 1553/2/7
f 1548/2/7 2953/2/7 2952/2/7
f 1548/2/7 3013/2/7 1549/2/7
f 2951/2/7 1543/2/7 1542/2/7
f 1448/3/7 3050/3/7 1456/3/7
f 2945/2/7 1380/2/7 1379/2/7
f 2944/2/7 1379/2/7 1378/2/7
f 2943/2/7 1378/2/7 1377/2/7
f 2942/2/7 1377/2/7 1376/2/7
f 2941/2/7 1376/2/7 1375/2/7
f 2940/2/7 1375/2/7 1374/2/7
f 2939/2/7 1374/2/7 1373/2/7
f 2938/2/7 1373/2/7 1372/2/7
f 2937/2/7 1372/2/7 1371/2/7
f 2936/2/7 1371/2/7 1370/2/7
f 2935/2/7 1370/2/7 1369/2/7
f 2934/2/7 1369/2/7 1368/2/7
f 2933/2/7 1368/2/7 1367/2/7
f 1234/2/6 2974/8/6 2931/2/6
f 656/2/4 2925/2/4 2926/2/4
f 656/2/4 3030/2/4 2924/2/4
f 656/2/4 2924/2/4 2925/2/4
f 445/3/4 3026/3/4 424/3/4
f 1619/3/7 3015/3/7 2910/3/7
f 1494/3/7 2909/3/7 2950/3/7
f 2906/2/7 1367/2/7 1366/2/7
f 1290/4/7 3097/4/7 2905/4/7
f 1284/3/7 3096/3/7 2904/3/7
f 2903/3/7 1284/3/7 1268/3/7
f 1234/2/6 2931/2/6 2902/2/6
f 2900/2/6 1052/2/6 1054/2/6
f 1052/2/6 2898/2/6 1051/2/6
f 1013/2/6 2928/2/6 2897/2/6
f 526/4/4 2893/4/4 2894/4/4
f 526/4/4 2892/4/4 2893/4/4
f 526/4/4 2891/4/4 2892/4/4
f 526/4/4 2890/4/4 2891/4/4
f 526/4/4 2889/4/10 2890/4/4
f 559/4/4 2888/4/10 526/4/4
f 526/4/4 2888/4/10 2889/4/10
f 399/4/4 2921/4/4 2887/4/4
f 1634/3/7 3154/3/7 2867/3/7
f 1493/3/7 2909/3/7 1494/3/7
f 1466/3/7 3051/9/7 2865/3/7
f 1392/2/7 2864/2/7 1395/2/7
f 1395/2/7 2863/2/7 3049/2/7
f 1380/2/7 2946/2/7 2861/2/7
f 1380/11/7 2861/11/7 2862/11/7
f 1264/3/7 2860/3/7 1266/3/7
f 1266/3/7 2860/3/7 2932/3/7
f 1258/3/6 2858/3/6 1256/3/6
f 1234/2/6 2855/2/6 3147/7/6
f 1234/2/6 2902/2/6 2855/2/6
f 2853/4/6 1181/4/6 1187/4/6
f 2852/3/6 1152/3/6 1160/3/6
f 2901/3/6 1121/3/6 1122/3/6
f 1051/2/6 2850/2/6 1050/2/6
f 2897/2/6 1011/2/6 1013/2/6
f 786/3/4 2895/3/4 2847/3/4
f 621/3/4 3125/3/4 2846/3/4
f 420/2/4 2844/2/4 3122/2/4
f 3018/4/1 30/4/1 29/4/1
f 2829/3/1 25/3/1 24/3/1
f 2912/3/1 27/3/1 26/3/1
f 3108/4/1 114/4/1 113/4/1
f 2960/2/1 118/2/1 117/2/1
f 123/2/1 119/2/1 2983/2/1
f 2916/8/1 124/2/1 123/2/1
f 3020/2/1 120/2/1 124/2/1
f 2831/3/1 134/3/1 153/3/1
f 154/3/1 133/3/1 3110/3/1
f 2872/4/1 243/4/1 261/4/1
f 267/4/1 240/4/1 3057/4/1
f 313/3/1 301/3/1 3113/3/1
f 2836/3/1 302/3/1 314/3/1
f 2918/2/1 342/2/1 341/2/1
f 2990/2/1 344/2/1 343/2/1
f 382/3/1 375/3/1 2967/10/1
f 2885/3/1 381/3/1 384/3/1
f 483/4/4 485/4/4 2759/4/4
f 2672/3/4 579/3/4 581/3/4
f 625/3/4 630/3/4 2764/3/4
f 659/6/4 664/6/4 2675/6/4
f 2572/6/6 1001/6/6 1000/6/6
f 1000/6/6 990/6/6 2737/6/6
f 1244/2/6 1243/2/6 2610/2/6
f 2611/4/7 1269/4/7 1274/4/7
f 2776/13/7 1293/6/7 1299/6/7
f 1302/6/7 1308/6/7 2820/6/7
f 2644/4/7 1313/4/7 1316/4/7
f 2784/3/7 1323/3/7 1326/3/7
f 1345/3/7 1355/3/7 2746/3/7
f 2582/6/7 1422/6/7 1423/6/7
f 2616/3/7 1429/3/7 1435/3/7
f 2786/3/7 1475/3/7 1482/3/7
f 2824/3/7 1501/3/7 1502/3/7
f 2825/14/7 1507/4/7 1510/4/7
f 2790/2/7 1554/2/7 1555/2/7
f 2715/2/7 1572/2/7 1574/2/7
f 2584/2/7 1574/2/7 1578/2/7
f 2585/2/7 1578/2/7 1580/2/7
f 1653/1/7 1656/1/7 2826/1/7
f 2649/15/8 1658/15/8 1657/15/8
f 1721/4/8 1720/4/8 2650/4/8
f 1737/4/8 1736/4/8 2651/4/8
f 980/6/6 2813/6/6 2814/6/6
f 2807/2/4 2808/2/4 406/2/4
f 404/2/4 2806/2/4 2807/2/4
f 2805/2/4 2806/2/4 404/2/4
f 331/3/1 2801/3/1 2802/3/1
f 325/3/1 2800/3/1 2801/3/1
f 317/3/1 2798/3/1 2800/3/1
f 1340/3/7 1341/3/7 2821/3/7
f 726/4/4 2766/4/4 2767/4/4
f 626/3/4 2762/9/4 2763/3/4
f 416/4/4 2756/4/4 2757/14/4
f 2755/3/1 2754/3/1 318/3/1
f 270/3/1 269/3/1 2752/3/1
f 2751/6/1 2750/6/1 67/6/1
f 1199/4/6 1198/4/6 2740/4/6
f 2727/4/4 2805/4/4 402/4/4
f 204/6/1 2723/6/1 2724/6/1
f 2749/4/1 2719/4/1 33/4/1
f 1572/2/7 2715/2/7 2791/2/7
f 1134/3/6 1127/3/6 2773/3/6
f 939/6/6 934/6/6 2735/6/6
f 698/2/4 2708/2/4 2709/2/4
f 697/2/4 2707/2/4 2708/2/4
f 689/2/4 2706/2/4 2707/2/4
f 684/2/4 2705/2/4 2706/2/4
f 2704/2/4 2705/2/4 684/2/4
f 670/2/4 2702/2/4 2703/2/4
f 662/6/4 2700/6/4 2701/6/4
f 661/2/4 2699/2/4 2700/2/4
f 2698/6/4 2699/6/4 661/6/4
f 2697/6/4 2698/6/4 660/6/4
f 2722/4/1 2692/4/1 167/4/1
f 2212/4/9 2717/4/9 2691/4/9
f 1114/3/6 1113/3/6 2681/3/6
f 2676/2/4 2704/2/4 683/2/4
f 2670/4/1 2669/4/1 351/4/1
f 2669/4/1 2668/4/1 349/4/1
f 2666/2/1 2665/2/1 91/2/1
f 2665/2/1 2664/2/1 90/2/1
f 2664/2/1 2663/2/1 89/2/1
f 2663/2/1 2662/2/1 82/2/1
f 2662/2/1 2661/2/1 80/2/1
f 80/2/1 2661/2/1 2660/2/1
f 79/2/1 2660/2/1 2659/8/1
f 2659/8/1 2658/2/1 76/2/1
f 76/2/1 2658/2/1 2657/2/1
f 75/2/1 2657/2/1 2656/2/1
f 74/2/1 2656/2/1 2655/2/1
f 1566/2/7 2791/2/7 2648/2/7
f 1344/3/7 1345/3/7 2682/3/7
f 1193/6/6 1192/6/6 2818/6/6
f 975/6/6 2639/6/6 2640/6/6
f 975/6/6 969/6/6 2638/6/6
f 953/6/6 2771/6/6 2635/6/6
f 858/4/6 853/4/6 2634/4/6
f 628/3/4 2630/3/4 2631/3/4
f 207/3/1 2626/3/1 2625/3/1
f 116/4/1 115/4/1 2623/4/1
f 72/2/1 2655/2/1 2622/2/1
f 2621/4/1 2620/4/1 32/4/1
f 1668/3/8 2618/3/8 2792/3/8
f 1343/3/7 1344/3/7 2645/3/7
f 949/6/6 942/6/6 2603/6/6
f 727/4/4 2600/4/4 2633/4/4
f 572/3/4 2597/3/4 2598/3/4
f 2595/6/4 2596/6/4 490/6/4
f 206/3/1 2625/3/1 2592/3/1
f 2201/4/9 2589/4/9 2716/4/9
f 1658/15/8 2649/15/8 2587/15/8
f 1341/3/7 1342/3/7 2581/3/7
f 1342/3/7 1343/3/7 2615/3/7
f 1182/3/6 1176/3/6 2642/9/6
f 1008/4/6 1007/4/6 2573/4/6
f 1004/6/6 1001/6/6 2572/6/6
f 2565/2/1 2564/2/1 350/2/1
f 2563/3/1 2562/3/1 334/3/1
f 2562/3/1 2561/3/1 328/3/1
f 2561/3/1 2560/3/1 320/3/1
f 2559/3/1 2558/3/1 186/3/1
f 2557/4/1 2556/4/1 174/4/1
f 1392/3/7 1379/3/7 3150/3/7
f 1227/2/6 3145/2/6 3144/2/6
f 1226/2/6 3144/2/6 3143/2/6
f 1225/2/6 3143/2/6 3142/2/6
f 1224/2/6 3142/2/6 3141/2/6
f 1223/2/6 3141/2/6 3140/2/6
f 1222/2/6 3140/2/6 3139/2/6
f 2543/3/9 3105/3/9 3155/3/9
f 1631/3/7 3104/3/7 3154/3/7
f 1546/2/7 3102/2/7 3103/2/7
f 3147/7/6 3094/2/6 1233/2/6
f 1221/2/6 3139/2/6 3092/2/6
f 3135/4/6 3085/4/6 932/4/6
f 784/3/4 785/3/4 3132/3/4
f 620/3/4 3124/3/4 3077/3/4
f 397/3/4 388/3/4 3065/3/4
f 2552/3/9 3054/3/11 3106/3/9
f 1544/2/7 3053/2/7 3102/2/7
f 1287/4/7 3047/4/7 3097/4/7
f 3095/3/6 3043/3/6 1252/3/6
f 3087/2/6 3039/2/6 1054/2/6
f 3086/2/6 3038/8/6 1013/2/6
f 3083/4/6 3036/4/6 847/4/6
f 418/2/4 419/2/4 3067/2/4
f 395/3/4 3021/3/4 3121/3/4
f 3013/2/7 3014/2/7 1550/2/7
f 1495/3/7 3012/3/7 3052/3/7
f 1461/3/7 3011/3/7 3051/9/7
f 3041/3/6 3008/3/6 1165/3/6
f 3040/3/6 3007/3/6 1119/3/6
f 1011/2/6 3006/2/6 3005/8/6
f 3037/3/6 3004/3/6 869/3/6
f 3035/3/6 3003/3/6 841/3/6
f 657/2/4 658/2/4 3031/2/4
f 657/2/4 3002/2/4 3080/2/4
f 1615/3/7 2979/3/7 3015/3/7
f 2977/2/7 2978/2/7 1544/2/7
f 1010/2/6 3005/8/6 2972/2/6
f 552/4/4 529/4/4 2993/4/4
f 555/2/4 552/2/4 2970/2/4
f 446/3/4 425/3/4 3070/3/4
f 2981/3/8 2956/3/8 2162/3/8
f 2980/3/8 2955/3/8 2152/3/8
f 1550/2/7 3153/2/7 2954/2/7
f 1548/2/7 2952/2/7 3013/2/7
f 2951/2/7 2977/2/7 1543/2/7
f 1448/3/7 2949/3/7 3050/3/7
f 2945/2/7 2946/2/7 1380/2/7
f 2944/2/7 2945/2/7 1379/2/7
f 2943/2/7 2944/2/7 1378/2/7
f 2942/2/7 2943/2/7 1377/2/7
f 2941/2/7 2942/2/7 1376/2/7
f 2940/2/7 2941/2/7 1375/2/7
f 2939/2/7 2940/2/7 1374/2/7
f 2938/2/7 2939/2/7 1373/2/7
f 2937/2/7 2938/2/7 1372/2/7
f 2936/2/7 2937/2/7 1371/2/7
f 2935/2/7 2936/2/7 1370/2/7
f 2934/2/7 2935/2/7 1369/2/7
f 2933/2/7 2934/2/7 1368/2/7
f 656/2/4 651/2/4 3030/2/4
f 445/3/4 2923/3/4 3026/3/4
f 2906/2/7 2933/2/7 1367/2/7
f 2903/3/7 3096/3/7 1284/3/7
f 2900/2/6 2899/2/6 1052/2/6
f 1052/2/6 2899/2/6 2898/2/6
f 559/4/4 3075/4/4 2888/4/10
f 399/4/4 400/4/4 2921/4/4
f 1493/3/7 2866/3/7 2909/3/7
f 1392/2/7 3149/2/7 2864/2/7
f 1264/3/7 3148/3/7 2860/3/7
f 1258/3/6 3044/3/6 2858/3/6
f 2853/4/6 3138/4/6 1181/4/6
f 2852/3/6 3137/3/6 1152/3/6
f 2901/3/6 2851/3/6 1121/3/6
f 1051/2/6 2898/2/6 2850/2/6
f 2897/2/6 2848/2/6 1011/2/6
f 786/3/4 787/3/4 2895/3/4
f 621/3/4 612/3/4 3125/3/4
f 420/2/4 421/2/4 2844/2/4
l 541 542
l 1015 1033
l 1333 1348
l 258 259
l 234 235
l 1145 1153
l 1031 1049
l 1161 1166
l 1446 1455
l 1457 1462
l 2554 1340
l 1946 1954
l 483 484
l 311 312
l 1024 1042
l 1334 1349
l 251 252
l 1281 1282
l 487 488
l 518 519
l 260 261
l 1025 1043
l 1440 1449
l 1525 1532
l 2619 862
l 1164 1169
l 1222 1229
l 1460 1465
l 1997 2005
l 179 182
l 313 314
l 544 545
l 1026 1044
l 1148 1156
l 1526 1533
l 537 538
l 863 864
l 254 255
l 1527 1534
l 1223 1230
l 505 506
l 800 806
l 498 499
l 514 515
l 546 547
l 1443 1452
l 223 224
l 522 523
l 215 216
l 2165 2166
l 441 442
l 256 257
l 1151 1159
l 3 7
l 148 149
l 4 8
l 584 587
l 1530 1537
l 548 549
l 1226 1233
l 271 272
l 1227 2827
l 1531 2828
l 1428 2868
l 1175 2911
l 264 3055
