# Blender 4.4.0
# www.blender.org
mtllib tallBuilding_01_mid.mtl
o Untitled
v -1.100000 1.650000 -1.500000
v -1.100000 1.600000 -1.600000
v -1.100000 1.700000 -0.100000
v -1.100000 1.700000 -0.800000
v -1.100000 1.800000 0.400000
v -1.100000 1.800000 0.300000
v -1.100000 1.800000 0.200000
v -1.100000 1.800000 0.100000
v -1.100000 1.800000 -0.900000
v -1.100000 1.800000 -1.000000
v -1.100000 1.800000 -1.100000
v -1.100000 1.800000 -1.200000
v -1.100000 1.800000 -1.300000
v -1.100000 1.800000 -1.400000
v -1.100000 1.900000 0.600000
v -1.100000 1.900000 0.400000
v -1.100000 1.900000 0.300000
v -1.100000 1.900000 0.200000
v -1.100000 1.900000 0.100000
v -1.100000 1.900000 -0.100000
v -1.100000 1.900000 -0.800000
v -1.100000 1.900000 -0.900000
v -1.100000 1.900000 -1.000000
v -1.100000 1.900000 -1.100000
v -1.100000 1.900000 -1.200000
v -1.100000 1.900000 -1.300000
v -1.100000 1.900000 -1.400000
v -1.100000 1.900000 -1.600000
v -1.100000 2.000000 -1.100000
v -1.100000 2.000000 -1.600000
v -1.100000 2.400000 -1.100000
v -1.100000 2.400000 -1.600000
v -1.100000 2.500000 0.600000
v -1.100000 2.500000 0.400000
v -1.100000 2.700000 0.600000
v -1.100000 2.700000 0.400000
v -1.100000 2.800000 0.600000
v -1.100000 2.800000 0.300000
v -1.100000 3.200000 0.600000
v -1.100000 3.200000 0.300000
v -1.100000 4.800000 0.100000
v -1.100000 4.800000 -0.200000
v -1.100000 5.000000 0.100000
v -1.100000 5.000000 -0.200000
v -1.000000 1.800000 0.300000
v -1.000000 1.800000 0.200000
v -1.000000 1.800000 0.100000
v -1.000000 1.800000 -0.900000
v -1.000000 1.800000 -1.000000
v -1.000000 1.800000 -1.100000
v -1.000000 1.800000 -1.200000
v -1.000000 1.800000 -1.300000
v -1.000000 1.800000 -1.400000
v -1.000000 1.900000 0.500000
v -1.000000 1.900000 0.400000
v -1.000000 1.900000 0.300000
v -1.000000 1.900000 0.200000
v -1.000000 1.900000 0.100000
v -1.000000 1.900000 -0.100000
v -1.000000 1.900000 -0.800000
v -1.000000 1.900000 -0.900000
v -1.000000 1.900000 -1.000000
v -1.000000 1.900000 -1.100000
v -1.000000 1.900000 -1.200000
v -1.000000 1.900000 -1.300000
v -1.000000 1.900000 -1.400000
v -1.000000 1.900000 -1.500000
v -1.000000 2.000000 0.500000
v -1.000000 2.000000 -0.800000
v -1.000000 2.000000 -1.100000
v -1.000000 2.000000 -1.500000
v -1.000000 2.400000 -1.100000
v -1.000000 2.500000 0.500000
v -1.000000 2.500000 0.400000
v -1.000000 2.400000 -1.500000
v -1.000000 2.700000 0.500000
v -1.000000 2.700000 0.400000
v -1.000000 2.800000 0.300000
v -1.000000 2.800000 0.500000
v -1.000000 2.950000 -1.350000
v -1.000000 3.000000 -0.100000
v -1.000000 3.000000 -0.800000
v -1.000000 3.200000 0.500000
v -1.000000 3.200000 0.300000
v -1.000000 3.300000 0.600000
v -1.000000 3.300000 0.500000
v -1.000000 3.400000 0.450000
v -1.000000 3.700000 0.600000
v -1.000000 3.700000 0.700000
v -1.000000 3.750000 -1.400000
v -1.000000 3.750000 -1.500000
v -1.000000 3.800000 0.900000
v -1.000000 3.800000 0.700000
v -1.000000 3.900000 0.700000
v -1.000000 3.900000 0.600000
v -1.000000 3.950000 -1.350000
v -1.000000 4.500000 0.800000
v -1.000000 4.400000 0.700000
v -1.000000 4.400000 0.600000
v -1.000000 4.600000 0.500000
v -1.000000 4.500000 0.900000
v -1.000000 4.500000 0.700000
v -1.000000 4.500000 0.600000
v -1.000000 4.550000 0.300000
v -1.000000 4.600000 0.600000
v -1.000000 4.800000 0.100000
v -1.000000 4.800000 -0.200000
v -1.000000 5.000000 0.100000
v -1.000000 5.000000 -0.100000
v -1.000000 5.000000 -0.200000
v -0.900000 1.900000 -0.100000
v -0.900000 1.900000 -0.800000
v -0.900000 2.000000 -0.100000
v -0.900000 2.000000 -0.800000
v -0.900000 2.300000 -0.100000
v -0.900000 2.300000 -0.800000
v -0.900000 2.400000 -0.100000
v -0.900000 2.400000 -0.800000
v -0.900000 2.700000 -0.100000
v -0.900000 2.700000 -0.800000
v -0.900000 2.800000 -0.100000
v -0.900000 2.800000 -0.800000
v -0.900000 4.400000 1.000000
v -0.900000 4.400000 0.900000
v -0.900000 4.500000 1.000000
v -0.900000 4.500000 0.900000
v -0.800000 1.800000 -1.500000
v -0.800000 1.800000 -1.600000
v -0.800000 1.900000 -0.100000
v -0.800000 1.900000 -0.200000
v -0.800000 1.900000 -0.300000
v -0.800000 1.900000 -0.400000
v -0.800000 1.900000 -0.500000
v -0.800000 1.900000 -0.600000
v -0.800000 1.900000 -0.700000
v -0.800000 1.900000 -0.800000
v -0.800000 1.900000 -1.500000
v -0.800000 1.900000 -1.600000
v -0.800000 2.000000 -0.100000
v -0.800000 2.000000 -0.200000
v -0.800000 2.000000 -0.300000
v -0.800000 2.000000 -0.400000
v -0.800000 2.000000 -0.500000
v -0.800000 2.000000 -0.600000
v -0.800000 2.000000 -0.700000
v -0.800000 2.000000 -0.800000
v -0.800000 2.300000 -0.100000
v -0.800000 2.300000 -0.200000
v -0.800000 2.300000 -0.300000
v -0.800000 2.300000 -0.400000
v -0.800000 2.300000 -0.500000
v -0.800000 2.300000 -0.600000
v -0.800000 2.300000 -0.700000
v -0.800000 2.300000 -0.800000
v -0.800000 2.400000 -0.100000
v -0.800000 2.400000 -0.200000
v -0.800000 2.400000 -0.300000
v -0.800000 2.400000 -0.400000
v -0.800000 2.400000 -0.500000
v -0.800000 2.400000 -0.600000
v -0.800000 2.400000 -0.700000
v -0.800000 2.400000 -0.800000
v -0.800000 2.500000 -1.500000
v -0.800000 2.500000 -1.600000
v -0.800000 2.700000 -0.100000
v -0.800000 2.700000 -0.200000
v -0.800000 2.700000 -0.300000
v -0.800000 2.700000 -0.400000
v -0.800000 2.700000 -0.500000
v -0.800000 2.700000 -0.600000
v -0.800000 2.700000 -0.700000
v -0.800000 2.700000 -0.800000
v -0.800000 2.800000 -0.100000
v -0.800000 2.800000 -0.200000
v -0.800000 2.800000 -0.300000
v -0.800000 2.800000 -0.400000
v -0.800000 2.800000 -0.500000
v -0.800000 2.800000 -0.600000
v -0.800000 2.800000 -0.700000
v -0.800000 2.800000 -0.800000
v -0.800000 2.900000 -1.500000
v -0.800000 3.000000 -0.100000
v -0.800000 2.900000 -0.200000
v -0.800000 2.900000 -0.300000
v -0.800000 2.900000 -0.400000
v -0.800000 2.900000 -0.500000
v -0.800000 2.900000 -0.600000
v -0.800000 2.900000 -0.700000
v -0.800000 3.000000 -0.800000
v -0.800000 2.900000 -1.600000
v -0.800000 3.000000 -0.250000
v -0.800000 3.000000 -0.450000
v -0.800000 3.900000 0.900000
v -0.800000 3.900000 0.800000
v -0.800000 4.400000 0.900000
v -0.800000 4.400000 0.800000
v -0.600000 1.900000 -1.500000
v -0.600000 1.900000 -1.600000
v -0.600000 3.900000 0.900000
v -0.600000 3.900000 0.800000
v -0.600000 4.400000 0.900000
v -0.600000 4.400000 0.800000
v -0.500000 2.400000 0.600000
v -0.500000 2.400000 0.500000
v -0.500000 2.500000 0.600000
v -0.500000 2.500000 0.500000
v -0.500000 2.700000 0.600000
v -0.500000 2.700000 0.500000
v -0.500000 2.800000 0.600000
v -0.500000 2.800000 0.500000
v -0.500000 2.900000 0.600000
v -0.500000 2.900000 0.500000
v -0.400000 2.400000 0.600000
v -0.400000 2.400000 0.500000
v -0.400000 2.500000 0.600000
v -0.400000 2.500000 0.500000
v -0.400000 2.700000 0.600000
v -0.400000 2.700000 0.500000
v -0.400000 2.800000 0.600000
v -0.400000 2.800000 0.500000
v -0.400000 2.900000 0.700000
v -0.400000 2.900000 0.600000
v -0.400000 2.900000 0.500000
v -0.400000 3.000000 0.600000
v -0.400000 3.000000 0.500000
v -0.400000 3.900000 0.900000
v -0.400000 3.900000 0.800000
v -0.400000 4.400000 0.900000
v -0.400000 4.400000 0.800000
v -0.300000 3.000000 0.400000
v -0.300000 3.000000 0.300000
v -0.300000 3.300000 0.600000
v -0.300000 3.300000 0.500000
v -0.300000 3.300000 0.400000
v -0.300000 3.500000 0.600000
v -0.300000 3.500000 0.500000
v -0.300000 3.700000 0.700000
v -0.300000 3.700000 0.600000
v -0.300000 3.700000 0.500000
v -0.300000 3.700000 0.400000
v -0.300000 3.800000 0.700000
v -0.300000 3.800000 0.600000
v -0.300000 4.000000 0.400000
v -0.300000 4.000000 0.500000
v -0.300000 4.200000 0.500000
v -0.300000 4.200000 0.400000
v -0.200000 2.300000 -1.500000
v -0.200000 2.300000 -1.600000
v -0.200000 2.900000 0.700000
v -0.200000 2.900000 0.600000
v -0.200000 3.000000 0.600000
v -0.200000 3.000000 0.500000
v -0.200000 3.100000 0.700000
v -0.200000 3.100000 0.600000
v -0.200000 3.200000 0.600000
v -0.200000 3.200000 0.500000
v -0.200000 3.900000 0.900000
v -0.200000 3.900000 0.700000
v -0.200000 3.900000 0.600000
v -0.200000 3.900000 0.500000
v -0.200000 4.200000 0.500000
v -0.200000 4.400000 0.900000
v -0.200000 4.400000 0.800000
v -0.200000 4.400000 0.700000
v -0.200000 4.400000 0.600000
v -0.200000 4.450000 0.500000
v -0.200000 4.500000 0.700000
v -0.200000 4.500000 0.600000
v -0.200000 4.600000 0.600000
v -0.200000 4.600000 0.500000
v -0.100000 2.400000 0.400000
v -0.100000 2.400000 0.300000
v -0.100000 2.700000 0.400000
v -0.100000 2.700000 0.300000
v 0.100000 2.800000 0.700000
v 0.100000 2.800000 0.400000
v 0.100000 3.000000 0.400000
v 0.100000 3.000000 0.700000
v 0.100000 3.300000 0.600000
v 0.100000 3.300000 0.500000
v 0.100000 3.700000 0.600000
v 0.100000 3.600000 0.500000
v 0.100000 3.700000 0.700000
v 0.100000 3.825000 0.500000
v 0.100000 3.800000 0.900000
v 0.100000 3.800000 0.700000
v 0.100000 3.900000 0.700000
v 0.100000 3.900000 0.600000
v 0.100000 4.500000 0.800000
v 0.100000 4.400000 0.700000
v 0.100000 4.400000 0.600000
v 0.100000 4.600000 0.500000
v 0.100000 4.500000 0.900000
v 0.100000 4.500000 0.700000
v 0.100000 4.500000 0.600000
v 0.100000 4.600000 0.600000
v 0.200000 2.700000 0.400000
v 0.200000 2.700000 0.300000
v 0.200000 4.400000 1.000000
v 0.200000 4.400000 0.900000
v 0.200000 4.500000 1.000000
v 0.200000 4.500000 0.900000
v 0.300000 2.800000 0.400000
v 0.300000 2.800000 0.700000
v 0.300000 3.900000 0.900000
v 0.300000 3.900000 0.800000
v 0.300000 4.400000 0.900000
v 0.300000 4.400000 0.800000
v 0.500000 3.900000 0.900000
v 0.500000 3.900000 0.800000
v 0.500000 4.400000 0.900000
v 0.500000 4.400000 0.800000
v 0.600000 3.200000 0.600000
v 0.600000 3.200000 0.500000
v 0.600000 3.600000 0.600000
v 0.600000 3.600000 0.500000
v 0.700000 3.000000 -0.100000
v 0.700000 2.900000 -0.200000
v 0.700000 2.900000 -0.300000
v 0.700000 2.900000 -0.400000
v 0.700000 2.900000 -0.500000
v 0.700000 2.900000 -0.600000
v 0.700000 2.900000 -0.800000
v 0.700000 3.000000 -0.350000
v 0.700000 3.000000 -0.575000
v 0.700000 3.000000 -0.800000
v 0.700000 3.900000 0.900000
v 0.700000 3.900000 0.800000
v 0.700000 4.400000 0.900000
v 0.700000 4.400000 0.800000
v 0.800000 3.000000 -0.100000
v 0.800000 3.000000 -0.800000
v 0.800000 3.000000 0.400000
v 0.800000 3.000000 0.300000
v 0.800000 3.000000 -0.350000
v 0.800000 3.000000 -0.575000
v 0.800000 3.100000 0.400000
v 0.800000 3.100000 -0.100000
v 0.800000 3.200000 0.400000
v 0.800000 3.600000 0.600000
v 0.800000 3.600000 0.500000
v 0.800000 3.650000 0.400000
v 0.800000 3.700000 0.700000
v 0.800000 3.700000 0.600000
v 0.800000 3.700000 0.500000
v 0.800000 3.800000 0.700000
v 0.800000 3.800000 0.600000
v 0.800000 4.000000 0.400000
v 0.800000 4.000000 0.500000
v 0.900000 3.900000 0.900000
v 0.900000 3.900000 0.700000
v 0.900000 3.900000 0.600000
v 0.900000 3.900000 0.500000
v 0.900000 4.100000 0.500000
v 0.900000 4.400000 0.900000
v 0.900000 4.400000 0.800000
v 0.900000 4.400000 0.700000
v 0.900000 4.400000 0.600000
v 0.900000 4.450000 0.500000
v 0.900000 4.500000 0.700000
v 0.900000 4.500000 0.600000
v 0.900000 4.600000 0.600000
v 0.900000 4.600000 0.500000
v -0.900000 1.800000 -1.500000
v -0.900000 1.800000 -1.600000
v -0.900000 1.900000 0.600000
v -0.900000 1.900000 0.500000
v -0.900000 1.900000 -1.500000
v -0.900000 1.900000 -1.600000
v -0.900000 3.900000 0.900000
v -0.900000 3.900000 0.700000
v -0.900000 3.900000 0.600000
v -0.900000 3.900000 0.500000
v -0.900000 4.100000 0.500000
v -0.900000 4.400000 0.900000
v -0.900000 4.400000 0.800000
v -0.900000 4.400000 0.700000
v -0.900000 4.400000 0.600000
v -0.900000 4.400000 0.500000
v -0.900000 4.500000 0.700000
v -0.900000 4.500000 0.600000
v -0.900000 4.600000 0.500000
v -0.900000 4.600000 0.600000
v -0.800000 1.900000 -0.000000
v -0.800000 1.900000 -0.200000
v -0.800000 1.900000 -0.300000
v -0.800000 1.900000 -0.400000
v -0.800000 1.900000 -0.500000
v -0.800000 1.900000 -0.600000
v -0.800000 1.900000 -0.700000
v -0.800000 1.975000 -0.800000
v -0.800000 1.900000 -0.900000
v -0.800000 2.000000 -0.200000
v -0.800000 2.000000 -0.300000
v -0.800000 2.000000 -0.400000
v -0.800000 2.000000 -0.500000
v -0.800000 2.000000 -0.600000
v -0.800000 2.000000 -0.700000
v -0.800000 2.150000 -0.100000
v -0.800000 2.300000 -0.200000
v -0.800000 2.300000 -0.300000
v -0.800000 2.300000 -0.400000
v -0.800000 2.300000 -0.500000
v -0.800000 2.300000 -0.600000
v -0.800000 2.300000 -0.700000
v -0.800000 2.300000 -0.800000
v -0.800000 2.400000 -0.200000
v -0.800000 2.400000 -0.300000
v -0.800000 2.400000 -0.400000
v -0.800000 2.400000 -0.500000
v -0.800000 2.400000 -0.600000
v -0.800000 2.400000 -0.700000
v -0.800000 2.500000 0.600000
v -0.800000 2.500000 0.500000
v -0.800000 2.700000 0.600000
v -0.800000 2.700000 0.500000
v -0.800000 2.700000 -0.200000
v -0.800000 2.700000 -0.300000
v -0.800000 2.700000 -0.400000
v -0.800000 2.700000 -0.500000
v -0.800000 2.700000 -0.600000
v -0.800000 2.700000 -0.700000
v -0.800000 2.800000 -0.200000
v -0.800000 2.800000 -0.300000
v -0.800000 2.800000 -0.400000
v -0.800000 2.800000 -0.500000
v -0.800000 2.800000 -0.600000
v -0.800000 2.800000 -0.700000
v -0.800000 3.000000 -0.100000
v -0.800000 3.000000 0.400000
v -0.800000 3.000000 0.300000
v -0.800000 3.000000 -0.425000
v -0.800000 3.000000 -0.800000
v -0.800000 3.100000 0.400000
v -0.800000 3.100000 -0.100000
v -0.800000 3.200000 0.400000
v -0.800000 3.300000 0.600000
v -0.800000 3.300000 0.500000
v -0.800000 3.500000 0.600000
v -0.800000 3.500000 0.500000
v -0.800000 3.700000 0.700000
v -0.800000 3.700000 0.600000
v -0.800000 3.700000 0.500000
v -0.800000 3.700000 0.400000
v -0.800000 3.800000 0.700000
v -0.800000 3.800000 0.600000
v -0.800000 4.000000 0.400000
v -0.800000 4.000000 0.500000
v -0.700000 1.975000 -0.700000
v -0.700000 1.975000 -0.800000
v -0.700000 1.900000 -1.500000
v -0.700000 1.900000 -1.600000
v -0.700000 2.150000 -0.100000
v -0.700000 2.150000 -0.200000
v -0.700000 2.100000 -0.300000
v -0.700000 2.100000 -0.400000
v -0.700000 2.100000 -0.500000
v -0.700000 2.100000 -0.600000
v -0.700000 2.375000 -0.300000
v -0.700000 2.375000 -0.400000
v -0.700000 2.300000 -0.500000
v -0.700000 2.300000 -0.600000
v -0.700000 2.300000 -0.700000
v -0.700000 2.300000 -0.800000
v -0.700000 3.000000 -0.100000
v -0.700000 2.900000 -0.200000
v -0.700000 2.900000 -0.300000
v -0.700000 2.900000 -0.400000
v -0.700000 2.900000 -0.500000
v -0.700000 2.900000 -0.600000
v -0.700000 2.900000 -0.700000
v -0.700000 3.000000 -0.800000
v -0.700000 3.000000 -0.450000
v -0.700000 3.900000 0.900000
v -0.700000 3.900000 0.800000
v -0.700000 4.400000 0.900000
v -0.700000 4.400000 0.800000
v -0.600000 2.000000 -1.500000
v -0.600000 2.000000 -1.600000
v -0.600000 2.400000 -1.500000
v -0.600000 2.400000 -1.600000
v -0.600000 2.800000 0.600000
v -0.600000 2.800000 0.500000
v -0.600000 3.200000 0.500000
v -0.600000 3.200000 0.600000
v -0.500000 3.900000 0.900000
v -0.500000 3.900000 0.800000
v -0.500000 4.400000 0.900000
v -0.500000 4.400000 0.800000
v -0.300000 2.800000 0.400000
v -0.300000 2.800000 0.700000
v -0.300000 3.900000 0.900000
v -0.300000 3.900000 0.800000
v -0.300000 4.400000 0.900000
v -0.300000 4.400000 0.800000
v -0.200000 2.400000 0.400000
v -0.200000 2.400000 0.300000
v -0.200000 2.700000 0.400000
v -0.200000 2.700000 0.300000
v -0.200000 4.400000 1.000000
v -0.200000 4.400000 0.900000
v -0.200000 4.500000 1.000000
v -0.200000 4.500000 0.900000
v -0.100000 2.500000 -1.500000
v -0.100000 2.500000 -1.600000
v -0.100000 2.800000 0.700000
v -0.100000 2.800000 0.400000
v -0.100000 3.000000 0.400000
v -0.100000 2.900000 -1.500000
v -0.100000 2.900000 -1.600000
v -0.100000 3.000000 0.700000
v -0.100000 3.300000 0.600000
v -0.100000 3.300000 0.500000
v -0.100000 3.700000 0.600000
v -0.100000 3.600000 0.500000
v -0.100000 3.700000 0.700000
v -0.100000 3.825000 0.500000
v -0.100000 3.800000 0.900000
v -0.100000 3.800000 0.700000
v -0.100000 3.900000 0.700000
v -0.100000 3.900000 0.600000
v -0.100000 4.500000 0.800000
v -0.100000 4.400000 0.700000
v -0.100000 4.400000 0.600000
v -0.100000 4.400000 0.500000
v -0.100000 4.500000 0.900000
v -0.100000 4.500000 0.700000
v -0.100000 4.500000 0.600000
v -0.100000 4.600000 0.500000
v -0.100000 4.600000 0.600000
v 0.100000 2.700000 0.400000
v 0.100000 2.700000 0.300000
v 0.200000 2.900000 0.700000
v 0.200000 2.900000 0.600000
v 0.200000 3.000000 0.600000
v 0.200000 3.000000 0.500000
v 0.200000 3.100000 0.700000
v 0.200000 3.100000 0.600000
v 0.200000 3.200000 0.600000
v 0.200000 3.200000 0.500000
v 0.200000 3.900000 0.900000
v 0.200000 3.900000 0.700000
v 0.200000 3.900000 0.600000
v 0.200000 3.900000 0.500000
v 0.200000 4.100000 0.500000
v 0.200000 4.400000 0.900000
v 0.200000 4.400000 0.800000
v 0.200000 4.400000 0.700000
v 0.200000 4.400000 0.600000
v 0.200000 4.600000 0.500000
v 0.200000 4.500000 0.700000
v 0.200000 4.500000 0.600000
v 0.200000 4.600000 0.600000
v 0.300000 3.000000 0.400000
v 0.300000 3.000000 0.300000
v 0.300000 3.200000 0.400000
v 0.300000 3.300000 0.600000
v 0.300000 3.300000 0.500000
v 0.300000 3.500000 0.600000
v 0.300000 3.500000 0.500000
v 0.300000 3.700000 0.700000
v 0.300000 3.700000 0.600000
v 0.300000 3.700000 0.500000
v 0.300000 3.700000 0.400000
v 0.300000 3.800000 0.700000
v 0.300000 3.800000 0.600000
v 0.300000 4.000000 0.400000
v 0.300000 4.000000 0.500000
v 0.400000 2.800000 0.600000
v 0.400000 2.800000 0.500000
v 0.400000 2.900000 0.700000
v 0.400000 2.900000 0.600000
v 0.400000 2.900000 0.500000
v 0.400000 3.000000 0.600000
v 0.400000 3.000000 0.500000
v 0.400000 3.900000 0.900000
v 0.400000 3.900000 0.800000
v 0.400000 4.400000 0.900000
v 0.400000 4.400000 0.800000
v 0.500000 2.800000 0.600000
v 0.500000 2.800000 0.500000
v 0.500000 2.900000 0.600000
v 0.500000 2.900000 0.500000
v 0.600000 3.900000 0.900000
v 0.600000 3.900000 0.800000
v 0.600000 4.400000 0.900000
v 0.600000 4.400000 0.800000
v 0.800000 3.000000 -0.100000
v 0.800000 2.900000 -0.200000
v 0.800000 2.900000 -0.300000
v 0.800000 2.900000 -0.400000
v 0.800000 2.900000 -0.500000
v 0.800000 2.900000 -0.600000
v 0.800000 2.900000 -0.800000
v 0.800000 3.000000 -0.450000
v 0.800000 3.000000 -0.800000
v 0.800000 3.900000 0.900000
v 0.800000 3.900000 0.800000
v 0.800000 4.400000 0.900000
v 0.800000 4.400000 0.800000
v 0.900000 4.400000 1.000000
v 0.900000 4.400000 0.900000
v 0.900000 4.500000 1.000000
v 0.900000 4.500000 0.900000
v 1.000000 3.000000 -0.800000
v 1.000000 3.200000 0.500000
v 1.000000 3.200000 0.100000
v 1.000000 3.150000 -0.650000
v 1.000000 3.300000 -0.200000
v 1.000000 3.300000 -0.500000
v 1.000000 3.500000 -0.200000
v 1.000000 3.500000 -0.500000
v 1.000000 3.600000 0.600000
v 1.000000 3.600000 0.100000
v 1.000000 3.700000 0.700000
v 1.000000 3.700000 0.600000
v 1.000000 3.700000 0.300000
v 1.000000 3.700000 -0.300000
v 1.000000 3.800000 0.900000
v 1.000000 3.800000 0.700000
v 1.000000 3.900000 0.700000
v 1.000000 3.900000 0.600000
v 1.000000 4.100000 -0.300000
v 1.000000 4.100000 0.300000
v 1.000000 4.150000 -0.500000
v 1.000000 4.250000 -0.225000
v 1.000000 4.500000 0.800000
v 1.000000 4.400000 0.700000
v 1.000000 4.400000 0.600000
v 1.000000 4.450000 0.500000
v 1.000000 4.500000 0.900000
v 1.000000 4.500000 0.700000
v 1.000000 4.500000 0.600000
v 1.000000 4.525000 0.350000
v 1.000000 4.600000 0.600000
v 1.000000 4.600000 0.500000
v 1.000000 5.450000 -1.350000
v 1.000000 5.750000 -1.400000
v 1.000000 5.750000 -1.500000
v 1.100000 3.200000 0.600000
v 1.100000 3.200000 0.100000
v 1.100000 3.300000 -0.200000
v 1.100000 3.300000 -0.500000
v 1.100000 3.500000 -0.200000
v 1.100000 3.500000 -0.500000
v 1.100000 3.600000 0.600000
v 1.100000 3.600000 0.100000
v 1.100000 3.700000 0.300000
v 1.100000 3.700000 -0.300000
v 1.100000 4.100000 0.300000
v 1.100000 4.100000 -0.300000
v -0.900000 4.400000 1.000000
v -0.900000 4.500000 1.000000
v -0.200000 4.400000 1.000000
v -0.200000 4.500000 1.000000
v 0.200000 4.400000 1.000000
v 0.200000 4.500000 1.000000
v 0.900000 4.400000 1.000000
v 0.900000 4.500000 1.000000
v -1.000000 3.800000 0.900000
v -1.000000 4.500000 0.900000
v -0.900000 3.900000 0.900000
v -0.900000 4.500000 0.900000
v -0.800000 3.900000 0.900000
v -0.800000 4.400000 0.900000
v -0.700000 3.900000 0.900000
v -0.700000 4.400000 0.900000
v -0.600000 3.900000 0.900000
v -0.600000 4.400000 0.900000
v -0.500000 3.900000 0.900000
v -0.500000 4.400000 0.900000
v -0.400000 3.900000 0.900000
v -0.400000 4.400000 0.900000
v -0.300000 3.900000 0.900000
v -0.300000 4.400000 0.900000
v -0.200000 3.900000 0.900000
v -0.200000 4.500000 0.900000
v -0.100000 3.800000 0.900000
v -0.100000 4.500000 0.900000
v 0.100000 3.800000 0.900000
v 0.100000 4.500000 0.900000
v 0.200000 3.900000 0.900000
v 0.200000 4.500000 0.900000
v 0.300000 3.900000 0.900000
v 0.300000 4.400000 0.900000
v 0.400000 3.900000 0.900000
v 0.400000 4.400000 0.900000
v 0.500000 3.900000 0.900000
v 0.500000 4.400000 0.900000
v 0.600000 3.900000 0.900000
v 0.600000 4.400000 0.900000
v 0.700000 3.900000 0.900000
v 0.700000 4.400000 0.900000
v 0.800000 3.900000 0.900000
v 0.800000 4.400000 0.900000
v 0.900000 3.900000 0.900000
v 0.900000 4.500000 0.900000
v 1.000000 3.800000 0.900000
v 1.000000 4.500000 0.900000
v -1.000000 4.500000 0.800000
v -0.900000 4.500000 0.800000
v -0.200000 4.500000 0.800000
v -0.100000 4.500000 0.800000
v 0.100000 4.500000 0.800000
v 0.200000 4.500000 0.800000
v 0.900000 4.500000 0.800000
v 1.000000 4.500000 0.800000
v -1.000000 3.700000 0.700000
v -1.000000 3.800000 0.700000
v -0.800000 3.700000 0.700000
v -0.800000 3.800000 0.700000
v -0.400000 2.900000 0.700000
v -0.300000 2.800000 0.700000
v -0.300000 3.700000 0.700000
v -0.300000 3.800000 0.700000
v -0.200000 2.900000 0.700000
v -0.200000 3.100000 0.700000
v -0.100000 2.800000 0.700000
v -0.100000 3.000000 0.700000
v -0.100000 3.700000 0.700000
v -0.100000 3.800000 0.700000
v 0.100000 2.800000 0.700000
v 0.100000 3.000000 0.700000
v 0.100000 3.700000 0.700000
v 0.100000 3.800000 0.700000
v 0.200000 2.900000 0.700000
v 0.200000 3.100000 0.700000
v 0.300000 2.800000 0.700000
v 0.300000 3.700000 0.700000
v 0.300000 3.800000 0.700000
v 0.400000 2.900000 0.700000
v 0.800000 3.700000 0.700000
v 0.800000 3.800000 0.700000
v 1.000000 3.700000 0.700000
v 1.000000 3.800000 0.700000
v -1.100000 1.900000 0.600000
v -1.100000 2.500000 0.600000
v -1.100000 2.700000 0.600000
v -1.100000 2.800000 0.600000
v -1.100000 3.200000 0.600000
v -1.000000 3.300000 0.600000
v -1.000000 3.700000 0.600000
v -1.000000 3.900000 0.600000
v -1.000000 4.400000 0.600000
v -1.000000 4.500000 0.600000
v -1.000000 4.600000 0.600000
v -0.900000 1.900000 0.600000
v -0.900000 3.550000 0.600000
v -0.900000 3.900000 0.600000
v -0.900000 4.400000 0.600000
v -0.900000 4.500000 0.600000
v -0.900000 4.600000 0.600000
v -0.800000 2.500000 0.600000
v -0.800000 2.700000 0.600000
v -0.800000 3.300000 0.600000
v -0.800000 3.500000 0.600000
v -0.800000 3.700000 0.600000
v -0.800000 3.800000 0.600000
v -0.600000 2.800000 0.600000
v -0.600000 3.200000 0.600000
v -0.500000 2.400000 0.600000
v -0.500000 2.500000 0.600000
v -0.500000 2.700000 0.600000
v -0.500000 2.800000 0.600000
v -0.500000 2.900000 0.600000
v -0.400000 2.400000 0.600000
v -0.400000 2.500000 0.600000
v -0.400000 2.700000 0.600000
v -0.400000 2.800000 0.600000
v -0.400000 2.900000 0.600000
v -0.400000 3.000000 0.600000
v -0.300000 3.300000 0.600000
v -0.300000 3.500000 0.600000
v -0.300000 3.700000 0.600000
v -0.300000 3.800000 0.600000
v -0.200000 2.900000 0.600000
v -0.200000 3.000000 0.600000
v -0.200000 3.100000 0.600000
v -0.200000 3.200000 0.600000
v -0.200000 3.550000 0.600000
v -0.200000 3.900000 0.600000
v -0.200000 4.400000 0.600000
v -0.200000 4.500000 0.600000
v -0.200000 4.600000 0.600000
v -0.100000 3.300000 0.600000
v -0.100000 3.700000 0.600000
v -0.100000 3.900000 0.600000
v -0.100000 4.400000 0.600000
v -0.100000 4.500000 0.600000
v -0.100000 4.600000 0.600000
v 0.100000 3.300000 0.600000
v 0.100000 3.700000 0.600000
v 0.100000 3.900000 0.600000
v 0.100000 4.400000 0.600000
v 0.100000 4.500000 0.600000
v 0.100000 4.600000 0.600000
v 0.200000 2.900000 0.600000
v 0.200000 3.000000 0.600000
v 0.200000 3.100000 0.600000
v 0.200000 3.200000 0.600000
v 0.200000 3.550000 0.600000
v 0.200000 3.900000 0.600000
v 0.200000 4.400000 0.600000
v 0.200000 4.500000 0.600000
v 0.200000 4.600000 0.600000
v 0.300000 3.300000 0.600000
v 0.300000 3.500000 0.600000
v 0.300000 3.700000 0.600000
v 0.300000 3.800000 0.600000
v 0.400000 2.800000 0.600000
v 0.400000 2.900000 0.600000
v 0.400000 3.000000 0.600000
v 0.500000 2.800000 0.600000
v 0.500000 2.900000 0.600000
v 0.600000 3.200000 0.600000
v 0.600000 3.600000 0.600000
v 0.800000 3.600000 0.600000
v 0.800000 3.700000 0.600000
v 0.800000 3.800000 0.600000
v 0.900000 3.900000 0.600000
v 0.900000 4.400000 0.600000
v 0.900000 4.500000 0.600000
v 0.900000 4.600000 0.600000
v 1.000000 3.600000 0.600000
v 1.000000 3.700000 0.600000
v 1.000000 3.900000 0.600000
v 1.000000 4.400000 0.600000
v 1.000000 4.500000 0.600000
v 1.000000 4.600000 0.600000
v 1.100000 3.200000 0.600000
v 1.100000 3.600000 0.600000
v -1.000000 1.900000 0.500000
v -1.000000 2.000000 0.500000
v -1.000000 2.500000 0.500000
v -1.000000 2.700000 0.500000
v -1.000000 2.800000 0.500000
v -1.000000 3.200000 0.500000
v -1.000000 3.300000 0.500000
v -1.000000 4.600000 0.500000
v -0.900000 1.900000 0.500000
v -0.800000 3.300000 0.500000
v -0.900000 3.900000 0.500000
v -0.900000 4.100000 0.500000
v -0.900000 4.400000 0.500000
v -0.900000 4.600000 0.500000
v -0.800000 2.500000 0.500000
v -0.800000 2.700000 0.500000
v -0.800000 3.500000 0.500000
v -0.800000 3.700000 0.500000
v -0.800000 4.000000 0.500000
v -0.600000 2.800000 0.500000
v -0.600000 3.200000 0.500000
v -0.500000 2.400000 0.500000
v -0.500000 2.500000 0.500000
v -0.500000 2.700000 0.500000
v -0.500000 2.800000 0.500000
v -0.500000 2.900000 0.500000
v -0.450000 3.525000 0.500000
v -0.400000 2.400000 0.500000
v -0.400000 2.500000 0.500000
v -0.400000 2.700000 0.500000
v -0.400000 2.800000 0.500000
v -0.400000 2.900000 0.500000
v -0.400000 3.000000 0.500000
v -0.300000 3.300000 0.500000
v -0.300000 3.500000 0.500000
v -0.300000 3.700000 0.500000
v -0.300000 4.000000 0.500000
v -0.300000 4.200000 0.500000
v -0.200000 3.000000 0.500000
v -0.200000 3.200000 0.500000
v -0.200000 3.900000 0.500000
v -0.200000 4.200000 0.500000
v -0.200000 4.400000 0.500000
v -0.200000 4.600000 0.500000
v -0.100000 3.300000 0.500000
v -0.100000 3.675000 0.500000
v -0.100000 3.900000 0.500000
v -0.100000 4.400000 0.500000
v -0.100000 4.600000 0.500000
v 0.100000 3.300000 0.500000
v 0.100000 3.675000 0.500000
v 0.100000 3.900000 0.500000
v 0.100000 4.450000 0.500000
v 0.100000 4.600000 0.500000
v 0.200000 3.000000 0.500000
v 0.200000 3.200000 0.500000
v 0.200000 3.900000 0.500000
v 0.200000 4.100000 0.500000
v 0.200000 4.400000 0.500000
v 0.200000 4.600000 0.500000
v 0.400000 3.000000 0.500000
v 0.300000 3.300000 0.500000
v 0.300000 3.500000 0.500000
v 0.300000 3.700000 0.500000
v 0.300000 4.000000 0.500000
v 0.400000 2.800000 0.500000
v 0.400000 2.900000 0.500000
v 0.400000 3.200000 0.500000
v 0.500000 2.800000 0.500000
v 0.500000 2.900000 0.500000
v 0.600000 3.200000 0.500000
v 0.600000 3.600000 0.500000
v 0.800000 3.600000 0.500000
v 0.800000 3.700000 0.500000
v 0.800000 4.000000 0.500000
v 0.900000 3.900000 0.500000
v 0.900000 4.100000 0.500000
v 0.900000 4.400000 0.500000
v 0.900000 4.600000 0.500000
v 1.000000 3.200000 0.500000
v 1.000000 4.600000 0.500000
v -0.300000 2.800000 0.400000
v -0.200000 2.400000 0.400000
v -0.200000 2.700000 0.400000
v -0.100000 2.400000 0.400000
v -0.100000 2.700000 0.400000
v -0.100000 2.800000 0.400000
v -0.100000 3.000000 0.400000
v 0.100000 2.700000 0.400000
v 0.100000 2.800000 0.400000
v 0.100000 3.000000 0.400000
v 0.200000 2.700000 0.400000
v 0.300000 2.800000 0.400000
v -1.100000 1.800000 0.300000
v -1.100000 1.900000 0.300000
v -1.000000 1.800000 0.300000
v -1.000000 1.900000 0.300000
v 1.000000 3.700000 0.300000
v 1.000000 4.100000 0.300000
v 1.100000 3.700000 0.300000
v 1.100000 4.100000 0.300000
v -1.100000 1.800000 0.100000
v -1.100000 1.900000 0.100000
v -1.100000 4.800000 0.100000
v -1.100000 5.000000 0.100000
v -1.000000 1.800000 0.100000
v -1.000000 1.900000 0.100000
v -1.000000 4.800000 0.100000
v -1.000000 5.000000 0.100000
v -0.800000 1.900000 -0.100000
v -0.800000 2.150000 -0.100000
v -0.800000 3.000000 -0.100000
v -0.700000 2.150000 -0.100000
v -0.700000 3.000000 -0.100000
v 0.700000 3.000000 -0.100000
v 0.800000 3.000000 -0.100000
v 1.000000 3.300000 -0.200000
v 1.000000 3.500000 -0.200000
v 1.100000 3.300000 -0.200000
v 1.100000 3.500000 -0.200000
v -0.800000 1.975000 -0.300000
v -0.800000 2.300000 -0.300000
v -0.800000 2.450000 -0.300000
v -0.800000 2.900000 -0.300000
v -0.700000 2.100000 -0.300000
v -0.700000 2.375000 -0.300000
v -0.700000 2.900000 -0.300000
v 0.700000 2.900000 -0.300000
v 0.800000 2.900000 -0.300000
v -0.800000 1.975000 -0.500000
v -0.800000 2.350000 -0.500000
v -0.800000 2.900000 -0.500000
v -0.700000 2.100000 -0.500000
v -0.700000 2.300000 -0.500000
v -0.700000 2.900000 -0.500000
v 0.700000 2.900000 -0.500000
v 0.800000 2.900000 -0.500000
v -0.800000 1.975000 -0.700000
v -0.800000 2.350000 -0.700000
v -0.800000 2.750000 -0.700000
v -0.800000 2.900000 -0.700000
v -0.700000 1.975000 -0.700000
v -0.700000 2.300000 -0.700000
v -0.700000 2.900000 -0.700000
v -1.100000 1.700000 -0.800000
v -1.100000 1.900000 -0.800000
v -1.000000 1.900000 -0.800000
v -1.000000 3.000000 -0.800000
v -0.900000 1.900000 -0.800000
v -0.900000 2.000000 -0.800000
v -0.900000 2.300000 -0.800000
v -0.900000 2.400000 -0.800000
v -0.900000 2.700000 -0.800000
v -0.900000 2.800000 -0.800000
v -0.800000 3.000000 -0.800000
v -0.800000 1.900000 -0.800000
v -0.800000 2.000000 -0.800000
v -0.800000 2.300000 -0.800000
v -0.800000 2.400000 -0.800000
v -0.800000 2.700000 -0.800000
v -0.800000 2.800000 -0.800000
v 0.800000 3.000000 -0.800000
v 1.000000 3.000000 -0.800000
v -1.100000 1.800000 -1.000000
v -1.100000 1.900000 -1.000000
v -1.000000 1.800000 -1.000000
v -1.000000 1.900000 -1.000000
v -1.100000 2.000000 -1.100000
v -1.100000 2.400000 -1.100000
v -1.000000 2.000000 -1.100000
v -1.000000 2.400000 -1.100000
v -1.100000 1.800000 -1.200000
v -1.100000 1.900000 -1.200000
v -1.000000 1.800000 -1.200000
v -1.000000 1.900000 -1.200000
v -1.100000 1.800000 -1.400000
v -1.100000 1.900000 -1.400000
v -1.000000 1.800000 -1.400000
v -1.000000 1.900000 -1.400000
v -0.900000 4.400000 0.800000
v -0.900000 4.500000 0.800000
v -0.800000 3.900000 0.800000
v -0.800000 4.400000 0.800000
v -0.700000 3.900000 0.800000
v -0.700000 4.400000 0.800000
v -0.600000 3.900000 0.800000
v -0.600000 4.400000 0.800000
v -0.500000 3.900000 0.800000
v -0.500000 4.400000 0.800000
v -0.400000 3.900000 0.800000
v -0.400000 4.400000 0.800000
v -0.300000 3.900000 0.800000
v -0.300000 4.400000 0.800000
v -0.200000 4.400000 0.800000
v -0.200000 4.500000 0.800000
v 0.200000 4.400000 0.800000
v 0.200000 4.500000 0.800000
v 0.300000 3.900000 0.800000
v 0.300000 4.400000 0.800000
v 0.400000 3.900000 0.800000
v 0.400000 4.400000 0.800000
v 0.500000 3.900000 0.800000
v 0.500000 4.400000 0.800000
v 0.600000 3.900000 0.800000
v 0.600000 4.400000 0.800000
v 0.700000 3.900000 0.800000
v 0.700000 4.400000 0.800000
v 0.800000 3.900000 0.800000
v 0.800000 4.400000 0.800000
v 0.900000 4.400000 0.800000
v 0.900000 4.500000 0.800000
v -1.000000 3.900000 0.700000
v -1.000000 4.400000 0.700000
v -1.000000 4.500000 0.700000
v -0.900000 3.900000 0.700000
v -0.900000 4.400000 0.700000
v -0.900000 4.500000 0.700000
v -0.200000 3.900000 0.700000
v -0.200000 4.400000 0.700000
v -0.200000 4.500000 0.700000
v -0.100000 3.900000 0.700000
v -0.100000 4.400000 0.700000
v -0.100000 4.500000 0.700000
v 0.100000 3.900000 0.700000
v 0.100000 4.400000 0.700000
v 0.100000 4.500000 0.700000
v 0.200000 3.900000 0.700000
v 0.200000 4.400000 0.700000
v 0.200000 4.500000 0.700000
v 0.900000 3.900000 0.700000
v 0.900000 4.400000 0.700000
v 0.900000 4.500000 0.700000
v 1.000000 3.900000 0.700000
v 1.000000 4.400000 0.700000
v 1.000000 4.500000 0.700000
v -1.100000 1.800000 0.400000
v -1.100000 1.900000 0.400000
v -1.100000 2.500000 0.400000
v -1.100000 2.700000 0.400000
v -1.000000 1.900000 0.400000
v -1.000000 2.500000 0.400000
v -1.000000 2.700000 0.400000
v -0.800000 3.000000 0.400000
v -0.800000 3.200000 0.400000
v -0.800000 3.700000 0.400000
v -0.800000 4.000000 0.400000
v -0.700000 3.200000 0.400000
v -0.700000 3.600000 0.400000
v -0.450000 3.525000 0.400000
v -0.400000 3.300000 0.400000
v -0.300000 3.000000 0.400000
v -0.300000 3.300000 0.400000
v -0.300000 3.700000 0.400000
v -0.300000 4.000000 0.400000
v 0.300000 3.000000 0.400000
v 0.300000 3.200000 0.400000
v 0.300000 3.700000 0.400000
v 0.300000 4.000000 0.400000
v 0.400000 3.150000 0.400000
v 0.400000 3.600000 0.400000
v 0.600000 3.150000 0.400000
v 0.800000 3.000000 0.400000
v 0.800000 3.200000 0.400000
v 0.800000 3.650000 0.400000
v 0.800000 4.000000 0.400000
v -1.100000 2.800000 0.300000
v -1.100000 3.200000 0.300000
v -1.000000 2.800000 0.300000
v -1.000000 3.200000 0.300000
v -0.800000 3.000000 0.300000
v -0.300000 2.750000 0.300000
v -0.300000 3.000000 0.300000
v -0.200000 2.400000 0.300000
v -0.200000 2.700000 0.300000
v -0.100000 2.400000 0.300000
v -0.100000 2.700000 0.300000
v -0.100000 2.950000 0.300000
v 0.100000 2.700000 0.300000
v 0.100000 2.950000 0.300000
v 0.200000 2.700000 0.300000
v 0.300000 3.000000 0.300000
v 0.800000 3.000000 0.300000
v -1.100000 1.800000 0.200000
v -1.100000 1.900000 0.200000
v -1.000000 1.800000 0.200000
v -1.000000 1.900000 0.200000
v 1.000000 3.200000 0.100000
v 1.000000 3.600000 0.100000
v 1.100000 3.200000 0.100000
v 1.100000 3.600000 0.100000
v -1.100000 1.700000 -0.100000
v -1.100000 1.900000 -0.100000
v -1.000000 1.900000 -0.100000
v -1.000000 3.000000 -0.100000
v -0.900000 1.900000 -0.100000
v -0.900000 2.000000 -0.100000
v -0.900000 2.300000 -0.100000
v -0.900000 2.400000 -0.100000
v -0.900000 2.700000 -0.100000
v -0.900000 2.800000 -0.100000
v -0.800000 3.000000 -0.100000
v -0.800000 1.900000 -0.100000
v -0.800000 2.000000 -0.100000
v -0.800000 2.300000 -0.100000
v -0.800000 2.400000 -0.100000
v -0.800000 2.700000 -0.100000
v -0.800000 2.800000 -0.100000
v 0.800000 3.000000 -0.100000
v -1.100000 4.800000 -0.200000
v -1.100000 5.000000 -0.200000
v -1.000000 4.800000 -0.200000
v -1.000000 5.000000 -0.200000
v -0.800000 1.975000 -0.200000
v -0.800000 2.250000 -0.200000
v -0.800000 2.400000 -0.200000
v -0.800000 2.750000 -0.200000
v -0.800000 2.900000 -0.200000
v -0.700000 2.150000 -0.200000
v -0.700000 2.900000 -0.200000
v 0.700000 2.900000 -0.200000
v 0.800000 2.900000 -0.200000
v 1.000000 3.700000 -0.300000
v 1.000000 4.100000 -0.300000
v 1.100000 3.700000 -0.300000
v 1.100000 4.100000 -0.300000
v -0.800000 1.975000 -0.400000
v -0.800000 2.375000 -0.400000
v -0.800000 2.900000 -0.400000
v -0.700000 2.100000 -0.400000
v -0.700000 2.375000 -0.400000
v -0.700000 2.900000 -0.400000
v 0.700000 2.900000 -0.400000
v 0.800000 2.900000 -0.400000
v 1.000000 3.300000 -0.500000
v 1.000000 3.500000 -0.500000
v 1.100000 3.300000 -0.500000
v 1.100000 3.500000 -0.500000
v -0.800000 1.975000 -0.600000
v -0.800000 2.350000 -0.600000
v -0.800000 2.900000 -0.600000
v -0.700000 2.100000 -0.600000
v -0.700000 2.300000 -0.600000
v -0.700000 2.900000 -0.600000
v 0.700000 2.900000 -0.600000
v 0.800000 2.900000 -0.600000
v -0.800000 1.975000 -0.800000
v -0.800000 2.300000 -0.800000
v -0.800000 3.000000 -0.800000
v -0.700000 1.975000 -0.800000
v -0.700000 2.300000 -0.800000
v -0.700000 3.000000 -0.800000
v 0.700000 2.900000 -0.800000
v 0.700000 3.000000 -0.800000
v 0.800000 2.900000 -0.800000
v 0.800000 3.000000 -0.800000
v -1.100000 1.800000 -0.900000
v -1.100000 1.900000 -0.900000
v -1.000000 1.800000 -0.900000
v -1.000000 1.900000 -0.900000
v -1.100000 1.800000 -1.100000
v -1.100000 1.900000 -1.100000
v -1.000000 1.800000 -1.100000
v -1.000000 1.900000 -1.100000
v -1.100000 1.800000 -1.300000
v -1.100000 1.900000 -1.300000
v -1.000000 1.800000 -1.300000
v -1.000000 1.900000 -1.300000
v -1.000000 1.900000 -1.500000
v -1.000000 2.000000 -1.500000
v -1.000000 2.400000 -1.500000
v -1.000000 3.750000 -1.500000
v -0.900000 1.800000 -1.500000
v -0.900000 1.900000 -1.500000
v -0.800000 2.900000 -1.500000
v -0.900000 3.750000 -1.500000
v -0.800000 1.800000 -1.500000
v -0.800000 1.900000 -1.500000
v -0.800000 2.500000 -1.500000
v -0.700000 1.900000 -1.500000
v -0.600000 1.900000 -1.500000
v -0.600000 2.000000 -1.500000
v -0.600000 2.400000 -1.500000
v -0.450000 4.750000 -1.500000
v -0.400000 2.400000 -1.500000
v -0.400000 2.500000 -1.500000
v -0.200000 2.300000 -1.500000
v -0.150000 4.450000 -1.500000
v -0.100000 2.500000 -1.500000
v -0.100000 2.900000 -1.500000
v 0.000000 2.950000 -1.500000
v 0.250000 4.750000 -1.500000
v 0.850000 5.650000 -1.500000
v 0.900000 5.800000 -1.500000
v 1.000000 5.750000 -1.500000
v -1.100000 1.600000 -1.600000
v -1.100000 1.900000 -1.600000
v -1.100000 2.000000 -1.600000
v -1.100000 2.400000 -1.600000
v -1.000000 1.650000 -1.600000
v -0.900000 1.800000 -1.600000
v -0.900000 1.900000 -1.600000
v -0.800000 1.800000 -1.600000
v -0.800000 1.900000 -1.600000
v -0.800000 2.500000 -1.600000
v -0.800000 2.900000 -1.600000
v -0.700000 1.900000 -1.600000
v -0.600000 1.900000 -1.600000
v -0.600000 2.000000 -1.600000
v -0.600000 2.400000 -1.600000
v -0.200000 2.300000 -1.600000
v -0.100000 2.500000 -1.600000
v -0.100000 2.900000 -1.600000
v -0.900000 1.900000 -0.100000
v -0.800000 1.900000 -0.100000
v -0.800000 1.900000 -0.450000
v -0.800000 1.900000 -0.800000
v -0.900000 1.900000 -0.800000
v -1.100000 2.000000 -1.100000
v -1.000000 2.000000 -1.100000
v -1.000000 2.000000 -1.500000
v -0.600000 2.000000 -1.500000
v -1.100000 2.000000 -1.600000
v -0.600000 2.000000 -1.600000
v -0.900000 2.300000 -0.100000
v -0.800000 2.300000 -0.100000
v -0.800000 2.300000 -0.425000
v -0.800000 2.300000 -0.800000
v -0.900000 2.300000 -0.800000
v -1.100000 2.500000 0.600000
v -0.800000 2.500000 0.600000
v -0.500000 2.500000 0.600000
v -0.400000 2.500000 0.600000
v -1.000000 2.500000 0.500000
v -0.800000 2.500000 0.500000
v -0.500000 2.500000 0.500000
v -0.400000 2.500000 0.500000
v -1.100000 2.500000 0.400000
v -1.000000 2.500000 0.400000
v -0.800000 2.500000 -1.500000
v -0.400000 2.500000 -1.500000
v -0.100000 2.500000 -1.500000
v -0.800000 2.500000 -1.600000
v -0.100000 2.500000 -1.600000
v -0.200000 2.700000 0.400000
v -0.100000 2.700000 0.400000
v 0.100000 2.700000 0.400000
v 0.200000 2.700000 0.400000
v -0.200000 2.700000 0.300000
v -0.100000 2.700000 0.300000
v 0.100000 2.700000 0.300000
v 0.200000 2.700000 0.300000
v -0.900000 2.700000 -0.100000
v -0.800000 2.700000 -0.100000
v -0.800000 2.700000 -0.425000
v -0.800000 2.700000 -0.800000
v -0.900000 2.700000 -0.800000
v -0.300000 2.800000 0.700000
v -0.100000 2.800000 0.700000
v 0.100000 2.800000 0.700000
v 0.300000 2.800000 0.700000
v -1.100000 2.800000 0.600000
v -0.600000 2.800000 0.600000
v -0.500000 2.800000 0.600000
v -0.400000 2.800000 0.600000
v 0.400000 2.800000 0.600000
v 0.500000 2.800000 0.600000
v -1.000000 2.800000 0.500000
v -0.600000 2.800000 0.500000
v -0.500000 2.800000 0.500000
v -0.400000 2.800000 0.500000
v -0.300000 2.800000 0.400000
v -0.100000 2.800000 0.400000
v 0.100000 2.800000 0.400000
v 0.300000 2.800000 0.400000
v 0.400000 2.800000 0.500000
v 0.500000 2.800000 0.500000
v -1.100000 2.800000 0.300000
v -1.000000 2.800000 0.300000
v -0.800000 2.900000 -0.200000
v -0.700000 2.900000 -0.200000
v 0.700000 2.900000 -0.200000
v 0.800000 2.900000 -0.200000
v -0.800000 2.900000 -0.300000
v -0.700000 2.900000 -0.300000
v 0.700000 2.900000 -0.300000
v 0.800000 2.900000 -0.300000
v -0.800000 2.900000 -0.400000
v -0.700000 2.900000 -0.400000
v 0.700000 2.900000 -0.400000
v 0.800000 2.900000 -0.400000
v -0.800000 2.900000 -0.500000
v -0.700000 2.900000 -0.500000
v 0.700000 2.900000 -0.500000
v 0.800000 2.900000 -0.500000
v -0.800000 2.900000 -0.600000
v -0.700000 2.900000 -0.600000
v 0.700000 2.900000 -0.600000
v 0.800000 2.900000 -0.600000
v -0.800000 2.900000 -0.700000
v -0.700000 2.900000 -0.700000
v 0.700000 2.900000 -0.800000
v 0.800000 2.900000 -0.800000
v -0.100000 3.000000 0.700000
v 0.100000 3.000000 0.700000
v -0.100000 3.000000 0.400000
v 0.100000 3.000000 0.400000
v -1.000000 3.000000 -0.100000
v -0.800000 3.000000 -0.100000
v 0.800000 3.000000 -0.100000
v -0.800000 3.000000 -0.425000
v 0.800000 3.000000 -0.350000
v 0.800000 3.000000 -0.575000
v -0.800000 3.000000 -0.800000
v -1.000000 3.000000 -0.800000
v 0.800000 3.000000 -0.800000
v 1.000000 3.000000 -0.800000
v 0.600000 3.200000 0.600000
v 1.100000 3.200000 0.600000
v 0.600000 3.200000 0.500000
v 1.000000 3.200000 0.500000
v 1.000000 3.200000 0.100000
v 1.100000 3.200000 0.100000
v -1.000000 3.300000 0.600000
v -0.800000 3.300000 0.600000
v -0.300000 3.300000 0.600000
v -0.100000 3.300000 0.600000
v 0.100000 3.300000 0.600000
v 0.300000 3.300000 0.600000
v -1.000000 3.300000 0.500000
v -0.800000 3.300000 0.500000
v -0.300000 3.300000 0.500000
v -0.100000 3.300000 0.500000
v 0.100000 3.300000 0.500000
v 0.300000 3.300000 0.500000
v 1.000000 3.300000 -0.200000
v 1.100000 3.300000 -0.200000
v 1.000000 3.300000 -0.500000
v 1.100000 3.300000 -0.500000
v -1.000000 3.700000 0.700000
v -0.800000 3.700000 0.700000
v -0.300000 3.700000 0.700000
v -0.100000 3.700000 0.700000
v 0.100000 3.700000 0.700000
v 0.300000 3.700000 0.700000
v 0.800000 3.700000 0.700000
v 1.000000 3.700000 0.700000
v -1.000000 3.700000 0.600000
v -0.800000 3.700000 0.600000
v -0.300000 3.700000 0.600000
v -0.100000 3.700000 0.600000
v 0.100000 3.700000 0.600000
v 0.300000 3.700000 0.600000
v 0.800000 3.700000 0.600000
v 1.000000 3.700000 0.600000
v -0.800000 3.700000 0.500000
v -0.300000 3.700000 0.500000
v 0.300000 3.700000 0.500000
v 0.800000 3.700000 0.500000
v 1.000000 3.700000 0.300000
v 1.100000 3.700000 0.300000
v 1.000000 3.700000 -0.300000
v 1.100000 3.700000 -0.300000
v -1.000000 3.800000 0.900000
v -0.100000 3.800000 0.900000
v 0.100000 3.800000 0.900000
v 1.000000 3.800000 0.900000
v -1.000000 3.800000 0.700000
v -0.800000 3.800000 0.700000
v -0.300000 3.800000 0.700000
v -0.100000 3.800000 0.700000
v 0.100000 3.800000 0.700000
v 0.300000 3.800000 0.700000
v 0.800000 3.800000 0.700000
v 1.000000 3.800000 0.700000
v -0.800000 3.800000 0.600000
v -0.300000 3.800000 0.600000
v 0.300000 3.800000 0.600000
v 0.800000 3.800000 0.600000
v -0.900000 4.400001 1.000000
v -0.200000 4.400000 1.000000
v 0.200000 4.400001 1.000000
v 0.900000 4.400000 1.000000
v -0.800000 4.400000 0.900000
v -0.700000 4.400000 0.900000
v -0.600000 4.400000 0.900000
v -0.500000 4.400000 0.900000
v -0.400000 4.400000 0.900000
v -0.300000 4.400000 0.900000
v -0.200000 4.400001 0.800000
v 0.300000 4.400000 0.900000
v 0.400000 4.400000 0.900000
v 0.500000 4.400000 0.900000
v 0.600000 4.400000 0.900000
v 0.700000 4.400000 0.900000
v 0.800000 4.400000 0.900000
v 0.900000 4.400001 0.800000
v -0.900000 4.400000 0.800000
v -0.800000 4.400000 0.800000
v -0.700000 4.400000 0.800000
v -0.600000 4.400000 0.800000
v -0.500000 4.400000 0.800000
v -0.400000 4.400000 0.800000
v -0.300000 4.400000 0.800000
v 0.200000 4.400000 0.800000
v 0.300000 4.400000 0.800000
v 0.400000 4.400000 0.800000
v 0.500000 4.400000 0.800000
v 0.600000 4.400000 0.800000
v 0.700000 4.400000 0.800000
v 0.800000 4.400000 0.800000
v -1.000000 4.400000 0.700000
v -0.900000 4.400000 0.700000
v -0.200000 4.400000 0.700000
v -0.100000 4.400000 0.700000
v 0.100000 4.400000 0.700000
v 0.200000 4.400000 0.700000
v 0.900000 4.400000 0.700000
v 1.000000 4.400000 0.700000
v -1.000000 4.400000 0.600000
v -0.900000 4.400000 0.600000
v -0.200000 4.400000 0.600000
v -0.100000 4.400000 0.600000
v 0.100000 4.400000 0.600000
v 0.200000 4.400000 0.600000
v 0.900000 4.400000 0.600000
v 1.000000 4.400000 0.600000
v -1.100000 4.800000 0.100000
v -1.000000 4.800000 0.100000
v -1.000000 4.800000 -0.200000
v -1.100000 4.800000 -0.200000
v -1.100000 1.800000 0.400000
v -1.100000 1.800000 0.300000
v -1.000000 1.800000 0.300000
v -1.100000 1.800000 0.200000
v -1.000000 1.800000 0.200000
v -1.100000 1.800000 0.100000
v -1.000000 1.800000 0.100000
v -1.100000 1.800000 -0.900000
v -1.000000 1.800000 -0.900000
v -1.100000 1.800000 -1.000000
v -1.000000 1.800000 -1.000000
v -1.100000 1.800000 -1.100000
v -1.000000 1.800000 -1.100000
v -1.100000 1.800000 -1.200000
v -1.000000 1.800000 -1.200000
v -1.100000 1.800000 -1.300000
v -1.000000 1.800000 -1.300000
v -1.100000 1.800000 -1.400000
v -1.000000 1.800000 -1.400000
v -0.900000 1.800000 -1.500000
v -0.800000 1.800000 -1.500000
v -0.900000 1.800000 -1.600000
v -0.800000 1.800000 -1.600000
v -1.100000 1.900000 0.600000
v -0.900000 1.900000 0.600000
v -1.000000 1.900000 0.500000
v -0.900000 1.900000 0.500000
v -1.100000 1.900000 0.400000
v -1.000000 1.900000 0.400000
v -1.100000 1.900000 0.300000
v -1.000000 1.900000 0.300000
v -1.100000 1.900000 0.200000
v -1.000000 1.900000 0.200000
v -1.100000 1.900000 0.100000
v -1.000000 1.900000 0.100000
v -1.100000 1.900000 -0.100000
v -1.000000 1.900000 -0.100000
v -1.100000 1.900000 -0.800000
v -1.000000 1.900000 -0.800000
v -1.100000 1.900000 -0.900000
v -1.000000 1.900000 -0.900000
v -1.100000 1.900000 -1.000000
v -1.000000 1.900000 -1.000000
v -1.100000 1.900000 -1.100000
v -1.000000 1.900000 -1.100000
v -1.100000 1.900000 -1.200000
v -1.000000 1.900000 -1.200000
v -1.100000 1.900000 -1.300000
v -1.000000 1.900000 -1.300000
v -1.100000 1.900000 -1.400000
v -1.000000 1.900000 -1.400000
v -1.000000 1.900000 -1.500000
v -0.900000 1.900000 -1.500000
v -0.800000 1.900000 -1.500000
v -0.700000 1.900000 -1.500000
v -0.600000 1.900000 -1.500000
v -1.100000 1.900000 -1.600000
v -0.900000 1.900000 -1.600000
v -0.800000 1.900000 -1.600000
v -0.700000 1.900000 -1.600000
v -0.600000 1.900000 -1.600000
v -0.900000 2.000000 -0.100000
v -0.800000 2.000000 -0.100000
v -0.800000 2.000000 -0.450000
v -0.800000 2.000000 -0.800000
v -0.900000 2.000000 -0.800000
v -0.200000 2.300000 -1.500000
v -0.200000 2.300000 -1.600000
v -0.500000 2.400000 0.600000
v -0.400000 2.400000 0.600000
v -0.500000 2.400000 0.500000
v -0.400000 2.400000 0.500000
v -0.200000 2.400000 0.400000
v -0.100000 2.400000 0.400000
v -0.200000 2.400000 0.300000
v -0.100000 2.400000 0.300000
v -0.900000 2.400000 -0.100000
v -0.800000 2.400000 -0.100000
v -0.800000 2.400000 -0.350000
v -0.800000 2.400000 -0.575000
v -0.900000 2.400000 -0.800000
v -0.800000 2.400000 -0.800000
v -1.100000 2.400000 -1.100000
v -1.000000 2.400000 -1.100000
v -1.000000 2.400000 -1.500000
v -0.600000 2.400000 -1.500000
v -1.100000 2.400000 -1.600000
v -0.600000 2.400000 -1.600000
v -1.100000 2.700000 0.600000
v -0.800000 2.700000 0.600000
v -0.500000 2.700000 0.600000
v -0.400000 2.700000 0.600000
v -1.000000 2.700000 0.500000
v -0.800000 2.700000 0.500000
v -0.500000 2.700000 0.500000
v -0.400000 2.700000 0.500000
v -1.100000 2.700000 0.400000
v -1.000000 2.700000 0.400000
v -0.900000 2.800000 -0.100000
v -0.800000 2.800000 -0.100000
v -0.800000 2.800000 -0.450000
v -0.800000 2.800000 -0.800000
v -0.900000 2.800000 -0.800000
v -0.400000 2.900000 0.700000
v -0.200000 2.900000 0.700000
v 0.200000 2.900000 0.700000
v 0.400000 2.900000 0.700000
v -0.500000 2.900000 0.600000
v -0.400000 2.900000 0.600000
v -0.200000 2.900000 0.600000
v 0.200000 2.900000 0.600000
v 0.400000 2.900000 0.600000
v 0.500000 2.900000 0.600000
v -0.500000 2.900000 0.500000
v -0.400000 2.900000 0.500000
v 0.400000 2.900000 0.500000
v 0.500000 2.900000 0.500000
v -0.800000 2.900000 -1.500000
v -0.100000 2.900000 -1.500000
v -0.800000 2.900000 -1.600000
v -0.100000 2.900000 -1.600000
v -0.400000 3.000000 0.600000
v -0.200000 3.000000 0.600000
v 0.200000 3.000000 0.600000
v 0.400000 3.000000 0.600000
v -0.400000 3.000000 0.500000
v -0.200000 3.000000 0.500000
v 0.200000 3.000000 0.500000
v 0.400000 3.000000 0.500000
v -0.800000 3.000000 0.400000
v -0.300000 3.000000 0.400000
v 0.300000 3.000000 0.400000
v 0.800000 3.000000 0.400000
v -0.800000 3.000000 0.300000
v -0.300000 3.000000 0.300000
v 0.300000 3.000000 0.300000
v 0.800000 3.000000 0.300000
v -0.800000 3.000000 -0.100000
v -0.700000 3.000000 -0.100000
v 0.700000 3.000000 -0.100000
v 0.800000 3.000000 -0.100000
v -0.800000 3.000000 -0.250000
v 0.700000 3.000000 -0.250000
v 0.800000 3.000000 -0.350000
v -0.800000 3.000000 -0.450000
v -0.700000 3.000000 -0.450000
v 0.700000 3.000000 -0.450000
v 0.800000 3.000000 -0.575000
v -0.800000 3.000000 -0.800000
v -0.700000 3.000000 -0.800000
v 0.700000 3.000000 -0.800000
v 0.800000 3.000000 -0.800000
v -0.200000 3.100000 0.700000
v 0.200000 3.100000 0.700000
v -0.200000 3.100000 0.600000
v 0.200000 3.100000 0.600000
v -1.100000 3.200000 0.600000
v -0.600000 3.200000 0.600000
v -0.200000 3.200000 0.600000
v 0.200000 3.200000 0.600000
v -1.000000 3.200000 0.500000
v -0.600000 3.200000 0.500000
v -0.200000 3.200000 0.500000
v 0.200000 3.200000 0.500000
v -1.100000 3.200000 0.300000
v -1.000000 3.200000 0.300000
v 1.000000 3.500000 -0.200000
v 1.100000 3.500000 -0.200000
v 1.000000 3.500000 -0.500000
v 1.100000 3.500000 -0.500000
v 0.600000 3.600000 0.600000
v 0.800000 3.600000 0.600000
v 1.000000 3.600000 0.600000
v 1.100000 3.600000 0.600000
v 0.600000 3.600000 0.500000
v 0.800000 3.600000 0.500000
v 1.000000 3.600000 0.100000
v 1.100000 3.600000 0.100000
v -0.900000 3.900000 0.900000
v -0.800000 3.900000 0.900000
v -0.700000 3.900000 0.900000
v -0.600000 3.900000 0.900000
v -0.500000 3.900000 0.900000
v -0.400000 3.900000 0.900000
v -0.300000 3.900000 0.900000
v -0.200000 3.900000 0.900000
v 0.200000 3.900000 0.900000
v 0.300000 3.900000 0.900000
v 0.400000 3.900000 0.900000
v 0.500000 3.900000 0.900000
v 0.600000 3.900000 0.900000
v 0.700000 3.900000 0.900000
v 0.800000 3.900000 0.900000
v 0.900000 3.900000 0.900000
v -0.800000 3.900000 0.800000
v -0.700000 3.900000 0.800000
v -0.600000 3.900000 0.800000
v -0.500000 3.900000 0.800000
v -0.400000 3.900000 0.800000
v -0.300000 3.900000 0.800000
v 0.300000 3.900000 0.800000
v 0.400000 3.900000 0.800000
v 0.500000 3.900000 0.800000
v 0.600000 3.900000 0.800000
v 0.700000 3.900000 0.800000
v 0.800000 3.900000 0.800000
v -1.000000 3.900000 0.700000
v -0.900000 3.900000 0.700000
v -0.200000 3.900000 0.700000
v -0.100000 3.900000 0.700000
v 0.100000 3.900000 0.700000
v 0.200000 3.900000 0.700000
v 0.900000 3.900000 0.700000
v 1.000000 3.900000 0.700000
v -1.000000 3.900000 0.600000
v -0.900000 3.900000 0.600000
v -0.200000 3.900000 0.600000
v -0.100000 3.900000 0.600000
v 0.100000 3.900000 0.600000
v 0.200000 3.900000 0.600000
v 0.900000 3.900000 0.600000
v 1.000000 3.900000 0.600000
v -0.900000 3.900000 0.500000
v -0.200000 3.900000 0.500000
v 0.200000 3.900000 0.500000
v 0.900000 3.900000 0.500000
v -0.800000 4.000000 0.500000
v -0.300000 4.000000 0.500000
v 0.300000 4.000000 0.500000
v 0.800000 4.000000 0.500000
v -0.800000 4.000000 0.400000
v -0.300000 4.000000 0.400000
v 0.300000 4.000000 0.400000
v 0.800000 4.000000 0.400000
v 1.000000 4.100000 0.300000
v 1.100000 4.100000 0.300000
v 1.000000 4.100000 -0.300000
v 1.100000 4.100000 -0.300000
v -0.900000 4.500000 1.000000
v -0.200000 4.500000 1.000000
v 0.200000 4.500000 1.000000
v 0.900000 4.500000 1.000000
v -1.000000 4.500000 0.900000
v -0.900000 4.500000 0.900000
v -0.200000 4.500000 0.900000
v -0.100000 4.500000 0.900000
v 0.100000 4.500000 0.900000
v 0.200000 4.500000 0.900000
v 0.900000 4.500000 0.900000
v 1.000000 4.500000 0.900000
v -1.000000 4.500000 0.800000
v -0.100000 4.500000 0.800000
v 0.100000 4.500000 0.800000
v 1.000000 4.500000 0.800000
v -1.000000 4.500000 0.700000
v -0.900000 4.500000 0.700000
v -0.200000 4.500000 0.700000
v -0.100000 4.500000 0.700000
v 0.100000 4.500000 0.700000
v 0.200000 4.500000 0.700000
v 0.900000 4.500000 0.700000
v 1.000000 4.500000 0.700000
v -1.000000 4.500000 0.600000
v -0.900000 4.500000 0.600000
v -0.200000 4.500000 0.600000
v -0.100000 4.500000 0.600000
v 0.100000 4.500000 0.600000
v 0.200000 4.500000 0.600000
v 0.900000 4.500000 0.600000
v 1.000000 4.500000 0.600000
v -1.000000 4.600000 0.600000
v -0.900000 4.600000 0.600000
v -0.200000 4.600000 0.600000
v -0.100000 4.600000 0.600000
v 0.100000 4.600000 0.600000
v 0.200000 4.600000 0.600000
v 0.900000 4.600000 0.600000
v 1.000000 4.600000 0.600000
v -1.000000 4.600000 0.500000
v -0.900000 4.600000 0.500000
v -0.200000 4.600000 0.500000
v -0.100000 4.600000 0.500000
v 0.100000 4.600000 0.500000
v 0.200000 4.600000 0.500000
v 0.900000 4.600000 0.500000
v 1.000000 4.600000 0.500000
v -1.100000 5.000000 0.100000
v -1.000000 5.000000 0.100000
v -1.000000 5.000000 -0.200000
v -1.100000 5.000000 -0.200000
v -1.000000 5.063968 0.800000
v 0.200000 5.633970 0.800000
v 0.300000 5.676513 0.386339
v 0.300000 5.675478 0.300000
v -0.260580 5.411599 0.500000
v -0.256313 5.413626 0.500000
v -0.251009 5.416145 0.500000
v -0.071403 5.501458 0.499999
v 0.144229 5.603883 0.500000
v 0.916915 5.970910 0.500000
v 0.100000 5.585272 0.700000
v -0.300000 5.390477 0.300000
v 0.300000 5.675478 0.300000
v -1.000000 5.036404 -1.500000
v -0.082693 5.472126 -1.500000
v -1.000000 5.056347 0.164086
v 0.800000 5.893804 -1.300001
v 0.900000 5.966306 0.786253
v 0.900000 5.965272 0.700000
v -0.800000 5.154804 0.452491
v -0.800000 5.154174 0.400000
v 0.100000 5.586470 0.800000
v 0.900000 5.966471 0.800000
v -0.900000 5.107873 0.500000
v -0.200000 5.440374 0.500000
v -0.076104 5.499225 0.499999
v 0.200000 5.630375 0.500000
v 0.300000 5.677875 0.500000
v -0.900000 5.110270 0.700000
v 0.141835 5.605143 0.700000
v -0.243045 5.417531 0.300000
v -0.189063 5.443172 0.300000
v -0.135627 5.468554 0.300000
v -0.941075 5.064393 -1.500000
v 0.575163 5.784608 -1.500000
v -1.000000 5.036886 -1.459785
v -1.000000 5.036404 -1.500000
v 0.100000 5.585957 0.757155
v 0.100000 5.585272 0.700000
v -0.800000 5.155373 0.500000
v 1.000000 6.013971 0.800000
v 0.141773 5.606312 0.800000
v 0.913364 5.972819 0.800000
v -0.850288 5.131486 0.500000
v -0.153892 5.462276 0.500000
v -0.078618 5.498031 0.499999
v 0.221868 5.640762 0.500000
v 0.800000 5.893804 -1.300001
v -0.100000 5.490271 0.700000
v 0.900000 5.965272 0.700000
v -0.169665 5.430814 -1.500000
v 0.110720 5.563997 -1.500000
v 0.082559 5.550621 -1.500000
v 0.113946 5.565529 -1.500000
v 0.834827 5.907949 -1.500000
v -1.000000 5.054921 0.045079
v -1.000000 5.060373 0.500000
v -1.000000 5.055769 0.115934
v -0.300000 5.392874 0.500000
v -0.200000 5.443366 0.749650
v -0.200000 5.442771 0.700000
v 0.800000 5.915221 0.487055
v 0.800000 5.914177 0.400000
v 0.800000 5.912887 0.292332
v 0.800000 5.911083 0.141821
v 0.800000 5.907952 -0.119417
v 0.800000 5.896103 -1.108097
v -0.900000 5.110701 0.735923
v -0.900000 5.110270 0.700000
v -0.800000 5.149453 0.006044
v -0.800000 5.148122 -0.105020
v -0.800000 5.145812 -0.297790
v -0.800000 5.137069 -1.027349
v 1.000000 6.008841 0.371923
v 1.000000 6.010376 0.500000
v -1.000000 5.063968 0.800000
v 0.200000 5.633970 0.800000
v -0.100000 5.487874 0.500000
v 0.001352 5.536016 0.499999
v 0.007572 5.538971 0.499999
v 0.012083 5.541114 0.499999
v 0.026793 5.548101 0.499999
v 0.032098 5.550622 0.499999
v 0.913432 5.971653 0.700000
v -1.000000 5.052552 -0.152553
v -1.000000 5.052970 -0.117657
v -0.300000 5.392390 0.459619
v -0.300000 5.391675 0.400000
v 0.800000 5.915376 0.500000
v -0.800000 5.133801 -1.300001
v -0.100000 5.490896 0.752152
v -0.100000 5.490271 0.700000
v 0.200000 5.633486 0.759657
v 0.200000 5.632771 0.700000
v 0.300000 5.677634 0.479887
v 0.300000 5.676676 0.400000
v 1.000000 6.002269 -0.176428
v -0.934991 5.094848 0.800000
v 1.000000 6.013971 0.800000
v -0.800000 5.155373 0.500000
v 0.800000 5.915376 0.500000
v -1.000000 5.062769 0.700000
v 0.200000 5.632771 0.700000
v -0.106042 5.461035 -1.500000
v 0.168567 5.591475 -1.500000
v -1.000000 5.049605 -0.398423
v -1.000000 5.051984 -0.200000
v -1.000000 5.063167 0.733127
v -1.000000 5.062769 0.700000
v -0.300000 5.391373 0.374730
v -0.300000 5.390477 0.300000
v 0.100000 5.586470 0.800000
v 0.900000 5.966471 0.800000
v 0.300000 5.677875 0.500000
v 1.000000 5.998008 -0.531972
v -0.200000 5.443970 0.800000
v -1.000000 5.060373 0.500000
v 0.813254 5.921671 0.500000
v 0.815406 5.922694 0.500000
v 0.817276 5.923582 0.500000
v -0.934922 5.093682 0.700000
v -0.800000 5.131404 -1.500000
v -0.094955 5.466301 -1.500000
v 1.000000 5.997376 -0.584709
v 1.000000 5.994919 -0.789735
v 1.000000 5.990918 -1.123566
v 1.000000 5.989671 -1.227648
v 1.000000 5.988695 -1.309045
v 1.000000 5.987774 -1.385869
v 1.000000 5.986407 -1.500000
v -0.900000 5.111468 0.800000
v -0.150910 5.467287 0.800000
v -0.927490 5.094816 0.500000
v -0.067599 5.503264 0.499999
v 1.000000 6.010376 0.500000
v -0.800000 5.133801 -1.300001
v -0.200000 5.442771 0.700000
v -0.825997 5.119055 -1.500000
v 0.839592 5.910212 -1.500000
v -1.000000 5.046774 -0.634713
v -1.000000 5.045495 -0.741392
v -1.000000 5.044322 -0.839317
v -1.000000 5.037984 -1.368133
v -0.200000 5.443970 0.800000
v -0.900000 5.111468 0.800000
v -0.100000 5.491469 0.800000
v 1.000000 6.013840 0.789049
v 1.000000 6.012773 0.700000
v -0.100000 5.491469 0.800000
v -0.300000 5.392874 0.500000
v -0.069798 5.502220 0.499999
v 0.100000 5.582875 0.500000
v 0.900000 5.962876 0.500000
v -0.302916 5.369917 -1.300001
v -0.150848 5.466118 0.700000
v 1.000000 6.012773 0.700000
v -0.638614 5.208063 -1.500000
v 0.887895 5.933156 -1.500000
v 0.962023 5.968368 -1.500000
v 1.000000 5.986407 -1.500000
v -0.800000 1.871960 -0.314020
v -0.800000 1.864490 -0.400000
v -0.500000 2.137414 0.547483
v -0.500000 2.133289 0.500000
v 0.200000 2.565460 0.355153
v 0.200000 2.560668 0.300000
v 0.300000 2.658956 0.700000
v 0.800000 2.941887 0.300000
v -0.800000 1.823274 -0.874425
v -0.800000 1.829739 -0.800000
v -0.700000 1.826036 -1.573964
v -0.700000 1.823774 -1.600000
v -0.700000 1.911135 -0.594433
v -0.700000 1.910651 -0.600000
v -0.300000 2.277737 0.700000
v 0.800000 2.902919 -0.148541
v 0.800000 2.898448 -0.200000
v 1.000000 2.971284 -0.824298
v 1.000000 2.925613 -1.350000
v -0.300000 2.277737 0.700000
v -0.588522 2.077045 0.500000
v -0.100000 2.378747 0.400000
v 0.205527 2.572868 0.400000
v 0.212002 2.576981 0.400000
v 0.217110 2.580227 0.400000
v 0.223183 2.584085 0.400000
v -0.700000 1.954090 -0.100000
v -0.769923 1.892288 -0.300000
v -0.726502 1.919876 -0.300000
v 0.800000 2.889761 -0.300000
v -0.945718 1.737155 -0.800000
v 1.000000 2.973395 -0.800000
v -0.627645 2.034812 0.300000
v -0.583707 2.062729 0.300000
v -0.073629 2.386814 0.300000
v -0.052876 2.400000 0.300000
v 0.360268 2.662497 0.300000
v -0.772489 1.899345 -0.200000
v -0.732773 1.924580 -0.200000
v 0.800000 2.898448 -0.200000
v 0.716273 2.810500 -0.600000
v -0.700000 1.832462 -1.500000
v -0.223483 2.135224 -1.500000
v -0.714538 1.814538 -1.600000
v -0.592241 1.892241 -1.600000
v -0.580028 1.900000 -1.600000
v -0.800000 1.855802 -0.500000
v -0.600000 1.895998 -1.500000
v 0.700000 2.824983 -0.314289
v 0.700000 2.817537 -0.400000
v 0.800000 2.907136 -0.100000
v 0.800000 2.846322 -0.800000
v 0.800000 2.843901 -0.827875
v -0.900000 1.887830 0.600000
v -0.800000 1.899141 -0.001145
v -0.800000 1.890553 -0.100000
v -0.300000 2.251674 0.400000
v 0.800000 2.889761 -0.300000
v 1.000000 3.086335 0.500000
v -0.500000 2.141976 0.600000
v -0.570650 2.088400 0.500000
v -0.500000 2.133289 0.500000
v -0.300000 2.251674 0.400000
v -0.081280 2.390640 0.400000
v -0.066549 2.400000 0.400000
v 0.800000 2.907136 -0.100000
v -0.700000 1.901964 -0.700000
v 0.054513 2.468231 0.300000
v -0.800000 1.890553 -0.100000
v -0.700000 1.910651 -0.600000
v -0.700000 1.893276 -0.800000
v -0.658702 1.858701 -1.500000
v -0.219027 2.138055 -1.500000
v 0.771703 2.767529 -1.500000
v -0.800000 1.853795 -0.523102
v -0.800000 1.847115 -0.600000
v -0.600000 1.895618 -1.504382
v -0.600000 1.887311 -1.600000
v 0.300000 2.635278 0.427454
v 0.300000 2.654749 0.651583
v 0.700000 2.843600 -0.100000
v 0.700000 2.808849 -0.500000
v 0.800000 2.907864 -0.091624
v 0.800000 2.845099 -0.814082
v 0.800000 2.940477 0.283766
v -0.900000 1.886673 0.586673
v -0.900000 1.879143 0.500000
v -0.300000 2.259500 0.490083
v -0.300000 2.262162 0.520720
v 0.800000 2.888787 -0.311214
v 0.800000 2.881073 -0.400000
v -1.100000 1.760758 0.600000
v -0.900000 1.887830 0.600000
v -0.466207 2.163447 0.600000
v 0.400000 2.705117 0.500000
v 0.500000 2.768653 0.500000
v -0.277742 2.265816 0.400000
v -0.274656 2.267776 0.400000
v -0.273428 2.268557 0.400000
v -0.268908 2.271429 0.400000
v -0.267039 2.272616 0.400000
v -0.259786 2.277224 0.400000
v -0.256604 2.279246 0.400000
v -0.243092 2.287831 0.400000
v -0.236502 2.292018 0.400000
v -0.202699 2.313495 0.400000
v 0.050444 2.474334 0.400000
v -0.800000 1.855803 -0.500000
v 0.800000 2.872386 -0.500000
v -1.010889 1.800000 0.400000
v 0.071308 2.478902 0.300000
v 0.100000 2.497132 0.300000
v 0.800000 2.907136 -0.100000
v 0.700000 2.817537 -0.400000
v 0.094289 2.337125 -1.500000
v 0.165550 2.382401 -1.500000
v 0.176224 2.389184 -1.500000
v 0.035858 2.300000 -1.500000
v -1.000000 1.806919 0.400000
v -1.000000 1.800000 0.320360
v -0.800000 1.838427 -0.700000
v 0.300000 2.632892 0.400000
v 0.700000 2.841985 -0.118590
v 0.700000 2.834912 -0.200000
v 0.700000 2.807510 -0.515415
v 0.700000 2.800161 -0.600000
v -0.800000 1.899252 0.000132
v -0.800000 1.925304 0.300000
v -0.700000 1.901964 -0.700000
v -0.700000 1.954090 -0.100000
v 0.400000 2.714115 0.603578
v 0.400000 2.722492 0.700000
v 0.800000 2.872386 -0.500000
v 1.000000 3.046268 0.038803
v 1.000000 3.000000 -0.493763
v -1.055590 1.788974 0.600000
v -0.977359 1.838679 0.600000
v -0.400000 2.205513 0.600000
v -0.900000 1.879143 0.500000
v 0.458020 2.741980 0.500000
v 0.503630 2.770960 0.500000
v 0.973958 3.069789 0.500000
v 0.059846 2.480307 0.400000
v -0.800000 1.890553 -0.100000
v -0.764790 1.878173 -0.500000
v -0.713959 1.910470 -0.500000
v -1.100000 1.639130 -0.800000
v -0.800000 1.829739 -0.800000
v -1.004231 1.804231 0.400000
v -0.200000 2.306523 0.300000
v 0.835238 2.929525 -0.100000
v 0.946158 3.000000 -0.100000
v 0.700000 2.834912 -0.200000
v -0.700000 1.928027 -0.400000
v 0.714012 2.826439 -0.400000
v 0.800000 2.863698 -0.600000
v -1.000000 1.633165 -1.600000
v -0.200000 2.141456 -1.600000
v -1.010889 1.800000 0.400000
v -0.593702 1.900000 -1.500000
v 0.038654 2.300000 -1.520449
v -1.100000 1.578555 -1.497252
v -1.100000 1.583693 -1.438114
v -1.100000 1.639130 -0.800000
v -0.800000 1.835631 -0.732185
v -0.800000 1.829739 -0.800000
v -0.400000 2.206354 0.609682
v -0.400000 2.206726 0.613965
v -0.400000 2.207373 0.621418
v -0.400000 2.207657 0.624681
v -0.400000 2.214200 0.700000
v -0.800000 1.819404 -0.918964
v -0.800000 1.811298 -1.012268
v -0.700000 1.899581 -0.727425
v -0.700000 1.893276 -0.800000
v -0.700000 1.947037 -0.181185
v -0.700000 1.945402 -0.200000
v 0.800000 2.869758 -0.530242
v 0.800000 2.863698 -0.600000
v 0.400000 2.722492 0.700000
v -0.887246 1.887246 0.500000
v -0.867173 1.900000 0.500000
v 0.513632 2.777314 0.500000
v 0.536130 2.791609 0.500000
v 0.549840 2.800320 0.500000
v 0.615687 2.842157 0.500000
v 1.000000 3.086335 0.500000
v -0.200000 2.315210 0.400000
v 0.070892 2.487325 0.400000
v 0.100000 2.505820 0.400000
v -0.796415 1.892831 -0.100000
v -0.785132 1.900000 -0.100000
v 0.700000 2.826224 -0.300000
v -0.800000 1.838427 -0.700000
v -1.085281 1.648482 -0.800000
v -1.083256 1.649768 -0.800000
v -1.080586 1.651465 -0.800000
v -1.062779 1.662779 -0.800000
v -1.046387 1.673194 -0.800000
v 0.800000 2.846322 -0.800000
v -0.142840 2.342840 0.300000
v 0.200000 2.560668 0.300000
v 0.800000 2.941887 0.300000
v 0.710193 2.841388 -0.200000
v 0.730481 2.854279 -0.200000
v -0.800000 1.847115 -0.600000
v -0.600000 1.895998 -1.500000
v -0.200000 2.150144 -1.500000
v -0.875632 1.712184 -1.600000
v -0.935341 1.674247 -1.600000
v -0.949801 1.665060 -1.600000
v -0.956314 1.660921 -1.600000
v -0.960020 1.658567 -1.600000
v -0.962411 1.657048 -1.600000
v -0.964081 1.655986 -1.600000
v -0.966263 1.654600 -1.600000
v -0.078234 2.218822 -1.600000
v 0.049532 2.300000 -1.600000
v -0.967014 1.654123 -1.600000
v -0.967624 1.653736 -1.600000
v -0.984944 1.642731 -1.600000
v -0.968129 1.653415 -1.600000
v -0.982426 1.644331 -1.600000
v -0.968554 1.653144 -1.600000
v -0.968917 1.652914 -1.600000
v -0.969230 1.652715 -1.600000
v -0.980985 1.645246 -1.600000
v -0.969504 1.652541 -1.600000
v -0.969744 1.652388 -1.600000
v -0.973503 1.650000 -1.600000
v 0.946158 3.000000 -0.100000
v -1.009580 1.800000 0.390420
v -1.000000 1.800000 0.320360
v -0.582431 1.900000 -1.582431
v 0.049532 2.300000 -1.600000
v -1.100000 1.577852 -1.505344
v -1.100000 1.569629 -1.600000
v -1.100000 1.760758 0.600000
v -0.800000 1.890553 -0.100000
v -0.200000 2.150144 -1.500000
v -0.700000 1.936714 -0.300000
v 1.000000 2.916312 -1.457057
v 1.000000 2.914871 -1.473640
v 1.000000 2.912581 -1.500000
v 0.759777 2.933706 0.500000
v -0.148152 2.348152 0.400000
v 0.300000 2.632892 0.400000
v -0.717251 1.943129 -0.100000
v 0.700000 2.843600 -0.100000
v -0.700000 1.936714 -0.300000
v 0.712535 2.834189 -0.300000
v 0.700000 2.808849 -0.500000
v -0.759658 1.864059 -0.700000
v 0.858314 2.883373 -0.800000
v 0.205895 2.564414 0.300000
v 0.229015 2.579103 0.300000
v -0.962447 1.787340 -0.100000
v -0.900000 1.827017 -0.100000
v -0.803995 1.888015 -0.100000
v -0.762224 1.871116 -0.600000
v -0.707689 1.905766 -0.600000
v -0.800000 1.829739 -0.800000
v -0.593702 1.900000 -1.500000
v 0.035858 2.300000 -1.500000
v -0.700000 1.823774 -1.600000
v 0.954018 3.000000 -0.157478
v 0.959357 3.000000 -0.196527
v 0.963585 3.000000 -0.227451
v 1.000000 3.000000 -0.493763
v -1.100000 1.746482 0.435679
v -1.100000 1.755745 0.542298
v -0.800000 1.890124 -0.104938
v -0.800000 1.881866 -0.200000
v -0.400000 2.205513 0.600000
v -0.200000 2.143339 -1.578331
v -0.200000 2.141456 -1.600000
v 0.700000 2.826224 -0.300000
v -0.700000 1.929299 -0.385350
v -0.700000 1.928027 -0.400000
v 0.100000 2.505820 0.400000
v 0.400000 2.713804 0.600000
v -0.400000 2.214200 0.700000
v 0.300000 2.658956 0.700000
v 0.717120 2.854477 -0.100000
v 0.714857 2.818288 -0.500000
v 0.742686 2.835970 -0.500000
v -1.000000 1.806919 0.400000
v -0.278993 2.256333 0.300000
v -0.700000 1.945402 -0.200000
v -0.800000 1.864490 -0.400000
v 0.800000 2.881073 -0.400000
v -0.757092 1.857002 -0.800000
v -0.536405 1.936405 -1.500000
v -0.508398 1.954199 -1.500000
v -0.492638 1.964212 -1.500000
v -0.330122 2.067470 -1.500000
v 0.075080 2.324920 -1.500000
v 0.960501 2.887485 -1.500000
v 1.000000 2.912581 -1.500000
v -1.100000 1.569629 -1.600000
v -0.800000 1.873178 -0.300000
v -0.500000 2.141976 0.600000
v 0.200000 2.569356 0.400000
v -0.800000 1.899218 -0.000261
v -0.700000 1.832462 -1.500000
v -0.700000 1.919339 -0.500000
v 0.100000 2.500028 0.333343
v 0.100000 2.497132 0.300000
v 0.400000 2.705603 0.505603
v 0.400000 2.705117 0.500000
v 0.800000 2.907136 -0.100000
v 1.000000 2.973395 -0.800000
v -0.373248 2.231198 0.700000
v 0.305725 2.662593 0.700000
v -0.837591 1.918795 0.500000
v -0.809648 1.936549 0.500000
v -0.791732 1.947933 0.500000
v -0.779266 1.955853 0.500000
v 0.200000 2.569356 0.400000
v -0.800000 1.873178 -0.300000
v -0.700000 1.919339 -0.500000
v -0.900000 1.766203 -0.800000
v -0.829713 1.810861 -0.800000
v 0.980504 2.961008 -0.800000
v 0.310999 2.492190 -1.300001
v -0.800000 1.925304 0.300000
v -0.276011 2.258228 0.300000
v -0.274820 2.258985 0.300000
v -0.270411 2.261786 0.300000
v -0.268577 2.262951 0.300000
v -0.261401 2.267511 0.300000
v -0.258220 2.269532 0.300000
v -0.244500 2.278249 0.300000
v -0.237678 2.282583 0.300000
v -0.201270 2.305716 0.300000
v -0.100000 2.370059 0.300000
v -0.800000 1.881866 -0.200000
v -0.767357 1.885231 -0.400000
v -0.720231 1.915173 -0.400000
v 0.700000 2.800161 -0.600000
v -1.097851 1.570994 -1.600000
v -0.737418 1.800000 -1.600000
v -0.600000 1.887311 -1.600000
v -0.580028 1.900000 -1.600000
v 0.800000 2.802884 -1.300001
v 0.800000 2.802884 -1.300001
v 0.174242 2.387924 -1.500000
v 0.174279 2.387948 -1.500000
v -0.800000 1.786301 -1.300000
v -0.800000 1.786301 -1.300000
vn -1.0000 -0.0000 -0.0000
vn 1.0000 -0.0000 -0.0000
vn -0.0000 -0.0000 1.0000
vn -0.0000 -0.0000 -1.0000
vn -0.0000 -1.0000 -0.0000
vn -0.0000 1.0000 -0.0000
vn -0.0000 1.0000 -0.0001
vn 0.0006 -0.0000 -1.0000
vn 0.0013 -0.0000 -1.0000
vn 0.0001 -0.0000 -1.0000
vn -0.0001 -0.0000 -1.0000
vt 0.947266 0.500000
vt 0.939453 0.500000
vt 0.755859 0.500000
vt 0.759766 0.500000
vt 0.943359 0.500000
vt 0.912109 0.500000
vt 0.908203 0.500000
vt 0.943359 0.500000
vt 0.943359 0.500000
vt 0.724609 0.500000
vt 0.751953 0.500000
vt 0.755859 0.500000
vt 0.724609 0.500000
vt 0.947266 0.500000
vt 0.908203 0.500000
vt 0.755859 0.500000
vt 0.939453 0.500000
vt 0.912109 0.500000
vt 0.939453 0.500000
s 1
usemtl palette
f 6/1/1 3/1/1 5/1/1
f 7/1/1 3/1/1 6/1/1
f 8/1/1 3/1/1 7/1/1
f 9/1/1 1/1/1 4/1/1
f 10/1/1 1/1/1 9/1/1
f 11/1/1 1/1/1 10/1/1
f 12/1/1 1/1/1 11/1/1
f 13/1/1 1/1/1 12/1/1
f 14/1/1 1/1/1 13/1/1
f 16/1/1 5/1/1 15/1/1
f 17/1/1 7/1/1 6/1/1
f 18/1/1 7/1/1 17/1/1
f 19/1/1 3/1/1 8/1/1
f 20/1/1 3/1/1 19/1/1
f 21/1/1 9/1/1 4/1/1
f 22/1/1 9/1/1 21/1/1
f 23/1/1 11/1/1 10/1/1
f 24/1/1 11/1/1 23/1/1
f 25/1/1 13/1/1 12/1/1
f 26/1/1 13/1/1 25/1/1
f 27/1/1 1/1/1 14/1/1
f 28/1/1 2/1/1 1/1/1
f 28/1/1 1/1/1 27/1/1
f 31/2/1 30/2/1 29/2/1
f 32/2/1 30/2/1 31/2/1
f 35/2/1 34/2/1 33/2/1
f 36/2/1 34/2/1 35/2/1
f 39/2/1 38/2/1 37/2/1
f 40/2/1 38/2/1 39/2/1
f 43/2/1 42/2/1 41/2/1
f 44/2/1 42/2/1 43/2/1
f 56/3/1 45/3/1 55/3/1
f 57/3/1 47/3/1 46/3/1
f 58/3/1 47/3/1 57/3/1
f 61/3/1 49/3/1 48/3/1
f 62/3/1 49/3/1 61/3/1
f 63/3/1 51/3/1 50/3/1
f 64/3/1 51/3/1 63/3/1
f 65/3/1 53/3/1 52/3/1
f 66/3/1 53/3/1 65/3/1
f 68/4/1 56/4/1 55/4/1
f 68/4/1 59/4/1 58/4/1
f 68/4/1 55/4/1 54/4/1
f 68/4/1 57/4/1 56/4/1
f 68/4/1 58/4/1 57/4/1
f 69/4/1 64/4/1 63/4/1
f 69/4/1 67/4/1 66/4/1
f 69/4/1 66/4/1 65/4/1
f 69/4/1 62/4/1 61/4/1
f 69/4/1 61/4/1 60/4/1
f 69/4/1 65/4/1 64/4/1
f 69/4/1 63/4/1 62/4/1
f 70/4/1 67/4/1 69/4/1
f 71/4/1 67/4/1 70/4/1
f 72/5/1 70/5/1 69/5/1
f 73/5/1 59/5/1 68/5/1
f 74/5/1 59/5/1 73/5/1
f 77/5/1 59/5/1 74/5/1
f 78/5/1 59/5/1 77/5/1
f 79/2/1 77/2/1 76/2/1
f 79/2/1 78/2/1 77/2/1
f 80/5/1 75/5/1 72/5/1
f 81/5/1 59/5/1 78/5/1
f 82/5/1 72/5/1 69/5/1
f 82/5/1 80/5/1 72/5/1
f 84/5/1 81/5/1 78/5/1
f 84/5/1 82/5/1 81/5/1
f 84/5/1 80/5/1 82/5/1
f 86/5/1 84/5/1 83/5/1
f 87/5/1 84/5/1 86/5/1
f 87/6/1 86/6/1 85/6/1
f 88/6/1 87/6/1 85/6/1
f 90/5/1 75/5/1 80/5/1
f 90/5/1 80/5/1 84/5/1
f 90/5/1 84/5/1 87/5/1
f 91/5/1 75/5/1 90/5/1
f 93/7/1 88/7/1 89/7/1
f 94/6/1 88/6/1 93/6/1
f 94/6/1 93/6/1 92/6/1
f 95/6/1 88/6/1 94/6/1
f 95/2/1 87/2/1 88/2/1
f 96/5/1 91/5/1 90/5/1
f 96/5/1 90/5/1 87/5/1
f 97/6/1 94/6/1 92/6/1
f 98/6/1 94/6/1 97/6/1
f 100/2/1 87/2/1 95/2/1
f 100/6/1 95/6/1 99/6/1
f 101/6/1 97/6/1 92/6/1
f 102/6/1 99/6/1 98/6/1
f 102/7/1 98/7/1 97/7/1
f 103/7/1 100/7/1 99/7/1
f 103/6/1 99/6/1 102/6/1
f 100/5/1 96/5/1 87/5/1
f 104/5/1 96/5/1 100/5/1
f 105/6/1 100/6/1 103/6/1
f 106/5/1 96/5/1 104/5/1
f 106/5/1 104/5/1 100/5/1
f 107/5/1 96/5/1 106/5/1
f 110/5/1 96/5/1 107/5/1
f 1891/5/1 110/5/1 1857/5/1
f 110/2/1 1836/2/1 1858/2/1
f 1858/2/1 1857/2/1 110/2/1
f 109/5/1 1807/5/1 1837/8/1
f 1837/2/1 1836/2/1 109/2/1
f 1892/5/1 96/5/1 1891/5/1
f 1893/5/1 96/5/1 1892/5/1
f 1859/6/1 97/6/1 1752/6/1
f 1860/6/1 102/6/1 1859/6/1
f 106/5/1 1808/9/1 1767/5/1
f 108/5/1 1767/5/1 1809/5/1
f 1809/5/1 1807/5/1 108/5/1
f 1787/5/1 96/5/1 1894/5/1
f 1894/5/1 96/5/1 1893/5/1
f 1788/5/1 91/5/1 1787/5/1
f 113/6/1 112/6/1 111/6/1
f 114/6/1 112/6/1 113/6/1
f 117/6/1 116/6/1 115/6/1
f 118/6/1 116/6/1 117/6/1
f 121/6/1 120/6/1 119/6/1
f 122/6/1 120/6/1 121/6/1
f 125/6/1 124/6/1 123/6/1
f 126/6/1 124/6/1 125/6/1
f 137/1/1 128/1/1 127/1/1
f 138/1/1 128/1/1 137/1/1
f 147/10/1 140/10/1 139/10/1
f 148/10/1 140/10/1 147/10/1
f 149/10/1 142/10/1 141/10/1
f 150/10/1 142/10/1 149/10/1
f 151/10/1 144/10/1 143/10/1
f 152/10/1 144/10/1 151/10/1
f 153/10/1 146/10/1 145/10/1
f 154/10/1 146/10/1 153/10/1
f 165/3/1 156/3/1 155/3/1
f 166/3/1 156/3/1 165/3/1
f 167/3/1 158/3/1 157/3/1
f 168/3/1 158/3/1 167/3/1
f 169/3/1 160/3/1 159/3/1
f 170/3/1 160/3/1 169/3/1
f 171/3/1 162/3/1 161/3/1
f 172/3/1 162/3/1 171/3/1
f 181/2/1 164/2/1 163/2/1
f 182/3/1 174/3/1 173/3/1
f 183/3/1 174/3/1 182/3/1
f 184/3/1 176/3/1 175/3/1
f 185/3/1 176/3/1 184/3/1
f 186/3/1 178/3/1 177/3/1
f 187/3/1 178/3/1 186/3/1
f 188/3/1 180/3/1 179/3/1
f 189/3/1 180/3/1 188/3/1
f 190/2/1 164/2/1 181/2/1
f 191/6/1 184/6/1 183/6/1
f 191/11/1 183/11/1 182/11/1
f 191/11/1 185/11/1 184/11/1
f 192/6/1 186/6/1 185/6/1
f 192/11/1 185/11/1 191/11/1
f 192/11/1 187/11/1 186/11/1
f 189/6/1 188/6/1 187/6/1
f 189/11/1 187/11/1 192/11/1
f 195/6/1 194/6/1 193/6/1
f 196/6/1 194/6/1 195/6/1
f 201/6/1 200/6/1 199/6/1
f 202/6/1 200/6/1 201/6/1
f 207/1/1 206/1/1 205/1/1
f 208/1/1 206/1/1 207/1/1
f 211/1/1 210/1/1 209/1/1
f 212/1/1 210/1/1 211/1/1
f 215/5/1 214/5/1 213/5/1
f 216/5/1 214/5/1 215/5/1
f 219/5/1 218/5/1 217/5/1
f 220/5/1 218/5/1 219/5/1
f 222/1/1 219/1/1 221/1/1
f 224/5/1 223/5/1 222/5/1
f 225/5/1 223/5/1 224/5/1
f 228/6/1 227/6/1 226/6/1
f 229/6/1 227/6/1 228/6/1
f 234/5/1 231/5/1 230/5/1
f 235/6/1 233/6/1 232/6/1
f 236/6/1 233/6/1 235/6/1
f 238/7/1 236/7/1 235/7/1
f 239/7/1 236/7/1 238/7/1
f 240/5/1 231/5/1 234/5/1
f 241/7/1 238/7/1 237/7/1
f 242/7/1 238/7/1 241/7/1
f 243/5/1 231/5/1 240/5/1
f 245/3/1 243/3/1 244/3/1
f 246/5/1 231/5/1 243/5/1
f 246/3/1 243/3/1 245/3/1
f 1838/4/1 245/4/1 1810/4/1
f 1861/5/1 246/5/1 1839/5/1
f 1839/4/1 246/4/1 1838/4/1
f 1862/5/1 231/5/1 1861/5/1
f 251/1/1 250/1/1 249/1/1
f 253/1/1 251/1/1 249/1/1
f 254/5/1 252/5/1 251/5/1
f 254/1/1 251/1/1 253/1/1
f 255/5/1 252/5/1 254/5/1
f 256/5/1 252/5/1 255/5/1
f 261/6/1 260/6/1 259/6/1
f 262/6/1 258/6/1 257/6/1
f 263/6/1 258/6/1 262/6/1
f 264/6/1 258/6/1 263/6/1
f 265/6/1 261/6/1 259/6/1
f 266/6/1 261/6/1 265/6/1
f 267/6/1 265/6/1 264/6/1
f 267/7/1 264/7/1 263/7/1
f 268/7/1 266/7/1 265/7/1
f 268/6/1 265/6/1 267/6/1
f 269/6/1 266/6/1 268/6/1
f 270/6/1 266/6/1 269/6/1
f 267/6/1 1895/6/1 1811/6/1
f 1812/6/1 267/6/1 1811/6/1
f 273/6/1 272/6/1 271/6/1
f 274/6/1 272/6/1 273/6/1
f 278/5/1 276/5/1 275/5/1
f 277/5/1 276/5/1 278/5/1
f 281/6/1 280/6/1 279/6/1
f 282/6/1 280/6/1 281/6/1
f 284/7/1 282/7/1 281/7/1
f 286/7/1 281/7/1 283/7/1
f 287/6/1 286/6/1 285/6/1
f 287/6/1 281/6/1 286/6/1
f 288/7/1 284/7/1 281/7/1
f 288/6/1 281/6/1 287/6/1
f 289/6/1 287/6/1 285/6/1
f 290/6/1 287/6/1 289/6/1
f 291/6/1 284/6/1 288/6/1
f 292/6/1 284/6/1 291/6/1
f 293/6/1 289/6/1 285/6/1
f 294/6/1 291/6/1 290/6/1
f 294/7/1 290/7/1 289/7/1
f 295/7/1 292/7/1 291/7/1
f 295/6/1 291/6/1 294/6/1
f 296/6/1 292/6/1 295/6/1
f 1789/6/1 289/6/1 1863/6/1
f 1790/6/1 294/6/1 1789/6/1
f 301/6/1 300/6/1 299/6/1
f 302/6/1 300/6/1 301/6/1
f 307/6/1 306/6/1 305/6/1
f 308/6/1 306/6/1 307/6/1
f 311/6/1 310/6/1 309/6/1
f 312/6/1 310/6/1 311/6/1
f 315/2/1 314/2/1 313/2/1
f 316/2/1 314/2/1 315/2/1
f 317/6/1 319/6/1 318/6/1
f 324/11/1 320/11/1 319/11/1
f 324/6/1 319/6/1 317/6/1
f 324/6/1 321/6/1 320/6/1
f 325/11/1 322/11/1 321/11/1
f 325/6/1 321/6/1 324/6/1
f 325/11/1 323/11/1 322/11/1
f 326/11/1 323/11/1 325/11/1
f 329/6/1 328/6/1 327/6/1
f 330/6/1 328/6/1 329/6/1
f 337/5/1 334/5/1 333/5/1
f 337/5/1 331/5/1 334/5/1
f 338/5/1 331/5/1 337/5/1
f 338/2/1 332/2/1 336/2/1
f 338/2/1 336/2/1 335/2/1
f 338/2/1 335/2/1 331/2/1
f 339/5/1 338/5/1 337/5/1
f 339/5/1 332/5/1 338/5/1
f 342/5/1 332/5/1 339/5/1
f 344/7/1 341/7/1 340/7/1
f 345/7/1 341/7/1 344/7/1
f 346/7/1 344/7/1 343/7/1
f 347/7/1 344/7/1 346/7/1
f 348/5/1 332/5/1 342/5/1
f 1813/4/1 349/4/1 1840/4/1
f 1815/5/1 348/5/1 1814/5/1
f 1814/4/1 348/4/1 1813/4/1
f 1816/5/1 332/5/1 1815/5/1
f 1817/5/1 332/5/1 1816/5/1
f 1818/5/1 332/5/1 1817/5/1
f 354/6/1 353/6/1 352/6/1
f 355/6/1 351/6/1 350/6/1
f 356/6/1 351/6/1 355/6/1
f 357/6/1 351/6/1 356/6/1
f 358/6/1 354/6/1 352/6/1
f 359/6/1 354/6/1 358/6/1
f 360/6/1 358/6/1 357/6/1
f 360/7/1 357/7/1 356/7/1
f 361/7/1 359/7/1 358/7/1
f 361/6/1 358/6/1 360/6/1
f 362/6/1 359/6/1 361/6/1
f 363/6/1 359/6/1 362/6/1
f 360/6/1 1864/6/1 1769/6/1
f 1770/6/1 360/6/1 1769/6/1
f 1965/1/2 1997/1/2 366/1/2
f 364/1/2 365/1/2 368/1/2
f 368/1/2 365/1/2 369/1/2
f 372/6/2 373/6/2 374/6/2
f 370/6/2 371/6/2 375/6/2
f 375/6/2 371/6/2 376/6/2
f 376/6/2 371/6/2 377/6/2
f 372/6/2 374/6/2 378/6/2
f 378/6/2 374/6/2 379/6/2
f 377/6/2 378/6/2 380/6/2
f 376/7/2 377/7/2 380/7/2
f 378/7/2 379/7/2 381/7/2
f 380/6/2 378/6/2 381/6/2
f 381/7/2 379/7/2 382/7/2
f 381/6/2 382/6/2 383/6/2
f 1819/6/2 380/6/2 1820/6/2
f 2038/5/2 2215/5/2 384/5/2
f 2215/5/2 1966/5/2 384/5/2
f 1920/5/2 2083/5/2 392/5/2
f 385/6/2 386/6/2 393/6/2
f 393/6/2 386/6/2 394/6/2
f 387/6/2 388/6/2 395/6/2
f 395/6/2 388/6/2 396/6/2
f 389/6/2 390/6/2 397/6/2
f 397/6/2 390/6/2 398/6/2
f 391/2/2 392/2/2 406/2/2
f 400/6/2 401/6/2 407/6/2
f 407/6/2 401/6/2 408/6/2
f 402/6/2 403/6/2 409/6/2
f 409/6/2 403/6/2 410/6/2
f 404/6/2 405/6/2 411/6/2
f 411/6/2 405/6/2 412/6/2
f 413/2/2 414/2/2 415/2/2
f 415/2/2 414/2/2 416/2/2
f 417/6/2 418/6/2 423/6/2
f 423/6/2 418/6/2 424/6/2
f 419/6/2 420/6/2 425/6/2
f 425/6/2 420/6/2 426/6/2
f 421/6/2 422/6/2 427/6/2
f 427/6/2 422/6/2 428/6/2
f 384/2/2 399/2/2 429/2/2
f 406/2/2 392/2/2 433/2/2
f 384/5/2 2039/5/2 2038/5/2
f 431/5/2 384/5/2 429/5/2
f 430/5/2 431/5/2 434/5/2
f 431/5/2 429/5/2 434/5/2
f 434/5/2 429/5/2 435/5/2
f 432/2/2 433/2/2 435/2/2
f 429/2/2 432/2/2 435/2/2
f 434/5/2 435/5/2 436/5/2
f 435/5/2 433/5/2 436/5/2
f 437/6/2 438/6/2 439/6/2
f 439/6/2 438/6/2 440/6/2
f 439/7/2 440/7/2 442/7/2
f 442/7/2 440/7/2 443/7/2
f 436/5/2 433/5/2 444/5/2
f 441/7/2 442/7/2 445/7/2
f 445/7/2 442/7/2 446/7/2
f 444/5/2 433/5/2 447/5/2
f 1771/4/2 447/4/2 1772/4/2
f 1821/5/2 433/5/2 1822/5/2
f 1822/5/2 433/5/2 1823/5/2
f 1823/5/2 433/5/2 1824/5/2
f 2040/10/2 2085/10/2 449/10/2
f 2216/1/2 1922/1/2 451/1/2
f 2041/3/2 2087/3/2 453/3/2
f 2152/3/2 2189/3/2 455/3/2
f 2217/12/2 1924/3/2 457/3/2
f 455/10/2 456/10/2 459/10/2
f 459/10/2 456/10/2 460/10/2
f 457/10/2 458/10/2 461/10/2
f 461/10/2 458/10/2 462/10/2
f 449/10/2 450/10/2 463/10/2
f 463/10/2 450/10/2 464/10/2
f 453/3/2 454/3/2 465/3/2
f 465/3/2 454/3/2 466/3/2
f 459/3/2 460/3/2 467/3/2
f 467/3/2 460/3/2 468/3/2
f 461/3/2 462/3/2 469/3/2
f 469/3/2 462/3/2 470/3/2
f 463/3/2 464/3/2 471/3/2
f 471/3/2 464/3/2 472/3/2
f 466/6/2 467/6/2 465/6/2
f 467/11/2 468/11/2 465/11/2
f 468/6/2 469/6/2 473/6/2
f 465/11/2 468/11/2 473/11/2
f 469/11/2 470/11/2 473/11/2
f 470/6/2 471/6/2 472/6/2
f 473/11/2 470/11/2 472/11/2
f 474/6/2 475/6/2 476/6/2
f 476/6/2 475/6/2 477/6/2
f 478/2/2 479/2/2 480/2/2
f 480/2/2 479/2/2 481/2/2
f 482/2/2 483/2/2 484/2/2
f 482/2/2 484/2/2 485/2/2
f 486/6/2 487/6/2 488/6/2
f 488/6/2 487/6/2 489/6/2
f 1999/3/2 1968/3/2 490/3/2
f 1926/5/2 2000/8/2 491/5/2
f 492/6/2 493/6/2 494/6/2
f 494/6/2 493/6/2 495/6/2
f 496/6/2 497/6/2 498/6/2
f 498/6/2 497/6/2 499/6/2
f 500/6/2 501/6/2 502/6/2
f 502/6/2 501/6/2 503/6/2
f 504/2/2 505/2/2 509/2/2
f 509/2/2 505/2/2 510/2/2
f 506/5/2 507/5/2 511/5/2
f 511/5/2 507/5/2 508/5/2
f 512/6/2 513/6/2 514/6/2
f 514/6/2 513/6/2 515/6/2
f 514/7/2 515/7/2 517/7/2
f 516/7/2 514/7/2 519/7/2
f 518/6/2 519/6/2 520/6/2
f 519/6/2 514/6/2 520/6/2
f 514/7/2 517/7/2 521/7/2
f 520/6/2 514/6/2 521/6/2
f 518/6/2 520/6/2 522/6/2
f 522/6/2 520/6/2 523/6/2
f 521/6/2 517/6/2 524/6/2
f 524/6/2 517/6/2 525/6/2
f 518/6/2 522/6/2 526/6/2
f 523/6/2 524/6/2 527/6/2
f 522/7/2 523/7/2 527/7/2
f 524/7/2 525/7/2 528/7/2
f 527/6/2 524/6/2 528/6/2
f 528/7/2 525/7/2 529/7/2
f 528/6/2 529/6/2 530/6/2
f 1842/6/2 527/6/2 1843/6/2
f 2191/6/2 2218/6/2 531/6/2
f 533/1/2 534/1/2 535/1/2
f 533/1/2 535/1/2 537/1/2
f 535/5/2 536/5/2 538/5/2
f 537/1/2 535/1/2 538/1/2
f 538/5/2 536/5/2 539/5/2
f 539/5/2 536/5/2 540/5/2
f 543/6/2 544/6/2 545/6/2
f 541/6/2 542/6/2 546/6/2
f 546/6/2 542/6/2 547/6/2
f 547/6/2 542/6/2 548/6/2
f 543/6/2 545/6/2 549/6/2
f 549/6/2 545/6/2 550/6/2
f 548/6/2 549/6/2 551/6/2
f 547/7/2 548/7/2 551/7/2
f 549/7/2 550/7/2 552/7/2
f 551/6/2 549/6/2 552/6/2
f 552/6/2 550/6/2 553/6/2
f 1844/6/2 551/6/2 1845/6/2
f 554/5/2 555/5/2 556/5/2
f 557/6/2 558/6/2 559/6/2
f 559/6/2 558/6/2 560/6/2
f 559/7/2 560/7/2 562/7/2
f 562/7/2 560/7/2 563/7/2
f 556/5/2 555/5/2 564/5/2
f 561/7/2 562/7/2 565/7/2
f 565/7/2 562/7/2 566/7/2
f 564/5/2 555/5/2 567/5/2
f 1846/4/2 567/4/2 1847/4/2
f 1754/5/2 555/5/2 1755/5/2
f 2042/1/2 2192/1/2 569/1/2
f 2192/5/2 2220/5/2 569/5/2
f 569/1/2 2043/1/2 2042/1/2
f 571/1/2 569/1/2 572/1/2
f 572/5/2 573/5/2 574/5/2
f 574/5/2 573/5/2 575/5/2
f 576/6/2 577/6/2 578/6/2
f 578/6/2 577/6/2 579/6/2
f 580/1/2 581/1/2 582/1/2
f 582/1/2 581/1/2 583/1/2
f 584/6/2 585/6/2 586/6/2
f 586/6/2 585/6/2 587/6/2
f 2222/3/2 1927/3/2 588/3/2
f 1969/3/2 2001/3/2 590/3/2
f 2044/3/2 2089/3/2 592/3/2
f 589/6/2 590/6/2 588/6/2
f 590/11/2 591/11/2 588/11/2
f 591/6/2 592/6/2 595/6/2
f 588/11/2 591/11/2 595/11/2
f 592/11/2 593/11/2 595/11/2
f 595/11/2 593/11/2 596/11/2
f 593/11/2 594/11/2 596/11/2
f 597/6/2 598/6/2 599/6/2
f 599/6/2 598/6/2 600/6/2
f 601/6/2 602/6/2 603/6/2
f 603/6/2 602/6/2 604/6/2
f 2223/5/2 1929/5/2 605/5/2
f 1970/5/2 2045/5/2 606/5/2
f 2046/5/2 606/5/2 2045/5/2
f 606/5/2 605/5/2 607/5/2
f 607/5/2 605/5/2 608/5/2
f 607/5/2 608/5/2 609/5/2
f 609/2/2 608/2/2 610/2/2
f 607/5/2 609/5/2 611/5/2
f 610/2/2 608/2/2 612/2/2
f 611/5/2 612/5/2 614/5/2
f 607/5/2 611/5/2 614/5/2
f 613/5/2 614/5/2 616/5/2
f 616/5/2 614/5/2 617/5/2
f 614/2/2 612/2/2 617/2/2
f 617/2/2 612/2/2 618/2/2
f 615/7/2 616/7/2 620/7/2
f 620/6/2 616/6/2 621/6/2
f 619/6/2 620/6/2 621/6/2
f 621/6/2 616/6/2 622/6/2
f 616/2/2 617/2/2 622/2/2
f 618/2/2 612/2/2 623/2/2
f 623/5/2 612/5/2 625/5/2
f 624/5/2 623/5/2 626/5/2
f 623/5/2 625/5/2 626/5/2
f 619/6/2 621/6/2 627/6/2
f 627/6/2 621/6/2 628/6/2
f 622/2/2 617/2/2 630/2/2
f 629/6/2 622/6/2 630/6/2
f 619/6/2 627/6/2 631/6/2
f 628/6/2 629/6/2 632/6/2
f 627/7/2 628/7/2 632/7/2
f 629/7/2 630/7/2 633/7/2
f 632/6/2 629/6/2 633/6/2
f 624/5/2 626/5/2 634/5/2
f 630/2/2 617/2/2 634/2/2
f 617/5/2 624/5/2 634/5/2
f 633/6/2 630/6/2 635/6/2
f 635/6/2 630/6/2 636/6/2
f 630/2/2 634/2/2 636/2/2
f 636/5/2 634/5/2 637/5/2
f 608/5/2 605/5/2 637/5/2
f 634/5/2 626/5/2 637/5/2
f 625/5/2 612/5/2 637/5/2
f 612/5/2 608/5/2 637/5/2
f 626/5/2 625/5/2 637/5/2
f 1930/5/2 2153/5/2 637/5/2
f 1898/6/2 632/6/2 1899/6/2
f 1875/5/2 639/5/2 1876/5/2
f 1876/5/2 639/5/2 1877/5/2
f 1877/5/2 639/5/2 1878/5/2
f 1878/5/2 639/5/2 1879/8/2
f 1879/8/2 639/5/2 1880/8/2
f 1880/8/2 639/5/2 1881/9/2
f 642/2/2 643/2/2 644/2/2
f 644/2/2 643/2/2 645/2/2
f 640/2/2 641/2/2 646/2/2
f 646/2/2 641/2/2 647/2/2
f 648/2/2 649/2/2 650/2/2
f 650/2/2 649/2/2 651/2/2
f 654/6/3 653/6/3 652/6/3
f 655/6/3 653/6/3 654/6/3
f 658/6/3 657/6/3 656/6/3
f 659/6/3 657/6/3 658/6/3
f 662/6/3 661/6/3 660/6/3
f 663/6/3 661/6/3 662/6/3
f 664/6/3 662/6/3 660/6/3
f 666/6/3 664/6/3 660/6/3
f 666/6/3 665/6/3 664/6/3
f 667/6/3 665/6/3 666/6/3
f 668/6/3 666/6/3 660/6/3
f 670/6/3 668/6/3 660/6/3
f 670/6/3 669/6/3 668/6/3
f 671/6/3 669/6/3 670/6/3
f 672/6/3 670/6/3 660/6/3
f 674/6/3 672/6/3 660/6/3
f 674/6/3 673/6/3 672/6/3
f 675/6/3 673/6/3 674/6/3
f 676/6/3 674/6/3 660/6/3
f 678/6/3 677/6/3 676/6/3
f 678/6/3 676/6/3 660/6/3
f 679/6/3 677/6/3 678/6/3
f 682/6/3 681/6/3 680/6/3
f 683/6/3 681/6/3 682/6/3
f 684/6/3 682/6/3 680/6/3
f 686/6/3 684/6/3 680/6/3
f 686/6/3 685/6/3 684/6/3
f 687/6/3 685/6/3 686/6/3
f 688/6/3 686/6/3 680/6/3
f 690/6/3 688/6/3 680/6/3
f 690/6/3 689/6/3 688/6/3
f 691/6/3 689/6/3 690/6/3
f 692/6/3 690/6/3 680/6/3
f 694/6/3 692/6/3 680/6/3
f 694/6/3 693/6/3 692/6/3
f 695/6/3 693/6/3 694/6/3
f 696/6/3 694/6/3 680/6/3
f 698/6/3 697/6/3 696/6/3
f 698/6/3 696/6/3 680/6/3
f 699/6/3 697/6/3 698/6/3
f 1882/6/3 1849/6/3 701/6/3
f 1900/6/3 1883/6/3 703/6/3
f 1828/6/3 1793/6/3 705/6/3
f 1850/6/3 1794/6/3 707/6/3
f 710/7/3 709/7/3 708/7/3
f 711/7/3 709/7/3 710/7/3
f 2224/1/3 712/1/3 2193/1/3
f 716/1/3 712/1/3 713/1/3
f 718/1/3 716/1/3 713/1/3
f 718/1/3 717/1/3 716/1/3
f 719/1/3 717/1/3 718/1/3
f 720/7/3 715/7/3 714/7/3
f 721/7/3 715/7/3 720/7/3
f 723/1/3 717/1/3 719/1/3
f 726/1/3 723/1/3 722/1/3
f 727/1/3 717/1/3 723/1/3
f 727/1/3 723/1/3 726/1/3
f 728/1/3 726/1/3 722/1/3
f 729/7/3 725/7/3 724/7/3
f 730/7/3 725/7/3 729/7/3
f 2225/1/3 728/1/3 2194/1/3
f 731/1/3 726/1/3 728/1/3
f 734/7/3 733/7/3 732/7/3
f 735/7/3 733/7/3 734/7/3
f 2047/1/3 736/1/3 2003/1/3
f 2048/1/3 736/1/3 2047/1/3
f 748/6/3 742/6/3 741/6/3
f 749/6/3 744/6/3 743/6/3
f 750/6/3 744/6/3 749/6/3
f 751/6/3 746/6/3 745/6/3
f 752/6/3 746/6/3 751/6/3
f 753/2/3 738/2/3 737/2/3
f 754/2/3 738/2/3 753/2/3
f 755/6/3 748/6/3 741/6/3
f 756/6/3 748/6/3 755/6/3
f 757/7/3 742/7/3 748/7/3
f 757/7/3 748/7/3 756/7/3
f 759/2/3 740/2/3 739/2/3
f 760/2/3 740/2/3 759/2/3
f 2005/1/3 761/1/3 1971/1/3
f 767/1/3 763/1/3 762/1/3
f 768/1/3 763/1/3 767/1/3
f 769/1/3 765/1/3 764/1/3
f 770/1/3 765/1/3 769/1/3
f 774/7/3 758/7/3 757/7/3
f 775/7/3 758/7/3 774/7/3
f 776/5/3 771/5/3 770/5/3
f 777/5/3 771/5/3 776/5/3
f 780/6/3 773/6/3 772/6/3
f 780/7/3 774/7/3 773/7/3
f 785/6/3 780/6/3 772/6/3
f 786/7/3 774/7/3 780/7/3
f 786/6/3 780/6/3 785/6/3
f 787/6/3 782/6/3 781/6/3
f 788/6/3 782/6/3 787/6/3
f 789/6/3 784/6/3 783/6/3
f 790/6/3 784/6/3 789/6/3
f 799/5/3 779/5/3 778/5/3
f 800/5/3 779/5/3 799/5/3
f 801/6/3 792/6/3 791/6/3
f 802/6/3 794/6/3 793/6/3
f 803/6/3 794/6/3 802/6/3
f 804/6/3 796/6/3 795/6/3
f 805/6/3 796/6/3 804/6/3
f 806/6/3 801/6/3 791/6/3
f 807/6/3 801/6/3 806/6/3
f 808/7/3 792/7/3 801/7/3
f 808/7/3 801/7/3 807/7/3
f 811/5/3 798/5/3 797/5/3
f 812/5/3 798/5/3 811/5/3
f 813/1/3 811/1/3 810/1/3
f 814/1/3 811/1/3 813/1/3
f 817/2/3 816/2/3 815/2/3
f 818/7/3 809/7/3 808/7/3
f 819/7/3 809/7/3 818/7/3
f 824/2/3 817/2/3 815/2/3
f 824/7/3 818/7/3 817/7/3
f 825/7/3 818/7/3 824/7/3
f 826/6/3 821/6/3 820/6/3
f 827/6/3 821/6/3 826/6/3
f 828/6/3 823/6/3 822/6/3
f 829/6/3 823/6/3 828/6/3
f 830/2/3 824/2/3 815/2/3
f 831/2/3 824/2/3 830/2/3
f 840/4/3 833/4/3 832/4/3
f 841/5/3 838/5/3 837/5/3
f 1775/9/3 1884/5/3 845/5/3
f 2092/3/3 840/3/3 2050/3/3
f 2226/4/3 840/4/3 2093/4/3
f 2093/12/3 840/3/3 2092/3/3
f 847/2/3 836/2/3 835/2/3
f 850/3/3 843/3/3 842/3/3
f 850/4/3 845/4/3 844/4/3
f 850/4/3 844/4/3 843/4/3
f 1851/4/3 1795/4/3 850/4/3
f 2227/4/3 833/4/3 2226/4/3
f 846/5/3 834/5/3 833/5/3
f 852/2/3 848/2/3 841/2/3
f 852/2/3 841/2/3 837/2/3
f 852/2/3 849/2/3 848/2/3
f 2228/4/3 833/4/3 2227/4/3
f 851/2/3 836/2/3 847/2/3
f 2229/4/3 833/4/3 2228/4/3
f 1972/5/3 846/5/3 1932/5/3
f 846/5/3 2229/9/3 1932/5/3
f 854/5/3 847/5/3 853/5/3
f 855/2/3 852/2/3 851/2/3
f 855/5/3 847/5/3 854/5/3
f 855/2/3 851/2/3 847/2/3
f 856/2/3 852/2/3 855/2/3
f 857/2/3 852/2/3 856/2/3
f 858/5/3 849/5/3 852/5/3
f 859/2/3 854/2/3 853/2/3
f 860/2/3 854/2/3 859/2/3
f 861/2/3 856/2/3 855/2/3
f 862/2/3 856/2/3 861/2/3
f 863/2/3 852/2/3 857/2/3
f 864/2/3 852/2/3 863/2/3
f 865/5/3 858/5/3 852/5/3
f 864/5/3 865/5/3 852/5/3
f 866/2/3 858/2/3 865/2/3
f 867/2/3 849/2/3 858/2/3
f 867/2/3 858/2/3 866/2/3
f 868/3/3 850/3/3 842/3/3
f 870/2/3 865/2/3 864/2/3
f 871/2/3 865/2/3 870/2/3
f 872/3/3 868/3/3 842/3/3
f 872/3/3 869/3/3 868/3/3
f 873/3/3 869/3/3 872/3/3
f 1776/4/3 1758/4/3 875/4/3
f 876/2/3 865/2/3 871/2/3
f 880/2/3 1777/2/3 1797/2/3
f 879/2/3 1759/2/3 1777/2/3
f 1797/2/3 1829/2/3 880/2/3
f 877/2/3 1885/2/3 1902/2/3
f 878/2/3 1902/2/3 1759/2/3
f 881/2/3 876/2/3 871/2/3
f 1903/2/3 1834/2/3 885/2/3
f 887/2/3 881/2/3 871/2/3
f 1778/2/3 1760/2/3 891/2/3
f 892/2/3 887/2/3 886/2/3
f 893/2/3 881/2/3 887/2/3
f 893/2/3 887/2/3 892/2/3
f 896/3/3 889/3/3 888/3/3
f 896/4/3 891/4/3 890/4/3
f 896/4/3 890/4/3 889/4/3
f 1779/4/3 1798/4/3 896/4/3
f 899/2/3 894/2/3 893/2/3
f 899/5/3 893/5/3 892/5/3
f 899/2/3 895/2/3 894/2/3
f 2051/2/3 897/2/3 2006/2/3
f 901/2/3 892/2/3 898/2/3
f 901/5/3 895/5/3 899/5/3
f 901/5/3 899/5/3 892/5/3
f 2094/2/3 900/2/3 2052/2/3
f 2052/2/3 900/2/3 2007/2/3
f 2095/2/3 901/2/3 2094/2/3
f 2096/2/3 901/2/3 2095/2/3
f 902/5/3 895/5/3 901/5/3
f 903/5/3 895/5/3 902/5/3
f 904/2/3 895/2/3 903/2/3
f 905/2/3 895/2/3 904/2/3
f 906/3/3 896/3/3 888/3/3
f 2097/5/3 901/5/3 2096/5/3
f 2156/5/3 901/5/3 2097/5/3
f 907/3/3 906/3/3 888/3/3
f 908/3/3 906/3/3 907/3/3
f 1904/4/3 1871/4/3 910/4/3
f 1886/5/3 1761/5/3 912/5/3
f 2008/6/3 913/6/3 1974/6/3
f 2009/6/3 913/6/3 2008/6/3
f 2010/6/3 913/6/3 2009/6/3
f 2011/6/3 913/6/3 2010/6/3
f 2012/6/3 913/6/3 2011/6/3
f 2013/6/3 913/6/3 2012/6/3
f 2014/6/3 913/6/3 2013/6/3
f 2015/6/3 913/6/3 2014/6/3
f 2016/6/3 913/6/3 2015/6/3
f 2017/6/3 913/6/3 2016/6/3
f 915/6/3 913/6/3 914/6/3
f 2157/6/3 914/6/3 2099/6/3
f 917/7/3 913/7/3 915/7/3
f 918/7/3 913/7/3 917/7/3
f 1975/7/3 916/7/3 1933/7/3
f 2100/6/3 918/6/3 2054/6/3
f 1976/7/3 916/7/3 1975/7/3
f 917/6/3 1976/6/3 2018/6/3
f 2054/6/3 917/6/3 2018/6/3
f 921/6/3 919/6/3 920/6/3
f 922/6/3 919/6/3 921/6/3
f 923/7/3 921/7/3 920/7/3
f 1934/6/3 923/6/3 2230/6/3
f 1935/6/3 923/6/3 1934/6/3
f 1936/6/3 923/6/3 1935/6/3
f 1937/6/3 923/6/3 1936/6/3
f 924/7/3 921/7/3 923/7/3
f 927/1/3 926/1/3 925/1/3
f 928/1/3 926/1/3 927/1/3
f 931/2/3 930/2/3 929/2/3
f 932/2/3 930/2/3 931/2/3
f 937/1/3 934/1/3 933/1/3
f 938/1/3 934/1/3 937/1/3
f 939/2/3 936/2/3 935/2/3
f 940/2/3 936/2/3 939/2/3
f 2102/10/3 941/10/3 2055/10/3
f 2159/3/3 941/3/3 2103/3/3
f 2103/13/3 941/10/3 2102/10/3
f 944/3/3 943/3/3 942/3/3
f 945/3/3 943/3/3 944/3/3
f 2195/3/3 946/3/3 2160/3/3
f 950/2/3 949/2/3 948/2/3
f 951/2/3 949/2/3 950/2/3
f 1939/13/3 952/10/3 2231/10/3
f 1940/10/3 952/10/3 1939/13/3
f 956/10/3 953/10/3 952/10/3
f 957/3/3 954/3/3 953/3/3
f 957/10/3 953/10/3 956/10/3
f 957/3/3 955/3/3 954/3/3
f 958/3/3 955/3/3 957/3/3
f 2162/3/3 959/3/3 2104/3/3
f 2056/10/3 961/10/3 2019/10/3
f 2057/10/3 961/10/3 2056/10/3
f 964/10/3 962/10/3 961/10/3
f 965/10/3 962/10/3 964/10/3
f 965/3/3 963/3/3 962/3/3
f 966/3/3 963/3/3 965/3/3
f 2196/3/3 967/3/3 2163/3/3
f 2197/3/3 967/3/3 2196/3/3
f 2164/10/3 969/10/3 2105/10/3
f 973/10/3 970/10/3 969/10/3
f 974/3/3 972/3/3 971/3/3
f 974/10/3 970/10/3 973/10/3
f 974/3/3 971/3/3 970/3/3
f 975/3/3 972/3/3 974/3/3
f 978/1/3 977/1/3 976/1/3
f 2106/8/3 976/5/3 2058/5/3
f 2107/5/3 976/5/3 2106/8/3
f 2108/5/3 976/5/3 2107/5/3
f 2109/5/3 976/5/3 2108/5/3
f 2110/5/3 976/5/3 2109/5/3
f 1942/1/3 976/1/3 2110/1/3
f 981/5/3 979/5/3 978/5/3
f 981/4/3 978/4/3 980/4/3
f 982/5/3 979/5/3 981/5/3
f 983/5/3 979/5/3 982/5/3
f 984/5/3 979/5/3 983/5/3
f 985/5/3 979/5/3 984/5/3
f 986/5/3 979/5/3 985/5/3
f 988/2/3 982/2/3 981/2/3
f 989/2/3 982/2/3 988/2/3
f 990/2/3 984/2/3 983/2/3
f 991/2/3 984/2/3 990/2/3
f 992/2/3 986/2/3 985/2/3
f 2165/2/3 993/2/3 2111/2/3
f 1943/5/3 994/5/3 2235/5/3
f 997/1/3 996/1/3 995/1/3
f 998/1/3 996/1/3 997/1/3
f 1001/2/3 1000/2/3 999/2/3
f 1002/2/3 1000/2/3 1001/2/3
f 1005/1/3 1004/1/3 1003/1/3
f 1006/1/3 1004/1/3 1005/1/3
f 1009/1/3 1008/1/3 1007/1/3
f 1010/1/3 1008/1/3 1009/1/3
f 1011/6/4 1012/6/4 1014/6/4
f 1013/6/4 1014/6/4 1015/6/4
f 1015/6/4 1014/6/4 1016/6/4
f 1014/6/4 1012/6/4 1016/6/4
f 1016/6/4 1012/6/4 1018/6/4
f 1017/6/4 1018/6/4 1019/6/4
f 1019/6/4 1018/6/4 1020/6/4
f 1018/6/4 1012/6/4 1020/6/4
f 1020/6/4 1012/6/4 1022/6/4
f 1021/6/4 1022/6/4 1023/6/4
f 1023/6/4 1022/6/4 1024/6/4
f 1022/6/4 1012/6/4 1024/6/4
f 1024/6/4 1012/6/4 1025/6/4
f 1025/6/4 1012/6/4 1026/6/4
f 1027/6/4 1028/6/4 1030/6/4
f 1029/6/4 1030/6/4 1031/6/4
f 1031/6/4 1030/6/4 1032/6/4
f 1030/6/4 1028/6/4 1032/6/4
f 1032/6/4 1028/6/4 1034/6/4
f 1033/6/4 1034/6/4 1035/6/4
f 1035/6/4 1034/6/4 1036/6/4
f 1034/6/4 1028/6/4 1036/6/4
f 1036/6/4 1028/6/4 1038/6/4
f 1037/6/4 1038/6/4 1039/6/4
f 1039/6/4 1038/6/4 1040/6/4
f 1038/6/4 1028/6/4 1040/6/4
f 1040/6/4 1028/6/4 1041/6/4
f 1041/6/4 1028/6/4 1042/6/4
f 1043/6/4 1044/6/4 1046/6/4
f 1046/6/4 1044/6/4 1047/6/4
f 1049/6/4 1050/6/4 1052/6/4
f 1052/6/4 1050/6/4 1053/6/4
f 1055/6/4 1056/6/4 1058/6/4
f 1058/6/4 1056/6/4 1059/6/4
f 1061/6/4 1062/6/4 1064/6/4
f 1064/6/4 1062/6/4 1065/6/4
f 2060/1/4 1071/1/4 2198/14/4
f 1069/2/4 1070/2/4 1072/2/4
f 1072/2/4 1070/2/4 1073/2/4
f 1074/5/4 1075/5/4 1078/5/4
f 1075/2/4 1076/2/4 1078/2/4
f 1078/2/4 1076/2/4 1079/2/4
f 1078/5/4 1079/5/4 1080/5/4
f 1079/2/4 1076/2/4 1080/2/4
f 1078/5/4 1080/5/4 1081/5/4
f 1074/5/4 1078/5/4 1082/5/4
f 1078/5/4 1081/5/4 1082/5/4
f 1081/2/4 1080/2/4 1083/2/4
f 1082/5/4 1081/5/4 1083/5/4
f 1083/2/4 1080/2/4 1084/2/4
f 1076/5/4 1077/5/4 1084/5/4
f 1080/2/4 1076/2/4 1084/2/4
f 1084/5/4 1077/5/4 1085/5/4
f 1086/5/4 1087/5/4 1090/5/4
f 1087/2/4 1088/2/4 1090/2/4
f 1090/2/4 1088/2/4 1091/2/4
f 1086/5/4 1090/5/4 1092/5/4
f 1090/5/4 1091/5/4 1092/5/4
f 1086/5/4 1092/5/4 1093/5/4
f 1092/5/4 1091/5/4 1094/5/4
f 1093/2/4 1092/2/4 1094/2/4
f 1091/2/4 1088/2/4 1095/2/4
f 1094/5/4 1091/5/4 1095/5/4
f 1088/5/4 1089/5/4 1095/5/4
f 1095/5/4 1089/5/4 1096/5/4
f 1097/2/4 1098/2/4 1099/2/4
f 1099/2/4 1098/2/4 1100/2/4
f 2237/5/4 1101/5/4 1944/5/4
f 1944/5/4 1101/5/4 1945/9/4
f 1945/9/4 1102/5/4 2199/5/4
f 1102/5/4 1101/5/4 1103/5/4
f 2199/6/4 1102/6/4 2238/6/4
f 2238/6/4 1102/6/4 2239/6/4
f 2239/6/4 1102/6/4 2240/6/4
f 2240/6/4 1102/6/4 2241/6/4
f 2241/6/4 1102/6/4 2242/6/4
f 2242/6/4 1102/6/4 2243/6/4
f 2243/6/4 1102/6/4 2244/6/4
f 2244/6/4 1102/6/4 2245/6/4
f 2245/6/4 1102/6/4 2246/6/4
f 2246/6/4 1104/6/4 2061/6/4
f 1104/6/4 1102/6/4 1105/6/4
f 2061/6/4 1104/6/4 2112/6/4
f 2112/6/4 1106/6/4 2247/6/4
f 1105/7/4 1102/7/4 1107/7/4
f 1102/6/4 1103/6/4 1107/6/4
f 1107/6/4 1103/6/4 1108/6/4
f 2247/7/4 1106/7/4 1946/15/4
f 1946/15/4 1106/7/4 1947/7/4
f 2022/6/4 1109/6/4 2023/6/4
f 1109/6/4 1108/6/4 1110/6/4
f 2113/6/4 1111/6/4 2166/6/4
f 1109/6/4 1110/6/4 1111/6/4
f 1111/6/4 1110/6/4 1112/6/4
f 2166/5/4 1111/5/4 2167/5/4
f 1112/5/4 2114/5/4 1948/5/4
f 1114/1/4 1115/1/4 1116/1/4
f 1116/1/4 1115/1/4 1117/1/4
f 1118/2/4 1119/2/4 1120/2/4
f 1120/2/4 1119/2/4 1121/2/4
f 1122/1/4 1123/1/4 1124/1/4
f 1122/1/4 1124/1/4 2168/1/4
f 1124/3/4 2169/3/4 2168/3/4
f 1124/5/4 1125/5/4 1127/5/4
f 1126/4/4 1124/4/4 1127/4/4
f 1127/5/4 1125/5/4 1128/5/4
f 1128/5/4 1125/5/4 1129/5/4
f 1129/5/4 1125/5/4 1130/5/4
f 1130/5/4 1125/5/4 1131/5/4
f 1131/5/4 1125/5/4 1132/5/4
f 1126/5/4 2170/5/4 2169/5/4
f 1980/2/4 2170/2/4 1133/2/4
f 1127/2/4 1128/2/4 1134/2/4
f 1134/2/4 1128/2/4 1135/2/4
f 1129/2/4 1130/2/4 1136/2/4
f 1136/2/4 1130/2/4 1137/2/4
f 1131/2/4 1132/2/4 1138/2/4
f 2024/2/4 1139/2/4 2062/2/4
f 2062/2/4 1139/2/4 2063/2/4
f 1140/2/4 1141/2/4 1142/2/4
f 1142/2/4 1141/2/4 1143/2/4
f 2248/10/4 1144/10/4 1949/10/4
f 1949/10/4 1144/10/4 1950/10/4
f 1144/10/4 1145/10/4 1149/10/4
f 1144/3/4 2200/3/4 1950/3/4
f 1147/3/4 1148/3/4 1149/3/4
f 1146/3/4 1147/3/4 1149/3/4
f 1145/3/4 1146/3/4 1149/3/4
f 1149/3/4 1148/3/4 1150/3/4
f 2064/3/4 1151/3/4 2115/16/4
f 2115/16/4 1151/3/4 2116/3/4
f 2116/3/4 1152/3/4 1951/3/4
f 1153/2/4 1154/2/4 1155/2/4
f 1155/2/4 1154/2/4 1156/2/4
f 2201/10/4 1157/10/4 2249/10/4
f 2249/10/4 1157/10/4 2250/10/4
f 1157/10/4 1158/10/4 1160/10/4
f 1157/3/4 2065/3/4 2250/3/4
f 1160/10/4 1158/10/4 1161/10/4
f 1158/3/4 1159/3/4 1161/3/4
f 1161/3/4 1159/3/4 1162/3/4
f 2025/3/4 1163/3/4 2066/3/4
f 1163/3/4 2202/3/4 2066/3/4
f 1165/2/4 1166/2/4 1167/2/4
f 1167/2/4 1166/2/4 1168/2/4
f 2117/10/4 1169/10/4 2171/10/4
f 2171/10/4 1169/10/4 2172/10/4
f 1169/10/4 1170/10/4 1172/10/4
f 1169/3/4 1981/3/4 2172/3/4
f 1172/10/4 1170/10/4 1173/10/4
f 1170/3/4 1171/3/4 1173/3/4
f 1173/3/4 1171/3/4 1174/3/4
f 2251/3/4 1175/3/4 1952/12/4
f 1175/3/4 2067/3/4 1952/12/4
f 2173/10/4 1177/10/4 2203/10/4
f 1177/10/4 1982/10/4 2203/10/4
f 1177/10/4 1178/10/4 1180/10/4
f 1178/3/4 1179/3/4 1181/3/4
f 1180/10/4 1178/10/4 1181/10/4
f 1181/3/4 1179/3/4 1182/3/4
f 1183/11/4 1184/11/4 1185/11/4
f 1185/11/4 1184/11/4 1186/11/4
f 1187/1/4 1188/1/4 1189/1/4
f 1189/1/4 1188/1/4 1190/1/4
f 1191/1/4 1192/1/4 1193/1/4
f 1193/1/4 1192/1/4 1194/1/4
f 1195/1/4 1196/1/4 1197/1/4
f 1197/1/4 1196/1/4 1198/1/4
f 1199/4/4 1200/4/4 1204/4/4
f 1201/5/4 1202/5/4 1205/5/4
f 1205/5/4 1202/5/4 1206/5/4
f 1203/3/4 1204/3/4 1207/3/4
f 1204/4/4 1200/4/4 1208/4/4
f 1207/3/4 1204/3/4 1208/3/4
f 1201/2/4 1205/2/4 1209/2/4
f 1208/4/4 1200/4/4 1210/4/4
f 1953/12/4 1210/3/4 1983/3/4
f 1210/4/4 1200/4/4 1211/4/4
f 1983/3/4 1211/3/4 2118/3/4
f 1211/4/4 1200/4/4 1212/4/4
f 1201/2/4 1209/2/4 1213/2/4
f 2204/4/4 1212/4/4 2205/4/4
f 1213/2/4 1209/2/4 1215/2/4
f 1212/5/4 1213/5/4 1215/5/4
f 1215/2/4 1209/2/4 1216/2/4
f 2205/4/4 1212/4/4 2206/4/4
f 2206/4/4 1212/4/4 2207/4/4
f 1984/5/4 1217/5/4 2119/5/4
f 1205/5/4 1214/5/4 1218/5/4
f 1217/5/4 1216/5/4 1219/5/4
f 1205/5/4 1218/5/4 1220/5/4
f 1219/5/4 1220/5/4 1221/5/4
f 1220/5/4 1218/5/4 1221/5/4
f 1874/5/4 1766/5/4 1221/5/4
f 2026/5/4 1221/5/4 2027/5/4
f 1806/5/4 1890/5/4 1223/5/4
f 2028/5/4 1222/5/4 1985/5/4
f 1223/2/4 1224/2/4 1225/2/4
f 1223/5/4 2210/9/4 2209/5/4
f 2211/5/4 1226/5/4 2252/5/4
f 1226/1/4 1227/1/4 1230/1/4
f 1226/5/4 2068/5/4 2252/5/4
f 1230/1/4 1227/1/4 1231/1/4
f 1231/1/4 1227/1/4 1232/1/4
f 1230/1/4 1231/1/4 1233/1/4
f 1955/1/4 1237/1/4 2176/1/4
f 1228/2/4 1229/2/4 1239/2/4
f 1239/2/4 1229/2/4 1240/2/4
f 2254/1/4 1238/1/4 1956/1/4
f 1956/1/4 1238/1/4 1957/1/4
f 1235/2/4 1236/2/4 1242/2/4
f 1242/2/4 1236/2/4 1243/2/4
f 2069/2/4 1241/2/4 2128/17/4
f 2128/17/4 1241/2/4 2129/2/4
f 2068/5/4 1230/5/4 2132/5/4
f 2132/5/4 1230/5/4 2134/5/4
f 2134/5/4 1230/5/4 2138/8/4
f 2138/8/4 1230/5/4 2141/5/4
f 1246/6/5 1245/6/5 1244/6/5
f 1247/6/5 1246/6/5 1244/6/5
f 1248/6/5 1247/6/5 1244/6/5
f 1251/2/5 1250/2/5 1249/2/5
f 1253/2/5 1251/2/5 1249/2/5
f 1253/2/5 1252/2/5 1251/2/5
f 1254/2/5 1252/2/5 1253/2/5
f 1257/6/5 1256/6/5 1255/6/5
f 1258/6/5 1257/6/5 1255/6/5
f 1259/6/5 1258/6/5 1255/6/5
f 1264/2/5 1261/2/5 1260/2/5
f 1265/2/5 1261/2/5 1264/2/5
f 1266/1/5 1263/1/5 1262/1/5
f 1267/1/5 1263/1/5 1266/1/5
f 1268/2/5 1264/2/5 1260/2/5
f 1269/2/5 1264/2/5 1268/2/5
f 1273/2/5 1271/2/5 1270/2/5
f 1273/2/5 1272/2/5 1271/2/5
f 1274/2/5 1272/2/5 1273/2/5
f 1279/7/5 1276/7/5 1275/7/5
f 1280/7/5 1276/7/5 1279/7/5
f 1281/7/5 1278/7/5 1277/7/5
f 1282/7/5 1278/7/5 1281/7/5
f 1285/6/5 1284/6/5 1283/6/5
f 1286/6/5 1285/6/5 1283/6/5
f 1287/6/5 1286/6/5 1283/6/5
f 1298/2/5 1293/2/5 1292/2/5
f 1299/2/5 1293/2/5 1298/2/5
f 1300/1/5 1295/1/5 1294/1/5
f 1301/1/5 1295/1/5 1300/1/5
f 1302/5/5 1289/5/5 1288/5/5
f 1303/5/5 1289/5/5 1302/5/5
f 1304/5/5 1291/5/5 1290/5/5
f 1305/5/5 1291/5/5 1304/5/5
f 1306/1/5 1297/1/5 1296/1/5
f 1307/1/5 1297/1/5 1306/1/5
f 1308/2/5 1298/2/5 1292/2/5
f 1309/2/5 1298/2/5 1308/2/5
f 1314/6/5 1311/6/5 1310/6/5
f 1315/6/5 1311/6/5 1314/6/5
f 1316/6/5 1313/6/5 1312/6/5
f 1317/6/5 1313/6/5 1316/6/5
f 1322/6/5 1319/6/5 1318/6/5
f 1323/6/5 1319/6/5 1322/6/5
f 1324/6/5 1321/6/5 1320/6/5
f 1325/6/5 1321/6/5 1324/6/5
f 1330/6/5 1327/6/5 1326/6/5
f 1331/6/5 1327/6/5 1330/6/5
f 1332/11/5 1329/11/5 1328/11/5
f 1333/11/5 1329/11/5 1332/11/5
f 1336/5/5 1335/5/5 1334/5/5
f 1337/5/5 1335/5/5 1336/5/5
f 1341/2/5 1339/2/5 1338/2/5
f 1344/2/5 1341/2/5 1338/2/5
f 1344/5/5 1338/5/5 1345/5/5
f 1350/2/5 1349/2/5 1348/2/5
f 1351/2/5 1349/2/5 1350/2/5
f 1352/2/5 1349/2/5 1351/2/5
f 1353/2/5 1349/2/5 1352/2/5
f 1360/6/5 1355/6/5 1354/6/5
f 1361/6/5 1355/6/5 1360/6/5
f 1362/6/5 1357/6/5 1356/6/5
f 1363/6/5 1357/6/5 1362/6/5
f 1364/6/5 1359/6/5 1358/6/5
f 1365/6/5 1359/6/5 1364/6/5
f 1368/2/5 1367/2/5 1366/2/5
f 1369/2/5 1367/2/5 1368/2/5
f 1378/7/5 1371/7/5 1370/7/5
f 1379/7/5 1371/7/5 1378/7/5
f 1380/7/5 1373/7/5 1372/7/5
f 1381/7/5 1373/7/5 1380/7/5
f 1382/7/5 1375/7/5 1374/7/5
f 1383/7/5 1375/7/5 1382/7/5
f 1384/7/5 1377/7/5 1376/7/5
f 1385/7/5 1377/7/5 1384/7/5
f 1386/7/5 1380/7/5 1379/7/5
f 1387/7/5 1380/7/5 1386/7/5
f 1388/7/5 1384/7/5 1383/7/5
f 1389/7/5 1384/7/5 1388/7/5
f 1392/2/5 1391/2/5 1390/2/5
f 1393/2/5 1391/2/5 1392/2/5
f 1398/6/5 1395/6/5 1394/6/5
f 1399/6/5 1395/6/5 1398/6/5
f 1400/6/5 1395/6/5 1399/6/5
f 1401/6/5 1395/6/5 1400/6/5
f 1402/6/5 1397/6/5 1396/6/5
f 1403/6/5 1397/6/5 1402/6/5
f 1404/6/5 1397/6/5 1403/6/5
f 1405/6/5 1397/6/5 1404/6/5
f 1406/6/5 1400/6/5 1399/6/5
f 1407/6/5 1400/6/5 1406/6/5
f 1408/6/5 1404/6/5 1403/6/5
f 1409/6/5 1404/6/5 1408/6/5
f 1414/6/5 1411/6/5 1410/6/5
f 1415/6/5 1411/6/5 1414/6/5
f 1416/6/5 1411/6/5 1415/6/5
f 1417/6/5 1411/6/5 1416/6/5
f 1418/6/5 1411/6/5 1417/6/5
f 1419/6/5 1411/6/5 1418/6/5
f 1420/6/5 1411/6/5 1419/6/5
f 1421/6/5 1413/6/5 1412/6/5
f 1422/6/5 1413/6/5 1421/6/5
f 1423/6/5 1413/6/5 1422/6/5
f 1424/6/5 1413/6/5 1423/6/5
f 1425/6/5 1413/6/5 1424/6/5
f 1426/6/5 1413/6/5 1425/6/5
f 1427/6/5 1413/6/5 1426/6/5
f 1428/6/5 1414/6/5 1410/6/5
f 1429/6/5 1414/6/5 1428/6/5
f 1430/6/5 1416/6/5 1415/6/5
f 1431/6/5 1416/6/5 1430/6/5
f 1432/6/5 1418/6/5 1417/6/5
f 1433/6/5 1418/6/5 1432/6/5
f 1434/6/5 1420/6/5 1419/6/5
f 1435/6/5 1421/6/5 1412/6/5
f 1436/6/5 1421/6/5 1435/6/5
f 1437/6/5 1423/6/5 1422/6/5
f 1438/6/5 1423/6/5 1437/6/5
f 1439/6/5 1425/6/5 1424/6/5
f 1440/6/5 1425/6/5 1439/6/5
f 1441/6/5 1427/6/5 1426/6/5
f 1450/6/5 1443/6/5 1442/6/5
f 1451/6/5 1443/6/5 1450/6/5
f 1452/6/5 1445/6/5 1444/6/5
f 1453/6/5 1445/6/5 1452/6/5
f 1454/6/5 1447/6/5 1446/6/5
f 1455/6/5 1447/6/5 1454/6/5
f 1456/6/5 1449/6/5 1448/6/5
f 1457/6/5 1449/6/5 1456/6/5
f 1460/2/5 1459/2/5 1458/2/5
f 1461/2/5 1460/2/5 1458/2/5
f 1465/1/6 1466/1/6 1467/1/6
f 1467/1/6 1466/1/6 1468/1/6
f 1469/1/6 1470/1/6 1471/1/6
f 1471/1/6 1470/1/6 1472/1/6
f 1473/1/6 1474/1/6 1475/1/6
f 1475/1/6 1474/1/6 1476/1/6
f 1477/1/6 1478/1/6 1479/1/6
f 1479/1/6 1478/1/6 1480/1/6
f 1481/1/6 1482/1/6 1483/1/6
f 1483/1/6 1482/1/6 1484/1/6
f 1485/1/6 1486/1/6 1487/1/6
f 1487/1/6 1486/1/6 1488/1/6
f 1485/1/6 1487/1/6 1489/1/6
f 1489/1/6 1487/1/6 1490/1/6
f 1491/1/6 1492/1/6 1493/1/6
f 1493/1/6 1492/1/6 1494/1/6
f 1495/1/6 1496/1/6 1497/1/6
f 1497/1/6 1496/1/6 1498/1/6
f 1499/1/6 1500/1/6 1501/1/6
f 1501/1/6 1500/1/6 1502/1/6
f 1503/1/6 1504/1/6 1505/1/6
f 1505/1/6 1504/1/6 1506/1/6
f 1507/1/6 1508/1/6 1509/1/6
f 1509/1/6 1508/1/6 1510/1/6
f 1511/1/6 1512/1/6 1513/1/6
f 1511/1/6 1513/1/6 1518/1/6
f 1513/1/6 1514/1/6 1518/1/6
f 1518/1/6 1514/1/6 1519/1/6
f 1515/1/6 1516/1/6 1520/1/6
f 1520/1/6 1516/1/6 1521/1/6
f 1523/6/6 1524/6/6 1525/6/6
f 1523/6/6 1525/6/6 1526/6/6
f 1523/6/6 1526/6/6 1527/6/6
f 1530/1/6 1531/1/6 1532/1/6
f 1532/1/6 1531/1/6 1533/1/6
f 1534/6/6 1535/6/6 1536/6/6
f 1536/6/6 1535/6/6 1537/6/6
f 1538/6/6 1539/6/6 1540/6/6
f 1538/6/6 1540/6/6 1541/6/6
f 1538/6/6 1541/6/6 1542/6/6
f 1542/7/6 1541/7/6 1543/7/6
f 1544/2/6 1545/2/6 1546/2/6
f 1544/2/6 1546/2/6 1548/2/6
f 1546/2/6 1547/2/6 1548/2/6
f 1548/2/6 1547/2/6 1549/2/6
f 1550/2/6 1551/2/6 1554/2/6
f 1554/2/6 1551/2/6 1555/2/6
f 1552/1/6 1553/1/6 1556/1/6
f 1556/1/6 1553/1/6 1557/1/6
f 1550/2/6 1554/2/6 1558/2/6
f 1558/2/6 1554/2/6 1559/2/6
f 1560/6/6 1561/6/6 1562/6/6
f 1560/6/6 1562/6/6 1563/6/6
f 1560/6/6 1563/6/6 1564/6/6
f 1565/1/6 1566/1/6 1570/1/6
f 1570/1/6 1566/1/6 1571/1/6
f 1567/1/6 1568/1/6 1572/1/6
f 1572/1/6 1568/1/6 1573/1/6
f 1569/1/6 1570/1/6 1575/1/6
f 1575/1/6 1570/1/6 1576/1/6
f 1573/1/6 1574/1/6 1577/1/6
f 1577/1/6 1574/1/6 1578/1/6
f 1579/2/6 1580/2/6 1581/2/6
f 1581/2/6 1580/2/6 1582/2/6
f 1583/5/6 1584/5/6 1587/5/6
f 1587/5/6 1584/5/6 1588/5/6
f 1585/5/6 1586/5/6 1589/5/6
f 1589/5/6 1586/5/6 1590/5/6
f 1591/5/6 1592/5/6 1595/5/6
f 1595/5/6 1592/5/6 1596/5/6
f 1593/5/6 1594/5/6 1597/5/6
f 1597/5/6 1594/5/6 1598/5/6
f 1599/11/6 1600/11/6 1603/11/6
f 1601/11/6 1602/11/6 1604/11/6
f 1604/6/6 1602/6/6 1605/6/6
f 1603/11/6 1600/11/6 1606/11/6
f 1606/11/6 1600/11/6 1607/11/6
f 1604/11/6 1605/11/6 1608/11/6
f 1608/6/6 1605/6/6 1609/6/6
f 1606/11/6 1607/11/6 1610/11/6
f 1610/11/6 1607/11/6 1611/11/6
f 1608/11/6 1609/11/6 1612/11/6
f 1612/11/6 1609/11/6 1613/11/6
f 1614/1/6 1615/1/6 1616/1/6
f 1616/1/6 1615/1/6 1617/1/6
f 1618/2/6 1619/2/6 1622/2/6
f 1622/2/6 1619/2/6 1623/2/6
f 1620/5/6 1621/5/6 1624/5/6
f 1624/5/6 1621/5/6 1625/5/6
f 1618/2/6 1622/2/6 1626/2/6
f 1626/2/6 1622/2/6 1627/2/6
f 1628/2/6 1629/2/6 1630/2/6
f 1630/2/6 1629/2/6 1631/2/6
f 1632/2/6 1633/2/6 1636/2/6
f 1636/2/6 1633/2/6 1637/2/6
f 1634/2/6 1635/2/6 1638/2/6
f 1638/2/6 1635/2/6 1639/2/6
f 1640/6/6 1641/6/6 1656/6/6
f 1642/6/6 1643/6/6 1657/6/6
f 1657/6/6 1643/6/6 1658/6/6
f 1644/6/6 1645/6/6 1659/6/6
f 1659/6/6 1645/6/6 1660/6/6
f 1646/6/6 1647/6/6 1661/6/6
f 1648/6/6 1649/6/6 1662/6/6
f 1650/6/6 1651/6/6 1663/6/6
f 1663/6/6 1651/6/6 1664/6/6
f 1652/6/6 1653/6/6 1665/6/6
f 1665/6/6 1653/6/6 1666/6/6
f 1654/6/6 1655/6/6 1667/6/6
f 1640/6/6 1656/6/6 1669/6/6
f 1657/6/6 1658/6/6 1669/6/6
f 1659/6/6 1660/6/6 1669/6/6
f 1660/6/6 1661/6/6 1669/6/6
f 1656/6/6 1657/6/6 1669/6/6
f 1658/6/6 1659/6/6 1669/6/6
f 1661/6/6 1647/6/6 1670/6/6
f 1669/6/6 1661/6/6 1670/6/6
f 1665/6/6 1666/6/6 1673/6/6
f 1666/6/6 1667/6/6 1673/6/6
f 1664/6/6 1665/6/6 1673/6/6
f 1648/6/6 1662/6/6 1673/6/6
f 1663/6/6 1664/6/6 1673/6/6
f 1662/6/6 1663/6/6 1673/6/6
f 1667/6/6 1655/6/6 1674/6/6
f 1673/6/6 1667/6/6 1674/6/6
f 1670/6/6 1671/6/6 1676/6/6
f 1669/6/6 1670/6/6 1676/6/6
f 1668/6/6 1669/6/6 1676/6/6
f 1676/6/6 1671/6/6 1677/6/6
f 1677/6/6 1671/6/6 1678/6/6
f 1678/6/6 1671/6/6 1679/6/6
f 1674/6/6 1675/6/6 1680/6/6
f 1673/6/6 1674/6/6 1680/6/6
f 1672/6/6 1673/6/6 1680/6/6
f 1680/6/6 1675/6/6 1681/6/6
f 1681/6/6 1675/6/6 1682/6/6
f 1682/6/6 1675/6/6 1683/6/6
f 1677/6/6 1678/6/6 1684/6/6
f 1684/6/6 1678/6/6 1685/6/6
f 1681/6/6 1682/6/6 1686/6/6
f 1686/6/6 1682/6/6 1687/6/6
f 1688/3/6 1689/3/6 1692/3/6
f 1692/3/6 1689/3/6 1693/3/6
f 1690/3/6 1691/3/6 1694/3/6
f 1694/3/6 1691/3/6 1695/3/6
f 1696/2/6 1697/2/6 1698/2/6
f 1698/2/6 1697/2/6 1699/2/6
f 1700/6/6 1701/6/6 1705/6/6
f 1705/6/6 1701/6/6 1706/6/7
f 1702/6/6 1703/6/6 1709/6/6
f 1709/6/6 1703/6/6 1710/6/7
f 1706/6/7 1707/6/6 1712/6/6
f 1704/6/6 1705/6/6 1712/6/6
f 1705/6/6 1706/6/7 1712/6/6
f 1712/6/6 1707/6/6 1713/6/6
f 1710/6/7 1711/6/6 1714/6/6
f 1709/6/6 1710/6/7 1714/6/6
f 1708/6/6 1709/6/6 1714/6/6
f 1714/6/6 1711/6/6 1715/6/6
f 1716/6/6 1717/6/6 1724/6/6
f 1724/6/6 1717/6/6 1725/6/6
f 1718/6/6 1719/6/6 1726/6/6
f 1726/6/6 1719/6/6 1727/6/6
f 1720/6/6 1721/6/6 1728/6/6
f 1728/6/6 1721/6/6 1729/6/6
f 1722/6/6 1723/6/6 1730/6/6
f 1730/6/6 1723/6/6 1731/6/6
f 1732/6/6 1733/6/6 1740/6/6
f 1740/6/6 1733/6/6 1741/6/6
f 1734/6/6 1735/6/6 1742/6/6
f 1742/6/6 1735/6/6 1743/6/6
f 1736/6/6 1737/6/6 1744/6/6
f 1744/6/6 1737/6/6 1745/6/6
f 1738/6/6 1739/6/6 1746/6/6
f 1746/6/6 1739/6/6 1747/6/6
f 1748/2/6 1749/2/6 1750/2/6
f 1748/2/6 1750/2/6 1751/2/6
f 1225/5/4 1910/5/4 1911/5/4
f 1224/5/4 1910/5/4 1225/5/4
f 1890/5/4 1224/5/4 1223/5/4
f 1888/6/4 1054/6/4 1051/6/4
f 2236/5/3 1887/5/3 2261/5/3
f 1206/5/4 1873/5/4 1205/5/4
f 1873/5/4 1214/5/4 1205/5/4
f 910/4/3 1870/4/3 909/4/3
f 909/4/3 1869/4/3 908/4/3
f 845/5/3 1868/9/3 839/5/3
f 703/6/3 1867/6/3 702/6/3
f 638/5/2 1875/5/2 1866/5/2
f 1218/5/4 1874/5/4 1221/5/4
f 1853/6/4 1048/6/4 1045/6/4
f 908/4/3 1852/4/3 906/4/3
f 637/5/2 1866/5/2 1848/5/2
f 568/4/2 1846/4/2 1865/4/2
f 522/6/2 1842/6/2 1897/6/2
f 1066/6/4 1835/18/4 1907/6/4
f 885/2/3 1833/2/3 884/2/3
f 884/2/3 1832/2/3 883/2/3
f 883/2/3 1831/2/3 882/2/3
f 881/2/3 1885/2/3 876/2/3
f 882/2/3 1830/2/3 881/2/3
f 701/6/3 1827/6/3 700/6/3
f 636/5/2 1848/5/2 1825/5/2
f 636/5/2 1825/5/2 1826/5/2
f 380/6/2 1896/6/2 376/6/2
f 1805/5/4 1222/5/4 2028/5/4
f 1221/5/4 1803/5/4 2258/5/8
f 1218/5/4 1802/5/4 1855/5/4
f 1214/5/4 1908/5/4 1802/5/4
f 1801/6/4 1066/6/4 1063/6/4
f 1054/6/4 1906/6/4 1800/6/4
f 880/2/3 1829/2/3 1796/2/3
f 627/6/2 1898/6/2 1792/6/2
f 1222/5/4 1856/5/4 1786/5/4
f 1786/5/4 1223/5/4 1222/5/4
f 1206/5/4 1785/5/4 1889/5/4
f 1783/5/4 1112/5/4 1110/5/4
f 1782/5/4 1110/5/4 1108/5/4
f 1060/6/4 1781/6/4 1854/6/4
f 1048/6/4 1872/6/4 1780/6/4
f 1798/4/3 891/4/3 896/4/3
f 880/2/3 1776/2/3 875/2/3
f 1795/4/3 845/4/3 850/4/3
f 707/6/3 1774/6/3 706/6/3
f 705/6/3 1773/6/3 704/6/3
f 447/5/2 1821/5/2 1772/5/2
f 448/4/2 1771/4/2 1791/4/2
f 1221/5/4 1766/5/4 1804/5/4
f 1765/5/4 1206/5/4 1202/5/4
f 1112/5/4 1784/5/4 1764/5/4
f 1763/5/4 1108/5/4 1103/5/4
f 1762/6/4 1060/6/4 1057/6/4
f 912/5/3 1904/5/3 910/5/3
f 891/2/3 1903/2/3 885/2/3
f 875/4/3 1757/4/3 874/4/3
f 873/4/3 1901/4/3 869/4/3
f 874/4/3 1756/4/3 873/4/3
f 567/5/2 1754/5/2 1847/5/2
f 551/6/2 1753/6/2 547/6/2
f 1803/5/4 2259/9/9 2258/5/8
f 1905/5/3 2257/5/3 1799/5/3
f 980/5/3 2234/5/3 987/5/3
f 2220/5/2 570/5/2 569/5/2
f 2218/6/2 532/6/2 531/6/2
f 2189/3/2 456/3/2 455/3/2
f 248/2/1 2186/19/1 247/2/1
f 130/10/1 2183/10/1 129/10/1
f 5/1/1 2182/14/1 15/1/1
f 2180/5/5 1346/5/5 1347/5/5
f 2179/2/5 1343/2/5 1346/2/5
f 2178/2/5 1342/2/5 1343/2/5
f 1219/5/4 2175/5/4 1217/5/4
f 1212/4/4 2174/4/4 1211/4/4
f 993/2/3 2235/2/3 994/2/3
f 2154/5/2 639/5/2 638/5/2
f 637/5/2 2154/5/2 638/5/2
f 247/2/1 2186/19/1 2151/2/1
f 129/10/1 2183/10/1 2150/10/1
f 15/1/1 2182/14/1 2149/1/1
f 2/5/1 2147/5/1 1/5/1
f 1522/1/6 2145/1/6 2255/1/6
f 1463/1/6 2144/1/6 1464/1/6
f 2177/2/5 1340/2/5 1342/2/5
f 1230/1/4 2140/1/4 2141/1/4
f 1230/1/4 2139/14/4 2140/1/4
f 1230/1/4 2137/1/4 2139/14/4
f 1230/1/4 2136/14/10 2137/1/4
f 1230/1/4 2135/14/11 2136/14/10
f 1230/1/4 2133/1/4 2135/14/11
f 1230/1/4 2131/1/4 2133/1/4
f 1230/1/4 2130/1/4 2131/1/4
f 1230/1/4 2127/1/4 2130/1/4
f 1230/1/4 2126/1/4 2127/1/4
f 1230/1/4 2125/1/4 2126/1/4
f 1230/1/4 2124/1/4 2125/1/4
f 1230/1/4 2123/1/4 2124/1/4
f 1230/1/4 2122/1/4 2123/1/4
f 1230/1/4 2121/1/4 2122/1/4
f 1233/1/4 2120/14/4 1230/1/4
f 1230/1/4 2120/14/4 2121/1/4
f 920/6/3 2100/6/3 2101/6/3
f 728/1/3 2091/1/3 731/1/3
f 2089/3/2 593/3/2 592/3/2
f 2087/3/2 454/3/2 453/3/2
f 2085/10/2 450/10/2 449/10/2
f 2084/5/2 1841/5/2 1824/5/2
f 392/5/2 2084/5/2 433/5/2
f 219/1/1 2082/1/1 221/1/1
f 217/1/1 2081/1/1 219/1/1
f 215/1/1 2080/1/1 217/1/1
f 213/1/1 2185/1/1 2078/1/1
f 213/1/1 2079/1/1 215/1/1
f 136/10/1 2076/10/1 135/10/1
f 4/5/1 2074/5/1 2075/5/1
f 1/5/1 2147/5/1 2073/5/1
f 1/5/1 2073/5/1 2074/5/1
f 1529/2/6 2072/2/6 2146/2/6
f 1517/1/6 2145/1/6 1522/1/6
f 1462/1/6 2143/1/6 1463/1/6
f 987/2/3 2234/2/3 2059/2/3
f 961/3/3 2232/12/3 964/3/3
f 911/5/3 2053/5/3 2098/5/3
f 902/5/3 2053/5/3 911/5/3
f 322/3/1 2036/3/1 321/3/1
f 318/3/1 2034/3/1 317/3/1
f 135/10/1 2076/10/1 2032/10/1
f 55/3/1 2031/3/1 2030/3/1
f 1528/2/6 2072/2/6 1529/2/6
f 1219/5/4 2026/5/4 2208/5/4
f 1068/1/4 2021/1/4 1067/1/4
f 968/3/3 2197/3/3 2020/3/3
f 914/6/3 2017/6/3 2099/6/3
f 900/2/3 2051/2/3 2007/2/3
f 761/1/3 2049/1/3 766/1/3
f 747/1/3 2048/1/3 2004/1/3
f 2001/3/2 591/3/2 590/3/2
f 2000/8/2 490/5/2 491/5/2
f 1997/1/2 367/1/2 366/1/2
f 331/5/1 1996/5/1 334/5/1
f 321/3/1 2036/3/1 1993/3/1
f 317/3/1 2034/3/1 1992/3/1
f 303/3/1 2033/3/1 1990/3/1
f 303/5/1 1991/5/1 304/5/1
f 198/1/1 1988/1/1 197/1/1
f 134/10/1 1986/10/1 133/10/1
f 1222/5/4 2209/5/4 1985/5/4
f 1107/6/4 2022/6/4 1979/6/4
f 969/10/3 1978/10/3 973/10/3
f 946/3/3 1977/3/3 947/3/3
f 853/5/3 1972/5/3 1973/5/3
f 384/2/2 1967/2/2 399/2/2
f 332/5/1 1964/5/1 1995/5/1
f 2256/5/1 332/5/1 1818/5/1
f 332/2/1 1995/2/1 1963/2/1
f 331/2/1 1962/2/1 1994/2/1
f 319/3/1 1960/3/1 2188/3/1
f 320/3/1 1960/3/1 319/3/1
f 197/1/1 1988/1/1 1959/1/1
f 133/10/1 1986/10/1 1958/10/1
f 5/1/1 3/1/1 2181/1/1
f 1234/1/4 2253/1/4 1233/1/4
f 1215/5/4 1984/5/4 1954/5/4
f 1215/5/4 2207/5/4 1212/5/4
f 1111/5/4 1948/5/4 2167/5/4
f 1107/6/4 1947/18/4 1106/6/4
f 978/3/3 2233/3/3 980/3/3
f 959/3/3 1941/3/3 960/3/3
f 952/3/3 2161/3/3 956/3/3
f 942/3/3 1938/3/3 944/3/3
f 923/6/3 2158/6/3 924/6/3
f 916/6/3 2157/6/3 1933/6/3
f 713/1/3 2224/1/3 1931/1/3
f 605/5/2 1930/5/2 637/5/2
f 1927/3/2 589/3/2 588/3/2
f 1924/3/2 458/3/2 457/3/2
f 1922/1/2 452/1/2 451/1/2
f 1921/5/2 392/5/2 391/5/2
f 334/5/1 1996/5/1 1919/5/1
f 304/5/1 1991/5/1 1918/5/1
f 297/6/1 1916/6/1 2214/6/1
f 298/6/1 1916/6/1 297/6/1
f 203/1/1 1914/1/1 2213/1/1
f 204/1/1 1914/1/1 203/1/1
f 131/10/1 1912/10/1 2212/10/1
f 132/10/1 1912/10/1 131/10/1
f 1891/5/1 96/5/1 110/5/1
f 110/2/1 109/2/1 1836/2/1
f 109/5/1 108/5/1 1807/5/1
f 1859/6/1 102/6/1 97/6/1
f 106/5/1 100/5/1 1808/9/1
f 108/5/1 106/5/1 1767/5/1
f 1787/5/1 91/5/1 96/5/1
f 1838/4/1 246/4/1 245/4/1
f 1861/5/1 231/5/1 246/5/1
f 267/6/1 263/6/1 1895/6/1
f 1789/6/1 294/6/1 289/6/1
f 1813/4/1 348/4/1 349/4/1
f 1815/5/1 332/5/1 348/5/1
f 360/6/1 356/6/1 1864/6/1
f 384/5/2 431/5/2 2039/5/2
f 569/1/2 571/1/2 2043/1/2
f 2046/5/2 605/5/2 606/5/2
f 2226/4/3 833/4/3 840/4/3
f 1972/5/3 847/5/3 846/5/3
f 846/5/3 833/5/3 2229/9/3
f 880/2/3 879/2/3 1777/2/3
f 879/2/3 878/2/3 1759/2/3
f 877/2/3 876/2/3 1885/2/3
f 878/2/3 877/2/3 1902/2/3
f 2094/2/3 901/2/3 900/2/3
f 2156/5/3 902/5/3 901/5/3
f 2100/6/3 919/6/3 918/6/3
f 917/6/3 916/6/3 1976/6/3
f 2054/6/3 918/6/3 917/6/3
f 2159/3/3 942/3/3 941/3/3
f 1942/1/3 978/1/3 976/1/3
f 2060/1/4 1068/1/4 1071/1/4
f 1945/9/4 1101/5/4 1102/5/4
f 2246/6/4 1102/6/4 1104/6/4
f 2112/6/4 1104/6/4 1106/6/4
f 2022/6/4 1108/6/4 1109/6/4
f 1112/5/4 1113/5/4 2114/5/4
f 1124/3/4 1126/3/4 2169/3/4
f 1126/5/4 1133/5/4 2170/5/4
f 1144/3/4 1149/3/4 2200/3/4
f 2116/3/4 1151/3/4 1152/3/4
f 1157/3/4 1160/3/4 2065/3/4
f 1163/3/4 1164/3/4 2202/3/4
f 1169/3/4 1172/3/4 1981/3/4
f 1175/3/4 1176/3/4 2067/3/4
f 1177/10/4 1180/10/4 1982/10/4
f 1983/3/4 1210/3/4 1211/3/4
f 1984/5/4 1216/5/4 1217/5/4
f 1223/5/4 1225/5/4 2210/9/4
f 1226/5/4 1230/5/4 2068/5/4
f 1955/1/4 1234/1/4 1237/1/4
f 1224/5/4 1909/5/4 1910/5/4
f 1890/5/4 1909/5/4 1224/5/4
f 1888/6/4 1906/6/4 1054/6/4
f 2236/5/3 1905/5/3 1887/5/3
f 1206/5/4 1889/5/4 1873/5/4
f 1873/5/4 1908/5/4 1214/5/4
f 910/4/3 1871/4/3 1870/4/3
f 909/4/3 1870/4/3 1869/4/3
f 845/5/3 1884/5/3 1868/9/3
f 703/6/3 1883/6/3 1867/6/3
f 638/5/2 639/5/2 1875/5/2
f 1218/5/4 1855/5/4 1874/5/4
f 1853/6/4 1872/6/4 1048/6/4
f 908/4/3 1869/4/3 1852/4/3
f 637/5/2 638/5/2 1866/5/2
f 568/4/2 567/4/2 1846/4/2
f 522/6/2 527/6/2 1842/6/2
f 885/2/3 1834/2/3 1833/2/3
f 884/2/3 1833/2/3 1832/2/3
f 883/2/3 1832/2/3 1831/2/3
f 881/2/3 1830/2/3 1885/2/3
f 882/2/3 1831/2/3 1830/2/3
f 701/6/3 1849/6/3 1827/6/3
f 636/5/2 637/5/2 1848/5/2
f 380/6/2 1819/6/2 1896/6/2
f 2028/5/4 2259/9/9 1805/5/4
f 1805/5/4 1856/5/4 1222/5/4
f 2258/5/8 2027/5/4 1221/5/4
f 1221/5/4 1804/5/4 1803/5/4
f 1218/5/4 1214/5/4 1802/5/4
f 1801/6/4 1835/18/4 1066/6/4
f 627/6/2 632/6/2 1898/6/2
f 1786/5/4 1806/5/4 1223/5/4
f 1783/5/4 1784/5/4 1112/5/4
f 1782/5/4 1783/5/4 1110/5/4
f 1798/4/3 1778/4/3 891/4/3
f 880/2/3 1796/2/3 1776/2/3
f 1795/4/3 1775/4/3 845/4/3
f 707/6/3 1794/6/3 1774/6/3
f 705/6/3 1793/6/3 1773/6/3
f 447/5/2 433/5/2 1821/5/2
f 448/4/2 447/4/2 1771/4/2
f 1765/5/4 1785/5/4 1206/5/4
f 1763/5/4 1782/5/4 1108/5/4
f 1762/6/4 1781/6/4 1060/6/4
f 912/5/3 1761/5/3 1904/5/3
f 891/2/3 1760/2/3 1903/2/3
f 875/4/3 1758/4/3 1757/4/3
f 873/4/3 1756/4/3 1901/4/3
f 874/4/3 1757/4/3 1756/4/3
f 567/5/2 555/5/2 1754/5/2
f 551/6/2 1844/6/2 1753/6/2
f 1803/5/4 1805/5/4 2259/9/9
f 1905/5/3 2236/5/3 2257/5/3
f 980/5/3 2233/5/3 2234/5/3
f 2220/5/2 2221/5/2 570/5/2
f 2218/6/2 2219/6/2 532/6/2
f 2189/3/2 2190/3/2 456/3/2
f 248/2/1 2187/2/1 2186/19/1
f 130/10/1 2184/10/1 2183/10/1
f 5/1/1 2181/1/1 2182/14/1
f 2180/5/5 2179/5/5 1346/5/5
f 2179/2/5 2178/2/5 1343/2/5
f 2178/2/5 2177/2/5 1342/2/5
f 1219/5/4 2208/5/4 2175/5/4
f 1212/4/4 2204/4/4 2174/4/4
f 993/2/3 2165/2/3 2235/2/3
f 2154/5/2 2155/9/2 639/5/2
f 637/5/2 2153/5/2 2154/5/2
f 2/5/1 2148/5/1 2147/5/1
f 1463/1/6 2143/1/6 2144/1/6
f 2177/2/5 2142/2/5 1340/2/5
f 1233/1/4 2253/1/4 2120/14/4
f 920/6/3 919/6/3 2100/6/3
f 728/1/3 2225/1/3 2091/1/3
f 2089/3/2 2090/3/2 593/3/2
f 2087/3/2 2088/3/2 454/3/2
f 2085/10/2 2086/10/2 450/10/2
f 1824/5/2 433/5/2 2084/5/2
f 2084/5/2 2260/5/2 1841/5/2
f 392/5/2 2083/5/2 2084/5/2
f 219/1/1 2081/1/1 2082/1/1
f 217/1/1 2080/1/1 2081/1/1
f 215/1/1 2079/1/1 2080/1/1
f 213/1/1 2078/1/1 2079/1/1
f 136/10/1 2077/10/1 2076/10/1
f 4/5/1 1/5/1 2074/5/1
f 1517/1/6 2071/1/6 2145/1/6
f 1462/1/6 2070/1/6 2143/1/6
f 961/3/3 2057/3/3 2232/12/3
f 902/5/3 2156/5/3 2053/5/3
f 322/3/1 2037/3/1 2036/3/1
f 318/3/1 2035/3/1 2034/3/1
f 55/3/1 45/3/1 2031/3/1
f 1528/2/6 2029/2/6 2072/2/6
f 1219/5/4 1221/5/4 2026/5/4
f 1068/1/4 2060/1/4 2021/1/4
f 968/3/3 967/3/3 2197/3/3
f 914/6/3 913/6/3 2017/6/3
f 900/2/3 897/2/3 2051/2/3
f 761/1/3 2005/1/3 2049/1/3
f 747/1/3 736/1/3 2048/1/3
f 2001/3/2 2002/3/2 591/3/2
f 2000/8/2 1999/5/2 490/5/2
f 1997/1/2 1998/1/2 367/1/2
f 331/5/1 1994/5/1 1996/5/1
f 303/5/1 1990/5/1 1991/5/1
f 198/1/1 1989/1/1 1988/1/1
f 134/10/1 1987/10/1 1986/10/1
f 1222/5/4 1223/5/4 2209/5/4
f 1107/6/4 1108/6/4 2022/6/4
f 969/10/3 2164/10/3 1978/10/3
f 946/3/3 2195/3/3 1977/3/3
f 853/5/3 847/5/3 1972/5/3
f 384/2/2 1966/2/2 1967/2/2
f 1818/5/1 1768/5/1 2256/5/1
f 2256/5/1 1964/5/1 332/5/1
f 320/3/1 1961/3/1 1960/3/1
f 1234/1/4 1955/1/4 2253/1/4
f 1215/5/4 1216/5/4 1984/5/4
f 1215/5/4 1954/5/4 2207/5/4
f 1111/5/4 1112/5/4 1948/5/4
f 1107/6/4 1979/6/4 1947/18/4
f 978/3/3 1942/3/3 2233/3/3
f 959/3/3 2162/3/3 1941/3/3
f 952/3/3 1940/3/3 2161/3/3
f 942/3/3 2159/3/3 1938/3/3
f 923/6/3 1937/6/3 2158/6/3
f 916/6/3 914/6/3 2157/6/3
f 713/1/3 712/1/3 2224/1/3
f 605/5/2 1929/5/2 1930/5/2
f 1927/3/2 1928/3/2 589/3/2
f 1924/3/2 1925/3/2 458/3/2
f 1922/1/2 1923/1/2 452/1/2
f 1921/5/2 1920/5/2 392/5/2
f 298/6/1 1917/6/1 1916/6/1
f 204/1/1 1915/1/1 1914/1/1
f 132/10/1 1913/10/1 1912/10/1
