# Blender 4.4.0
# www.blender.org
mtllib tallBuilding_01_bottom.mtl
o Untitled
v -1.200000 0.000000 0.600000
v -1.200000 -0.000000 -1.600000
v -1.200000 0.100000 0.600000
v -1.200000 0.100000 -1.600000
v -1.200000 0.900000 -0.100000
v -1.200000 0.900000 -0.800000
v -1.200000 1.000000 -0.100000
v -1.200000 1.000000 -0.800000
v -1.100000 0.000000 0.700000
v -1.100000 0.000000 0.600000
v -1.100000 -0.000000 -1.600000
v -1.100000 -0.000000 -1.700000
v -1.100000 0.100000 0.700000
v -1.100000 0.100000 0.600000
v -1.100000 0.100000 -1.600000
v -1.100000 0.100000 -1.700000
v -1.100000 0.250000 0.225000
v -1.100000 0.200000 -0.600000
v -1.100000 0.200000 -0.900000
v -1.100000 0.200000 -1.250000
v -1.100000 0.300000 0.500000
v -1.100000 0.300000 -0.600000
v -1.100000 0.300000 -0.900000
v -1.100000 0.300000 -1.250000
v -1.100000 0.350000 -1.450000
v -1.100000 0.300000 -1.600000
v -1.100000 0.475000 0.387500
v -1.100000 0.450000 -0.250000
v -1.100000 0.500000 0.600000
v -1.100000 0.750000 -0.200000
v -1.100000 0.750000 -0.525000
v -1.100000 0.900000 -0.100000
v -1.100000 0.900000 -0.800000
v -1.100000 1.600000 0.600000
v -1.100000 1.650000 0.500000
v -1.100000 1.650000 -1.500000
v -1.100000 1.600000 -1.600000
v -1.100000 1.700000 -0.100000
v -1.100000 1.700000 -0.800000
v -1.100000 1.800000 0.400000
v -1.100000 1.800000 0.300000
v -1.100000 1.800000 0.200000
v -1.100000 1.800000 0.100000
v -1.100000 1.800000 -0.900000
v -1.100000 1.800000 -1.000000
v -1.100000 1.800000 -1.100000
v -1.100000 1.800000 -1.200000
v -1.100000 1.800000 -1.300000
v -1.100000 1.800000 -1.400000
v -1.100000 1.900000 0.600000
v -1.100000 1.900000 0.400000
v -1.100000 1.900000 0.300000
v -1.100000 1.900000 0.200000
v -1.100000 1.900000 0.100000
v -1.100000 1.900000 -0.100000
v -1.100000 1.900000 -0.800000
v -1.100000 1.900000 -0.900000
v -1.100000 1.900000 -1.000000
v -1.100000 1.900000 -1.100000
v -1.100000 1.900000 -1.200000
v -1.100000 1.900000 -1.300000
v -1.100000 1.900000 -1.400000
v -1.100000 1.900000 -1.600000
v -1.100000 2.000000 -1.100000
v -1.100000 2.000000 -1.600000
v -1.000000 1.800000 0.400000
v -1.000000 1.800000 0.300000
v -1.000000 1.800000 0.200000
v -1.000000 1.800000 0.100000
v -1.000000 1.800000 -0.900000
v -1.000000 1.800000 -1.000000
v -1.000000 1.800000 -1.100000
v -1.000000 1.800000 -1.200000
v -1.000000 1.800000 -1.300000
v -1.000000 1.800000 -1.400000
v -1.000000 1.900000 0.500000
v -1.000000 1.900000 0.400000
v -1.000000 1.900000 0.300000
v -1.000000 1.900000 0.200000
v -1.000000 1.900000 0.100000
v -1.000000 1.900000 -0.100000
v -1.000000 1.900000 -0.800000
v -1.000000 1.900000 -0.900000
v -1.000000 1.900000 -1.000000
v -1.000000 1.900000 -1.100000
v -1.000000 1.900000 -1.200000
v -1.000000 1.900000 -1.300000
v -1.000000 1.900000 -1.400000
v -1.000000 1.900000 -1.500000
v -1.000000 2.000000 0.500000
v -1.000000 2.000000 -0.800000
v -1.000000 2.000000 -1.100000
v -1.000000 2.000000 -1.500000
v -0.900000 0.900000 0.700000
v -0.900000 0.900000 0.600000
v -0.900000 1.000000 0.700000
v -0.900000 1.000000 0.600000
v -0.900000 1.100000 0.700000
v -0.900000 1.100000 0.600000
v -0.900000 1.100000 -0.100000
v -0.900000 1.100000 -0.800000
v -0.900000 1.200000 -0.100000
v -0.900000 1.200000 -0.800000
v -0.900000 1.400000 0.700000
v -0.900000 1.400000 0.600000
v -0.900000 1.500000 -0.100000
v -0.900000 1.500000 -0.800000
v -0.900000 1.600000 -0.100000
v -0.900000 1.600000 -0.800000
v -0.900000 1.900000 -0.100000
v -0.900000 1.900000 -0.800000
v -0.900000 2.000000 -0.100000
v -0.900000 2.000000 -0.800000
v -0.800000 1.400000 0.700000
v -0.800000 1.400000 0.600000
v -0.800000 1.500000 0.700000
v -0.800000 1.500000 0.600000
v -0.800000 1.700000 -0.100000
v -0.800000 1.700000 -0.200000
v -0.800000 1.700000 -0.300000
v -0.800000 1.700000 -0.400000
v -0.800000 1.700000 -0.500000
v -0.800000 1.700000 -0.600000
v -0.800000 1.700000 -0.700000
v -0.800000 1.700000 -0.800000
v -0.800000 1.800000 0.600000
v -0.800000 1.800000 0.500000
v -0.800000 1.800000 -1.500000
v -0.800000 1.800000 -1.600000
v -0.800000 1.900000 0.600000
v -0.800000 1.900000 0.500000
v -0.800000 1.900000 -0.100000
v -0.800000 1.900000 -0.200000
v -0.800000 1.900000 -0.300000
v -0.800000 1.900000 -0.400000
v -0.800000 1.900000 -0.500000
v -0.800000 1.900000 -0.600000
v -0.800000 1.900000 -0.700000
v -0.800000 1.900000 -0.800000
v -0.800000 1.900000 -1.500000
v -0.800000 1.900000 -1.600000
v -0.800000 2.000000 -0.100000
v -0.800000 2.000000 -0.200000
v -0.800000 2.000000 -0.300000
v -0.800000 2.000000 -0.400000
v -0.800000 2.000000 -0.500000
v -0.800000 2.000000 -0.600000
v -0.800000 2.000000 -0.700000
v -0.800000 2.000000 -0.800000
v -0.800000 2.300000 -0.700000
v -0.800000 2.300000 -0.800000
v -0.700000 0.400000 0.700000
v -0.700000 0.400000 0.600000
v -0.700000 0.500000 0.700000
v -0.700000 0.500000 0.600000
v -0.700000 0.600000 0.700000
v -0.700000 0.600000 0.600000
v -0.700000 1.400000 0.600000
v -0.700000 1.400000 0.700000
v -0.600000 1.800000 0.600000
v -0.600000 1.800000 0.500000
v -0.600000 1.800000 -1.500000
v -0.600000 1.800000 -1.600000
v -0.600000 1.900000 0.600000
v -0.600000 1.900000 0.500000
v -0.600000 1.900000 -1.500000
v -0.600000 1.900000 -1.600000
v -0.500000 0.000000 1.600000
v -0.500000 0.000000 0.700000
v -0.500000 0.100000 1.600000
v -0.500000 0.100000 1.100000
v -0.500000 0.100000 0.700000
v -0.500000 0.100000 0.600000
v -0.500000 0.200000 1.100000
v -0.500000 0.200000 0.600000
v -0.500000 1.900000 0.600000
v -0.500000 1.900000 0.500000
v -0.500000 2.400000 0.600000
v -0.500000 2.400000 0.500000
v -0.400000 0.200000 1.000000
v -0.400000 0.200000 0.600000
v -0.400000 0.300000 1.000000
v -0.400000 0.300000 0.800000
v -0.400000 0.400000 0.800000
v -0.400000 0.400000 0.700000
v -0.400000 0.400000 0.600000
v -0.400000 1.700000 0.600000
v -0.400000 1.800000 -1.500000
v -0.400000 1.800000 -1.600000
v -0.400000 1.900000 -1.500000
v -0.400000 1.900000 -1.600000
v -0.400000 2.400000 0.600000
v -0.400000 2.400000 0.500000
v -0.300000 0.100000 1.400000
v -0.300000 0.100000 1.200000
v -0.300000 0.200000 1.400000
v -0.300000 0.200000 1.200000
v -0.200000 1.800000 -1.500000
v -0.200000 1.800000 -1.600000
v -0.200000 1.900000 -1.500000
v -0.200000 1.900000 -1.600000
v -0.200000 2.100000 -1.500000
v -0.200000 2.100000 -1.600000
v -0.200000 2.300000 -1.500000
v -0.200000 2.300000 -1.600000
v -0.100000 0.400000 0.400000
v -0.100000 0.400000 0.300000
v -0.100000 0.700000 0.400000
v -0.100000 0.700000 0.300000
v -0.100000 0.800000 0.400000
v -0.100000 0.800000 0.300000
v -0.100000 1.100000 0.400000
v -0.100000 1.100000 0.300000
v -0.100000 1.200000 0.400000
v -0.100000 1.200000 0.300000
v -0.100000 1.500000 0.400000
v -0.100000 1.500000 0.300000
v -0.100000 1.600000 0.400000
v -0.100000 1.600000 0.300000
v -0.100000 1.900000 0.400000
v -0.100000 1.900000 0.300000
v -0.100000 2.000000 0.400000
v -0.100000 2.000000 0.300000
v -0.100000 2.300000 0.400000
v -0.100000 2.300000 0.300000
v -0.100000 2.400000 0.400000
v -0.100000 2.400000 0.300000
v -0.100000 2.700000 0.400000
v -0.100000 2.700000 0.300000
v 0.000000 0.000000 1.700000
v 0.000000 0.000000 1.600000
v 0.000000 0.100000 1.600000
v 0.000000 0.100000 1.500000
v 0.000000 0.200000 1.700000
v 0.000000 0.200000 1.500000
v 0.000000 0.200000 0.900000
v 0.000000 0.200000 0.700000
v 0.000000 0.300000 0.900000
v 0.000000 0.300000 0.700000
v 0.100000 1.800000 -1.500000
v 0.100000 1.800000 -1.600000
v 0.100000 1.900000 -1.500000
v 0.100000 1.900000 -1.600000
v 0.100000 2.800000 0.700000
v 0.100000 2.800000 0.400000
v 0.200000 0.400000 0.400000
v 0.200000 0.400000 0.300000
v 0.200000 0.700000 0.400000
v 0.200000 0.700000 0.300000
v 0.200000 0.800000 0.400000
v 0.200000 0.800000 0.300000
v 0.200000 1.100000 0.400000
v 0.200000 1.100000 0.300000
v 0.200000 1.200000 0.400000
v 0.200000 1.200000 0.300000
v 0.200000 1.500000 0.400000
v 0.200000 1.500000 0.300000
v 0.200000 1.600000 0.400000
v 0.200000 1.600000 0.300000
v 0.200000 1.900000 0.400000
v 0.200000 1.900000 0.300000
v 0.200000 2.000000 0.400000
v 0.200000 2.000000 0.300000
v 0.200000 2.300000 0.400000
v 0.200000 2.300000 0.300000
v 0.200000 2.400000 0.400000
v 0.200000 2.400000 0.300000
v 0.200000 2.700000 0.400000
v 0.200000 2.700000 0.300000
v 0.300000 0.200000 1.000000
v 0.300000 0.200000 0.900000
v 0.300000 0.200000 0.700000
v 0.300000 0.200000 0.400000
v 0.300000 0.300000 1.000000
v 0.300000 0.300000 0.900000
v 0.300000 0.300000 0.800000
v 0.300000 0.300000 0.700000
v 0.300000 0.400000 0.800000
v 0.300000 0.400000 0.700000
v 0.300000 0.400000 0.400000
v 0.300000 1.675000 0.500000
v 0.300000 1.675000 0.400000
v 0.300000 1.800000 -1.500000
v 0.300000 1.800000 -1.600000
v 0.300000 1.900000 -1.500000
v 0.300000 1.900000 -1.600000
v 0.300000 2.000000 0.500000
v 0.300000 2.000000 0.400000
v 0.300000 2.200000 0.500000
v 0.300000 2.200000 0.400000
v 0.300000 2.800000 0.400000
v 0.300000 2.800000 0.700000
v 0.500000 1.800000 -1.500000
v 0.500000 1.800000 -1.600000
v 0.500000 1.900000 -1.500000
v 0.500000 1.900000 -1.600000
v 0.600000 0.400000 0.700000
v 0.600000 0.400000 0.600000
v 0.600000 0.500000 0.700000
v 0.600000 0.500000 0.600000
v 0.600000 0.600000 0.700000
v 0.600000 0.600000 0.600000
v 0.600000 1.500000 0.700000
v 0.600000 1.500000 0.600000
v 0.600000 2.600000 0.600000
v 0.600000 2.600000 0.500000
v 0.600000 2.700000 0.600000
v 0.600000 2.700000 0.500000
v 0.600000 3.200000 0.600000
v 0.600000 3.200000 0.500000
v 0.700000 1.700000 -0.100000
v 0.700000 1.700000 -0.200000
v 0.700000 1.700000 -0.300000
v 0.700000 1.700000 -0.400000
v 0.700000 1.700000 -0.500000
v 0.700000 1.700000 -0.600000
v 0.700000 1.800000 0.600000
v 0.700000 1.800000 0.500000
v 0.700000 1.800000 -1.500000
v 0.700000 1.800000 -1.600000
v 0.700000 1.900000 0.600000
v 0.700000 1.900000 0.500000
v 0.700000 1.900000 -0.100000
v 0.700000 1.900000 -0.200000
v 0.700000 1.900000 -0.300000
v 0.700000 1.900000 -0.400000
v 0.700000 1.975000 -0.500000
v 0.700000 1.975000 -0.600000
v 0.700000 1.900000 -1.500000
v 0.700000 1.900000 -1.600000
v 0.700000 2.150000 -0.100000
v 0.700000 2.150000 -0.200000
v 0.700000 2.100000 -0.300000
v 0.700000 2.100000 -0.400000
v 0.700000 2.300000 1.000000
v 0.700000 2.300000 0.900000
v 0.700000 2.300000 -0.300000
v 0.700000 2.375000 -0.400000
v 0.700000 2.300000 -0.500000
v 0.700000 2.300000 -0.600000
v 0.700000 2.400000 1.300000
v 0.700000 2.400000 1.000000
v 0.700000 2.450000 -0.300000
v 0.700000 2.500000 1.200000
v 0.700000 2.500000 1.000000
v 0.700000 2.600000 0.900000
v 0.700000 2.500000 0.600000
v 0.700000 2.500000 0.500000
v 0.700000 2.600000 1.200000
v 0.700000 2.600000 1.000000
v 0.700000 2.600000 0.600000
v 0.700000 2.600000 0.500000
v 0.700000 2.700000 1.300000
v 0.700000 2.700000 1.000000
v 0.700000 2.700000 0.900000
v 0.700000 2.700000 0.600000
v 0.700000 2.800000 1.000000
v 0.700000 2.800000 0.900000
v 0.700000 3.000000 -0.100000
v 0.700000 2.900000 -0.200000
v 0.700000 2.900000 -0.300000
v 0.700000 2.900000 -0.400000
v 0.700000 2.900000 -0.500000
v 0.700000 2.900000 -0.600000
v 0.700000 2.900000 -0.800000
v 0.700000 3.000000 -0.350000
v 0.700000 3.000000 -0.575000
v 0.700000 3.000000 -0.800000
v 0.800000 0.200000 0.300000
v 0.800000 0.200000 -1.300000
v 0.800000 0.800000 -1.600000
v 0.800000 0.800000 -1.700000
v 0.800000 0.900000 0.700000
v 0.800000 0.900000 0.600000
v 0.800000 1.000000 -0.100000
v 0.800000 1.000000 -0.800000
v 0.800000 1.000000 0.700000
v 0.800000 1.000000 0.600000
v 0.800000 1.000000 -0.000000
v 0.800000 1.000000 -0.900000
v 0.800000 1.100000 0.700000
v 0.800000 1.100000 0.600000
v 0.800000 1.100000 -0.100000
v 0.800000 1.100000 -0.800000
v 0.800000 1.200000 -1.600000
v 0.800000 1.200000 -0.100000
v 0.800000 1.200000 -0.800000
v 0.800000 1.200000 -1.700000
v 0.800000 1.400000 0.700000
v 0.800000 1.400000 0.600000
v 0.800000 1.500000 -0.100000
v 0.800000 1.500000 -0.800000
v 0.800000 1.600000 -0.100000
v 0.800000 1.600000 -0.800000
v 0.800000 1.900000 -0.000000
v 0.800000 1.900000 -0.100000
v 0.800000 1.900000 -0.200000
v 0.800000 1.900000 -0.300000
v 0.800000 1.900000 -0.400000
v 0.800000 1.900000 -0.500000
v 0.800000 1.900000 -0.600000
v 0.800000 1.900000 -0.800000
v 0.800000 1.900000 -0.900000
v 0.800000 2.000000 -0.200000
v 0.800000 2.000000 -0.300000
v 0.800000 2.000000 -0.400000
v 0.800000 2.000000 -0.500000
v 0.800000 2.000000 -0.600000
v 0.800000 2.000000 -0.800000
v 0.800000 2.150000 -0.100000
v 0.800000 2.300000 -0.200000
v 0.800000 2.300000 -0.300000
v 0.800000 2.300000 -0.400000
v 0.800000 2.300000 -0.500000
v 0.800000 2.300000 -0.600000
v 0.800000 2.300000 -0.800000
v 0.800000 2.400000 -0.200000
v 0.800000 2.400000 -0.300000
v 0.800000 2.400000 -0.400000
v 0.800000 2.400000 -0.500000
v 0.800000 2.400000 -0.600000
v 0.800000 2.400000 -0.800000
v 0.800000 2.700000 -0.200000
v 0.800000 2.700000 -0.300000
v 0.800000 2.700000 -0.400000
v 0.800000 2.700000 -0.500000
v 0.800000 2.700000 -0.600000
v 0.800000 2.700000 -0.800000
v 0.800000 2.800000 -0.200000
v 0.800000 2.800000 -0.300000
v 0.800000 2.800000 -0.400000
v 0.800000 2.800000 -0.500000
v 0.800000 2.800000 -0.600000
v 0.800000 2.800000 -0.800000
v 0.800000 3.000000 -0.100000
v 0.800000 3.000000 -0.800000
v 0.800000 3.000000 0.400000
v 0.800000 3.000000 0.300000
v 0.800000 3.000000 -0.350000
v 0.800000 3.000000 -0.575000
v 0.800000 3.100000 0.400000
v 0.800000 3.100000 -0.100000
v 0.800000 3.200000 0.400000
v 0.900000 1.800000 0.600000
v 0.900000 1.800000 0.500000
v 0.900000 1.800000 -1.500000
v 0.900000 1.800000 -1.600000
v 0.900000 1.900000 0.600000
v 0.900000 1.900000 0.500000
v 0.900000 1.900000 -1.500000
v 0.900000 1.900000 -1.600000
v -0.900000 1.800000 0.600000
v -0.900000 1.800000 0.500000
v -0.900000 1.800000 -1.500000
v -0.900000 1.800000 -1.600000
v -0.900000 1.900000 0.600000
v -0.900000 1.900000 0.500000
v -0.900000 1.900000 -1.500000
v -0.900000 1.900000 -1.600000
v -0.800000 0.200000 0.300000
v -0.800000 0.200000 -1.300000
v -0.800000 0.900000 0.700000
v -0.800000 0.900000 0.600000
v -0.800000 1.000000 -0.100000
v -0.800000 1.000000 -0.800000
v -0.800000 1.000000 0.700000
v -0.800000 1.000000 0.600000
v -0.800000 1.000000 -0.000000
v -0.800000 1.000000 -0.900000
v -0.800000 1.100000 0.700000
v -0.800000 1.100000 0.600000
v -0.800000 1.100000 -0.100000
v -0.800000 1.100000 -0.800000
v -0.800000 1.200000 -0.100000
v -0.800000 1.200000 -0.800000
v -0.800000 1.400000 0.600000
v -0.800000 1.400000 0.700000
v -0.800000 1.500000 -0.100000
v -0.800000 1.500000 -0.800000
v -0.800000 1.600000 -0.100000
v -0.800000 1.600000 -0.800000
v -0.800000 1.825000 -0.100000
v -0.800000 1.900000 -0.000000
v -0.800000 1.900000 -0.200000
v -0.800000 1.900000 -0.300000
v -0.800000 1.900000 -0.400000
v -0.800000 1.900000 -0.500000
v -0.800000 1.900000 -0.600000
v -0.800000 1.900000 -0.700000
v -0.800000 1.975000 -0.800000
v -0.800000 1.900000 -0.900000
v -0.800000 2.000000 -0.200000
v -0.800000 2.000000 -0.300000
v -0.800000 2.000000 -0.400000
v -0.800000 2.000000 -0.500000
v -0.800000 2.000000 -0.600000
v -0.800000 2.000000 -0.700000
v -0.800000 2.150000 -0.100000
v -0.800000 2.300000 -0.700000
v -0.800000 2.300000 -0.800000
v -0.700000 1.700000 -0.100000
v -0.700000 1.700000 -0.200000
v -0.700000 1.700000 -0.300000
v -0.700000 1.700000 -0.400000
v -0.700000 1.700000 -0.500000
v -0.700000 1.700000 -0.600000
v -0.700000 1.700000 -0.700000
v -0.700000 1.700000 -0.800000
v -0.700000 1.800000 0.600000
v -0.700000 1.800000 0.500000
v -0.700000 1.800000 -1.500000
v -0.700000 1.800000 -1.600000
v -0.700000 1.900000 0.600000
v -0.700000 1.900000 0.500000
v -0.700000 1.900000 -0.100000
v -0.700000 1.900000 -0.200000
v -0.700000 1.900000 -0.300000
v -0.700000 1.900000 -0.400000
v -0.700000 1.900000 -0.500000
v -0.700000 1.900000 -0.600000
v -0.700000 1.975000 -0.700000
v -0.700000 1.975000 -0.800000
v -0.700000 1.900000 -1.500000
v -0.700000 1.900000 -1.600000
v -0.700000 2.150000 -0.100000
v -0.700000 2.150000 -0.200000
v -0.700000 2.100000 -0.300000
v -0.700000 2.100000 -0.400000
v -0.700000 2.100000 -0.500000
v -0.700000 2.100000 -0.600000
v -0.700000 2.300000 -0.500000
v -0.700000 2.300000 -0.600000
v -0.700000 2.300000 -0.700000
v -0.700000 2.300000 -0.800000
v -0.600000 0.400000 0.700000
v -0.600000 0.400000 0.600000
v -0.600000 0.500000 0.700000
v -0.600000 0.500000 0.600000
v -0.600000 0.600000 0.700000
v -0.600000 0.600000 0.600000
v -0.600000 1.500000 0.600000
v -0.600000 1.500000 0.700000
v -0.600000 2.000000 -1.500000
v -0.600000 2.000000 -1.600000
v -0.600000 2.400000 -1.500000
v -0.600000 2.400000 -1.600000
v -0.500000 1.800000 -1.500000
v -0.500000 1.800000 -1.600000
v -0.500000 1.900000 -1.500000
v -0.500000 1.900000 -1.600000
v -0.300000 0.200000 1.000000
v -0.300000 0.200000 0.700000
v -0.300000 0.200000 0.400000
v -0.300000 0.300000 1.000000
v -0.300000 0.300000 0.800000
v -0.300000 0.400000 0.800000
v -0.300000 0.400000 0.700000
v -0.300000 0.400000 0.400000
v -0.300000 1.850000 0.500000
v -0.300000 1.850000 0.400000
v -0.300000 1.800000 -1.500000
v -0.300000 1.800000 -1.600000
v -0.300000 1.900000 -1.500000
v -0.300000 1.900000 -1.600000
v -0.300000 2.050000 0.500000
v -0.300000 2.125000 0.400000
v -0.300000 2.200000 0.500000
v -0.200000 0.400000 0.400000
v -0.200000 0.400000 0.300000
v -0.200000 0.700000 0.400000
v -0.200000 0.700000 0.300000
v -0.200000 0.800000 0.400000
v -0.200000 0.800000 0.300000
v -0.200000 1.100000 0.400000
v -0.200000 1.100000 0.300000
v -0.200000 1.200000 0.400000
v -0.200000 1.200000 0.300000
v -0.200000 1.500000 0.400000
v -0.200000 1.500000 0.300000
v -0.200000 1.600000 0.400000
v -0.200000 1.600000 0.300000
v -0.200000 1.900000 0.400000
v -0.200000 1.900000 0.300000
v -0.200000 2.000000 0.400000
v -0.200000 2.000000 0.300000
v -0.200000 2.300000 0.400000
v -0.200000 2.300000 0.300000
v -0.200000 2.400000 0.400000
v -0.200000 2.400000 0.300000
v -0.100000 1.800000 -1.500000
v -0.100000 1.800000 -1.600000
v -0.100000 1.900000 -1.500000
v -0.100000 1.900000 -1.600000
v -0.100000 2.500000 -1.500000
v -0.100000 2.500000 -1.600000
v -0.100000 2.900000 -1.500000
v -0.100000 2.900000 -1.600000
v 0.000000 0.100000 1.400000
v 0.000000 0.100000 1.200000
v 0.000000 0.200000 1.400000
v 0.000000 0.200000 1.200000
v 0.100000 0.400000 0.400000
v 0.100000 0.400000 0.300000
v 0.100000 0.700000 0.400000
v 0.100000 0.700000 0.300000
v 0.100000 0.800000 0.400000
v 0.100000 0.800000 0.300000
v 0.100000 1.100000 0.400000
v 0.100000 1.100000 0.300000
v 0.100000 1.200000 0.400000
v 0.100000 1.200000 0.300000
v 0.100000 1.500000 0.400000
v 0.100000 1.500000 0.300000
v 0.100000 1.600000 0.400000
v 0.100000 1.600000 0.300000
v 0.100000 1.900000 0.400000
v 0.100000 1.900000 0.300000
v 0.100000 2.000000 0.400000
v 0.100000 2.000000 0.300000
v 0.100000 2.100000 -1.500000
v 0.100000 2.100000 -1.600000
v 0.100000 2.300000 0.400000
v 0.100000 2.300000 0.300000
v 0.100000 2.300000 -1.500000
v 0.100000 2.300000 -1.600000
v 0.100000 2.400000 0.400000
v 0.100000 2.400000 0.300000
v 0.100000 2.700000 0.400000
v 0.100000 2.700000 0.300000
v 0.200000 1.800000 -1.500000
v 0.200000 1.800000 -1.600000
v 0.200000 1.900000 -1.500000
v 0.200000 1.900000 -1.600000
v 0.200000 2.900000 0.700000
v 0.200000 2.900000 0.600000
v 0.300000 0.000000 1.700000
v 0.300000 0.000000 1.600000
v 0.300000 0.100000 1.600000
v 0.300000 0.100000 1.500000
v 0.300000 0.200000 1.700000
v 0.300000 0.200000 1.500000
v 0.300000 3.000000 0.400000
v 0.300000 3.000000 0.300000
v 0.400000 0.200000 1.000000
v 0.400000 0.200000 0.600000
v 0.400000 0.300000 1.000000
v 0.400000 0.300000 0.800000
v 0.400000 0.400000 0.800000
v 0.400000 0.400000 0.700000
v 0.400000 0.400000 0.600000
v 0.400000 1.700000 0.600000
v 0.400000 1.800000 -1.500000
v 0.400000 1.800000 -1.600000
v 0.400000 1.900000 -1.500000
v 0.400000 1.900000 -1.600000
v 0.400000 2.400000 0.600000
v 0.400000 2.400000 0.500000
v 0.400000 2.500000 0.600000
v 0.400000 2.500000 0.500000
v 0.400000 2.700000 0.600000
v 0.400000 2.700000 0.500000
v 0.400000 2.800000 0.600000
v 0.400000 2.800000 0.500000
v 0.400000 2.900000 0.700000
v 0.400000 2.900000 0.600000
v 0.400000 2.900000 0.500000
v 0.400000 3.000000 0.600000
v 0.400000 3.000000 0.500000
v 0.500000 0.000000 1.600000
v 0.500000 0.000000 1.200000
v 0.500000 0.000000 0.700000
v 0.500000 0.100000 1.600000
v 0.500000 0.100000 1.100000
v 0.500000 0.100000 0.700000
v 0.500000 0.100000 0.600000
v 0.500000 0.200000 1.100000
v 0.500000 0.200000 0.600000
v 0.500000 1.900000 0.600000
v 0.500000 1.900000 0.500000
v 0.500000 2.400000 0.600000
v 0.500000 2.400000 0.500000
v 0.500000 2.500000 0.600000
v 0.500000 2.500000 0.500000
v 0.500000 2.700000 0.600000
v 0.500000 2.700000 0.500000
v 0.500000 2.800000 0.600000
v 0.500000 2.800000 0.500000
v 0.500000 2.900000 0.600000
v 0.500000 2.900000 0.500000
v 0.600000 1.800000 0.600000
v 0.600000 1.800000 0.500000
v 0.600000 1.800000 -1.500000
v 0.600000 1.800000 -1.600000
v 0.600000 1.900000 0.600000
v 0.600000 1.900000 0.500000
v 0.600000 1.900000 -1.500000
v 0.600000 1.900000 -1.600000
v 0.700000 0.400000 0.700000
v 0.700000 0.400000 0.600000
v 0.700000 0.500000 0.700000
v 0.700000 0.500000 0.600000
v 0.700000 0.600000 0.700000
v 0.700000 0.600000 0.600000
v 0.700000 1.400000 0.700000
v 0.700000 1.400000 0.600000
v 0.800000 1.400000 0.700000
v 0.800000 1.400000 0.600000
v 0.800000 1.500000 0.700000
v 0.800000 1.500000 0.600000
v 0.800000 1.700000 -0.100000
v 0.800000 1.700000 -0.200000
v 0.800000 1.700000 -0.300000
v 0.800000 1.700000 -0.400000
v 0.800000 1.700000 -0.500000
v 0.800000 1.700000 -0.600000
v 0.800000 1.800000 0.600000
v 0.800000 1.800000 0.500000
v 0.800000 1.800000 -1.500000
v 0.800000 1.800000 -1.600000
v 0.800000 1.900000 0.600000
v 0.800000 1.900000 0.500000
v 0.800000 1.900000 -0.100000
v 0.800000 1.900000 -0.200000
v 0.800000 1.900000 -0.300000
v 0.800000 1.900000 -0.400000
v 0.800000 1.900000 -0.500000
v 0.800000 1.900000 -0.600000
v 0.800000 1.900000 -1.500000
v 0.800000 1.900000 -1.600000
v 0.800000 2.000000 -0.100000
v 0.800000 2.000000 -0.200000
v 0.800000 2.000000 -0.300000
v 0.800000 2.000000 -0.400000
v 0.800000 2.000000 -0.500000
v 0.800000 2.000000 -0.600000
v 0.800000 2.300000 -0.100000
v 0.800000 2.300000 -0.200000
v 0.800000 2.300000 1.000000
v 0.800000 2.300000 0.900000
v 0.800000 2.300000 -0.300000
v 0.800000 2.300000 -0.400000
v 0.800000 2.300000 -0.500000
v 0.800000 2.300000 -0.600000
v 0.800000 2.400000 1.300000
v 0.800000 2.400000 1.000000
v 0.800000 2.600000 0.900000
v 0.800000 2.400000 -0.100000
v 0.800000 2.400000 -0.200000
v 0.800000 2.400000 -0.300000
v 0.800000 2.400000 -0.400000
v 0.800000 2.400000 -0.500000
v 0.800000 2.400000 -0.600000
v 0.800000 2.500000 1.200000
v 0.800000 2.500000 1.000000
v 0.800000 2.500000 0.600000
v 0.800000 2.500000 0.500000
v 0.800000 2.600000 1.200000
v 0.800000 2.600000 1.000000
v 0.800000 2.600000 0.600000
v 0.800000 2.600000 0.500000
v 0.800000 2.700000 1.300000
v 0.800000 2.700000 1.000000
v 0.800000 2.700000 0.900000
v 0.800000 2.700000 0.600000
v 0.800000 2.700000 -0.100000
v 0.800000 2.700000 -0.200000
v 0.800000 2.700000 -0.300000
v 0.800000 2.700000 -0.400000
v 0.800000 2.700000 -0.500000
v 0.800000 2.700000 -0.600000
v 0.800000 2.800000 1.000000
v 0.800000 2.800000 0.900000
v 0.800000 2.800000 -0.100000
v 0.800000 2.800000 -0.200000
v 0.800000 2.800000 -0.300000
v 0.800000 2.800000 -0.400000
v 0.800000 2.800000 -0.500000
v 0.800000 2.800000 -0.600000
v 0.800000 3.000000 -0.100000
v 0.800000 2.900000 -0.200000
v 0.800000 2.900000 -0.300000
v 0.800000 2.900000 -0.400000
v 0.800000 2.900000 -0.500000
v 0.800000 2.900000 -0.600000
v 0.800000 2.900000 -0.800000
v 0.800000 3.000000 -0.450000
v 0.800000 3.000000 -0.800000
v 0.900000 0.900000 0.700000
v 0.900000 0.900000 0.600000
v 0.900000 1.000000 0.700000
v 0.900000 1.000000 0.600000
v 0.900000 1.100000 0.700000
v 0.900000 1.100000 0.600000
v 0.900000 1.100000 -0.100000
v 0.900000 1.100000 -0.800000
v 0.900000 1.200000 -0.100000
v 0.900000 1.200000 -0.800000
v 0.900000 1.400000 0.700000
v 0.900000 1.400000 0.600000
v 0.900000 1.500000 -0.100000
v 0.900000 1.500000 -0.800000
v 0.900000 1.600000 -0.100000
v 0.900000 1.600000 -0.800000
v 0.900000 1.900000 -0.100000
v 0.900000 1.900000 -0.800000
v 0.900000 2.000000 -0.100000
v 0.900000 2.000000 -0.800000
v 0.900000 2.300000 -0.100000
v 0.900000 2.300000 -0.800000
v 0.900000 2.400000 -0.100000
v 0.900000 2.400000 -0.800000
v 0.900000 2.600000 0.600000
v 0.900000 2.600000 0.500000
v 0.900000 2.700000 0.600000
v 0.900000 2.700000 0.500000
v 0.900000 2.700000 -0.100000
v 0.900000 2.700000 -0.800000
v 0.900000 2.800000 -0.100000
v 0.900000 2.800000 -0.800000
v 1.000000 1.800000 0.400000
v 1.000000 1.800000 0.300000
v 1.000000 1.800000 0.200000
v 1.000000 1.800000 0.100000
v 1.000000 1.800000 -0.900000
v 1.000000 1.800000 -1.000000
v 1.000000 1.800000 -1.100000
v 1.000000 1.800000 -1.200000
v 1.000000 1.800000 -1.300000
v 1.000000 1.800000 -1.400000
v 1.000000 1.900000 0.500000
v 1.000000 1.900000 0.400000
v 1.000000 1.900000 0.300000
v 1.000000 1.900000 0.200000
v 1.000000 1.900000 0.100000
v 1.000000 1.900000 -0.100000
v 1.000000 1.900000 -0.800000
v 1.000000 1.900000 -0.900000
v 1.000000 1.900000 -1.000000
v 1.000000 1.900000 -1.100000
v 1.000000 1.900000 -1.200000
v 1.000000 1.900000 -1.300000
v 1.000000 1.900000 -1.400000
v 1.000000 1.900000 -1.500000
v 1.000000 2.000000 0.500000
v 1.000000 2.000000 -0.800000
v 1.000000 2.350000 -1.350000
v 1.000000 2.650000 0.500000
v 1.000000 2.650000 0.400000
v 1.000000 3.000000 -0.100000
v 1.000000 3.000000 -0.800000
v 1.000000 3.200000 0.500000
v 1.000000 3.200000 0.100000
v 1.000000 3.150000 -0.650000
v 1.000000 3.300000 -0.200000
v 1.000000 3.300000 -0.500000
v 1.000000 3.500000 -0.200000
v 1.000000 3.500000 -0.500000
v 1.000000 3.600000 0.100000
v 1.100000 0.000000 0.700000
v 1.100000 0.000000 0.600000
v 1.100000 -0.000000 -1.600000
v 1.100000 -0.000000 -1.700000
v 1.100000 0.100000 0.700000
v 1.100000 0.100000 0.600000
v 1.100000 0.100000 -1.600000
v 1.100000 0.100000 -1.700000
v 1.100000 0.200000 0.300000
v 1.100000 0.250000 0.150000
v 1.100000 0.250000 -1.500000
v 1.100000 0.425000 0.600000
v 1.100000 0.350000 0.375000
v 1.100000 0.300000 -1.600000
v 1.100000 0.450000 0.500000
v 1.100000 0.400000 0.200000
v 1.100000 0.400000 -0.400000
v 1.100000 0.500000 -0.700000
v 1.100000 0.500000 -1.000000
v 1.100000 0.500000 0.300000
v 1.100000 0.500000 -0.300000
v 1.100000 0.775000 -0.537500
v 1.100000 0.700000 -0.700000
v 1.100000 0.700000 -1.000000
v 1.100000 0.800000 -1.600000
v 1.100000 0.900000 -0.800000
v 1.100000 0.800000 -1.000000
v 1.100000 0.900000 0.300000
v 1.100000 0.900000 -0.100000
v 1.100000 0.900000 -0.300000
v 1.100000 1.200000 -1.000000
v 1.100000 1.200000 -1.600000
v 1.100000 1.450000 0.150000
v 1.100000 1.500000 0.600000
v 1.100000 1.500000 0.500000
v 1.100000 1.650000 -1.500000
v 1.100000 1.600000 -1.600000
v 1.100000 1.800000 0.400000
v 1.100000 1.700000 -0.100000
v 1.100000 1.700000 -0.800000
v 1.100000 1.800000 0.300000
v 1.100000 1.800000 0.200000
v 1.100000 1.800000 0.100000
v 1.100000 1.800000 -0.900000
v 1.100000 1.800000 -1.000000
v 1.100000 1.800000 -1.100000
v 1.100000 1.800000 -1.200000
v 1.100000 1.800000 -1.300000
v 1.100000 1.800000 -1.400000
v 1.100000 1.900000 0.600000
v 1.100000 1.900000 0.400000
v 1.100000 1.900000 0.300000
v 1.100000 1.900000 0.200000
v 1.100000 1.900000 0.100000
v 1.100000 1.900000 -0.100000
v 1.100000 1.900000 -0.800000
v 1.100000 1.900000 -0.900000
v 1.100000 1.900000 -1.000000
v 1.100000 1.900000 -1.100000
v 1.100000 1.900000 -1.200000
v 1.100000 1.900000 -1.300000
v 1.100000 1.900000 -1.400000
v 1.100000 1.900000 -1.600000
v 1.100000 3.200000 0.600000
v 1.100000 3.200000 0.100000
v 1.100000 3.300000 -0.200000
v 1.100000 3.300000 -0.500000
v 1.100000 3.500000 -0.200000
v 1.100000 3.500000 -0.500000
v 1.100000 3.600000 0.600000
v 1.100000 3.600000 0.100000
v 1.100000 3.700000 -0.300000
v 1.200000 0.000000 0.600000
v 1.200000 -0.000000 -1.600000
v 1.200000 0.100000 0.600000
v 1.200000 0.100000 -1.600000
v 1.200000 0.500000 0.300000
v 1.200000 0.500000 -0.300000
v 1.200000 0.500000 -0.700000
v 1.200000 0.500000 -1.000000
v 1.200000 0.700000 -0.700000
v 1.200000 0.700000 -1.000000
v 1.200000 0.800000 -1.000000
v 1.200000 0.800000 -1.700000
v 1.200000 0.900000 0.300000
v 1.200000 0.900000 -0.100000
v 1.200000 0.900000 -0.300000
v 1.200000 0.900000 -0.800000
v 1.200000 1.000000 -0.100000
v 1.200000 1.000000 -0.800000
v 1.200000 1.200000 -1.000000
v 1.200000 1.200000 -1.700000
v 0.000000 0.000000 1.700000
v 0.000000 0.200000 1.700000
v 0.300000 0.000000 1.700000
v 0.300000 0.200000 1.700000
v -0.500000 0.000000 1.600000
v -0.500000 0.100000 1.600000
v 0.000000 0.000000 1.600000
v 0.000000 0.100000 1.600000
v 0.300000 0.000000 1.600000
v 0.300000 0.100000 1.600000
v 0.500000 0.000000 1.600000
v 0.500000 0.100000 1.600000
v -0.300000 0.100000 1.400000
v -0.300000 0.200000 1.400000
v 0.000000 0.100000 1.400000
v 0.000000 0.200000 1.400000
v 0.700000 2.400000 1.300000
v 0.700000 2.700000 1.300000
v 0.800000 2.400000 1.300000
v 0.800000 2.700000 1.300000
v -0.500000 0.100000 1.100000
v -0.500000 0.200000 1.100000
v 0.500000 0.100000 1.100000
v 0.500000 0.200000 1.100000
v -0.400000 0.200000 1.000000
v -0.400000 0.300000 1.000000
v -0.300000 0.200000 1.000000
v -0.300000 0.300000 1.000000
v 0.300000 0.200000 1.000000
v 0.300000 0.300000 1.000000
v 0.400000 0.200000 1.000000
v 0.400000 0.300000 1.000000
v 0.700000 2.300000 1.000000
v 0.700000 2.400000 1.000000
v 0.700000 2.500000 1.000000
v 0.700000 2.600000 1.000000
v 0.700000 2.700000 1.000000
v 0.700000 2.800000 1.000000
v 0.800000 2.300000 1.000000
v 0.800000 2.400000 1.000000
v 0.800000 2.500000 1.000000
v 0.800000 2.600000 1.000000
v 0.800000 2.700000 1.000000
v 0.800000 2.800000 1.000000
v 0.000000 0.200000 0.900000
v 0.000000 0.300000 0.900000
v 0.300000 0.200000 0.900000
v 0.300000 0.300000 0.900000
v -0.400000 0.300000 0.800000
v -0.400000 0.400000 0.800000
v -0.300000 0.300000 0.800000
v -0.300000 0.400000 0.800000
v 0.300000 0.300000 0.800000
v 0.300000 0.400000 0.800000
v 0.400000 0.300000 0.800000
v 0.400000 0.400000 0.800000
v -1.100000 0.000000 0.700000
v -1.100000 0.100000 0.700000
v -0.900000 0.900000 0.700000
v -0.900000 1.000000 0.700000
v -0.900000 1.100000 0.700000
v -0.900000 1.400000 0.700000
v -0.800000 0.900000 0.700000
v -0.800000 1.000000 0.700000
v -0.800000 1.100000 0.700000
v -0.800000 1.400000 0.700000
v -0.800000 1.500000 0.700000
v -0.700000 0.400000 0.700000
v -0.700000 0.500000 0.700000
v -0.700000 0.600000 0.700000
v -0.700000 1.400000 0.700000
v -0.600000 0.400000 0.700000
v -0.600000 0.500000 0.700000
v -0.600000 0.600000 0.700000
v -0.600000 1.500000 0.700000
v -0.500000 0.000000 0.700000
v -0.500000 0.100000 0.700000
v -0.400000 0.400000 0.700000
v -0.300000 0.400000 0.700000
v 0.100000 2.800000 0.700000
v 0.200000 2.900000 0.700000
v 0.300000 0.400000 0.700000
v 0.300000 2.800000 0.700000
v 0.400000 0.400000 0.700000
v 0.400000 2.900000 0.700000
v 0.500000 0.000000 0.700000
v 0.500000 0.100000 0.700000
v 0.600000 0.400000 0.700000
v 0.600000 0.500000 0.700000
v 0.600000 0.600000 0.700000
v 0.600000 1.500000 0.700000
v 0.700000 0.400000 0.700000
v 0.700000 0.500000 0.700000
v 0.700000 0.600000 0.700000
v 0.700000 1.400000 0.700000
v 0.800000 0.900000 0.700000
v 0.800000 1.000000 0.700000
v 0.800000 1.100000 0.700000
v 0.800000 1.400000 0.700000
v 0.800000 1.500000 0.700000
v 0.900000 0.900000 0.700000
v 0.900000 1.000000 0.700000
v 0.900000 1.100000 0.700000
v 0.900000 1.400000 0.700000
v 1.100000 0.000000 0.700000
v 1.100000 0.100000 0.700000
v -1.200000 0.000000 0.600000
v -1.200000 0.100000 0.600000
v -1.100000 0.000000 0.600000
v -1.100000 0.100000 0.600000
v -1.100000 0.500000 0.600000
v -1.100000 1.600000 0.600000
v -1.100000 1.900000 0.600000
v -0.950000 0.350000 0.600000
v -1.000000 0.500000 0.600000
v -0.950000 0.725000 0.600000
v -1.000000 1.650000 0.600000
v -0.900000 0.900000 0.600000
v -0.900000 1.000000 0.600000
v -0.900000 1.100000 0.600000
v -0.900000 1.400000 0.600000
v -0.900000 1.800000 0.600000
v -0.900000 1.900000 0.600000
v -0.800000 0.900000 0.600000
v -0.800000 1.000000 0.600000
v -0.800000 1.100000 0.600000
v -0.800000 1.400000 0.600000
v -0.800000 1.500000 0.600000
v -0.800000 1.800000 0.600000
v -0.800000 1.900000 0.600000
v -0.700000 0.400000 0.600000
v -0.700000 0.500000 0.600000
v -0.700000 0.600000 0.600000
v -0.700000 1.400000 0.600000
v -0.700000 1.800000 0.600000
v -0.700000 1.900000 0.600000
v -0.600000 0.400000 0.600000
v -0.600000 0.500000 0.600000
v -0.600000 0.600000 0.600000
v -0.600000 1.500000 0.600000
v -0.600000 1.800000 0.600000
v -0.600000 1.900000 0.600000
v -0.500000 0.100000 0.600000
v -0.500000 0.200000 0.600000
v -0.500000 1.700000 0.600000
v -0.500000 1.900000 0.600000
v -0.500000 2.400000 0.600000
v -0.400000 0.200000 0.600000
v -0.400000 0.400000 0.600000
v -0.400000 1.700000 0.600000
v -0.400000 2.400000 0.600000
v 0.200000 2.900000 0.600000
v 0.400000 0.200000 0.600000
v 0.400000 0.400000 0.600000
v 0.400000 1.700000 0.600000
v 0.400000 2.400000 0.600000
v 0.400000 2.500000 0.600000
v 0.400000 2.700000 0.600000
v 0.400000 2.800000 0.600000
v 0.400000 2.900000 0.600000
v 0.400000 3.000000 0.600000
v 0.500000 0.100000 0.600000
v 0.500000 0.200000 0.600000
v 0.500000 1.700000 0.600000
v 0.500000 1.900000 0.600000
v 0.500000 2.400000 0.600000
v 0.500000 2.500000 0.600000
v 0.500000 2.700000 0.600000
v 0.500000 2.800000 0.600000
v 0.500000 2.900000 0.600000
v 0.600000 0.400000 0.600000
v 0.600000 0.500000 0.600000
v 0.600000 0.600000 0.600000
v 0.600000 1.500000 0.600000
v 0.600000 1.800000 0.600000
v 0.600000 1.900000 0.600000
v 0.600000 2.600000 0.600000
v 0.600000 2.700000 0.600000
v 0.600000 3.200000 0.600000
v 0.700000 0.400000 0.600000
v 0.700000 0.500000 0.600000
v 0.700000 0.600000 0.600000
v 0.700000 1.400000 0.600000
v 0.700000 1.800000 0.600000
v 0.700000 1.900000 0.600000
v 0.700000 2.500000 0.600000
v 0.700000 2.600000 0.600000
v 0.700000 2.700000 0.600000
v 0.800000 0.200000 0.600000
v 0.800000 0.900000 0.600000
v 0.800000 1.000000 0.600000
v 0.800000 1.100000 0.600000
v 0.800000 1.400000 0.600000
v 0.800000 1.500000 0.600000
v 0.800000 1.800000 0.600000
v 0.800000 1.900000 0.600000
v 0.800000 2.500000 0.600000
v 0.800000 2.600000 0.600000
v 0.800000 2.700000 0.600000
v 0.900000 0.900000 0.600000
v 0.900000 1.000000 0.600000
v 0.900000 1.100000 0.600000
v 0.900000 1.400000 0.600000
v 0.975000 1.650000 0.600000
v 0.900000 1.800000 0.600000
v 0.900000 1.900000 0.600000
v 0.900000 2.600000 0.600000
v 0.900000 2.700000 0.600000
v 1.000000 0.250000 0.600000
v 1.000000 0.450000 0.600000
v 1.000000 0.800000 0.600000
v 1.100000 0.000000 0.600000
v 1.100000 0.100000 0.600000
v 1.100000 0.425000 0.600000
v 1.100000 1.500000 0.600000
v 1.100000 1.900000 0.600000
v 1.100000 3.200000 0.600000
v 1.100000 3.600000 0.600000
v 1.200000 0.000000 0.600000
v 1.200000 0.100000 0.600000
v -1.000000 1.900000 0.500000
v -1.000000 2.000000 0.500000
v -0.900000 1.800000 0.500000
v -0.900000 1.900000 0.500000
v -0.800000 1.800000 0.500000
v -0.800000 1.900000 0.500000
v -0.700000 1.800000 0.500000
v -0.700000 1.900000 0.500000
v -0.600000 1.800000 0.500000
v -0.600000 1.900000 0.500000
v -0.500000 1.900000 0.500000
v -0.500000 2.400000 0.500000
v -0.400000 2.400000 0.500000
v 0.400000 3.000000 0.500000
v 0.400000 2.400000 0.500000
v 0.400000 2.500000 0.500000
v 0.400000 2.700000 0.500000
v 0.400000 2.800000 0.500000
v 0.400000 2.900000 0.500000
v 0.500000 1.900000 0.500000
v 0.500000 2.400000 0.500000
v 0.500000 2.500000 0.500000
v 0.500000 2.700000 0.500000
v 0.500000 2.800000 0.500000
v 0.500000 2.900000 0.500000
v 0.600000 1.800000 0.500000
v 0.600000 1.900000 0.500000
v 0.600000 2.000000 0.500000
v 0.600000 2.600000 0.500000
v 0.600000 2.700000 0.500000
v 0.600000 3.200000 0.500000
v 0.700000 1.800000 0.500000
v 0.700000 1.900000 0.500000
v 0.750000 2.300000 0.500000
v 0.700000 2.500000 0.500000
v 0.700000 2.600000 0.500000
v 0.800000 1.800000 0.500000
v 0.800000 1.900000 0.500000
v 0.800000 2.500000 0.500000
v 0.800000 2.600000 0.500000
v 0.900000 1.800000 0.500000
v 0.900000 1.900000 0.500000
v 0.900000 2.600000 0.500000
v 0.900000 2.700000 0.500000
v 1.000000 1.900000 0.500000
v 1.000000 2.650000 0.500000
v 1.000000 3.200000 0.500000
v -0.300000 0.200000 0.400000
v -0.300000 0.400000 0.400000
v -0.300000 1.850000 0.400000
v -0.300000 2.125000 0.400000
v -0.200000 0.400000 0.400000
v -0.200000 0.700000 0.400000
v -0.200000 0.800000 0.400000
v -0.200000 1.100000 0.400000
v -0.200000 1.200000 0.400000
v -0.200000 1.500000 0.400000
v -0.200000 1.600000 0.400000
v -0.200000 1.900000 0.400000
v -0.200000 2.000000 0.400000
v -0.200000 2.300000 0.400000
v -0.200000 2.400000 0.400000
v -0.100000 0.400000 0.400000
v -0.100000 0.700000 0.400000
v -0.100000 0.800000 0.400000
v -0.100000 1.100000 0.400000
v -0.100000 1.200000 0.400000
v -0.100000 1.500000 0.400000
v -0.100000 1.600000 0.400000
v -0.100000 1.900000 0.400000
v -0.100000 2.000000 0.400000
v -0.100000 2.300000 0.400000
v -0.100000 2.400000 0.400000
v -0.100000 2.700000 0.400000
v 0.100000 0.700000 0.400000
v 0.000000 1.050000 0.400000
v 0.100000 1.200000 0.400000
v 0.100000 1.500000 0.400000
v 0.000000 1.850000 0.400000
v 0.100000 2.000000 0.400000
v 0.100000 2.300000 0.400000
v 0.100000 2.400000 0.400000
v 0.100000 0.400000 0.400000
v 0.100000 0.800000 0.400000
v 0.100000 1.100000 0.400000
v 0.100000 1.600000 0.400000
v 0.100000 1.900000 0.400000
v 0.100000 2.700000 0.400000
v 0.100000 2.800000 0.400000
v 0.200000 0.400000 0.400000
v 0.200000 0.700000 0.400000
v 0.200000 0.800000 0.400000
v 0.200000 1.100000 0.400000
v 0.200000 1.200000 0.400000
v 0.200000 1.500000 0.400000
v 0.200000 1.600000 0.400000
v 0.200000 1.900000 0.400000
v 0.200000 2.000000 0.400000
v 0.200000 2.300000 0.400000
v 0.200000 2.400000 0.400000
v 0.200000 2.700000 0.400000
v 0.300000 0.200000 0.400000
v 0.300000 0.400000 0.400000
v 0.300000 1.675000 0.400000
v 0.300000 2.000000 0.400000
v 0.300000 2.200000 0.400000
v 0.300000 2.800000 0.400000
v -1.100000 1.800000 0.300000
v -1.100000 1.900000 0.300000
v -1.000000 1.800000 0.300000
v -1.000000 1.900000 0.300000
v 1.000000 1.800000 0.300000
v 1.000000 1.900000 0.300000
v 1.100000 0.500000 0.300000
v 1.100000 0.900000 0.300000
v 1.100000 1.800000 0.300000
v 1.100000 1.900000 0.300000
v 1.200000 0.500000 0.300000
v 1.200000 0.900000 0.300000
v -1.100000 1.800000 0.100000
v -1.100000 1.900000 0.100000
v -1.000000 1.800000 0.100000
v -1.000000 1.900000 0.100000
v 1.000000 1.800000 0.100000
v 1.000000 1.900000 0.100000
v 1.100000 1.800000 0.100000
v 1.100000 1.900000 0.100000
v -1.200000 0.900000 -0.100000
v -1.200000 1.000000 -0.100000
v -1.100000 0.900000 -0.100000
v -1.100000 1.000000 -0.100000
v -0.800000 1.700000 -0.100000
v -0.800000 1.900000 -0.100000
v -0.800000 2.150000 -0.100000
v -0.700000 1.700000 -0.100000
v -0.700000 1.900000 -0.100000
v -0.700000 2.150000 -0.100000
v 0.700000 1.700000 -0.100000
v 0.700000 1.900000 -0.100000
v 0.700000 2.150000 -0.100000
v 0.700000 3.000000 -0.100000
v 0.800000 1.700000 -0.100000
v 0.800000 1.900000 -0.100000
v 0.800000 2.150000 -0.100000
v 0.800000 3.000000 -0.100000
v 1.100000 0.900000 -0.100000
v 1.100000 1.000000 -0.100000
v 1.200000 0.900000 -0.100000
v 1.200000 1.000000 -0.100000
v 1.000000 3.300000 -0.200000
v 1.000000 3.500000 -0.200000
v 1.100000 3.300000 -0.200000
v 1.100000 3.500000 -0.200000
v -0.800000 1.700000 -0.300000
v -0.800000 1.975000 -0.300000
v -0.700000 1.700000 -0.300000
v -0.700000 1.900000 -0.300000
v -0.700000 2.100000 -0.300000
v 0.700000 1.700000 -0.300000
v 0.700000 1.900000 -0.300000
v 0.700000 2.100000 -0.300000
v 0.700000 2.375000 -0.300000
v 0.700000 2.900000 -0.300000
v 0.800000 1.700000 -0.300000
v 0.800000 1.975000 -0.300000
v 0.800000 2.375000 -0.300000
v 0.800000 2.900000 -0.300000
v -0.800000 1.700000 -0.500000
v -0.800000 1.975000 -0.500000
v -0.700000 1.700000 -0.500000
v -0.700000 1.900000 -0.500000
v -0.700000 2.100000 -0.500000
v -0.700000 2.300000 -0.500000
v 0.700000 1.700000 -0.500000
v 0.700000 1.975000 -0.500000
v 0.700000 2.300000 -0.500000
v 0.700000 2.900000 -0.500000
v 0.800000 1.700000 -0.500000
v 0.800000 1.975000 -0.500000
v 0.800000 2.350000 -0.500000
v 0.800000 2.750000 -0.500000
v 0.800000 2.900000 -0.500000
v -0.800000 1.700000 -0.700000
v -0.800000 1.975000 -0.700000
v -0.700000 1.700000 -0.700000
v -0.700000 1.975000 -0.700000
v -0.700000 2.300000 -0.700000
v 1.100000 0.500000 -0.700000
v 1.100000 0.700000 -0.700000
v 1.200000 0.500000 -0.700000
v 1.200000 0.700000 -0.700000
v -1.100000 1.000000 -0.800000
v -1.100000 1.700000 -0.800000
v -1.100000 1.900000 -0.800000
v -1.000000 1.900000 -0.800000
v -0.900000 1.000000 -0.800000
v -0.900000 1.100000 -0.800000
v -0.900000 1.200000 -0.800000
v -0.900000 1.500000 -0.800000
v -0.900000 1.600000 -0.800000
v -0.900000 1.900000 -0.800000
v -0.900000 2.000000 -0.800000
v -0.800000 1.000000 -0.800000
v -0.800000 1.100000 -0.800000
v -0.800000 1.200000 -0.800000
v -0.800000 1.500000 -0.800000
v -0.800000 1.600000 -0.800000
v -0.800000 1.900000 -0.800000
v -0.800000 2.000000 -0.800000
v -0.800000 2.300000 -0.800000
v 0.800000 1.000000 -0.800000
v 0.800000 1.100000 -0.800000
v 0.800000 1.200000 -0.800000
v 0.800000 1.500000 -0.800000
v 0.800000 1.600000 -0.800000
v 0.800000 1.900000 -0.800000
v 0.800000 2.000000 -0.800000
v 0.800000 2.300000 -0.800000
v 0.800000 2.400000 -0.800000
v 0.800000 2.700000 -0.800000
v 0.800000 2.800000 -0.800000
v 0.800000 3.000000 -0.800000
v 0.900000 1.100000 -0.800000
v 0.900000 1.200000 -0.800000
v 0.900000 1.500000 -0.800000
v 0.900000 1.600000 -0.800000
v 0.900000 1.900000 -0.800000
v 0.900000 2.000000 -0.800000
v 0.900000 2.300000 -0.800000
v 0.900000 2.400000 -0.800000
v 0.900000 2.700000 -0.800000
v 0.900000 2.800000 -0.800000
v 1.000000 3.000000 -0.800000
v 1.000000 1.900000 -0.800000
v 1.100000 1.000000 -0.800000
v 1.100000 1.700000 -0.800000
v 1.100000 1.900000 -0.800000
v -1.100000 1.800000 -1.000000
v -1.100000 1.900000 -1.000000
v -1.000000 1.800000 -1.000000
v -1.000000 1.900000 -1.000000
v 1.000000 1.800000 -1.000000
v 1.000000 1.900000 -1.000000
v 1.100000 0.800000 -1.000000
v 1.100000 1.200000 -1.000000
v 1.100000 1.800000 -1.000000
v 1.100000 1.900000 -1.000000
v 1.200000 0.800000 -1.000000
v 1.200000 1.200000 -1.000000
v -1.100000 2.000000 -1.100000
v -1.000000 2.000000 -1.100000
v -1.100000 1.800000 -1.200000
v -1.100000 1.900000 -1.200000
v -1.000000 1.800000 -1.200000
v -1.000000 1.900000 -1.200000
v 1.000000 1.800000 -1.200000
v 1.000000 1.900000 -1.200000
v 1.100000 1.800000 -1.200000
v 1.100000 1.900000 -1.200000
v -0.800000 0.200000 -1.300000
v 0.800000 0.200000 -1.300000
v -1.100000 1.800000 -1.400000
v -1.100000 1.900000 -1.400000
v -1.000000 1.800000 -1.400000
v -1.000000 1.900000 -1.400000
v 1.000000 1.800000 -1.400000
v 1.000000 1.900000 -1.400000
v 1.100000 1.800000 -1.400000
v 1.100000 1.900000 -1.400000
v 0.000000 0.100000 1.500000
v 0.000000 0.200000 1.500000
v 0.300000 0.100000 1.500000
v 0.300000 0.200000 1.500000
v -0.300000 0.100000 1.200000
v -0.300000 0.200000 1.200000
v 0.000000 0.100000 1.200000
v 0.000000 0.200000 1.200000
v 0.700000 2.500000 1.200000
v 0.700000 2.600000 1.200000
v 0.800000 2.500000 1.200000
v 0.800000 2.600000 1.200000
v 0.700000 2.300000 0.900000
v 0.700000 2.600000 0.900000
v 0.700000 2.700000 0.900000
v 0.700000 2.800000 0.900000
v 0.800000 2.300000 0.900000
v 0.800000 2.600000 0.900000
v 0.800000 2.700000 0.900000
v 0.800000 2.800000 0.900000
v 0.000000 0.200000 0.700000
v 0.000000 0.300000 0.700000
v 0.300000 0.200000 0.700000
v 0.300000 0.300000 0.700000
v -1.100000 1.800000 0.400000
v -1.100000 1.900000 0.400000
v -1.000000 1.800000 0.400000
v -1.000000 1.900000 0.400000
v 0.300000 3.000000 0.400000
v 0.600000 3.150000 0.400000
v 0.800000 3.000000 0.400000
v 0.800000 3.200000 0.400000
v 1.000000 1.800000 0.400000
v 1.000000 1.900000 0.400000
v 1.100000 1.800000 0.400000
v 1.100000 1.900000 0.400000
v -0.800000 0.200000 0.300000
v -0.300000 0.200000 0.300000
v -0.200000 0.400000 0.300000
v -0.200000 0.300000 0.300000
v -0.200000 0.700000 0.300000
v -0.200000 0.800000 0.300000
v -0.200000 1.100000 0.300000
v -0.200000 1.200000 0.300000
v -0.200000 1.500000 0.300000
v -0.200000 1.600000 0.300000
v -0.200000 1.900000 0.300000
v -0.200000 2.000000 0.300000
v -0.200000 2.300000 0.300000
v -0.200000 2.400000 0.300000
v -0.100000 0.400000 0.300000
v -0.100000 0.700000 0.300000
v -0.100000 0.800000 0.300000
v -0.100000 1.100000 0.300000
v -0.100000 1.200000 0.300000
v -0.100000 1.500000 0.300000
v -0.100000 1.600000 0.300000
v -0.100000 1.900000 0.300000
v -0.100000 2.000000 0.300000
v -0.100000 2.300000 0.300000
v -0.100000 2.400000 0.300000
v -0.100000 2.700000 0.300000
v 0.100000 0.700000 0.300000
v 0.000000 1.050000 0.300000
v 0.100000 1.200000 0.300000
v 0.100000 1.500000 0.300000
v 0.000000 1.850000 0.300000
v 0.100000 2.000000 0.300000
v 0.100000 2.300000 0.300000
v 0.100000 2.400000 0.300000
v 0.100000 0.400000 0.300000
v 0.100000 0.800000 0.300000
v 0.100000 1.100000 0.300000
v 0.100000 1.600000 0.300000
v 0.100000 1.900000 0.300000
v 0.100000 2.700000 0.300000
v 0.200000 0.400000 0.300000
v 0.200000 0.700000 0.300000
v 0.200000 0.800000 0.300000
v 0.200000 1.100000 0.300000
v 0.200000 1.200000 0.300000
v 0.200000 1.500000 0.300000
v 0.200000 1.600000 0.300000
v 0.200000 1.900000 0.300000
v 0.200000 2.000000 0.300000
v 0.200000 2.300000 0.300000
v 0.200000 2.400000 0.300000
v 0.200000 2.700000 0.300000
v 0.300000 0.200000 0.300000
v 0.300000 0.400000 0.300000
v 0.300000 3.000000 0.300000
v 0.800000 0.200000 0.300000
v 0.800000 3.000000 0.300000
v -1.100000 1.800000 0.200000
v -1.100000 1.900000 0.200000
v -1.000000 1.800000 0.200000
v -1.000000 1.900000 0.200000
v 1.000000 1.800000 0.200000
v 1.000000 1.900000 0.200000
v 1.100000 1.800000 0.200000
v 1.100000 1.900000 0.200000
v 1.000000 3.200000 0.100000
v 1.000000 3.600000 0.100000
v 1.100000 3.200000 0.100000
v 1.100000 3.600000 0.100000
v -1.100000 1.000000 -0.100000
v -1.100000 1.700000 -0.100000
v -1.100000 1.900000 -0.100000
v -1.000000 1.900000 -0.100000
v -0.900000 1.000000 -0.100000
v -0.900000 1.100000 -0.100000
v -0.900000 1.200000 -0.100000
v -0.900000 1.500000 -0.100000
v -0.900000 1.600000 -0.100000
v -0.900000 1.900000 -0.100000
v -0.900000 2.000000 -0.100000
v -0.800000 1.000000 -0.100000
v -0.800000 1.100000 -0.100000
v -0.800000 1.200000 -0.100000
v -0.800000 1.500000 -0.100000
v -0.800000 1.600000 -0.100000
v -0.800000 1.900000 -0.100000
v -0.800000 2.000000 -0.100000
v 0.800000 1.000000 -0.100000
v 0.800000 1.100000 -0.100000
v 0.800000 1.200000 -0.100000
v 0.800000 1.500000 -0.100000
v 0.800000 1.600000 -0.100000
v 0.800000 1.900000 -0.100000
v 0.800000 2.000000 -0.100000
v 0.800000 2.300000 -0.100000
v 0.800000 2.400000 -0.100000
v 0.800000 2.700000 -0.100000
v 0.800000 2.800000 -0.100000
v 0.800000 3.000000 -0.100000
v 0.900000 1.100000 -0.100000
v 0.900000 1.200000 -0.100000
v 0.900000 1.500000 -0.100000
v 0.900000 1.600000 -0.100000
v 0.900000 1.900000 -0.100000
v 0.900000 2.000000 -0.100000
v 0.900000 2.300000 -0.100000
v 0.900000 2.400000 -0.100000
v 0.900000 2.700000 -0.100000
v 0.900000 2.800000 -0.100000
v 1.000000 3.000000 -0.100000
v 1.000000 1.900000 -0.100000
v 1.100000 1.000000 -0.100000
v 1.100000 1.700000 -0.100000
v 1.100000 1.900000 -0.100000
v -0.800000 1.700000 -0.200000
v -0.800000 1.975000 -0.200000
v -0.800000 2.250000 -0.200000
v -0.700000 1.700000 -0.200000
v -0.700000 1.900000 -0.200000
v -0.700000 2.150000 -0.200000
v 0.700000 1.700000 -0.200000
v 0.700000 1.900000 -0.200000
v 0.700000 2.150000 -0.200000
v 0.700000 2.900000 -0.200000
v 0.800000 1.700000 -0.200000
v 0.800000 1.975000 -0.200000
v 0.800000 2.325000 -0.200000
v 0.800000 2.750000 -0.200000
v 0.800000 2.900000 -0.200000
v 1.100000 0.500000 -0.300000
v 1.100000 0.900000 -0.300000
v 1.100000 3.700000 -0.300000
v 1.200000 0.500000 -0.300000
v 1.200000 0.900000 -0.300000
v -0.800000 1.700000 -0.400000
v -0.800000 1.975000 -0.400000
v -0.700000 1.700000 -0.400000
v -0.700000 1.900000 -0.400000
v -0.700000 2.100000 -0.400000
v 0.700000 1.700000 -0.400000
v 0.700000 1.900000 -0.400000
v 0.700000 2.100000 -0.400000
v 0.700000 2.375000 -0.400000
v 0.700000 2.900000 -0.400000
v 0.800000 1.700000 -0.400000
v 0.800000 1.975000 -0.400000
v 0.800000 2.375000 -0.400000
v 0.800000 2.900000 -0.400000
v 1.000000 3.300000 -0.500000
v 1.000000 3.500000 -0.500000
v 1.100000 3.300000 -0.500000
v 1.100000 3.500000 -0.500000
v -0.800000 1.700000 -0.600000
v -0.800000 1.975000 -0.600000
v -0.700000 1.700000 -0.600000
v -0.700000 1.900000 -0.600000
v -0.700000 2.100000 -0.600000
v -0.700000 2.300000 -0.600000
v 0.700000 1.700000 -0.600000
v 0.700000 1.975000 -0.600000
v 0.700000 2.300000 -0.600000
v 0.700000 2.900000 -0.600000
v 0.800000 1.700000 -0.600000
v 0.800000 1.975000 -0.600000
v 0.800000 2.350000 -0.600000
v 0.800000 2.900000 -0.600000
v -1.200000 0.900000 -0.800000
v -1.200000 1.000000 -0.800000
v -1.100000 0.900000 -0.800000
v -1.100000 1.000000 -0.800000
v -0.800000 1.700000 -0.800000
v -0.800000 1.975000 -0.800000
v -0.800000 2.300000 -0.800000
v -0.700000 1.700000 -0.800000
v -0.700000 1.975000 -0.800000
v -0.700000 2.300000 -0.800000
v 0.700000 2.900000 -0.800000
v 0.700000 3.000000 -0.800000
v 0.800000 2.900000 -0.800000
v 0.800000 3.000000 -0.800000
v 1.100000 0.900000 -0.800000
v 1.100000 1.000000 -0.800000
v 1.200000 0.900000 -0.800000
v 1.200000 1.000000 -0.800000
v -1.100000 1.800000 -0.900000
v -1.100000 1.900000 -0.900000
v -1.000000 1.800000 -0.900000
v -1.000000 1.900000 -0.900000
v 1.000000 1.800000 -0.900000
v 1.000000 1.900000 -0.900000
v 1.100000 1.800000 -0.900000
v 1.100000 1.900000 -0.900000
v 1.100000 0.500000 -1.000000
v 1.100000 0.700000 -1.000000
v 1.200000 0.500000 -1.000000
v 1.200000 0.700000 -1.000000
v -1.100000 1.800000 -1.100000
v -1.100000 1.900000 -1.100000
v -1.000000 1.800000 -1.100000
v -1.000000 1.900000 -1.100000
v 1.000000 1.800000 -1.100000
v 1.000000 1.900000 -1.100000
v 1.100000 1.800000 -1.100000
v 1.100000 1.900000 -1.100000
v -1.100000 1.800000 -1.300000
v -1.100000 1.900000 -1.300000
v -1.000000 1.800000 -1.300000
v -1.000000 1.900000 -1.300000
v 1.000000 1.800000 -1.300000
v 1.000000 1.900000 -1.300000
v 1.100000 1.800000 -1.300000
v 1.100000 1.900000 -1.300000
v -1.000000 1.900000 -1.500000
v -1.000000 2.000000 -1.500000
v -0.900000 1.800000 -1.500000
v -0.900000 1.900000 -1.500000
v -0.800000 1.800000 -1.500000
v -0.800000 1.900000 -1.500000
v -0.700000 1.800000 -1.500000
v -0.700000 1.900000 -1.500000
v -0.600000 1.800000 -1.500000
v -0.600000 1.900000 -1.500000
v -0.600000 2.000000 -1.500000
v -0.600000 2.400000 -1.500000
v -0.500000 1.800000 -1.500000
v -0.500000 1.900000 -1.500000
v -0.400000 1.800000 -1.500000
v -0.400000 1.900000 -1.500000
v -0.400000 2.400000 -1.500000
v -0.400000 2.500000 -1.500000
v -0.300000 1.800000 -1.500000
v -0.300000 1.900000 -1.500000
v -0.200000 2.100000 -1.500000
v -0.200000 2.300000 -1.500000
v -0.200000 1.800000 -1.500000
v -0.200000 1.900000 -1.500000
v -0.100000 1.800000 -1.500000
v -0.100000 1.900000 -1.500000
v -0.100000 2.500000 -1.500000
v -0.100000 2.900000 -1.500000
v 0.000000 2.950000 -1.500000
v 0.100000 1.800000 -1.500000
v 0.100000 1.900000 -1.500000
v 0.100000 2.100000 -1.500000
v 0.100000 2.300000 -1.500000
v 0.175000 2.350000 -1.500000
v 0.200000 1.800000 -1.500000
v 0.200000 1.900000 -1.500000
v 0.300000 1.800000 -1.500000
v 0.300000 1.900000 -1.500000
v 0.400000 1.800000 -1.500000
v 0.400000 1.900000 -1.500000
v 0.500000 1.800000 -1.500000
v 0.500000 1.900000 -1.500000
v 0.600000 1.800000 -1.500000
v 0.600000 1.900000 -1.500000
v 0.700000 1.800000 -1.500000
v 0.700000 1.900000 -1.500000
v 0.800000 1.800000 -1.500000
v 0.800000 1.900000 -1.500000
v 0.900000 1.800000 -1.500000
v 0.900000 1.900000 -1.500000
v 1.000000 1.900000 -1.500000
v -1.200000 -0.000000 -1.600000
v -1.200000 0.100000 -1.600000
v -1.100000 -0.000000 -1.600000
v -1.100000 0.100000 -1.600000
v -1.100000 0.300000 -1.600000
v -1.100000 1.600000 -1.600000
v -1.100000 1.900000 -1.600000
v -1.100000 2.000000 -1.600000
v -1.000000 0.250000 -1.600000
v -1.000000 1.650000 -1.600000
v -0.900000 1.800000 -1.600000
v -0.900000 1.900000 -1.600000
v -0.800000 1.800000 -1.600000
v -0.800000 1.900000 -1.600000
v -0.700000 1.800000 -1.600000
v -0.700000 1.900000 -1.600000
v -0.600000 1.800000 -1.600000
v -0.600000 1.900000 -1.600000
v -0.600000 2.000000 -1.600000
v -0.600000 2.400000 -1.600000
v -0.500000 1.800000 -1.600000
v -0.500000 1.900000 -1.600000
v -0.400000 1.800000 -1.600000
v -0.400000 1.900000 -1.600000
v -0.300000 1.800000 -1.600000
v -0.300000 1.900000 -1.600000
v -0.200000 1.800000 -1.600000
v -0.200000 1.900000 -1.600000
v -0.200000 2.100000 -1.600000
v -0.200000 2.300000 -1.600000
v -0.100000 1.800000 -1.600000
v -0.100000 1.900000 -1.600000
v -0.100000 2.500000 -1.600000
v -0.100000 2.900000 -1.600000
v 0.100000 1.800000 -1.600000
v 0.100000 1.900000 -1.600000
v 0.100000 2.100000 -1.600000
v 0.100000 2.300000 -1.600000
v 0.200000 1.800000 -1.600000
v 0.200000 1.900000 -1.600000
v 0.300000 1.800000 -1.600000
v 0.300000 1.900000 -1.600000
v 0.450000 0.950000 -1.600000
v 0.400000 1.800000 -1.600000
v 0.400000 1.900000 -1.600000
v 0.550000 1.150000 -1.600000
v 0.500000 1.800000 -1.600000
v 0.500000 1.900000 -1.600000
v 0.600000 1.800000 -1.600000
v 0.600000 1.900000 -1.600000
v 0.762500 0.250000 -1.600000
v 0.800000 0.800000 -1.600000
v 0.800000 1.200000 -1.600000
v 0.700000 1.800000 -1.600000
v 0.700000 1.900000 -1.600000
v 0.800000 1.800000 -1.600000
v 0.800000 1.900000 -1.600000
v 0.950000 0.375000 -1.600000
v 0.900000 1.800000 -1.600000
v 0.900000 1.900000 -1.600000
v 1.000000 1.650000 -1.600000
v 1.100000 -0.000000 -1.600000
v 1.100000 0.100000 -1.600000
v 1.100000 0.300000 -1.600000
v 1.100000 0.800000 -1.600000
v 1.100000 1.200000 -1.600000
v 1.100000 1.600000 -1.600000
v 1.100000 1.900000 -1.600000
v 1.200000 -0.000000 -1.600000
v 1.200000 0.100000 -1.600000
v -1.100000 -0.000000 -1.700000
v -1.100000 0.100000 -1.700000
v 0.800000 0.800000 -1.700000
v 0.800000 1.200000 -1.700000
v 1.100000 -0.000000 -1.700000
v 1.100000 0.100000 -1.700000
v 1.200000 0.800000 -1.700000
v 1.200000 1.200000 -1.700000
v 0.000000 0.000000 1.700000
v 0.300000 0.000000 1.700000
v -0.500000 0.000000 1.600000
v 0.000000 0.000000 1.600000
v 0.300000 0.000000 1.600000
v 0.500000 0.000000 1.600000
v 0.375000 0.000000 1.350000
v 0.250000 0.000000 1.250000
v -0.400000 0.000000 1.150000
v 0.500000 0.000000 1.200000
v 0.400000 0.000000 1.100000
v -0.400000 0.000000 0.900000
v 0.400000 0.000000 0.900000
v -1.100000 0.000000 0.700000
v -0.500000 0.000000 0.700000
v 0.500000 0.000000 0.700000
v 1.100000 0.000000 0.700000
v -1.200000 0.000000 0.600000
v -1.100000 0.000000 0.600000
v 1.100000 0.000000 0.600000
v 1.200000 0.000000 0.600000
v -0.500000 -0.000000 -1.500000
v 0.500000 -0.000000 -1.500000
v -1.200000 -0.000000 -1.600000
v -1.100000 -0.000000 -1.600000
v 1.100000 -0.000000 -1.600000
v 1.200000 -0.000000 -1.600000
v -1.100000 -0.000000 -1.700000
v 1.100000 -0.000000 -1.700000
v -0.700000 0.400000 0.700000
v -0.600000 0.400000 0.700000
v 0.600000 0.400000 0.700000
v 0.700000 0.400000 0.700000
v -0.700000 0.400000 0.600000
v -0.600000 0.400000 0.600000
v 0.600000 0.400000 0.600000
v 0.700000 0.400000 0.600000
v 1.100000 0.500000 0.300000
v 1.200000 0.500000 0.300000
v 1.100000 0.500000 -0.300000
v 1.200000 0.500000 -0.300000
v 1.100000 0.500000 -0.700000
v 1.200000 0.500000 -0.700000
v 1.100000 0.500000 -1.000000
v 1.200000 0.500000 -1.000000
v -0.700000 0.600000 0.700000
v -0.600000 0.600000 0.700000
v 0.600000 0.600000 0.700000
v 0.700000 0.600000 0.700000
v -0.700000 0.600000 0.600000
v -0.600000 0.600000 0.600000
v 0.600000 0.600000 0.600000
v 0.700000 0.600000 0.600000
v -0.200000 0.700000 0.400000
v -0.100000 0.700000 0.400000
v 0.100000 0.700000 0.400000
v 0.200000 0.700000 0.400000
v -0.200000 0.700000 0.300000
v -0.100000 0.700000 0.300000
v 0.100000 0.700000 0.300000
v 0.200000 0.700000 0.300000
v 1.100000 0.800000 -1.000000
v 1.200000 0.800000 -1.000000
v 0.800000 0.800000 -1.600000
v 1.100000 0.800000 -1.600000
v 0.800000 0.800000 -1.700000
v 1.200000 0.800000 -1.700000
v -0.900000 0.900000 0.700000
v -0.800000 0.900000 0.700000
v 0.800000 0.900000 0.700000
v 0.900000 0.900000 0.700000
v -0.900000 0.900000 0.600000
v -0.800000 0.900000 0.600000
v 0.800000 0.900000 0.600000
v 0.900000 0.900000 0.600000
v -1.200000 0.900000 -0.100000
v -1.100000 0.900000 -0.100000
v 1.100000 0.900000 -0.300000
v 1.200000 0.900000 -0.300000
v -1.200000 0.900000 -0.800000
v -1.100000 0.900000 -0.800000
v 1.100000 0.900000 -0.800000
v 1.200000 0.900000 -0.800000
v -0.900000 1.100000 0.700000
v -0.800000 1.100000 0.700000
v 0.800000 1.100000 0.700000
v 0.900000 1.100000 0.700000
v -0.900000 1.100000 0.600000
v -0.800000 1.100000 0.600000
v 0.800000 1.100000 0.600000
v 0.900000 1.100000 0.600000
v -0.200000 1.100000 0.400000
v -0.100000 1.100000 0.400000
v 0.100000 1.100000 0.400000
v 0.200000 1.100000 0.400000
v -0.200000 1.100000 0.300000
v -0.100000 1.100000 0.300000
v 0.100000 1.100000 0.300000
v 0.200000 1.100000 0.300000
v -0.900000 1.100000 -0.100000
v -0.800000 1.100000 -0.100000
v 0.800000 1.100000 -0.100000
v 0.900000 1.100000 -0.100000
v -0.900000 1.100000 -0.800000
v -0.800000 1.100000 -0.800000
v 0.800000 1.100000 -0.800000
v 0.900000 1.100000 -0.800000
v -0.800000 1.400000 0.700000
v -0.700000 1.400000 0.700000
v 0.700000 1.400000 0.700000
v 0.800000 1.400000 0.700000
v -0.800000 1.400000 0.600000
v -0.700000 1.400000 0.600000
v 0.700000 1.400000 0.600000
v 0.800000 1.400000 0.600000
v -0.200000 1.500000 0.400000
v -0.100000 1.500000 0.400000
v 0.100000 1.500000 0.400000
v 0.200000 1.500000 0.400000
v -0.200000 1.500000 0.300000
v -0.100000 1.500000 0.300000
v 0.100000 1.500000 0.300000
v 0.200000 1.500000 0.300000
v -0.900000 1.500000 -0.100000
v -0.800000 1.500000 -0.100000
v 0.800000 1.500000 -0.100000
v 0.900000 1.500000 -0.100000
v -0.900000 1.500000 -0.800000
v -0.800000 1.500000 -0.800000
v 0.800000 1.500000 -0.800000
v 0.900000 1.500000 -0.800000
v -0.800000 1.700000 -0.100000
v -0.700000 1.700000 -0.100000
v 0.700000 1.700000 -0.100000
v 0.800000 1.700000 -0.100000
v -0.800000 1.700000 -0.200000
v -0.700000 1.700000 -0.200000
v 0.700000 1.700000 -0.200000
v 0.800000 1.700000 -0.200000
v -0.800000 1.700000 -0.300000
v -0.700000 1.700000 -0.300000
v 0.700000 1.700000 -0.300000
v 0.800000 1.700000 -0.300000
v -0.800000 1.700000 -0.400000
v -0.700000 1.700000 -0.400000
v 0.700000 1.700000 -0.400000
v 0.800000 1.700000 -0.400000
v -0.800000 1.700000 -0.500000
v -0.700000 1.700000 -0.500000
v 0.700000 1.700000 -0.500000
v 0.800000 1.700000 -0.500000
v -0.800000 1.700000 -0.600000
v -0.700000 1.700000 -0.600000
v 0.700000 1.700000 -0.600000
v 0.800000 1.700000 -0.600000
v -0.800000 1.700000 -0.700000
v -0.700000 1.700000 -0.700000
v -0.800000 1.700000 -0.800000
v -0.700000 1.700000 -0.800000
v -0.200000 1.900000 0.400000
v -0.100000 1.900000 0.400000
v 0.100000 1.900000 0.400000
v 0.200000 1.900000 0.400000
v -0.200000 1.900000 0.300000
v -0.100000 1.900000 0.300000
v 0.100000 1.900000 0.300000
v 0.200000 1.900000 0.300000
v -0.900000 1.900000 -0.100000
v -0.800000 1.900000 -0.100000
v 0.800000 1.900000 -0.100000
v 0.900000 1.900000 -0.100000
v -0.800000 1.900000 -0.450000
v 0.800000 1.900000 -0.450000
v -0.800000 1.900000 -0.800000
v 0.800000 1.900000 -0.800000
v -0.900000 1.900000 -0.800000
v 0.900000 1.900000 -0.800000
v -1.100000 2.000000 -1.100000
v -1.000000 2.000000 -1.100000
v -1.000000 2.000000 -1.500000
v -0.600000 2.000000 -1.500000
v -1.100000 2.000000 -1.600000
v -0.600000 2.000000 -1.600000
v -0.200000 2.100000 -1.500000
v 0.100000 2.100000 -1.500000
v -0.200000 2.100000 -1.600000
v 0.100000 2.100000 -1.600000
v 0.700000 2.300000 1.000000
v 0.800000 2.300000 1.000000
v 0.700000 2.300000 0.900000
v 0.800000 2.300000 0.900000
v -0.200000 2.300000 0.400000
v -0.100000 2.300000 0.400000
v 0.100000 2.300000 0.400000
v 0.200000 2.300000 0.400000
v -0.200000 2.300000 0.300000
v -0.100000 2.300000 0.300000
v 0.100000 2.300000 0.300000
v 0.200000 2.300000 0.300000
v 0.800000 2.300000 -0.100000
v 0.900000 2.300000 -0.100000
v 0.800000 2.300000 -0.450000
v -0.800000 2.300000 -0.800000
v 0.800000 2.300000 -0.800000
v 0.900000 2.300000 -0.800000
v 0.700000 2.400000 1.300000
v 0.800000 2.400000 1.300000
v 0.700000 2.400000 1.000000
v 0.800000 2.400000 1.000000
v 0.400000 2.500000 0.600000
v 0.500000 2.500000 0.600000
v 0.700000 2.500000 0.600000
v 0.800000 2.500000 0.600000
v 0.400000 2.500000 0.500000
v 0.500000 2.500000 0.500000
v 0.700000 2.500000 0.500000
v 0.800000 2.500000 0.500000
v -0.400000 2.500000 -1.500000
v -0.100000 2.500000 -1.500000
v -0.100000 2.500000 -1.600000
v 0.700000 2.600000 1.200000
v 0.800000 2.600000 1.200000
v 0.700000 2.600000 1.000000
v 0.800000 2.600000 1.000000
v 0.700000 2.600000 0.900000
v 0.800000 2.600000 0.900000
v 0.700000 2.600000 0.600000
v 0.800000 2.600000 0.600000
v 0.600000 2.600000 0.600000
v 0.900000 2.600000 0.600000
v 0.600000 2.600000 0.500000
v 0.700000 2.600000 0.500000
v 0.800000 2.600000 0.500000
v 0.900000 2.600000 0.500000
v -0.100000 2.700000 0.400000
v 0.100000 2.700000 0.400000
v 0.200000 2.700000 0.400000
v -0.100000 2.700000 0.300000
v 0.100000 2.700000 0.300000
v 0.200000 2.700000 0.300000
v 0.800000 2.700000 -0.100000
v 0.900000 2.700000 -0.100000
v 0.800000 2.700000 -0.350000
v 0.800000 2.700000 -0.575000
v 0.900000 2.700000 -0.800000
v 0.800000 2.700000 -0.800000
v 0.100000 2.800000 0.700000
v 0.300000 2.800000 0.700000
v 0.400000 2.800000 0.600000
v 0.500000 2.800000 0.600000
v 0.100000 2.800000 0.400000
v 0.300000 2.800000 0.400000
v 0.400000 2.800000 0.500000
v 0.500000 2.800000 0.500000
v 0.700000 2.900000 -0.200000
v 0.800000 2.900000 -0.200000
v 0.700000 2.900000 -0.300000
v 0.800000 2.900000 -0.300000
v 0.700000 2.900000 -0.400000
v 0.800000 2.900000 -0.400000
v 0.700000 2.900000 -0.500000
v 0.800000 2.900000 -0.500000
v 0.700000 2.900000 -0.600000
v 0.800000 2.900000 -0.600000
v 0.700000 2.900000 -0.800000
v 0.800000 2.900000 -0.800000
v 0.800000 3.000000 -0.100000
v 1.000000 3.000000 -0.100000
v 0.800000 3.000000 -0.350000
v 0.800000 3.000000 -0.575000
v 0.800000 3.000000 -0.800000
v 1.000000 3.000000 -0.800000
v 0.600000 3.200000 0.600000
v 1.100000 3.200000 0.600000
v 0.600000 3.200000 0.500000
v 1.000000 3.200000 0.500000
v 1.000000 3.200000 0.100000
v 1.100000 3.200000 0.100000
v 1.000000 3.300000 -0.200000
v 1.100000 3.300000 -0.200000
v 1.000000 3.300000 -0.500000
v 1.100000 3.300000 -0.500000
v 1.100000 3.700000 -0.300000
v -0.500000 0.100000 1.600000
v 0.000000 0.100000 1.600000
v 0.300000 0.100000 1.600000
v 0.500000 0.100000 1.600000
v 0.000000 0.100000 1.500000
v 0.300000 0.100000 1.500000
v -0.300000 0.100000 1.400000
v 0.000000 0.100000 1.400000
v 0.350000 0.100000 1.350000
v 0.200000 0.100000 1.300000
v -0.300000 0.100000 1.200000
v 0.000000 0.100000 1.200000
v 0.250000 0.100000 1.200000
v 0.500000 0.100000 1.200000
v -0.500000 0.100000 1.100000
v 0.300000 0.100000 1.100000
v 0.500000 0.100000 1.100000
v -1.100000 0.100000 0.700000
v -0.500000 0.100000 0.700000
v 0.500000 0.100000 0.700000
v 1.100000 0.100000 0.700000
v -1.200000 0.100000 0.600000
v -1.100000 0.100000 0.600000
v -0.500000 0.100000 0.600000
v 0.500000 0.100000 0.600000
v 1.100000 0.100000 0.600000
v 1.200000 0.100000 0.600000
v -1.200000 0.100000 -1.600000
v -1.100000 0.100000 -1.600000
v 1.100000 0.100000 -1.600000
v 1.200000 0.100000 -1.600000
v -1.100000 0.100000 -1.700000
v 1.100000 0.100000 -1.700000
v 0.000000 0.200000 1.700000
v 0.300000 0.200000 1.700000
v 0.000000 0.200000 1.500000
v 0.300000 0.200000 1.500000
v -0.300000 0.200000 1.400000
v 0.000000 0.200000 1.400000
v -0.300000 0.200000 1.200000
v 0.000000 0.200000 1.200000
v -0.500000 0.200000 1.100000
v 0.300000 0.200000 1.100000
v 0.500000 0.200000 1.100000
v -0.400000 0.200000 1.000000
v -0.300000 0.200000 1.000000
v 0.300000 0.200000 1.000000
v 0.400000 0.200000 1.000000
v 0.000000 0.200000 0.900000
v 0.300000 0.200000 0.900000
v -0.300000 0.200000 0.700000
v -0.200000 0.200000 0.650000
v 0.000000 0.200000 0.700000
v 0.300000 0.200000 0.700000
v -0.500000 0.200000 0.600000
v -0.400000 0.200000 0.600000
v 0.400000 0.200000 0.600000
v 0.500000 0.200000 0.600000
v -0.300000 0.200000 0.400000
v 0.300000 0.200000 0.400000
v -0.800000 0.200000 0.300000
v -0.300000 0.200000 0.300000
v 0.300000 0.200000 0.300000
v 0.800000 0.200000 0.300000
v -0.800000 0.200000 -1.300000
v 0.800000 0.200000 -1.300000
v -0.400000 0.300000 1.000000
v -0.300000 0.300000 1.000000
v 0.300000 0.300000 1.000000
v 0.400000 0.300000 1.000000
v 0.000000 0.300000 0.900000
v 0.300000 0.300000 0.900000
v -0.400000 0.300000 0.800000
v -0.300000 0.300000 0.800000
v 0.300000 0.300000 0.800000
v 0.400000 0.300000 0.800000
v 0.000000 0.300000 0.700000
v 0.300000 0.300000 0.700000
v -0.400000 0.400000 0.800000
v -0.300000 0.400000 0.800000
v 0.300000 0.400000 0.800000
v 0.400000 0.400000 0.800000
v -0.400000 0.400000 0.700000
v -0.300000 0.400000 0.700000
v 0.300000 0.400000 0.700000
v 0.400000 0.400000 0.700000
v -0.200000 0.400000 0.400000
v -0.100000 0.400000 0.400000
v 0.100000 0.400000 0.400000
v 0.200000 0.400000 0.400000
v -0.200000 0.400000 0.300000
v -0.100000 0.400000 0.300000
v 0.100000 0.400000 0.300000
v 0.200000 0.400000 0.300000
v -0.700000 0.500000 0.700000
v -0.600000 0.500000 0.700000
v 0.600000 0.500000 0.700000
v 0.700000 0.500000 0.700000
v -0.700000 0.500000 0.600000
v -0.600000 0.500000 0.600000
v 0.600000 0.500000 0.600000
v 0.700000 0.500000 0.600000
v 1.100000 0.700000 -0.700000
v 1.200000 0.700000 -0.700000
v 1.100000 0.700000 -1.000000
v 1.200000 0.700000 -1.000000
v -0.200000 0.800000 0.400000
v -0.100000 0.800000 0.400000
v 0.100000 0.800000 0.400000
v 0.200000 0.800000 0.400000
v -0.200000 0.800000 0.300000
v -0.100000 0.800000 0.300000
v 0.100000 0.800000 0.300000
v 0.200000 0.800000 0.300000
v 1.100000 0.900000 0.300000
v 1.200000 0.900000 0.300000
v 1.100000 0.900000 -0.100000
v 1.200000 0.900000 -0.100000
v -0.900000 1.000000 0.700000
v -0.800000 1.000000 0.700000
v 0.800000 1.000000 0.700000
v 0.900000 1.000000 0.700000
v -0.900000 1.000000 0.600000
v -0.800000 1.000000 0.600000
v 0.800000 1.000000 0.600000
v 0.900000 1.000000 0.600000
v -1.200000 1.000000 -0.100000
v -0.800000 1.000000 -0.100000
v 0.800000 1.000000 -0.100000
v 1.200000 1.000000 -0.100000
v -1.050000 1.000000 -0.200000
v 1.050000 1.000000 -0.200000
v -1.050000 1.000000 -0.700000
v 1.050000 1.000000 -0.700000
v -1.200000 1.000000 -0.800000
v -0.800000 1.000000 -0.800000
v 0.800000 1.000000 -0.800000
v 1.200000 1.000000 -0.800000
v -0.200000 1.200000 0.400000
v -0.100000 1.200000 0.400000
v 0.100000 1.200000 0.400000
v 0.200000 1.200000 0.400000
v -0.200000 1.200000 0.300000
v -0.100000 1.200000 0.300000
v 0.100000 1.200000 0.300000
v 0.200000 1.200000 0.300000
v -0.900000 1.200000 -0.100000
v -0.800000 1.200000 -0.100000
v 0.800000 1.200000 -0.100000
v 0.900000 1.200000 -0.100000
v -0.900000 1.200000 -0.800000
v -0.800000 1.200000 -0.800000
v 0.800000 1.200000 -0.800000
v 0.900000 1.200000 -0.800000
v 1.100000 1.200000 -1.000000
v 1.200000 1.200000 -1.000000
v 0.800000 1.200000 -1.600000
v 1.100000 1.200000 -1.600000
v 0.800000 1.200000 -1.700000
v 1.200000 1.200000 -1.700000
v -0.900000 1.400000 0.700000
v -0.800000 1.400000 0.700000
v 0.800000 1.400000 0.700000
v 0.900000 1.400000 0.700000
v -0.900000 1.400000 0.600000
v -0.800000 1.400000 0.600000
v 0.800000 1.400000 0.600000
v 0.900000 1.400000 0.600000
v -0.800000 1.500000 0.700000
v -0.600000 1.500000 0.700000
v 0.600000 1.500000 0.700000
v 0.800000 1.500000 0.700000
v -0.800000 1.500000 0.600000
v -0.600000 1.500000 0.600000
v 0.600000 1.500000 0.600000
v 0.800000 1.500000 0.600000
v -0.200000 1.600000 0.400000
v -0.100000 1.600000 0.400000
v 0.100000 1.600000 0.400000
v 0.200000 1.600000 0.400000
v -0.200000 1.600000 0.300000
v -0.100000 1.600000 0.300000
v 0.100000 1.600000 0.300000
v 0.200000 1.600000 0.300000
v -0.900000 1.600000 -0.100000
v -0.800000 1.600000 -0.100000
v 0.800000 1.600000 -0.100000
v 0.900000 1.600000 -0.100000
v -0.900000 1.600000 -0.800000
v -0.800000 1.600000 -0.800000
v 0.800000 1.600000 -0.800000
v 0.900000 1.600000 -0.800000
v -0.900000 1.800000 0.600000
v -0.800000 1.800000 0.600000
v -0.700000 1.800000 0.600000
v -0.600000 1.800000 0.600000
v 0.600000 1.800000 0.600000
v 0.700000 1.800000 0.600000
v 0.800000 1.800000 0.600000
v 0.900000 1.800000 0.600000
v -0.900000 1.800000 0.500000
v -0.800000 1.800000 0.500000
v -0.700000 1.800000 0.500000
v -0.600000 1.800000 0.500000
v 0.600000 1.800000 0.500000
v 0.700000 1.800000 0.500000
v 0.800000 1.800000 0.500000
v 0.900000 1.800000 0.500000
v -1.100000 1.800000 0.400000
v -1.000000 1.800000 0.400000
v 1.000000 1.800000 0.400000
v 1.100000 1.800000 0.400000
v -1.100000 1.800000 0.300000
v -1.000000 1.800000 0.300000
v 1.000000 1.800000 0.300000
v 1.100000 1.800000 0.300000
v -1.100000 1.800000 0.200000
v -1.000000 1.800000 0.200000
v 1.000000 1.800000 0.200000
v 1.100000 1.800000 0.200000
v -1.100000 1.800000 0.100000
v -1.000000 1.800000 0.100000
v 1.000000 1.800000 0.100000
v 1.100000 1.800000 0.100000
v -1.100000 1.800000 -0.900000
v -1.000000 1.800000 -0.900000
v 1.000000 1.800000 -0.900000
v 1.100000 1.800000 -0.900000
v -1.100000 1.800000 -1.000000
v -1.000000 1.800000 -1.000000
v 1.000000 1.800000 -1.000000
v 1.100000 1.800000 -1.000000
v -1.100000 1.800000 -1.100000
v -1.000000 1.800000 -1.100000
v 1.000000 1.800000 -1.100000
v 1.100000 1.800000 -1.100000
v -1.100000 1.800000 -1.200000
v -1.000000 1.800000 -1.200000
v 1.000000 1.800000 -1.200000
v 1.100000 1.800000 -1.200000
v -1.100000 1.800000 -1.300000
v -1.000000 1.800000 -1.300000
v 1.000000 1.800000 -1.300000
v 1.100000 1.800000 -1.300000
v -1.100000 1.800000 -1.400000
v -1.000000 1.800000 -1.400000
v 1.000000 1.800000 -1.400000
v 1.100000 1.800000 -1.400000
v -0.900000 1.800000 -1.500000
v -0.800000 1.800000 -1.500000
v -0.700000 1.800000 -1.500000
v -0.600000 1.800000 -1.500000
v -0.500000 1.800000 -1.500000
v -0.400000 1.800000 -1.500000
v -0.300000 1.800000 -1.500000
v -0.200000 1.800000 -1.500000
v -0.100000 1.800000 -1.500000
v 0.100000 1.800000 -1.500000
v 0.200000 1.800000 -1.500000
v 0.300000 1.800000 -1.500000
v 0.400000 1.800000 -1.500000
v 0.500000 1.800000 -1.500000
v 0.600000 1.800000 -1.500000
v 0.700000 1.800000 -1.500000
v 0.800000 1.800000 -1.500000
v 0.900000 1.800000 -1.500000
v -0.900000 1.800000 -1.600000
v -0.800000 1.800000 -1.600000
v -0.700000 1.800000 -1.600000
v -0.600000 1.800000 -1.600000
v -0.500000 1.800000 -1.600000
v -0.400000 1.800000 -1.600000
v -0.300000 1.800000 -1.600000
v -0.200000 1.800000 -1.600000
v -0.100000 1.800000 -1.600000
v 0.100000 1.800000 -1.600000
v 0.200000 1.800000 -1.600000
v 0.300000 1.800000 -1.600000
v 0.400000 1.800000 -1.600000
v 0.500000 1.800000 -1.600000
v 0.600000 1.800000 -1.600000
v 0.700000 1.800000 -1.600000
v 0.800000 1.800000 -1.600000
v 0.900000 1.800000 -1.600000
v -1.100000 1.900000 0.600000
v -0.900000 1.900000 0.600000
v -0.800000 1.900000 0.600000
v -0.700000 1.900000 0.600000
v -0.600000 1.900000 0.600000
v -0.500000 1.900000 0.600000
v 0.500000 1.900000 0.600000
v 0.600000 1.900000 0.600000
v 0.700000 1.900000 0.600000
v 0.800000 1.900000 0.600000
v 0.900000 1.900000 0.600000
v 1.100000 1.900000 0.600000
v -1.000000 1.900000 0.500000
v -0.900000 1.900000 0.500000
v -0.800000 1.900000 0.500000
v -0.700000 1.900000 0.500000
v -0.600000 1.900000 0.500000
v -0.500000 1.900000 0.500000
v 0.500000 1.900000 0.500000
v 0.600000 1.900000 0.500000
v 0.700000 1.900000 0.500000
v 0.800000 1.900000 0.500000
v 0.900000 1.900000 0.500000
v 1.000000 1.900000 0.500000
v -1.100000 1.900000 0.400000
v -1.000000 1.900000 0.400000
v 1.000000 1.900000 0.400000
v 1.100000 1.900000 0.400000
v -1.100000 1.900000 0.300000
v -1.000000 1.900000 0.300000
v 1.000000 1.900000 0.300000
v 1.100000 1.900000 0.300000
v -1.100000 1.900000 0.200000
v -1.000000 1.900000 0.200000
v 1.000000 1.900000 0.200000
v 1.100000 1.900000 0.200000
v -1.100000 1.900000 0.100000
v -1.000000 1.900000 0.100000
v 1.000000 1.900000 0.100000
v 1.100000 1.900000 0.100000
v -1.100000 1.900000 -0.100000
v -1.000000 1.900000 -0.100000
v 1.000000 1.900000 -0.100000
v 1.100000 1.900000 -0.100000
v -1.100000 1.900000 -0.800000
v -1.000000 1.900000 -0.800000
v 1.000000 1.900000 -0.800000
v 1.100000 1.900000 -0.800000
v -1.100000 1.900000 -0.900000
v -1.000000 1.900000 -0.900000
v 1.000000 1.900000 -0.900000
v 1.100000 1.900000 -0.900000
v -1.100000 1.900000 -1.000000
v -1.000000 1.900000 -1.000000
v 1.000000 1.900000 -1.000000
v 1.100000 1.900000 -1.000000
v -1.100000 1.900000 -1.100000
v -1.000000 1.900000 -1.100000
v 1.000000 1.900000 -1.100000
v 1.100000 1.900000 -1.100000
v -1.100000 1.900000 -1.200000
v -1.000000 1.900000 -1.200000
v 1.000000 1.900000 -1.200000
v 1.100000 1.900000 -1.200000
v -1.100000 1.900000 -1.300000
v -1.000000 1.900000 -1.300000
v 1.000000 1.900000 -1.300000
v 1.100000 1.900000 -1.300000
v -1.100000 1.900000 -1.400000
v -1.000000 1.900000 -1.400000
v 1.000000 1.900000 -1.400000
v 1.100000 1.900000 -1.400000
v -1.000000 1.900000 -1.500000
v -0.900000 1.900000 -1.500000
v -0.800000 1.900000 -1.500000
v -0.700000 1.900000 -1.500000
v -0.600000 1.900000 -1.500000
v -0.500000 1.900000 -1.500000
v -0.400000 1.900000 -1.500000
v -0.300000 1.900000 -1.500000
v -0.200000 1.900000 -1.500000
v -0.100000 1.900000 -1.500000
v 0.100000 1.900000 -1.500000
v 0.200000 1.900000 -1.500000
v 0.300000 1.900000 -1.500000
v 0.400000 1.900000 -1.500000
v 0.500000 1.900000 -1.500000
v 0.600000 1.900000 -1.500000
v 0.700000 1.900000 -1.500000
v 0.800000 1.900000 -1.500000
v 0.900000 1.900000 -1.500000
v 1.000000 1.900000 -1.500000
v -1.100000 1.900000 -1.600000
v -0.900000 1.900000 -1.600000
v -0.800000 1.900000 -1.600000
v -0.700000 1.900000 -1.600000
v -0.600000 1.900000 -1.600000
v -0.500000 1.900000 -1.600000
v -0.400000 1.900000 -1.600000
v -0.300000 1.900000 -1.600000
v -0.200000 1.900000 -1.600000
v -0.100000 1.900000 -1.600000
v 0.100000 1.900000 -1.600000
v 0.200000 1.900000 -1.600000
v 0.300000 1.900000 -1.600000
v 0.400000 1.900000 -1.600000
v 0.500000 1.900000 -1.600000
v 0.600000 1.900000 -1.600000
v 0.700000 1.900000 -1.600000
v 0.800000 1.900000 -1.600000
v 0.900000 1.900000 -1.600000
v 1.100000 1.900000 -1.600000
v -0.200000 2.000000 0.400000
v -0.100000 2.000000 0.400000
v 0.100000 2.000000 0.400000
v 0.200000 2.000000 0.400000
v -0.200000 2.000000 0.300000
v -0.100000 2.000000 0.300000
v 0.100000 2.000000 0.300000
v 0.200000 2.000000 0.300000
v -0.900000 2.000000 -0.100000
v -0.800000 2.000000 -0.100000
v 0.800000 2.000000 -0.100000
v 0.900000 2.000000 -0.100000
v 0.800000 2.000000 -0.250000
v -0.800000 2.000000 -0.450000
v 0.800000 2.000000 -0.450000
v -0.800000 2.000000 -0.800000
v 0.800000 2.000000 -0.800000
v -0.900000 2.000000 -0.800000
v 0.900000 2.000000 -0.800000
v -0.200000 2.300000 -1.500000
v 0.100000 2.300000 -1.500000
v -0.200000 2.300000 -1.600000
v 0.100000 2.300000 -1.600000
v -0.500000 2.400000 0.600000
v -0.400000 2.400000 0.600000
v 0.400000 2.400000 0.600000
v 0.500000 2.400000 0.600000
v -0.500000 2.400000 0.500000
v -0.400000 2.400000 0.500000
v 0.400000 2.400000 0.500000
v 0.500000 2.400000 0.500000
v -0.200000 2.400000 0.400000
v -0.100000 2.400000 0.400000
v 0.100000 2.400000 0.400000
v 0.200000 2.400000 0.400000
v -0.200000 2.400000 0.300000
v -0.100000 2.400000 0.300000
v 0.100000 2.400000 0.300000
v 0.200000 2.400000 0.300000
v 0.800000 2.400000 -0.100000
v 0.900000 2.400000 -0.100000
v 0.800000 2.400000 -0.350000
v 0.800000 2.400000 -0.575000
v 0.900000 2.400000 -0.800000
v 0.800000 2.400000 -0.800000
v -0.600000 2.400000 -1.500000
v -0.600000 2.400000 -1.600000
v 0.700000 2.500000 1.200000
v 0.800000 2.500000 1.200000
v 0.700000 2.500000 1.000000
v 0.800000 2.500000 1.000000
v 0.700000 2.700000 1.300000
v 0.800000 2.700000 1.300000
v 0.700000 2.700000 1.000000
v 0.800000 2.700000 1.000000
v 0.700000 2.700000 0.900000
v 0.800000 2.700000 0.900000
v 0.700000 2.700000 0.600000
v 0.800000 2.700000 0.600000
v 0.400000 2.700000 0.600000
v 0.500000 2.700000 0.600000
v 0.600000 2.700000 0.600000
v 0.900000 2.700000 0.600000
v 0.400000 2.700000 0.500000
v 0.500000 2.700000 0.500000
v 0.600000 2.700000 0.500000
v 0.900000 2.700000 0.500000
v 0.700000 2.800000 1.000000
v 0.800000 2.800000 1.000000
v 0.700000 2.800000 0.900000
v 0.800000 2.800000 0.900000
v 0.800000 2.800000 -0.100000
v 0.900000 2.800000 -0.100000
v 0.800000 2.800000 -0.450000
v 0.800000 2.800000 -0.800000
v 0.900000 2.800000 -0.800000
v 0.200000 2.900000 0.700000
v 0.400000 2.900000 0.700000
v 0.200000 2.900000 0.600000
v 0.400000 2.900000 0.600000
v 0.500000 2.900000 0.600000
v 0.400000 2.900000 0.500000
v 0.500000 2.900000 0.500000
v -0.100000 2.900000 -1.500000
v -0.100000 2.900000 -1.600000
v 0.400000 3.000000 0.600000
v 0.400000 3.000000 0.500000
v 0.300000 3.000000 0.400000
v 0.800000 3.000000 0.400000
v 0.300000 3.000000 0.300000
v 0.800000 3.000000 0.300000
v 0.700000 3.000000 -0.100000
v 0.800000 3.000000 -0.100000
v 0.700000 3.000000 -0.250000
v 0.800000 3.000000 -0.350000
v 0.700000 3.000000 -0.450000
v 0.800000 3.000000 -0.575000
v 0.700000 3.000000 -0.800000
v 0.800000 3.000000 -0.800000
v 1.000000 3.500000 -0.200000
v 1.100000 3.500000 -0.200000
v 1.000000 3.500000 -0.500000
v 1.100000 3.500000 -0.500000
v 1.100000 3.600000 0.600000
v 1.000000 3.600000 0.100000
v 1.100000 3.600000 0.100000
v -1.100000 1.572445 0.600000
v -1.100000 1.738639 -1.600000
v -0.800000 1.876208 -0.311896
v -0.800000 1.882864 -0.400000
v -0.500000 2.047522 0.529504
v -0.500000 2.049751 0.500000
v 0.200000 2.607675 0.369225
v 0.200000 2.612904 0.300000
v 0.300000 2.660979 0.700000
v 0.800000 3.100000 0.070415
v -0.800000 1.913081 -0.800000
v -0.800000 1.905139 -0.694861
v -0.800000 1.905527 -0.700000
v -0.700000 1.973489 -0.563256
v -0.700000 1.976265 -0.600000
v -0.300000 2.191227 0.700000
v 0.500000 2.825118 0.600000
v 1.000000 3.363887 -1.350000
v -0.300000 2.191227 0.700000
v 0.467918 2.800000 0.600000
v -0.553811 2.007622 0.500000
v -0.100000 2.370474 0.400000
v 0.203980 2.608466 0.400000
v 0.208579 2.612067 0.400000
v 0.212161 2.614871 0.400000
v 0.216367 2.618164 0.400000
v -0.700000 1.938493 -0.100000
v 1.080127 3.339745 -0.200000
v -0.771782 1.897402 -0.300000
v -0.734967 1.926225 -0.300000
v -0.962066 1.786197 -0.800000
v -0.816708 1.900000 -0.800000
v -1.000000 1.801823 -1.400000
v 0.751007 3.036745 0.400000
v -0.616696 1.973496 0.300000
v -0.571314 2.009027 0.300000
v -0.082873 2.391437 0.300000
v -0.071936 2.400000 0.300000
v 0.348380 2.729074 0.300000
v 0.694425 3.000000 0.300000
v -1.100000 1.625325 -0.100000
v -0.769644 1.891521 -0.200000
v -0.730039 1.922529 -0.200000
v 1.100000 3.377967 -0.500000
v -0.347054 2.320582 -1.500000
v -1.050848 1.777121 -1.600000
v -0.974224 1.837112 -1.600000
v -0.816708 1.900000 -0.800000
v -0.766172 2.000000 -1.600000
v 0.467918 2.800000 0.600000
v 1.000584 3.300000 -0.498248
v 0.704074 3.000000 0.400000
v -0.800000 1.890418 -0.500000
v 0.800000 3.109344 -0.053279
v -0.800000 1.856980 -0.057360
v -0.800000 1.918747 -0.875004
v -0.800000 1.860201 -0.100000
v -0.700000 1.983819 -0.700000
v -0.300000 2.213890 0.400000
v 0.500000 2.830377 0.530377
v 0.500000 2.832672 0.500000
v -1.100000 1.572445 0.600000
v -0.500000 2.042197 0.600000
v 0.485912 2.814088 0.600000
v -0.543411 2.015764 0.500000
v -0.500000 2.049751 0.500000
v -0.300000 2.213890 0.400000
v -0.076985 2.388493 0.400000
v -0.062287 2.400000 0.400000
v 0.800000 3.075102 0.400000
v 0.041035 2.488447 0.300000
v -1.082564 1.638975 -0.100000
v -1.080260 1.640780 -0.100000
v -1.077253 1.643134 -0.100000
v -1.058116 1.658116 -0.100000
v -1.041793 1.670896 -0.100000
v -0.800000 1.860201 -0.100000
v -0.700000 1.976265 -0.600000
v -0.320634 2.341267 -1.500000
v -0.276119 2.376119 -1.500000
v -0.117889 2.500000 -1.500000
v 0.678105 3.123200 -1.500000
v -0.766172 2.000000 -1.600000
v -0.600000 2.130100 -1.600000
v -0.127538 2.500000 -1.600000
v -0.100000 2.521560 -1.600000
v 0.464492 2.800000 0.564492
v 1.000415 3.300000 -0.500000
v 0.702187 3.000000 0.380437
v -0.800000 1.890767 -0.504617
v -0.800000 1.897972 -0.600000
v 0.300000 2.682158 0.419640
v 0.300000 2.664394 0.654798
v 0.800000 3.081928 0.309641
v -0.800000 1.920253 -0.894937
v -0.800000 1.920495 -0.898137
v -0.700000 1.991001 -0.795077
v -0.700000 1.991373 -0.800000
v -0.600000 2.122545 -1.500000
v -0.300000 2.206416 0.498931
v -0.300000 2.206180 0.502060
v -1.097661 1.574276 0.600000
v -1.095835 1.575705 0.600000
v -1.002604 1.648698 0.600000
v -0.809351 1.800000 0.600000
v -0.700000 1.885613 0.600000
v -0.454027 2.078190 0.600000
v 0.500000 2.825118 0.600000
v 1.100000 3.294870 0.600000
v 0.400000 2.754380 0.500000
v -0.276350 2.232406 0.400000
v -0.273093 2.234956 0.400000
v -0.271798 2.235969 0.400000
v -0.267041 2.239694 0.400000
v -0.265077 2.241232 0.400000
v -0.257476 2.247183 0.400000
v -0.254149 2.249788 0.400000
v -0.240088 2.260796 0.400000
v -0.233267 2.266136 0.400000
v 0.044344 2.483484 0.400000
v -0.800000 1.890418 -0.500000
v -0.700000 1.983819 -0.700000
v 0.704074 3.000000 0.400000
v -0.200000 2.299736 0.300000
v 0.061898 2.504781 0.300000
v 0.100000 2.534612 0.300000
v -0.700000 1.991373 -0.800000
v 0.049115 2.630751 -1.500000
v 0.084935 2.658795 -1.500000
v 0.187151 2.738822 -1.500000
v -0.682190 2.065752 -1.600000
v -0.115919 2.509096 -1.600000
v -0.809973 1.900000 -0.730192
v -0.190014 2.300000 0.400000
v 0.458269 2.800000 0.500000
v -1.100000 1.574380 0.574380
v -1.100000 1.583988 0.447191
v -1.100000 1.625325 -0.100000
v -1.000000 1.800000 -1.375867
v 0.300000 2.683642 0.400000
v 0.800000 3.114057 -0.115659
v 0.800000 3.145467 -0.531447
v 0.800000 3.151977 -0.617628
v -0.900000 1.887669 -1.500000
v -0.800000 1.852007 0.008469
v -0.800000 1.829984 0.300000
v -0.700000 1.938493 -0.100000
v -0.600000 2.127688 -1.568078
v -0.600000 2.130100 -1.600000
v 0.400000 2.746658 0.602222
v 0.400000 2.739271 0.700000
v 1.100000 3.294870 0.600000
v -1.000224 1.650561 0.600000
v -0.400000 2.120489 0.600000
v -0.819000 1.800000 0.500000
v 0.425587 2.774413 0.500000
v 0.458269 2.800000 0.500000
v 0.500000 2.832672 0.500000
v -0.200000 2.292182 0.400000
v 0.054344 2.491313 0.400000
v -0.800000 1.860201 -0.100000
v 1.100000 3.355304 -0.200000
v -0.776059 1.909162 -0.500000
v -0.744823 1.933617 -0.500000
v -1.100000 1.678205 -0.800000
v -0.199663 2.300000 0.300000
v -0.700000 1.961156 -0.400000
v -0.900000 1.887669 -1.500000
v -0.199627 2.300000 0.300373
v -0.117889 2.500000 -1.500000
v -0.809351 1.800000 0.600000
v -0.819000 1.800000 0.500000
v -1.100000 1.678205 -0.800000
v -1.000000 1.801695 -1.398305
v -1.000000 1.801823 -1.400000
v -0.400000 2.119429 0.614028
v -0.400000 2.119119 0.618137
v -0.400000 2.118579 0.625279
v -0.400000 2.118344 0.628402
v -0.400000 2.112935 0.700000
v 0.800000 3.075102 0.400000
v -0.900000 1.888535 -1.511465
v -0.900000 1.895224 -1.600000
v -0.800000 1.927548 -0.991509
v -0.700000 1.944697 -0.182121
v -0.700000 1.946047 -0.200000
v 1.000000 3.327899 -0.873610
v 1.100000 3.321197 0.251496
v 1.100000 3.332641 0.100000
v 0.400000 2.739271 0.700000
v 0.978826 3.200000 0.600000
v -0.808343 1.808343 0.500000
v 0.506882 2.838060 0.500000
v 0.517798 2.846606 0.500000
v 0.524193 2.851613 0.500000
v 0.552481 2.873760 0.500000
v -0.190014 2.300000 0.400000
v 0.066413 2.500762 0.400000
v 0.100000 2.527058 0.400000
v -0.785699 1.871398 -0.100000
v -0.749166 1.900000 -0.100000
v -0.800000 1.905527 -0.700000
v -1.094911 1.682189 -0.800000
v -1.094239 1.682716 -0.800000
v -1.093361 1.683403 -0.800000
v -1.087776 1.687776 -0.800000
v -1.083011 1.691506 -0.800000
v -0.143764 2.343764 0.300000
v 0.200000 2.612904 0.300000
v 1.000000 3.254349 0.100000
v 1.000415 3.300000 -0.500000
v -0.800000 1.897972 -0.600000
v -0.893084 1.893084 -1.500000
v -0.884250 1.900000 -1.500000
v -0.118139 2.500000 -1.502591
v -0.810349 1.800000 0.589651
v -1.000000 1.800000 -1.375867
v 0.694425 3.000000 0.300000
v -0.800000 1.807321 0.600000
v -0.800000 1.860201 -0.100000
v 0.800000 3.076851 0.376851
v -0.700000 1.885613 0.600000
v -0.700000 1.953602 -0.300000
v -0.200000 2.292182 0.400000
v -0.100000 2.514006 -1.500000
v 1.000000 3.370524 -1.437865
v 1.000000 3.372329 -1.461758
v 1.000000 3.375218 -1.500000
v 1.100000 3.355304 -0.200000
v -0.998972 1.651541 0.600000
v 0.717994 3.003344 0.500000
v 0.969177 3.200000 0.500000
v -0.139527 2.339527 0.400000
v 0.300000 2.683642 0.400000
v -0.711725 1.929313 -0.100000
v -0.700000 1.953602 -0.300000
v -0.780335 1.920923 -0.700000
v -0.711264 1.975000 -0.700000
v 0.203662 2.615771 0.300000
v 0.217597 2.626681 0.300000
v 1.072268 3.310929 0.100000
v -0.948087 1.744261 -0.100000
v -0.900000 1.781909 -0.100000
v -0.817951 1.846147 -0.100000
v 1.071984 3.356033 -0.500000
v -0.778197 1.915042 -0.600000
v -0.749751 1.937313 -0.600000
v -0.800000 1.913081 -0.800000
v -0.900000 1.895224 -1.600000
v -0.127538 2.500000 -1.600000
v 0.978826 3.200000 0.600000
v -0.800000 1.813830 0.513830
v -0.800000 1.814875 0.500000
v -0.800000 1.861650 -0.119175
v -0.800000 1.867755 -0.200000
v -0.400000 2.120489 0.600000
v -0.700000 1.886623 0.586623
v -0.700000 1.893167 0.500000
v -0.700000 1.958930 -0.370535
v -0.700000 1.961156 -0.400000
v -0.200000 2.292374 0.397458
v -0.200000 2.299736 0.300000
v -0.100000 2.521160 -1.594710
v -0.100000 2.521560 -1.600000
v 0.100000 2.527058 0.400000
v 0.400000 2.746825 0.600000
v 1.000000 3.270276 -0.110827
v 1.000000 3.258790 0.041209
v 1.000000 3.254349 0.100000
v 1.100000 3.370032 -0.394953
v 1.100000 3.377967 -0.500000
v -0.400000 2.112935 0.700000
v 0.300000 2.660979 0.700000
v -0.800000 1.807321 0.600000
v 1.080165 3.279341 0.600000
v -0.800000 1.814875 0.500000
v -0.700000 1.893167 0.500000
v -0.701945 1.982296 -0.700000
v -1.002329 1.800000 -1.400000
v -0.278233 2.238486 0.300000
v 1.100000 3.332641 0.100000
v -0.700000 1.946047 -0.200000
v -0.800000 1.882864 -0.400000
v -0.782474 1.926803 -0.800000
v -0.720913 1.975000 -0.800000
v -0.851415 1.925707 -1.500000
v -0.829230 1.943076 -1.500000
v -0.815453 1.953863 -1.500000
v -0.756524 2.000000 -1.500000
v -0.499312 2.201376 -1.500000
v -0.600000 2.122545 -1.500000
v -0.096232 2.516956 -1.500000
v -0.100000 2.514006 -1.500000
v 0.942783 3.330422 -1.500000
v 1.000000 3.375218 -1.500000
v -0.800000 1.900000 -0.626838
v -0.756524 2.000000 -1.500000
v -0.199663 2.300000 0.300000
v 0.976442 3.200000 0.575288
v -1.100000 1.689407 -0.948295
v -1.100000 1.712269 -1.250924
v -1.100000 1.714774 -1.284086
v -1.100000 1.717489 -1.320028
v -1.100000 1.720442 -1.359115
v -1.100000 1.723665 -1.401780
v -1.100000 1.727197 -1.448535
v -1.100000 1.728707 -1.468517
v -1.100000 1.733611 -1.533445
v -0.800000 1.875310 -0.300000
v -0.500000 2.042197 0.600000
v 0.200000 2.605350 0.400000
v -0.800000 1.853810 -0.015397
v -0.800000 1.900000 -0.626839
v -0.700000 1.968710 -0.500000
v 0.100000 2.531306 0.343768
v 0.100000 2.534612 0.300000
v 0.400000 2.750560 0.550560
v 0.400000 2.754380 0.500000
v 1.000000 3.281259 -0.256222
v 1.000000 3.299698 -0.500302
v 1.000000 3.305957 -0.583161
v 1.000000 3.314795 -0.700155
v -0.369473 2.136835 0.700000
v 0.305610 2.665371 0.700000
v -0.748018 1.848018 0.600000
v -0.696168 1.896168 0.500000
v -0.691273 1.900000 0.500000
v -0.669182 1.917295 0.500000
v -0.652353 1.930471 0.500000
v 0.200000 2.605350 0.400000
v 1.029362 3.300000 -0.200000
v -0.800000 1.875309 -0.300000
v -0.700000 1.968710 -0.500000
v -0.900000 1.834789 -0.800000
v 0.250952 2.773664 -1.300001
v -1.001022 1.801022 -1.400000
v -0.800000 1.829984 0.300000
v -0.275165 2.240888 0.300000
v -0.273941 2.241846 0.300000
v -0.269417 2.245388 0.300000
v -0.267539 2.246858 0.300000
v -0.260208 2.252598 0.300000
v -0.256968 2.255135 0.300000
v -0.243061 2.266022 0.300000
v -0.236187 2.271404 0.300000
v -0.100000 2.378028 0.300000
v -0.800000 1.867755 -0.200000
v -0.773921 1.903282 -0.400000
v -0.739895 1.929921 -0.400000
v -0.704060 1.988194 -0.800000
v -1.100000 1.738639 -1.600000
v -0.759604 2.000000 -1.531921
v 0.969177 3.200000 0.500000
v 1.029362 3.300000 -0.200000
v -1.002329 1.800000 -1.400000
v 0.800000 3.203526 -1.300001
v 0.800000 3.203526 -1.300001
v 0.167531 2.723461 -1.500000
v 0.167903 2.723753 -1.500000
v 0.800000 3.161188 -0.739555
v 0.800000 3.161799 -0.747653
v 0.800000 3.162874 -0.761881
v 0.800000 3.167097 -0.817777
v -0.800000 1.950853 -1.300000
v -0.800000 1.950853 -1.300000
v -0.800000 2.265001 -0.311666
v -0.800000 2.274051 -0.400000
v 0.100000 2.881767 0.522650
v 0.100000 2.894332 0.400000
v -0.800000 2.315031 -0.800000
v -0.700000 2.343024 -0.311628
v -0.700000 2.352078 -0.400000
v -0.700000 2.391496 -0.784751
v -0.700000 2.393058 -0.800000
v -0.300000 2.551490 0.700000
v 0.300000 3.057676 0.328838
v 0.300000 3.059756 0.308536
v 0.300000 3.060016 0.306001
v 1.000000 3.775862 -1.350000
v -0.300000 2.551490 0.700000
v 0.438038 3.147847 0.500000
v 0.569668 3.250554 0.500000
v -0.800000 2.263806 -0.300000
v -0.712214 2.373283 -0.700000
v -1.000000 2.158978 -0.800000
v -0.121280 2.731920 0.300000
v 0.100000 2.904577 0.300000
v -0.864365 2.193094 -0.100000
v -0.771405 2.296363 -0.400000
v -0.711961 2.383726 -0.800000
v -0.001949 3.009441 -1.500000
v -0.819264 2.300000 -0.800000
v 1.100000 3.700000 0.152074
v 0.261686 3.000000 0.600000
v -0.800000 2.284296 -0.500000
v -0.800000 2.243316 -0.100000
v -0.300000 2.582225 0.400000
v -0.200000 2.660252 0.400000
v -0.508946 2.408946 0.500000
v -0.300000 2.582225 0.400000
v -0.700000 2.321343 -0.100000
v -0.786982 2.273964 -0.300000
v -0.700000 2.362323 -0.500000
v -0.921985 2.219850 -0.800000
v -0.900000 2.237005 -0.800000
v -0.100000 2.748523 0.300000
v 0.113847 2.915382 0.300000
v 0.185660 2.971415 0.300000
v 0.290595 3.053293 0.300000
v -0.800000 2.253561 -0.200000
v -1.100000 2.162911 -1.600000
v -0.162188 2.700000 0.300000
v 1.040642 3.700000 -0.300000
v 0.251967 3.000000 0.525984
v 1.000000 3.600000 0.366554
v 1.030652 3.600000 0.600000
v -1.000000 2.069860 0.069860
v -1.000000 2.072532 0.043777
v -1.000000 2.075993 0.009996
v -1.000000 2.079107 -0.020397
v -1.000000 2.087262 -0.100000
v -0.800000 2.284815 -0.505062
v -0.800000 2.294541 -0.600000
v 0.800000 3.440520 0.400000
v -0.800000 2.236202 -0.030564
v -0.800000 2.321352 -0.861695
v -0.800000 2.224018 0.088368
v -0.300000 2.578442 0.436926
v -0.300000 2.559696 0.619898
v -0.200000 2.661564 0.387188
v -0.200000 2.670496 0.300000
v 0.200000 2.946375 0.653625
v 0.200000 2.941623 0.700000
v -0.500000 2.415926 0.500000
v -0.262324 2.611622 0.400000
v -0.254443 2.617772 0.400000
v -0.129899 2.714949 0.400000
v -0.100000 2.738278 0.400000
v -0.883336 2.250007 -0.800000
v -0.819264 2.300000 -0.800000
v -1.100000 2.111686 -1.100000
v 0.370006 3.105009 0.400000
v 0.300000 3.050386 0.400000
v 0.800000 3.440520 0.400000
v -0.000764 2.825954 0.300000
v -0.755358 2.288394 -0.200000
v 1.100000 3.746315 -0.300000
v 0.200545 3.167440 -1.500000
v -0.796145 2.400000 -1.600000
v -0.155339 2.900000 -1.600000
v -0.810038 2.300000 -0.729733
v -0.654854 2.500000 -1.500000
v -0.142209 2.900000 -1.500000
v -1.100000 2.111686 -1.100000
v -1.000000 2.025792 0.500000
v -0.400000 2.483708 0.600000
v 0.800000 3.473839 0.074779
v 0.800000 3.501772 -0.197874
v -0.800000 2.202336 0.300000
v 0.200000 2.951869 0.600000
v 1.000000 3.633904 0.035618
v 1.000000 3.671236 -0.328765
v 1.000000 3.682545 -0.439152
v 1.000000 3.688779 -0.500000
v 1.000000 3.697604 -0.586135
v 1.100000 3.700000 0.152074
v 0.200000 2.951869 0.600000
v -0.452774 2.452775 0.500000
v 0.100000 2.894332 0.400000
v -0.800000 2.284297 -0.500000
v -0.700000 2.382813 -0.700000
v -1.039687 2.158747 -1.100000
v -0.800000 2.243316 -0.100000
v -0.726782 2.310691 -0.200000
v -0.700000 2.372568 -0.600000
v -0.700000 2.393058 -0.800000
v -0.663503 2.500000 -1.565876
v -0.143016 2.900000 -1.506145
v -1.100000 2.144417 -1.419479
v -1.100000 2.162911 -1.600000
v -1.000000 2.172210 -0.929158
v -1.000000 2.158978 -0.800000
v -0.400000 2.483628 0.600779
v -0.400000 2.485222 0.585222
v -0.400000 2.493953 0.500000
v -0.400000 2.482740 0.609446
v -0.400000 2.482352 0.613235
v -0.400000 2.473463 0.700000
v -0.800000 2.327338 -0.920118
v 1.000000 3.600000 0.366554
v 1.000000 3.736452 -0.965326
v 1.100000 3.740146 -0.239781
v 1.100000 3.746315 -0.300000
v 0.200000 2.941623 0.700000
v 0.237595 2.981203 0.600000
v 0.261686 3.000000 0.600000
v 0.652451 3.304901 0.600000
v 0.600000 3.263976 0.600000
v 0.891154 3.491154 0.600000
v -0.400000 2.493953 0.500000
v 0.248556 3.000000 0.500000
v 0.014777 2.827835 0.400000
v 0.047012 2.852988 0.400000
v -0.779970 2.299925 -0.500000
v -0.748680 2.324340 -0.500000
v -1.000000 2.189713 -1.100000
v -0.200000 2.670496 0.300000
v -0.721930 2.314476 -0.200000
v -0.700000 2.352078 -0.400000
v -0.101036 2.932126 -1.500000
v -0.005655 3.006549 -1.500000
v -0.665460 2.500000 -1.580780
v -0.783015 2.400000 -1.500000
v -0.155339 2.900000 -1.600000
v 0.248556 3.000000 0.500000
v -1.000000 2.189713 -1.100000
v -0.800000 2.243316 -0.100000
v -0.700000 2.321343 -0.100000
v -0.700000 2.362323 -0.500000
v 1.000000 3.618058 0.190291
v 1.000000 3.622664 0.145329
v 1.000000 3.783078 -1.420434
v 1.000000 3.786211 -1.451008
v 1.000000 3.791230 -1.500000
v 0.333624 3.066376 0.500000
v 0.368741 3.093777 0.500000
v 0.400000 3.118167 0.500000
v 0.421647 3.135058 0.500000
v 0.600000 3.274221 0.500000
v -0.200000 2.660252 0.400000
v -0.800000 2.243316 -0.100000
v -0.709192 2.355151 -0.500000
v -0.800000 2.304786 -0.700000
v -0.162188 2.700000 0.300000
v -1.000000 2.087262 -0.100000
v -0.800000 2.294541 -0.600000
v -0.142209 2.900000 -1.500000
v -0.002235 3.009218 -1.500000
v -0.149058 2.700000 0.400000
v -0.787950 2.400000 -1.537590
v -0.800000 2.245188 -0.118271
v -0.800000 2.253561 -0.200000
v 0.600000 3.263976 0.600000
v -0.800000 2.300000 -0.653281
v -0.700000 2.329425 -0.178891
v -0.700000 2.331588 -0.200000
v -0.700000 2.371350 -0.588109
v -0.700000 2.372568 -0.600000
v -0.400000 2.473463 0.700000
v 0.100000 2.863597 0.700000
v 1.030652 3.600000 0.600000
v -0.149058 2.700000 0.400000
v -0.718463 2.306937 -0.100000
v -0.700000 2.341833 -0.300000
v -0.764684 2.332342 -0.700000
v 0.427667 3.150000 0.400000
v -0.293512 2.597532 0.300000
v -0.915333 2.153326 -0.100000
v 1.040642 3.700000 -0.300000
v -0.783093 2.307733 -0.600000
v -0.756682 2.328341 -0.600000
v 1.000000 3.791230 -1.500000
v -0.800000 2.300000 -0.653283
v -0.156473 2.700000 0.343527
v -0.796145 2.400000 -1.600000
v -0.800000 2.263806 -0.300000
v 0.100000 2.863597 0.700000
v 0.600000 3.272367 0.518092
v 0.600000 3.274221 0.500000
v -0.800000 2.304342 -0.695659
v -0.800000 2.304786 -0.700000
v -0.700000 2.341833 -0.300000
v -0.700000 2.382813 -0.700000
v 0.300000 3.050386 0.400000
v 1.000000 3.721981 -0.824081
v 0.176620 2.923381 0.700000
v -0.985002 2.037494 0.500000
v -1.000000 2.025792 0.500000
v -0.715684 2.370576 -0.700000
v 0.555626 3.249842 0.400000
v 0.664897 3.335103 0.400000
v -0.800000 2.202336 0.300000
v -0.270166 2.615748 0.300000
v -0.263196 2.621187 0.300000
v -0.147098 2.711774 0.300000
v -0.900000 2.165289 -0.100000
v -0.700000 2.331588 -0.200000
v 1.090311 3.738755 -0.300000
v -0.800000 2.274051 -0.400000
v -0.710703 2.364217 -0.600000
v -0.800000 2.315031 -0.800000
v -0.783015 2.400000 -1.500000
v -0.711540 2.455770 -1.500000
v -0.690074 2.472519 -1.500000
v -0.654854 2.500000 -1.500000
v 0.300000 3.060431 0.301949
v 0.300000 3.060631 0.300000
v 0.300000 3.060631 0.300000
v 0.800000 3.614686 -1.300001
v 0.800000 3.614686 -1.300001
v 0.159295 3.135254 -1.500000
v 0.001984 3.012510 -1.500000
v 0.160078 3.135865 -1.500000
v 0.800000 3.542614 -0.596520
v 0.800000 3.545383 -0.623553
v 0.800000 3.550266 -0.671215
v 0.800000 3.569669 -0.860604
v -0.800000 2.366257 -1.300000
v -0.800000 2.366257 -1.300000
v -0.685567 2.271134 0.500000
v -0.674979 2.299885 0.300000
v -0.644011 2.324049 0.300000
v -0.649677 2.299138 0.500000
v 0.587092 3.469051 -1.500000
v -0.667984 2.500000 -1.600000
v -0.291212 2.589082 0.400000
v -0.290001 2.590026 0.400000
v -0.289520 2.590402 0.400000
v -0.287752 2.591782 0.400000
v -0.287022 2.592351 0.400000
v -0.284197 2.594556 0.400000
v -0.282960 2.595520 0.400000
v -0.277733 2.599599 0.400000
v -0.275197 2.601578 0.400000
v -0.042929 2.793054 0.300000
v -0.949970 2.279975 -1.600000
v -0.427869 2.687354 -1.600000
v -0.077800 2.755600 0.400000
v -0.030766 2.792299 0.400000
v -0.667984 2.500000 -1.600000
v 1.005003 3.579987 0.600000
v -0.790020 2.312574 -0.700000
v 0.926640 3.733989 -1.500000
v -0.383455 2.486372 0.700000
v 0.175488 3.127399 -1.300001
v -0.292597 2.598246 0.300000
v -0.292232 2.598531 0.300000
v -0.290884 2.599583 0.300000
v -0.290324 2.600020 0.300000
v -0.288138 2.601725 0.300000
v -0.287172 2.602479 0.300000
v -0.283025 2.605715 0.300000
v -0.280975 2.607314 0.300000
vn -1.0000 -0.0000 -0.0000
vn 1.0000 -0.0000 -0.0000
vn -0.0000 -0.0000 1.0000
vn -0.0002 -0.0000 1.0000
vn -0.0000 -0.0000 -1.0000
vn -0.0000 -1.0000 -0.0000
vn -0.0000 -1.0000 -0.0001
vn -0.0000 -1.0000 -0.0006
vn -0.0000 -1.0000 -0.0005
vn -0.0000 -1.0000 0.0001
vn -0.0000 -1.0000 0.0003
vn -0.0000 1.0000 -0.0000
vn 0.0001 -0.0000 -1.0000
vt 0.947266 0.500000
vt 0.912109 0.500000
vt 0.939453 0.500000
vt 0.943359 0.500000
vt 0.947266 0.500000
vt 0.755859 0.500000
vt 0.755859 0.500000
vt 0.759766 0.500000
vt 0.943359 0.500000
vt 0.947266 0.500000
vt 0.724609 0.500000
vt 0.908203 0.500000
vt 0.970703 0.500000
vt 0.751953 0.500000
vt 0.939453 0.500000
vt 0.939453 0.500000
vt 0.912109 0.500000
vt 0.943359 0.500000
vt 0.755859 0.500000
vt 0.908203 0.500000
vt 0.724609 0.500000
vt 0.724609 0.500000
vt 0.912109 0.500000
s 1
usemtl palette
f 3/1/1 2/1/1 1/1/1
f 4/1/1 2/1/1 3/1/1
f 7/2/1 6/2/1 5/2/1
f 8/2/1 6/2/1 7/2/1
f 13/1/1 10/1/1 9/1/1
f 14/1/1 10/1/1 13/1/1
f 15/1/1 12/1/1 11/1/1
f 16/1/1 12/1/1 15/1/1
f 17/3/1 15/3/1 14/3/1
f 18/3/1 15/3/1 17/3/1
f 19/3/1 15/3/1 18/3/1
f 20/3/1 15/3/1 19/3/1
f 21/3/1 17/3/1 14/3/1
f 22/3/1 19/3/1 18/3/1
f 22/4/1 18/4/1 17/4/1
f 23/4/1 20/4/1 19/4/1
f 23/3/1 19/3/1 22/3/1
f 24/4/1 20/4/1 23/4/1
f 24/4/1 15/4/1 20/4/1
f 25/4/1 15/4/1 24/4/1
f 26/3/1 15/3/1 25/3/1
f 27/4/1 25/4/1 24/4/1
f 27/4/1 17/4/1 21/4/1
f 27/4/1 24/4/1 23/4/1
f 27/4/1 23/4/1 22/4/1
f 27/4/1 22/4/1 17/4/1
f 28/4/1 25/4/1 27/4/1
f 29/3/1 21/3/1 14/3/1
f 27/3/1 21/3/1 29/3/1
f 30/4/1 28/4/1 27/4/1
f 30/4/1 27/4/1 29/4/1
f 31/4/1 25/4/1 28/4/1
f 31/4/1 28/4/1 30/4/1
f 32/4/1 30/4/1 29/4/1
f 33/4/1 25/4/1 31/4/1
f 32/3/1 33/3/1 31/3/1
f 32/3/1 31/3/1 30/3/1
f 2737/4/1 29/4/1 2602/4/1
f 2738/4/1 32/4/1 2737/4/1
f 36/4/1 26/4/1 25/4/1
f 36/4/1 25/4/1 33/4/1
f 37/4/1 26/4/1 36/4/1
f 2739/4/1 32/4/1 2738/4/1
f 2901/4/1 33/4/1 2774/4/1
f 40/1/1 38/1/1 35/1/1
f 41/1/1 38/1/1 40/1/1
f 42/1/1 38/1/1 41/1/1
f 43/1/1 38/1/1 42/1/1
f 2902/1/1 36/1/1 2901/1/1
f 2903/5/1 36/1/1 2902/1/1
f 2904/1/1 36/1/1 2903/5/1
f 2905/1/1 36/1/1 2904/1/1
f 2906/1/1 36/1/1 2905/1/1
f 2907/1/1 36/1/1 2906/1/1
f 50/1/1 35/1/1 34/1/1
f 50/1/1 40/1/1 35/1/1
f 51/1/1 40/1/1 50/1/1
f 52/1/1 42/1/1 41/1/1
f 53/1/1 42/1/1 52/1/1
f 54/1/1 38/1/1 43/1/1
f 55/1/1 38/1/1 54/1/1
f 56/1/1 44/1/1 39/1/1
f 57/1/1 44/1/1 56/1/1
f 58/1/1 46/1/1 45/1/1
f 59/1/1 46/1/1 58/1/1
f 60/1/1 48/1/1 47/1/1
f 61/1/1 48/1/1 60/1/1
f 2908/1/1 36/1/1 2907/1/1
f 2603/1/1 36/1/1 2909/1/1
f 2909/1/1 36/1/1 2908/1/1
f 3080/3/1 64/3/1 3055/3/1
f 3081/3/1 65/3/1 3080/3/1
f 77/6/1 67/6/1 66/6/1
f 78/6/1 67/6/1 77/6/1
f 79/6/1 69/6/1 68/6/1
f 80/6/1 69/6/1 79/6/1
f 83/6/1 71/6/1 70/6/1
f 84/6/1 71/6/1 83/6/1
f 85/6/1 73/6/1 72/6/1
f 86/6/1 73/6/1 85/6/1
f 2775/6/1 75/6/1 2740/6/1
f 2776/7/1 75/6/1 2775/6/1
f 90/8/1 78/8/1 77/8/1
f 90/8/1 81/8/1 80/8/1
f 90/8/1 77/8/1 76/8/1
f 90/8/1 79/8/1 78/8/1
f 90/8/1 80/8/1 79/8/1
f 91/8/1 86/8/1 85/8/1
f 91/8/1 89/8/1 88/8/1
f 91/8/1 88/8/1 87/8/1
f 91/8/1 84/8/1 83/8/1
f 91/8/1 83/8/1 82/8/1
f 91/8/1 87/8/1 86/8/1
f 91/8/1 85/8/1 84/8/1
f 92/8/1 89/8/1 91/8/1
f 93/8/1 89/8/1 92/8/1
f 92/4/1 3082/4/1 3117/4/1
f 3018/4/1 90/4/1 3056/4/1
f 3019/4/1 81/4/1 3018/4/1
f 3020/4/1 81/4/1 3019/4/1
f 3021/9/1 81/4/1 3020/4/1
f 3022/4/1 81/4/1 3021/9/1
f 3083/4/1 3082/4/1 91/4/1
f 96/1/1 95/1/1 94/1/1
f 97/1/1 95/1/1 96/1/1
f 102/2/1 101/2/1 100/2/1
f 103/2/1 101/2/1 102/2/1
f 104/1/1 99/1/1 98/1/1
f 105/1/1 99/1/1 104/1/1
f 108/2/1 107/2/1 106/2/1
f 109/2/1 107/2/1 108/2/1
f 112/2/1 111/2/1 110/2/1
f 113/2/1 111/2/1 112/2/1
f 116/1/1 115/1/1 114/1/1
f 117/1/1 115/1/1 116/1/1
f 2853/5/1 126/1/1 2820/10/1
f 2854/1/1 127/1/1 2853/5/1
f 2855/11/1 118/11/1 2821/11/1
f 2856/11/1 119/11/1 2855/11/1
f 2604/11/1 120/11/1 2910/11/1
f 2605/11/1 121/11/1 2604/11/1
f 2691/11/1 122/11/1 2654/11/1
f 2692/11/1 123/11/1 2691/11/1
f 138/11/1 125/11/1 124/11/1
f 139/11/1 125/11/1 138/11/1
f 140/1/1 129/1/1 128/1/1
f 141/1/1 129/1/1 140/1/1
f 3142/11/1 142/11/1 3118/11/1
f 3143/11/1 143/11/1 3142/11/1
f 2967/11/1 144/11/1 3167/11/1
f 2968/11/1 145/11/1 2967/11/1
f 3023/11/1 146/11/1 2996/11/1
f 3024/11/1 147/11/1 3023/11/1
f 150/11/1 149/11/1 148/11/1
f 151/11/1 149/11/1 150/11/1
f 154/1/1 153/1/1 152/1/1
f 155/1/1 153/1/1 154/1/1
f 158/1/1 157/1/1 156/1/1
f 159/1/1 158/1/1 156/1/1
f 164/1/1 161/1/1 160/1/1
f 165/1/1 161/1/1 164/1/1
f 166/1/1 163/1/1 162/1/1
f 167/1/1 163/1/1 166/1/1
f 170/4/1 169/4/1 168/4/1
f 171/4/1 169/4/1 170/4/1
f 172/4/1 169/4/1 171/4/1
f 174/4/1 173/4/1 172/4/1
f 174/4/1 172/4/1 171/4/1
f 175/4/1 173/4/1 174/4/1
f 2606/1/1 176/1/1 2911/1/1
f 2607/1/1 177/1/1 2606/1/1
f 182/4/1 181/4/1 180/4/1
f 183/4/1 181/4/1 182/4/1
f 184/4/1 181/4/1 183/4/1
f 185/4/1 181/4/1 184/4/1
f 186/4/1 181/4/1 185/4/1
f 187/1/1 186/1/1 185/1/1
f 190/1/1 189/1/1 188/1/1
f 191/1/1 189/1/1 190/1/1
f 187/1/1 2777/1/1 2857/1/1
f 2778/1/1 2777/1/1 185/1/1
f 3085/4/1 192/4/1 3057/4/1
f 3086/4/1 193/4/1 3085/4/1
f 2779/1/1 2778/1/1 185/1/1
f 2780/1/1 2779/1/1 185/1/1
f 2781/1/1 2780/1/1 185/1/1
f 196/3/1 195/3/1 194/3/1
f 197/3/1 195/3/1 196/3/1
f 200/1/1 199/1/1 198/1/1
f 201/1/1 199/1/1 200/1/1
f 204/3/1 203/3/1 202/3/1
f 205/3/1 203/3/1 204/3/1
f 208/2/1 207/2/1 206/2/1
f 209/2/1 207/2/1 208/2/1
f 212/2/1 211/2/1 210/2/1
f 213/2/1 211/2/1 212/2/1
f 216/2/1 215/2/1 214/2/1
f 217/2/1 215/2/1 216/2/1
f 220/2/1 219/2/1 218/2/1
f 221/2/1 219/2/1 220/2/1
f 224/2/1 223/2/1 222/2/1
f 225/2/1 223/2/1 224/2/1
f 228/2/1 227/2/1 226/2/1
f 229/2/1 227/2/1 228/2/1
f 232/3/1 231/3/1 230/3/1
f 234/3/1 232/3/1 230/3/1
f 234/3/1 233/3/1 232/3/1
f 235/3/1 233/3/1 234/3/1
f 238/3/1 237/3/1 236/3/1
f 239/3/1 237/3/1 238/3/1
f 242/1/1 241/1/1 240/1/1
f 243/1/1 241/1/1 242/1/1
f 2969/4/1 244/4/1 3168/4/1
f 2970/4/1 245/4/1 2969/4/1
f 248/2/1 247/2/1 246/2/1
f 249/2/1 247/2/1 248/2/1
f 252/2/1 251/2/1 250/2/1
f 253/2/1 251/2/1 252/2/1
f 256/2/1 255/2/1 254/2/1
f 257/2/1 255/2/1 256/2/1
f 260/2/1 259/2/1 258/2/1
f 261/2/1 259/2/1 260/2/1
f 264/2/1 263/2/1 262/2/1
f 265/2/1 263/2/1 264/2/1
f 2608/2/1 266/2/1 2912/2/1
f 2609/2/1 267/2/1 2608/2/1
f 274/4/1 271/4/1 270/4/1
f 275/4/1 271/4/1 274/4/1
f 277/4/1 273/4/1 272/4/1
f 278/4/1 277/4/1 276/4/1
f 279/4/1 273/4/1 277/4/1
f 279/4/1 277/4/1 278/4/1
f 281/4/1 273/4/1 279/4/1
f 281/8/1 280/8/1 273/8/1
f 282/8/1 280/8/1 281/8/1
f 285/1/1 284/1/1 283/1/1
f 286/1/1 284/1/1 285/1/1
f 287/6/1 282/6/1 281/6/1
f 287/4/1 281/4/1 279/4/1
f 288/6/1 282/6/1 287/6/1
f 289/4/1 287/4/1 279/4/1
f 289/8/1 288/8/1 287/8/1
f 290/8/1 288/8/1 289/8/1
f 290/6/1 2693/6/1 2741/6/1
f 289/4/1 2610/4/1 2694/4/1
f 2693/4/1 289/4/1 2694/4/1
f 295/1/1 294/1/1 293/1/1
f 296/1/1 294/1/1 295/1/1
f 299/1/1 298/1/1 297/1/1
f 300/1/1 298/1/1 299/1/1
f 303/1/1 302/1/1 301/1/1
f 304/1/1 302/1/1 303/1/1
f 307/2/1 306/2/1 305/2/1
f 308/2/1 306/2/1 307/2/1
f 3169/3/1 309/3/1 3144/3/1
f 3170/3/1 310/3/1 3169/3/1
f 321/1/1 318/1/1 317/1/1
f 322/1/1 318/1/1 321/1/1
f 323/11/1 312/11/1 311/11/1
f 324/11/1 312/11/1 323/11/1
f 325/11/1 314/11/1 313/11/1
f 326/11/1 314/11/1 325/11/1
f 327/11/1 316/11/1 315/11/1
f 328/11/1 316/11/1 327/11/1
f 329/1/1 320/1/1 319/1/1
f 330/1/1 320/1/1 329/1/1
f 331/6/1 324/6/1 323/6/1
f 332/6/1 324/6/1 331/6/1
f 333/6/1 326/6/1 325/6/1
f 334/6/1 326/6/1 333/6/1
f 337/11/1 334/11/1 333/11/1
f 338/11/1 334/11/1 337/11/1
f 339/11/1 328/11/1 327/11/1
f 340/11/1 328/11/1 339/11/1
f 342/2/1 336/2/1 335/2/1
f 343/6/1 338/6/1 337/6/1
f 344/2/1 342/2/1 341/2/1
f 345/12/1 336/12/1 342/12/1
f 345/2/1 342/2/1 344/2/1
f 346/12/1 336/12/1 345/12/1
f 349/2/1 344/2/1 341/2/1
f 350/13/1 346/13/1 345/13/1
f 351/12/1 348/12/1 347/12/1
f 352/12/1 348/12/1 351/12/1
f 353/2/1 349/2/1 341/2/1
f 353/2/1 350/2/1 349/2/1
f 354/12/1 346/12/1 350/12/1
f 354/2/1 350/2/1 353/2/1
f 355/2/1 351/2/1 346/2/1
f 355/12/1 346/12/1 354/12/1
f 356/2/1 351/2/1 355/2/1
f 357/2/1 355/2/1 354/2/1
f 358/2/1 355/2/1 357/2/1
f 359/6/1 332/6/1 331/6/1
f 360/6/1 332/6/1 359/6/1
f 361/6/1 338/6/1 343/6/1
f 362/6/1 338/6/1 361/6/1
f 363/6/1 340/6/1 339/6/1
f 364/6/1 340/6/1 363/6/1
f 359/2/1 361/2/1 360/2/1
f 366/14/1 362/14/1 361/14/1
f 366/2/1 361/2/1 359/2/1
f 366/2/1 363/2/1 362/2/1
f 367/14/1 364/14/1 363/14/1
f 367/2/1 363/2/1 366/2/1
f 367/14/1 365/14/1 364/14/1
f 368/14/1 365/14/1 367/14/1
f 375/4/1 370/4/1 369/4/1
f 376/4/1 370/4/1 375/4/1
f 377/1/1 374/1/1 373/1/1
f 378/1/1 374/1/1 377/1/1
f 379/4/1 375/4/1 369/4/1
f 380/4/1 370/4/1 376/4/1
f 383/3/1 375/3/1 379/3/1
f 384/3/1 380/3/1 376/3/1
f 385/3/1 372/3/1 371/3/1
f 386/3/1 383/3/1 379/3/1
f 386/2/1 384/2/1 383/2/1
f 387/2/1 384/2/1 386/2/1
f 387/3/1 380/3/1 384/3/1
f 388/3/1 372/3/1 385/3/1
f 389/1/1 382/1/1 381/1/1
f 390/1/1 382/1/1 389/1/1
f 391/3/1 386/3/1 379/3/1
f 392/3/1 380/3/1 387/3/1
f 393/3/1 391/3/1 379/3/1
f 393/2/1 392/2/1 391/2/1
f 394/2/1 392/2/1 393/2/1
f 394/3/1 380/3/1 392/3/1
f 393/4/1 379/4/1 369/4/1
f 394/4/1 370/4/1 380/4/1
f 395/4/1 393/4/1 369/4/1
f 396/4/1 393/4/1 395/4/1
f 403/4/1 370/4/1 394/4/1
f 403/4/1 394/4/1 402/4/1
f 404/2/1 398/2/1 397/2/1
f 405/2/1 398/2/1 404/2/1
f 406/2/1 400/2/1 399/2/1
f 407/2/1 400/2/1 406/2/1
f 408/12/1 402/12/1 401/12/1
f 409/3/1 403/3/1 402/3/1
f 409/12/1 402/12/1 408/12/1
f 410/3/1 396/3/1 395/3/1
f 416/3/1 403/3/1 409/3/1
f 417/2/1 412/2/1 411/2/1
f 418/2/1 412/2/1 417/2/1
f 419/2/1 414/2/1 413/2/1
f 420/2/1 414/2/1 419/2/1
f 421/12/1 416/12/1 415/12/1
f 422/3/1 403/3/1 416/3/1
f 422/12/1 416/12/1 421/12/1
f 428/3/1 403/3/1 422/3/1
f 429/2/1 424/2/1 423/2/1
f 430/2/1 424/2/1 429/2/1
f 431/2/1 426/2/1 425/2/1
f 432/2/1 426/2/1 431/2/1
f 433/12/1 428/12/1 427/12/1
f 434/3/1 403/3/1 428/3/1
f 434/12/1 428/12/1 433/12/1
f 435/3/1 410/3/1 395/3/1
f 436/3/1 403/3/1 434/3/1
f 438/4/1 395/4/1 369/4/1
f 435/4/1 395/4/1 438/4/1
f 436/4/1 370/4/1 403/4/1
f 2822/4/1 437/4/1 2782/4/1
f 2695/4/1 438/4/1 2822/4/1
f 2611/4/1 2695/4/1 441/4/1
f 442/3/1 436/3/1 440/3/1
f 442/3/1 440/3/1 439/3/1
f 442/3/1 439/3/1 435/3/1
f 2655/4/1 442/4/1 2611/4/1
f 2742/4/1 442/4/1 2655/4/1
f 2743/4/1 436/4/1 2742/4/1
f 2744/4/1 436/4/1 2743/4/1
f 2961/4/1 436/4/1 2744/4/1
f 2962/4/1 436/4/1 2961/4/1
f 2963/4/1 436/4/1 2962/4/1
f 2957/4/1 436/4/1 2964/4/1
f 2964/4/1 436/4/1 2963/4/1
f 448/1/1 445/1/1 444/1/1
f 449/1/1 445/1/1 448/1/1
f 450/1/1 447/1/1 446/1/1
f 451/1/1 447/1/1 450/1/1
f 452/1/2 453/1/2 456/1/2
f 456/1/2 453/1/2 457/1/2
f 2745/1/2 2783/1/2 458/1/2
f 2783/1/2 455/1/2 2784/1/2
f 460/4/2 461/4/2 464/4/2
f 464/4/2 461/4/2 465/4/2
f 462/1/2 463/1/2 466/1/2
f 466/1/2 463/1/2 467/1/2
f 460/4/2 464/4/2 468/4/2
f 465/4/2 461/4/2 469/4/2
f 468/3/2 464/3/2 472/3/2
f 465/3/2 469/3/2 473/3/2
f 468/3/2 472/3/2 474/3/2
f 472/2/2 473/2/2 474/2/2
f 474/2/2 473/2/2 475/2/2
f 473/3/2 469/3/2 475/3/2
f 470/1/2 471/1/2 476/1/2
f 470/1/2 476/1/2 477/1/2
f 468/3/2 474/3/2 478/3/2
f 475/3/2 469/3/2 479/3/2
f 468/3/2 478/3/2 480/3/2
f 478/2/2 479/2/2 480/2/2
f 480/2/2 479/2/2 481/2/2
f 479/3/2 469/3/2 481/3/2
f 460/4/2 468/4/2 480/4/2
f 469/4/2 461/4/2 481/4/2
f 2746/4/2 2913/4/2 483/4/2
f 2913/4/2 2656/4/2 483/4/2
f 481/4/2 461/4/2 491/4/2
f 2612/4/2 491/4/2 2657/4/2
f 484/2/2 485/2/2 492/2/2
f 492/2/2 485/2/2 493/2/2
f 486/2/2 487/2/2 494/2/2
f 494/2/2 487/2/2 495/2/2
f 2914/2/2 489/2/2 2613/2/2
f 2613/2/2 489/2/2 2614/2/2
f 2656/15/2 482/3/2 2658/3/2
f 2657/3/2 491/3/2 2696/16/2
f 3145/2/2 499/2/2 3171/2/2
f 3171/2/2 499/2/2 3172/2/2
f 2696/16/2 491/3/2 2697/3/2
f 3028/4/2 483/4/2 3026/4/2
f 2823/1/2 2858/1/2 513/1/2
f 2858/1/2 510/1/2 2859/1/2
f 501/11/2 502/11/2 515/11/2
f 515/11/2 502/11/2 516/11/2
f 503/11/2 504/11/2 517/11/2
f 517/11/2 504/11/2 518/11/2
f 505/11/2 506/11/2 519/11/2
f 519/11/2 506/11/2 520/11/2
f 507/11/2 508/11/2 521/11/2
f 521/11/2 508/11/2 522/11/2
f 511/1/2 512/1/2 523/1/2
f 523/1/2 512/1/2 524/1/2
f 2748/6/2 2786/6/2 525/6/2
f 2786/6/2 516/6/2 2787/6/2
f 2824/6/2 2860/6/2 527/6/2
f 2860/6/2 518/6/2 2861/6/2
f 2915/6/2 2615/6/2 529/6/2
f 2615/6/2 520/6/2 2616/6/2
f 2972/11/2 528/11/2 2973/11/2
f 529/11/2 530/11/2 531/11/2
f 531/11/2 530/11/2 532/11/2
f 2659/11/2 2698/11/2 533/11/2
f 2698/11/2 522/11/2 2699/11/2
f 3146/6/2 526/6/2 3147/6/2
f 3148/6/2 532/6/2 3149/6/2
f 2974/7/2 534/6/2 2975/7/2
f 535/1/2 536/1/2 537/1/2
f 537/1/2 536/1/2 538/1/2
f 539/1/2 540/1/2 541/1/2
f 539/1/2 541/1/2 542/1/2
f 2700/3/2 2749/3/2 545/3/2
f 2749/3/2 544/3/2 2750/3/2
f 547/1/2 548/1/2 549/1/2
f 549/1/2 548/1/2 550/1/2
f 551/4/2 552/4/2 554/4/2
f 552/4/2 553/4/2 554/4/2
f 554/4/2 553/4/2 555/4/2
f 555/4/2 553/4/2 556/4/2
f 556/4/2 553/4/2 557/4/2
f 557/4/2 553/4/2 559/4/2
f 553/8/2 558/8/2 559/8/2
f 559/8/2 558/8/2 560/8/2
f 561/1/2 562/1/2 563/1/2
f 563/1/2 562/1/2 564/1/2
f 559/8/2 560/8/2 565/8/2
f 557/4/2 559/4/2 565/4/2
f 565/8/2 560/8/2 566/8/2
f 557/4/2 565/4/2 567/4/2
f 565/8/2 566/8/2 567/8/2
f 2702/4/2 567/4/2 2701/4/2
f 568/2/2 569/2/2 570/2/2
f 570/2/2 569/2/2 571/2/2
f 572/2/2 573/2/2 574/2/2
f 574/2/2 573/2/2 575/2/2
f 576/2/2 577/2/2 578/2/2
f 578/2/2 577/2/2 579/2/2
f 580/2/2 581/2/2 582/2/2
f 582/2/2 581/2/2 583/2/2
f 2825/2/2 2862/2/2 586/2/2
f 2862/2/2 585/2/2 2863/2/2
f 3031/2/2 589/2/2 3032/2/2
f 590/1/2 591/1/2 592/1/2
f 592/1/2 591/1/2 593/1/2
f 2826/3/2 2864/16/2 596/3/2
f 2864/16/2 595/3/2 2865/3/2
f 598/3/2 599/3/2 600/3/2
f 600/3/2 599/3/2 601/3/2
f 602/2/2 603/2/2 604/2/2
f 604/2/2 603/2/2 605/2/2
f 606/2/2 607/2/2 608/2/2
f 608/2/2 607/2/2 609/2/2
f 610/2/2 611/2/2 612/2/2
f 612/2/2 611/2/2 613/2/2
f 614/2/2 615/2/2 616/2/2
f 616/2/2 615/2/2 617/2/2
f 618/2/2 619/2/2 622/2/2
f 622/2/2 619/2/2 623/2/2
f 620/3/2 621/3/2 624/3/2
f 624/3/2 621/3/2 625/3/2
f 2866/2/2 2916/2/2 628/2/2
f 2916/2/2 627/2/2 2917/17/2
f 630/1/2 631/1/2 632/1/2
f 632/1/2 631/1/2 633/1/2
f 636/3/2 637/3/2 638/3/2
f 636/3/2 638/3/2 640/3/2
f 638/3/2 639/3/2 640/3/2
f 640/3/2 639/3/2 641/3/2
f 2977/4/2 643/4/2 2978/18/2
f 2978/18/2 643/4/2 2979/9/2
f 3197/9/2 643/4/2 3198/4/2
f 644/4/2 645/4/2 646/4/2
f 646/4/2 645/4/2 647/4/2
f 647/4/2 645/4/2 648/4/2
f 648/4/2 645/4/2 649/4/2
f 649/4/2 645/4/2 650/4/2
f 649/1/2 650/1/2 651/1/2
f 652/1/2 653/1/2 654/1/2
f 654/1/2 653/1/2 655/1/2
f 649/1/2 651/1/2 656/1/2
f 649/1/2 656/1/2 658/1/2
f 656/4/2 657/4/2 658/4/2
f 658/4/2 657/4/2 659/4/2
f 649/1/2 658/1/2 660/1/2
f 2751/1/2 2867/1/2 662/1/2
f 2867/4/2 2918/4/2 662/4/2
f 2918/4/2 661/4/2 2919/4/2
f 662/1/2 2752/1/2 2751/1/2
f 664/1/2 662/1/2 665/1/2
f 665/4/2 666/4/2 667/4/2
f 667/4/2 666/4/2 668/4/2
f 669/4/2 670/4/2 672/4/2
f 670/3/2 671/3/2 673/3/2
f 672/4/2 670/4/2 673/4/2
f 673/3/2 671/3/2 674/3/2
f 674/4/2 675/4/2 676/4/2
f 673/4/2 674/4/2 676/4/2
f 676/4/2 675/4/2 677/4/2
f 678/1/2 679/1/2 680/1/2
f 680/1/2 679/1/2 681/1/2
f 682/1/2 683/1/2 684/1/2
f 684/1/2 683/1/2 685/1/2
f 2618/1/2 2661/1/2 688/1/2
f 2661/1/2 687/1/2 2662/1/2
f 690/1/2 691/1/2 694/1/2
f 694/1/2 691/1/2 695/1/2
f 692/1/2 693/1/2 696/1/2
f 696/1/2 693/1/2 697/1/2
f 698/1/2 699/1/2 700/1/2
f 700/1/2 699/1/2 701/1/2
f 702/1/2 703/1/2 704/1/2
f 704/1/2 703/1/2 705/1/2
f 706/1/2 707/1/2 708/1/2
f 708/1/2 707/1/2 709/1/2
f 716/1/2 717/1/2 720/1/2
f 720/1/2 717/1/2 721/1/2
f 710/11/2 711/11/2 722/11/2
f 722/11/2 711/11/2 723/11/2
f 712/11/2 713/11/2 724/11/2
f 724/11/2 713/11/2 725/11/2
f 714/11/2 715/11/2 726/11/2
f 726/11/2 715/11/2 727/11/2
f 718/1/2 719/1/2 728/1/2
f 728/1/2 719/1/2 729/1/2
f 730/11/2 731/11/2 736/11/2
f 736/11/2 731/11/2 737/11/2
f 732/11/2 733/11/2 740/11/2
f 740/11/2 733/11/2 741/11/2
f 734/11/2 735/11/2 742/11/2
f 742/11/2 735/11/2 743/11/2
f 738/2/2 739/2/2 745/2/2
f 745/2/2 739/2/2 746/2/2
f 744/2/2 745/2/2 753/2/2
f 745/12/2 746/12/2 754/12/2
f 753/2/2 745/2/2 754/2/2
f 744/2/2 753/2/2 757/2/2
f 754/13/2 746/13/2 758/13/2
f 755/12/2 756/12/2 759/12/2
f 759/12/2 756/12/2 760/12/2
f 744/2/2 757/2/2 761/2/2
f 757/2/2 758/2/2 761/2/2
f 758/12/2 746/12/2 762/12/2
f 761/2/2 758/2/2 762/2/2
f 746/2/2 759/2/2 763/2/2
f 762/12/2 746/12/2 763/12/2
f 763/2/2 759/2/2 764/2/2
f 747/6/2 748/6/2 765/6/2
f 765/6/2 748/6/2 766/6/2
f 749/6/2 750/6/2 767/6/2
f 767/6/2 750/6/2 768/6/2
f 751/6/2 752/6/2 769/6/2
f 769/6/2 752/6/2 770/6/2
f 762/2/2 763/2/2 771/2/2
f 771/2/2 763/2/2 772/2/2
f 773/6/2 774/6/2 779/6/2
f 779/6/2 774/6/2 780/6/2
f 775/6/2 776/6/2 781/6/2
f 781/6/2 776/6/2 782/6/2
f 777/6/2 778/6/2 783/6/2
f 783/6/2 778/6/2 784/6/2
f 780/2/2 781/2/2 779/2/2
f 781/14/2 782/14/2 779/14/2
f 782/2/2 783/2/2 786/2/2
f 779/14/2 782/14/2 786/14/2
f 783/14/2 784/14/2 786/14/2
f 786/14/2 784/14/2 787/14/2
f 784/14/2 785/14/2 787/14/2
f 788/1/2 789/1/2 790/1/2
f 790/1/2 789/1/2 791/1/2
f 794/2/2 795/2/2 796/2/2
f 796/2/2 795/2/2 797/2/2
f 792/1/2 793/1/2 798/1/2
f 798/1/2 793/1/2 799/1/2
f 800/2/2 801/2/2 802/2/2
f 802/2/2 801/2/2 803/2/2
f 804/2/2 805/2/2 806/2/2
f 806/2/2 805/2/2 807/2/2
f 808/2/2 809/2/2 810/2/2
f 810/2/2 809/2/2 811/2/2
f 812/2/2 813/2/2 814/2/2
f 814/2/2 813/2/2 815/2/2
f 816/2/2 817/2/2 818/2/2
f 818/2/2 817/2/2 819/2/2
f 820/6/2 821/6/2 831/6/2
f 831/6/2 821/6/2 832/6/2
f 822/6/2 823/6/2 833/6/2
f 833/6/2 823/6/2 834/6/2
f 824/6/2 825/6/2 837/6/2
f 837/6/2 825/6/2 838/6/2
f 826/6/2 827/6/2 839/6/2
f 839/6/2 827/6/2 840/6/2
f 828/6/2 829/6/2 841/6/2
f 841/6/2 829/6/2 842/6/2
f 831/8/2 832/8/2 844/8/2
f 834/8/2 835/8/2 844/8/2
f 830/8/2 831/8/2 844/8/2
f 832/8/2 833/8/2 844/8/2
f 833/8/2 834/8/2 844/8/2
f 839/8/2 840/8/2 845/8/2
f 842/8/2 843/8/2 845/8/2
f 841/8/2 842/8/2 845/8/2
f 837/8/2 838/8/2 845/8/2
f 836/8/2 837/8/2 845/8/2
f 840/8/2 841/8/2 845/8/2
f 838/8/2 839/8/2 845/8/2
f 845/4/2 843/4/2 846/4/2
f 844/4/2 835/4/2 847/4/2
f 847/4/2 835/4/2 848/4/2
f 847/4/2 848/4/2 849/4/2
f 848/4/2 835/4/2 849/4/2
f 845/4/2 846/4/2 850/4/2
f 847/4/2 849/4/2 851/4/2
f 849/4/2 850/4/2 851/4/2
f 851/4/2 850/4/2 852/4/2
f 852/4/2 850/4/2 853/4/2
f 2868/4/2 2920/4/2 854/4/2
f 2920/3/2 853/3/2 2921/3/2
f 2868/4/2 856/4/2 2869/4/2
f 2921/3/2 853/3/2 2922/3/2
f 856/4/2 857/4/2 858/4/2
f 2869/4/2 858/4/2 2870/4/2
f 3091/4/2 858/4/2 3121/4/2
f 3121/4/2 858/4/2 3122/4/2
f 3062/3/2 857/3/2 3063/3/2
f 3063/3/2 857/3/2 3064/3/2
f 3064/4/2 857/4/2 3065/4/2
f 3065/4/2 857/4/2 3066/9/2
f 2922/4/2 853/4/2 2923/9/2
f 2827/4/2 843/4/2 2828/4/2
f 2828/4/2 843/4/2 2829/18/2
f 859/1/2 860/1/2 863/1/2
f 863/1/2 860/1/2 864/1/2
f 861/1/2 862/1/2 865/1/2
f 865/1/2 862/1/2 866/1/2
f 864/3/2 865/3/2 867/3/2
f 867/3/2 865/3/2 868/3/2
f 868/3/2 865/3/2 869/3/2
f 864/3/2 867/3/2 870/3/2
f 870/3/2 867/3/2 871/3/2
f 869/3/2 865/3/2 872/3/2
f 870/4/2 871/4/2 873/4/2
f 867/4/2 868/4/2 871/4/2
f 868/4/2 869/4/2 871/4/2
f 869/4/2 872/4/2 871/4/2
f 871/4/2 872/4/2 874/4/2
f 874/4/2 872/4/2 875/4/2
f 875/4/2 872/4/2 876/4/2
f 876/4/2 872/4/2 877/4/2
f 871/4/2 874/4/2 873/4/2
f 873/4/2 874/4/2 878/4/2
f 874/3/2 875/3/2 878/3/2
f 878/3/2 875/3/2 879/3/2
f 875/4/2 876/4/2 880/4/2
f 880/4/2 876/4/2 881/4/2
f 877/4/2 872/4/2 882/4/2
f 882/4/2 872/4/2 883/4/2
f 879/3/2 875/3/2 880/3/2
f 881/4/2 882/4/2 880/4/2
f 880/4/2 882/4/2 884/4/2
f 884/4/2 882/4/2 885/4/2
f 882/3/2 883/3/2 885/3/2
f 873/4/2 878/4/2 886/4/2
f 870/4/2 873/4/2 886/4/2
f 880/3/2 884/3/2 888/3/2
f 879/3/2 880/3/2 888/3/2
f 884/4/2 885/4/2 889/4/2
f 886/4/2 887/4/2 891/4/2
f 870/4/2 886/4/2 892/4/2
f 886/4/2 891/4/2 892/4/2
f 892/4/2 891/4/2 893/4/2
f 889/4/2 890/4/2 894/4/2
f 894/4/2 890/4/2 895/4/2
f 893/4/2 891/4/2 896/4/2
f 892/1/2 893/1/2 896/1/2
f 891/4/2 887/4/2 897/4/2
f 896/4/2 891/4/2 897/4/2
f 884/4/2 889/4/2 898/4/2
f 889/4/2 894/4/2 898/4/2
f 896/1/2 897/1/2 899/1/2
f 899/1/2 897/1/2 900/1/2
f 900/1/2 897/1/2 901/1/2
f 898/1/2 894/1/2 902/1/2
f 902/1/2 894/1/2 903/1/2
f 903/1/2 894/1/2 904/1/2
f 904/1/2 894/1/2 905/1/2
f 905/1/2 894/1/2 906/1/2
f 906/1/2 894/1/2 907/1/2
f 892/1/2 896/1/2 908/1/2
f 908/1/2 896/1/2 909/1/2
f 899/1/2 900/1/2 910/1/2
f 910/1/2 900/1/2 911/1/2
f 901/1/2 897/1/2 912/1/2
f 912/1/2 897/1/2 913/1/2
f 898/1/2 902/1/2 914/1/2
f 914/1/2 902/1/2 915/1/2
f 903/1/2 904/1/2 916/1/2
f 916/1/2 904/1/2 917/1/2
f 905/1/2 906/1/2 918/1/2
f 918/1/2 906/1/2 919/1/2
f 907/1/2 894/1/2 920/1/2
f 894/1/2 895/1/2 921/1/2
f 920/1/2 894/1/2 921/1/2
f 2830/16/2 2871/3/2 926/3/2
f 2871/3/2 925/3/2 2872/3/2
f 2753/3/2 2789/3/2 928/3/2
f 2789/3/2 923/3/2 2790/3/2
f 3067/16/2 930/3/2 3093/15/2
f 3093/15/2 930/3/2 3094/3/2
f 931/1/2 932/1/2 933/1/2
f 933/1/2 932/1/2 934/1/2
f 937/3/2 938/3/2 939/3/2
f 939/3/2 938/3/2 940/3/2
f 935/3/2 936/3/2 943/3/2
f 943/3/2 936/3/2 944/3/2
f 944/3/2 936/3/2 945/3/2
f 945/2/2 946/2/2 947/2/2
f 944/2/2 945/2/2 947/2/2
f 947/2/2 946/2/2 948/2/2
f 941/3/2 942/3/2 949/3/2
f 949/3/2 942/3/2 950/3/2
f 953/3/3 952/3/3 951/3/3
f 954/3/3 952/3/3 953/3/3
f 957/4/3 956/4/3 955/4/3
f 958/4/3 956/4/3 957/4/3
f 961/4/3 960/4/3 959/4/3
f 962/4/3 960/4/3 961/4/3
f 965/3/3 964/3/3 963/3/3
f 966/3/3 964/3/3 965/3/3
f 969/2/3 968/2/3 967/2/3
f 970/2/3 968/2/3 969/2/3
f 973/4/3 972/4/3 971/4/3
f 974/4/3 972/4/3 973/4/3
f 977/4/3 976/4/3 975/4/3
f 978/4/3 976/4/3 977/4/3
f 981/4/3 980/4/3 979/4/3
f 982/4/3 980/4/3 981/4/3
f 989/2/3 984/2/3 983/2/3
f 990/2/3 984/2/3 989/2/3
f 991/13/3 986/13/3 985/13/3
f 992/13/3 986/13/3 991/13/3
f 993/2/3 988/2/3 987/2/3
f 994/2/3 988/2/3 993/2/3
f 997/3/3 996/3/3 995/3/3
f 998/3/3 996/3/3 997/3/3
f 1001/4/3 1000/4/3 999/4/3
f 1002/4/3 1000/4/3 1001/4/3
f 1005/4/3 1004/4/3 1003/4/3
f 1006/4/3 1004/4/3 1005/4/3
f 1013/1/3 1010/1/3 1009/1/3
f 1014/1/3 1010/1/3 1013/1/3
f 1015/1/3 1012/1/3 1011/1/3
f 1016/1/3 1012/1/3 1015/1/3
f 1021/1/3 1017/1/3 1016/1/3
f 1022/1/3 1019/1/3 1018/1/3
f 1023/1/3 1019/1/3 1022/1/3
f 1024/1/3 1021/1/3 1020/1/3
f 1025/1/3 1017/1/3 1021/1/3
f 1025/1/3 1021/1/3 1024/1/3
f 1026/1/3 1008/1/3 1007/1/3
f 1027/1/3 1008/1/3 1026/1/3
f 2620/1/3 2924/1/3 1029/1/3
f 3095/1/3 3177/1/3 1031/1/3
f 1033/1/3 1031/1/3 1030/1/3
f 2925/5/3 1033/1/3 2874/1/3
f 1035/1/3 1031/1/3 1033/1/3
f 2791/1/3 2925/5/3 1034/1/3
f 1042/1/3 1039/1/3 1038/1/3
f 1043/1/3 1039/1/3 1042/1/3
f 1044/1/3 1041/1/3 1040/1/3
f 1045/1/3 1041/1/3 1044/1/3
f 1049/1/3 1041/1/3 1045/1/3
f 1050/1/3 1041/1/3 1049/1/3
f 1051/1/3 1047/1/3 1046/1/3
f 1052/1/3 1047/1/3 1051/1/3
f 1053/1/3 1049/1/3 1048/1/3
f 1054/1/3 1049/1/3 1053/1/3
f 1055/1/3 1037/1/3 1036/1/3
f 1056/1/3 1037/1/3 1055/1/3
f 1059/1/3 1058/1/3 1057/1/3
f 1060/1/3 1058/1/3 1059/1/3
f 1064/3/3 1061/3/3 1060/3/3
f 2703/4/3 1062/4/3 2663/4/3
f 1065/3/3 1061/3/3 1064/3/3
f 2704/4/3 1062/4/3 2703/4/3
f 1063/1/3 2705/1/3 2754/1/3
f 2705/4/3 1062/4/3 2704/4/3
f 1064/4/3 1066/4/3 1065/4/3
f 1068/4/3 1067/4/3 1066/4/3
f 1069/4/3 1067/4/3 1068/4/3
f 1070/4/3 1067/4/3 1069/4/3
f 1071/4/3 1067/4/3 1070/4/3
f 2831/10/3 2754/1/3 1067/1/3
f 1073/1/3 1063/1/3 1072/1/3
f 1074/4/3 1066/4/3 1064/4/3
f 1074/4/3 1068/4/3 1066/4/3
f 1075/3/3 1070/3/3 1069/3/3
f 1076/3/3 1070/3/3 1075/3/3
f 1077/4/3 1067/4/3 1071/4/3
f 1078/4/3 1067/4/3 1077/4/3
f 2706/1/3 1072/1/3 2831/10/3
f 1081/4/3 1064/4/3 1060/4/3
f 1081/4/3 1077/4/3 1076/4/3
f 1081/4/3 1074/4/3 1064/4/3
f 1081/4/3 1075/4/3 1074/4/3
f 1081/4/3 1076/4/3 1075/4/3
f 1082/4/3 1077/4/3 1081/4/3
f 1083/4/3 1077/4/3 1082/4/3
f 1084/4/3 1077/4/3 1083/4/3
f 2926/1/3 1080/1/3 2875/10/3
f 1085/1/3 1079/1/3 1067/1/3
f 2707/1/3 2926/1/3 1085/1/3
f 1088/1/3 1083/1/3 1082/1/3
f 1089/1/3 1083/1/3 1088/1/3
f 1090/4/3 1067/4/3 1078/4/3
f 1091/1/3 1085/1/3 1067/1/3
f 1094/4/3 1081/4/3 1060/4/3
f 1094/3/3 1060/3/3 1093/3/3
f 1094/3/3 1087/3/3 1081/3/3
f 1094/3/3 1090/3/3 1089/3/3
f 1094/3/3 1088/3/3 1087/3/3
f 1094/3/3 1089/3/3 1088/3/3
f 1095/1/3 1092/1/3 1091/1/3
f 1095/1/3 1091/1/3 1067/1/3
f 1095/4/3 1067/4/3 1090/4/3
f 1096/1/3 1092/1/3 1095/1/3
f 1098/3/3 1090/3/3 1094/3/3
f 1098/3/3 1095/3/3 1090/3/3
f 1099/3/3 1095/3/3 1098/3/3
f 2708/1/3 1097/1/3 2664/1/3
f 1100/3/3 1095/3/3 1099/3/3
f 1100/1/3 1096/1/3 1095/1/3
f 2755/1/3 2708/1/3 1100/1/3
f 1113/3/3 1104/3/3 1103/3/3
f 1113/3/3 1105/3/3 1104/3/3
f 1114/1/3 1106/1/3 1105/1/3
f 1114/3/3 1105/3/3 1113/3/3
f 1115/1/3 1106/1/3 1114/1/3
f 1116/1/3 1106/1/3 1115/1/3
f 1117/1/3 1108/1/3 1107/1/3
f 1118/1/3 1108/1/3 1117/1/3
f 1110/1/3 2621/1/3 2665/1/3
f 2709/1/3 2665/1/3 1119/1/3
f 1121/4/3 1114/4/3 1113/4/3
f 1122/4/3 1114/4/3 1121/4/3
f 1123/4/3 1114/4/3 1122/4/3
f 1124/4/3 1114/4/3 1123/4/3
f 1125/1/3 1115/1/3 1114/1/3
f 1126/1/3 1115/1/3 1125/1/3
f 1130/3/3 1121/3/3 1113/3/3
f 1131/3/3 1123/3/3 1122/3/3
f 1132/3/3 1123/3/3 1131/3/3
f 1134/1/3 1125/1/3 1114/1/3
f 1137/2/3 1128/2/3 1127/2/3
f 1138/2/3 1128/2/3 1137/2/3
f 1139/3/3 1113/3/3 1112/3/3
f 1139/3/3 1133/3/3 1132/3/3
f 1139/3/3 1130/3/3 1113/3/3
f 1139/3/3 1131/3/3 1130/3/3
f 1139/3/3 1132/3/3 1131/3/3
f 1140/3/3 1133/3/3 1139/3/3
f 1141/3/3 1133/3/3 1140/3/3
f 1142/3/3 1133/3/3 1141/3/3
f 1143/3/3 1133/3/3 1142/3/3
f 1144/4/3 1114/4/3 1124/4/3
f 1145/1/3 1135/1/3 1134/1/3
f 1145/1/3 1134/1/3 1114/1/3
f 1146/1/3 1135/1/3 1145/1/3
f 1147/12/3 1137/12/3 1136/12/3
f 1148/12/3 1137/12/3 1147/12/3
f 3098/16/3 3099/3/3 1129/3/3
f 1151/3/3 1142/3/3 1141/3/3
f 1152/3/3 1142/3/3 1151/3/3
f 1153/4/3 1144/4/3 1143/4/3
f 1154/4/3 1114/4/3 1144/4/3
f 1155/1/3 1145/1/3 1114/1/3
f 1157/2/3 1149/2/3 1148/2/3
f 1158/2/3 1149/2/3 1157/2/3
f 1159/3/3 1139/3/3 1112/3/3
f 1159/4/3 1140/4/3 1139/4/3
f 1160/4/3 1140/4/3 1159/4/3
f 1161/3/3 1152/3/3 1151/3/3
f 1161/4/3 1140/4/3 1160/4/3
f 1161/3/3 1153/3/3 1152/3/3
f 1161/3/3 1150/3/3 1140/3/3
f 1161/3/3 1151/3/3 1150/3/3
f 1153/3/3 1154/3/3 1144/3/3
f 1154/1/3 1156/1/3 1155/1/3
f 1154/1/3 1155/1/3 1114/1/3
f 3100/3/3 3098/16/3 1129/3/3
f 1163/3/3 1159/3/3 1112/3/3
f 1164/4/3 1160/4/3 1159/4/3
f 1164/3/3 1159/3/3 1163/3/3
f 1164/4/3 1161/4/3 1160/4/3
f 1164/4/3 1153/4/3 1161/4/3
f 1165/1/3 1154/1/3 1153/1/3
f 1165/4/3 1153/4/3 1164/4/3
f 1166/1/3 1156/1/3 1154/1/3
f 1166/1/3 1154/1/3 1165/1/3
f 2710/3/3 2876/3/3 1167/3/3
f 1169/1/3 1163/1/3 1162/1/3
f 1170/1/3 1163/1/3 1169/1/3
f 1174/8/3 1172/8/3 1171/8/3
f 1174/6/3 2756/6/3 2793/6/3
f 1176/8/3 1172/8/3 1174/8/3
f 2877/6/3 2793/6/3 1175/6/3
f 1178/8/3 1172/8/3 1176/8/3
f 3178/4/3 3179/4/3 1172/4/3
f 2927/6/3 1178/6/3 2878/6/3
f 2929/8/3 1178/8/3 2928/8/3
f 2928/19/3 1178/6/3 2927/6/3
f 2930/8/3 1172/8/3 2929/8/3
f 2667/18/3 2666/4/3 1181/4/3
f 3035/4/3 3000/4/3 1182/4/3
f 3101/3/3 3069/3/3 1183/3/3
f 3127/3/3 3126/3/3 1184/3/3
f 3128/4/3 3127/4/3 1184/4/3
f 1191/3/3 1186/3/3 1185/3/3
f 1192/3/3 1186/3/3 1191/3/3
f 2757/3/3 1188/3/3 2711/3/3
f 2758/3/3 1188/3/3 2757/3/3
f 1195/3/3 1184/3/3 1189/3/3
f 2794/16/3 1195/3/3 2759/3/3
f 1198/3/3 1192/3/3 1191/3/3
f 1198/8/3 1190/8/3 1197/8/3
f 1198/3/3 1194/3/3 1193/3/3
f 1198/3/3 1193/3/3 1192/3/3
f 1198/3/3 1191/3/3 1190/3/3
f 2795/15/3 1195/3/3 2794/16/3
f 2796/3/3 1195/3/3 2795/15/3
f 3130/4/3 2983/4/3 1201/4/3
f 1202/6/3 1197/6/3 1196/6/3
f 1203/8/3 1198/8/3 1197/8/3
f 1203/6/3 1197/6/3 1202/6/3
f 1204/4/3 1199/4/3 1198/4/3
f 1205/4/3 1199/4/3 1204/4/3
f 1206/4/3 1199/4/3 1205/4/3
f 1208/8/3 1198/8/3 1203/8/3
f 1209/3/3 1205/3/3 1204/3/3
f 1211/6/3 1208/6/3 1207/6/3
f 1212/8/3 1198/8/3 1208/8/3
f 1212/6/3 1208/6/3 1211/6/3
f 1213/3/3 1210/3/3 1209/3/3
f 1213/4/3 1209/4/3 1204/4/3
f 2797/4/3 1195/4/3 2796/4/3
f 2832/4/3 1195/4/3 2797/4/3
f 1215/8/3 1198/8/3 1212/8/3
f 1215/4/3 1204/4/3 1198/4/3
f 1215/4/3 1213/4/3 1204/4/3
f 1216/3/3 1214/3/3 1213/3/3
f 1216/4/3 1213/4/3 1215/4/3
f 1217/4/3 1214/4/3 1216/4/3
f 2833/4/3 1201/4/3 2832/4/3
f 1222/2/3 1220/2/3 1219/2/3
f 1222/12/3 1219/12/3 1218/12/3
f 1222/2/3 1221/2/3 1220/2/3
f 2760/2/3 2720/2/3 1230/2/3
f 3131/2/3 3037/2/3 1232/2/3
f 1233/2/3 1222/2/3 1218/2/3
f 1234/2/3 1224/2/3 1223/2/3
f 1235/2/3 1224/2/3 1234/2/3
f 1236/2/3 1226/2/3 1225/2/3
f 1237/2/3 1226/2/3 1236/2/3
f 1238/2/3 1228/2/3 1227/2/3
f 1239/2/3 1228/2/3 1238/2/3
f 1240/2/3 1230/2/3 1229/2/3
f 1241/2/3 1230/2/3 1240/2/3
f 1232/2/3 2798/2/3 2834/2/3
f 2623/2/3 2834/2/3 1242/2/3
f 3039/20/3 3038/12/3 1244/12/3
f 1245/2/3 1234/2/3 1233/2/3
f 1245/12/3 1235/12/3 1234/12/3
f 1246/2/3 1236/2/3 1235/2/3
f 1246/2/3 1237/2/3 1236/2/3
f 1246/2/3 1238/2/3 1237/2/3
f 1247/2/3 1238/2/3 1246/2/3
f 1248/2/3 1238/2/3 1247/2/3
f 1248/12/3 1239/12/3 1238/12/3
f 1249/2/3 1240/2/3 1239/2/3
f 1249/2/3 1241/2/3 1240/2/3
f 1249/2/3 1242/2/3 1241/2/3
f 1250/2/3 1242/2/3 1249/2/3
f 1251/2/3 1242/2/3 1250/2/3
f 2669/12/3 1243/12/3 2623/12/3
f 2670/12/3 1243/12/3 2669/12/3
f 2721/2/3 1243/2/3 2670/2/3
f 1253/2/3 1233/2/3 1218/2/3
f 1253/2/3 1245/2/3 1233/2/3
f 1245/2/3 1246/2/3 1235/2/3
f 1254/2/3 1246/2/3 1245/2/3
f 1255/12/3 1247/12/3 1246/12/3
f 1255/2/3 1246/2/3 1254/2/3
f 1248/2/3 1249/2/3 1239/2/3
f 1256/2/3 1249/2/3 1248/2/3
f 1257/12/3 1250/12/3 1249/12/3
f 1257/2/3 1249/2/3 1256/2/3
f 2800/2/3 2799/2/3 1252/2/3
f 3070/2/3 3104/2/3 1259/2/3
f 1260/2/3 1253/2/3 1218/2/3
f 1261/2/3 1254/2/3 1245/2/3
f 1262/2/3 1254/2/3 1261/2/3
f 1263/2/3 1247/2/3 1255/2/3
f 1264/2/3 1247/2/3 1263/2/3
f 1265/2/3 1256/2/3 1248/2/3
f 1266/2/3 1256/2/3 1265/2/3
f 1267/2/3 1250/2/3 1257/2/3
f 1268/2/3 1250/2/3 1267/2/3
f 1269/2/3 1252/2/3 1251/2/3
f 1270/2/3 1252/2/3 1269/2/3
f 1271/12/3 1259/12/3 1258/12/3
f 1272/12/3 1260/12/3 1218/12/3
f 1273/2/3 1268/2/3 1267/2/3
f 1273/12/3 1260/12/3 1272/12/3
f 1273/2/3 1262/2/3 1261/2/3
f 2624/2/3 1271/2/3 2931/2/3
f 1273/2/3 1269/2/3 1268/2/3
f 1273/2/3 1264/2/3 1263/2/3
f 1273/2/3 1267/2/3 1266/2/3
f 1273/2/3 1270/2/3 1269/2/3
f 1273/2/3 1265/2/3 1264/2/3
f 1273/2/3 1266/2/3 1265/2/3
f 1273/2/3 1263/2/3 1262/2/3
f 1273/2/3 1261/2/3 1260/2/3
f 2625/2/3 1271/2/3 2624/2/3
f 2626/2/3 1271/2/3 2625/2/3
f 2627/2/3 1271/2/3 2626/2/3
f 1277/12/3 1259/12/3 1271/12/3
f 2835/2/3 2627/2/3 1276/2/3
f 1280/1/3 1279/1/3 1278/1/3
f 1281/1/3 1279/1/3 1280/1/3
f 1286/1/3 1283/1/3 1282/1/3
f 1287/1/3 1283/1/3 1286/1/3
f 1288/3/3 1285/3/3 1284/3/3
f 1289/3/3 1285/3/3 1288/3/3
f 1292/1/3 1291/1/3 1290/1/3
f 1293/1/3 1291/1/3 1292/1/3
f 1296/1/3 1295/1/3 1294/1/3
f 1297/1/3 1295/1/3 1296/1/3
f 1300/2/3 1299/2/3 1298/2/3
f 1301/2/3 1299/2/3 1300/2/3
f 2801/11/3 1303/11/3 2762/11/3
f 2836/6/3 1303/6/3 2802/6/3
f 2802/11/3 1303/11/3 2801/11/3
f 2628/6/3 2836/6/3 1306/6/3
f 3002/19/3 3154/6/3 1307/6/3
f 1312/11/3 1309/11/3 1308/11/3
f 1313/6/3 1310/6/3 1309/6/3
f 1313/11/3 1309/11/3 1312/11/3
f 1314/6/3 1310/6/3 1313/6/3
f 1314/6/3 1311/6/3 1310/6/3
f 1315/6/3 1311/6/3 1314/6/3
f 1318/2/3 1317/2/3 1316/2/3
f 1319/2/3 1317/2/3 1318/2/3
f 2629/3/3 1320/3/3 2932/3/3
f 2763/16/3 2629/3/3 1322/3/3
f 2630/21/3 1325/11/3 2933/11/3
f 2631/11/3 1325/11/3 2630/21/3
f 2837/6/3 2631/6/3 1327/6/3
f 3155/11/3 3003/11/3 1328/11/3
f 1334/11/3 1330/11/3 1329/11/3
f 1335/6/3 1331/6/3 1330/6/3
f 1335/11/3 1330/11/3 1334/11/3
f 1335/11/3 1332/11/3 1331/11/3
f 1336/11/3 1332/11/3 1335/11/3
f 1336/6/3 1333/6/3 1332/6/3
f 1337/6/3 1333/6/3 1336/6/3
f 2764/11/3 1339/11/3 2722/11/3
f 2765/11/3 1339/11/3 2764/11/3
f 2934/6/3 2765/6/3 1341/6/3
f 3004/6/3 3133/6/3 1343/6/3
f 1348/11/3 1345/11/3 1344/11/3
f 1349/11/3 1345/11/3 1348/11/3
f 1349/11/3 1346/11/3 1345/11/3
f 1350/6/3 1347/6/3 1346/6/3
f 1350/11/3 1346/11/3 1349/11/3
f 1351/6/3 1347/6/3 1350/6/3
f 1352/6/3 1347/6/3 1351/6/3
f 2838/11/3 1354/11/3 2803/11/3
f 2839/11/3 1354/11/3 2838/11/3
f 2723/11/3 2879/11/3 1356/11/3
f 3072/6/3 2985/6/3 1357/6/3
f 1360/3/3 1359/3/3 1358/3/3
f 1361/3/3 1359/3/3 1360/3/3
f 1365/1/3 1364/1/3 1363/1/3
f 2804/4/3 1363/4/3 2766/4/3
f 2805/4/3 1363/4/3 2804/4/3
f 2806/18/3 1363/4/3 2805/4/3
f 2807/4/3 1363/4/3 2806/18/3
f 2808/9/3 1363/4/3 2807/4/3
f 2632/1/3 1363/1/3 2808/10/3
f 2935/6/3 2632/6/3 1370/6/3
f 1372/8/3 1365/8/3 1371/8/3
f 3006/4/3 3005/4/3 1372/4/3
f 1373/3/3 1367/3/3 1366/3/3
f 1374/3/3 1367/3/3 1373/3/3
f 1375/3/3 1369/3/3 1368/3/3
f 1376/3/3 1369/3/3 1375/3/3
f 2633/4/3 1371/4/3 2935/4/3
f 1378/3/3 1370/3/3 1377/3/3
f 1393/3/3 1382/3/3 1381/3/3
f 1394/3/3 1384/3/3 1383/3/3
f 1395/3/3 1384/3/3 1394/3/3
f 1396/4/3 1386/4/3 1385/4/3
f 1397/4/3 1386/4/3 1396/4/3
f 1398/3/3 1388/3/3 1387/3/3
f 1399/3/3 1388/3/3 1398/3/3
f 1400/3/3 1390/3/3 1389/3/3
f 1401/3/3 1390/3/3 1400/3/3
f 1402/3/3 1392/3/3 1391/3/3
f 1403/3/3 1392/3/3 1402/3/3
f 1404/1/3 1397/1/3 1396/1/3
f 1404/8/3 1398/8/3 1397/8/3
f 1404/4/3 1401/4/3 1400/4/3
f 1404/4/3 1399/4/3 1398/4/3
f 1404/4/3 1402/4/3 1401/4/3
f 1404/4/3 1400/4/3 1399/4/3
f 1404/4/3 1403/4/3 1402/4/3
f 1405/4/3 1393/4/3 1381/4/3
f 1405/4/3 1395/4/3 1394/4/3
f 1405/4/3 1394/4/3 1393/4/3
f 1405/4/3 1396/4/3 1395/4/3
f 1406/1/3 1404/1/3 1396/1/3
f 1406/4/3 1396/4/3 1405/4/3
f 1407/1/3 1404/1/3 1406/1/3
f 1410/1/3 1409/1/3 1408/1/3
f 1411/1/3 1409/1/3 1410/1/3
f 1416/1/3 1413/1/3 1412/1/3
f 1417/1/3 1413/1/3 1416/1/3
f 1418/3/3 1415/3/3 1414/3/3
f 1419/3/3 1415/3/3 1418/3/3
f 3107/3/3 3073/3/3 1421/3/3
f 1424/1/3 1423/1/3 1422/1/3
f 1425/1/3 1423/1/3 1424/1/3
f 1428/1/3 1427/1/3 1426/1/3
f 1429/1/3 1427/1/3 1428/1/3
f 2958/4/3 2936/4/3 1431/4/3
f 1433/1/3 2880/1/3 2937/1/3
f 2634/1/4 2937/1/3 1434/1/3
f 1438/1/3 1437/1/3 1436/1/3
f 1439/1/3 1437/1/3 1438/1/3
f 1440/3/5 1441/3/5 1442/3/5
f 1442/3/5 1441/3/5 1443/3/5
f 1444/3/5 1445/3/5 1446/3/5
f 1446/3/5 1445/3/5 1447/3/5
f 1448/2/5 1449/2/5 1450/2/5
f 1450/2/5 1449/2/5 1451/2/5
f 1452/12/5 1453/12/5 1456/12/5
f 1456/12/5 1453/12/5 1457/12/5
f 1454/2/5 1455/2/5 1458/2/5
f 1458/2/5 1455/2/5 1459/2/5
f 1460/3/5 1461/3/5 1462/3/5
f 1462/3/5 1461/3/5 1463/3/5
f 1464/1/5 1465/1/5 1466/1/5
f 1466/1/5 1465/1/5 1467/1/5
f 3157/18/5 3181/4/5 1469/4/5
f 2724/4/5 2635/4/5 1470/4/5
f 2635/3/5 1471/3/5 2671/3/5
f 1472/1/5 1473/1/5 1474/1/5
f 1474/1/5 1473/1/5 1475/1/5
f 1477/12/5 1478/12/5 1479/12/5
f 1479/2/5 1478/2/5 1490/2/5
f 1480/2/5 1481/2/5 1491/2/5
f 1491/2/5 1481/2/5 1492/2/5
f 1482/2/5 1483/2/5 1493/2/5
f 1493/2/5 1483/2/5 1494/2/5
f 1484/2/5 1485/2/5 1495/2/5
f 1495/2/5 1485/2/5 1496/2/5
f 1486/2/5 1487/2/5 1497/2/5
f 1497/2/5 1487/2/5 1498/2/5
f 2767/2/5 2809/2/5 1499/2/5
f 2809/2/5 1500/2/5 2947/2/5
f 3135/12/5 3186/12/5 1501/12/5
f 3186/2/5 2987/2/5 1501/2/5
f 1490/2/5 1491/2/5 1502/2/5
f 1491/12/5 1492/12/5 1502/12/5
f 1492/2/5 1493/2/5 1503/2/5
f 1493/2/5 1494/2/5 1503/2/5
f 1494/2/5 1495/2/5 1503/2/5
f 1503/2/5 1495/2/5 1504/2/5
f 1504/2/5 1495/2/5 1505/2/5
f 1495/12/5 1496/12/5 1505/12/5
f 1496/2/5 1497/2/5 1506/2/5
f 1497/2/5 1498/2/5 1506/2/5
f 1498/2/5 1499/2/5 1506/2/5
f 1506/2/5 1499/2/5 1507/2/5
f 1507/2/5 1499/2/5 1508/2/5
f 2947/12/5 1500/12/5 2638/12/5
f 2639/2/5 2672/2/5 1509/2/5
f 2638/12/5 1500/12/5 2639/20/5
f 2672/2/5 2726/2/5 1509/2/5
f 1479/2/5 1490/2/5 1510/2/5
f 1490/2/5 1502/2/5 1510/2/5
f 1492/2/5 1503/2/5 1502/2/5
f 1502/2/5 1503/2/5 1511/2/5
f 1503/12/5 1504/12/5 1512/12/5
f 1511/2/5 1503/2/5 1512/2/5
f 1496/2/5 1506/2/5 1505/2/5
f 1505/2/5 1506/2/5 1513/2/5
f 1506/12/5 1507/12/5 1514/12/5
f 1513/2/5 1506/2/5 1514/2/5
f 1477/12/5 1479/12/5 1516/12/5
f 1479/2/5 1510/2/5 1516/2/5
f 1502/2/5 1511/2/5 1517/2/5
f 1517/2/5 1511/2/5 1518/2/5
f 1512/2/5 1504/2/5 1519/2/5
f 1519/2/5 1504/2/5 1520/2/5
f 1505/2/5 1513/2/5 1521/2/5
f 1521/2/5 1513/2/5 1522/2/5
f 1514/2/5 1507/2/5 1523/2/5
f 1523/2/5 1507/2/5 1524/2/5
f 1508/2/5 1509/2/5 1525/2/5
f 1525/2/5 1509/2/5 1526/2/5
f 1477/12/5 1516/12/5 1528/12/5
f 1521/2/5 1522/2/5 1529/2/5
f 1528/12/5 1516/12/5 1529/12/5
f 1519/2/5 1520/2/5 1529/2/5
f 1523/2/5 1524/2/5 1529/2/5
f 1524/2/5 1525/2/5 1529/2/5
f 1517/2/5 1518/2/5 1529/2/5
f 1522/2/5 1523/2/5 1529/2/5
f 2810/2/5 1527/2/5 2840/2/5
f 1520/2/5 1521/2/5 1529/2/5
f 1525/2/5 1526/2/5 1529/2/5
f 1518/2/5 1519/2/5 1529/2/5
f 1516/2/5 1517/2/5 1529/2/5
f 2840/4/5 1527/4/5 2841/18/5
f 2841/18/5 2640/4/5 1531/4/5
f 1528/4/5 1529/4/5 1531/4/5
f 2640/4/5 1530/4/5 2641/4/5
f 1533/1/5 1534/1/5 1535/1/5
f 1535/1/5 1534/1/5 1536/1/5
f 1537/1/5 1538/1/5 1539/1/5
f 1539/1/5 1538/1/5 1540/1/5
f 2811/3/5 1542/3/5 2842/3/5
f 1542/3/5 2882/3/5 2842/3/5
f 1546/1/5 1547/1/5 1548/1/5
f 2642/4/5 1546/4/5 2673/4/5
f 2673/4/5 1546/4/5 2674/4/5
f 2674/4/5 1546/4/5 2675/4/5
f 2675/4/5 1546/4/5 2676/4/5
f 2676/4/5 1546/4/5 2677/4/5
f 2677/1/5 2843/1/5 1553/1/5
f 1548/6/5 2844/6/5 2843/6/5
f 1554/8/5 1548/8/5 1555/8/5
f 1549/3/5 1550/3/5 1556/3/5
f 1556/3/5 1550/3/5 1557/3/5
f 1551/3/5 1552/3/5 1558/3/5
f 1558/3/5 1552/3/5 1559/3/5
f 1554/4/5 2845/4/5 2844/4/5
f 2678/3/5 2845/3/5 1561/3/5
f 1563/3/5 1564/3/5 1575/3/5
f 1565/3/5 1566/3/5 1576/3/5
f 1576/3/5 1566/3/5 1577/3/5
f 1567/3/5 1568/3/5 1578/3/5
f 1578/4/5 1568/4/5 1579/4/5
f 1569/3/5 1570/3/5 1580/3/5
f 1580/3/5 1570/3/5 1581/3/5
f 1571/3/5 1572/3/5 1582/3/5
f 1582/3/5 1572/3/5 1583/3/5
f 1573/3/5 1574/3/5 1584/3/5
f 1584/3/5 1574/3/5 1585/3/5
f 1578/1/5 1579/1/5 1586/1/5
f 1579/8/5 1580/8/5 1586/8/5
f 1582/4/5 1583/4/5 1586/4/5
f 1580/4/5 1581/4/5 1586/4/5
f 1583/4/5 1584/4/5 1586/4/5
f 1581/4/5 1582/4/5 1586/4/5
f 1584/4/5 1585/4/5 1586/4/5
f 1563/4/5 1575/4/5 1587/4/5
f 1576/4/5 1577/4/5 1587/4/5
f 1577/4/5 1578/4/5 1587/4/5
f 1575/4/5 1576/4/5 1587/4/5
f 1578/1/5 1586/1/5 1588/1/5
f 1587/4/5 1578/4/5 1588/4/5
f 1588/1/5 1586/1/5 1589/1/5
f 2948/11/5 1591/11/5 2643/11/5
f 2643/11/5 1591/11/5 2644/11/5
f 1591/11/5 1592/11/5 1595/11/5
f 1591/6/5 2883/6/5 2644/6/5
f 3075/6/5 3109/6/5 1595/6/5
f 3047/6/5 3075/6/5 1595/6/5
f 1596/11/5 1597/11/5 1600/11/5
f 1597/6/5 1598/6/5 1601/6/5
f 1600/11/5 1597/11/5 1601/11/5
f 1598/6/5 1599/6/5 1602/6/5
f 1601/11/5 1598/11/5 1602/11/5
f 1602/6/5 1599/6/5 1603/6/5
f 1603/6/5 1599/6/5 1604/6/5
f 3160/3/5 3189/3/5 1607/3/5
f 1605/3/5 1606/3/5 1608/3/5
f 1608/3/5 1606/3/5 1609/3/5
f 2884/11/5 1611/11/5 2949/11/5
f 2949/11/5 1611/11/5 2950/11/5
f 1611/6/5 2768/6/5 2950/6/5
f 1615/11/5 1616/11/5 1620/11/5
f 1616/6/5 1617/6/5 1621/6/5
f 1620/11/5 1616/11/5 1621/11/5
f 1617/11/5 1618/11/5 1621/11/5
f 1621/11/5 1618/11/5 1622/11/5
f 1618/6/5 1619/6/5 1622/6/5
f 1622/6/5 1619/6/5 1623/6/5
f 2812/3/5 2846/3/5 1626/3/5
f 1625/3/5 2645/3/5 2846/3/5
f 2813/11/5 1629/11/5 2847/22/5
f 2847/22/5 1629/11/5 2848/11/5
f 1629/6/5 2679/6/5 2848/6/5
f 3162/6/5 3191/6/5 1633/6/5
f 1634/11/5 1635/11/5 1638/11/5
f 1638/11/5 1635/11/5 1639/11/5
f 1635/11/5 1636/11/5 1639/11/5
f 1636/6/5 1637/6/5 1640/6/5
f 1639/11/5 1636/11/5 1640/11/5
f 1640/6/5 1637/6/5 1641/6/5
f 1642/2/5 1643/2/5 1644/2/5
f 1644/2/5 1643/2/5 1645/2/5
f 2849/11/5 1647/11/5 2885/11/5
f 2885/11/5 1647/11/5 2886/11/5
f 2886/11/5 2951/11/5 1650/11/5
f 1648/11/5 2728/11/5 2951/11/5
f 1652/14/5 1653/14/5 1654/14/5
f 1654/14/5 1653/14/5 1655/14/5
f 1656/2/5 1657/2/5 1658/2/5
f 1658/2/5 1657/2/5 1659/2/5
f 1660/1/5 1661/1/5 1662/1/5
f 1662/1/5 1661/1/5 1663/1/5
f 1664/1/5 1665/1/5 1666/1/5
f 1666/1/5 1665/1/5 1667/1/5
f 1668/3/5 1669/3/5 1670/3/5
f 1670/3/5 1669/3/5 1671/3/5
f 1672/1/5 1673/1/5 1674/1/5
f 1674/1/5 1673/1/5 1675/1/5
f 1676/1/5 1677/1/5 1678/1/5
f 1678/1/5 1677/1/5 1679/1/5
f 1680/1/5 1681/1/5 1682/1/5
f 1682/1/5 1681/1/5 1683/1/5
f 1684/1/5 1685/1/5 1686/1/5
f 1686/1/5 1685/1/5 1687/1/5
f 1688/8/5 1689/8/5 1691/8/5
f 2769/6/5 1691/6/5 2814/6/5
f 2815/8/5 2887/8/5 1693/8/5
f 2814/6/5 1691/6/5 2815/6/5
f 2887/8/5 1689/8/5 2888/8/5
f 1694/6/5 1695/6/5 1696/6/5
f 2888/8/5 1689/8/5 2889/8/5
f 1696/6/5 1695/6/5 1697/6/5
f 2889/8/5 1689/8/5 2890/8/5
f 3193/3/5 3194/3/5 1699/3/5
f 1697/8/5 1698/8/5 1701/8/5
f 1700/6/5 1701/6/5 1702/6/5
f 1701/8/5 1698/8/5 1703/8/5
f 1702/6/5 1701/6/5 1703/6/5
f 1699/4/5 2891/4/5 2892/4/5
f 1703/8/5 1698/8/5 1707/8/5
f 2646/4/5 2680/4/5 1708/4/5
f 2891/4/5 1704/4/5 2646/4/5
f 1707/8/5 1698/8/5 1708/8/5
f 2680/4/5 1705/4/5 2681/4/5
f 1706/6/5 1707/6/5 1710/6/5
f 1707/8/5 1708/8/5 1711/8/5
f 1710/6/5 1707/6/5 1711/6/5
f 1711/8/5 1708/8/5 1713/8/5
f 2681/4/5 1705/4/5 2682/4/5
f 3138/4/5 3111/4/5 1715/4/5
f 1715/4/5 2893/9/5 2894/4/5
f 3139/4/5 2992/4/5 1716/4/5
f 1712/6/5 1713/6/5 1717/6/5
f 1713/8/5 1708/8/5 1718/8/5
f 1717/6/5 1713/6/5 1718/6/5
f 1718/8/5 1708/8/5 1719/8/5
f 2893/9/5 1716/4/5 2729/4/5
f 1709/4/5 1714/4/5 1720/4/5
f 2729/4/5 1716/4/5 2730/4/5
f 1718/8/5 1719/8/5 1723/8/5
f 1719/4/5 1720/4/5 1721/4/5
f 2959/4/5 2960/18/5 1721/4/5
f 1722/6/5 1723/6/5 1724/6/5
f 1723/8/5 1719/8/5 1725/8/5
f 1724/6/5 1723/6/5 1725/6/5
f 1725/8/5 1719/8/5 1727/8/5
f 1726/6/5 1727/6/5 1728/6/5
f 1727/8/5 1719/8/5 1729/8/5
f 1728/6/5 1727/6/5 1729/6/5
f 1729/8/5 1719/8/5 1731/8/5
f 1730/6/5 1731/6/5 1732/6/5
f 1731/8/5 1719/8/5 1733/8/5
f 1732/6/5 1731/6/5 1733/6/5
f 1733/8/5 1719/8/5 1735/8/5
f 1734/6/5 1735/6/5 1736/6/5
f 1735/8/5 1719/8/5 1737/8/5
f 1736/6/5 1735/6/5 1737/6/5
f 1737/8/5 1719/8/5 1738/8/5
f 1719/4/5 1721/4/5 1738/4/5
f 2683/4/5 2895/4/5 1738/4/5
f 1739/1/5 1740/1/5 1741/1/5
f 1741/1/5 1740/1/5 1742/1/5
f 1742/3/5 1743/3/5 1747/3/5
f 1743/4/5 1744/4/5 1747/4/5
f 2952/1/5 1745/1/5 2647/1/5
f 1747/4/5 1744/4/5 1748/4/5
f 2647/1/5 1745/1/5 2648/1/5
f 2648/1/5 1750/1/5 2850/1/5
f 1748/1/5 1749/1/5 1751/1/5
f 1751/1/5 1752/1/5 1753/1/5
f 1748/1/5 1751/1/5 1753/1/5
f 1753/1/5 1752/1/5 1754/1/5
f 1748/1/5 1753/1/5 1755/1/5
f 2684/3/5 2732/3/5 1757/3/5
f 1755/1/5 1756/1/5 1759/1/5
f 1748/1/5 1755/1/5 1759/1/5
f 1759/1/5 1756/1/5 1760/1/5
f 1748/1/5 1759/1/5 1761/1/5
f 1748/1/5 1761/1/5 1763/1/5
f 1761/1/5 1762/1/5 1763/1/5
f 1763/1/5 1762/1/5 1764/1/5
f 1748/1/5 1763/1/5 1765/1/5
f 1765/1/5 1766/1/5 1769/1/5
f 1748/1/5 1765/1/5 1769/1/5
f 1769/1/5 1766/1/5 1770/1/5
f 2686/3/5 2733/3/5 1771/3/5
f 1748/1/5 1769/1/5 1773/1/5
f 1767/3/5 1768/3/5 1775/3/5
f 1775/3/5 1768/3/5 1776/3/5
f 1773/1/5 1774/1/5 1777/1/5
f 1748/1/5 1773/1/5 1777/1/5
f 1777/1/5 1774/1/5 1778/1/5
f 1748/1/5 1777/1/5 1779/1/5
f 1747/4/5 1748/4/5 1781/4/5
f 1779/1/5 1780/1/5 1782/1/5
f 1748/1/5 1779/1/5 1782/1/5
f 1782/1/5 1780/1/5 1783/1/5
f 1781/4/5 1748/4/5 1784/4/5
f 1748/1/5 1782/1/5 1785/1/5
f 1785/1/5 1786/1/5 1787/1/5
f 1748/1/5 1785/1/5 1787/1/5
f 1787/1/5 1786/1/5 1788/1/5
f 1747/4/5 1781/4/5 1789/4/5
f 1742/3/5 1747/3/5 1789/3/5
f 1781/4/5 1784/4/5 1789/4/5
f 1789/4/5 1784/4/5 1790/4/5
f 1790/4/5 1784/4/5 1791/4/5
f 1748/1/5 1787/1/5 1792/1/5
f 1784/4/5 1748/4/5 1791/4/5
f 1792/1/5 1793/1/5 1794/1/5
f 1748/1/5 1792/1/5 1794/1/5
f 1794/1/5 1793/1/5 1795/1/5
f 1789/4/5 1790/4/5 1796/4/5
f 1748/1/5 1794/1/5 1797/1/5
f 1791/4/5 1748/4/5 1799/4/5
f 1797/1/5 1798/1/5 1799/1/5
f 1748/1/5 1797/1/5 1799/1/5
f 1789/3/5 1796/3/5 1801/3/5
f 1742/3/5 1789/3/5 1801/3/5
f 1801/3/5 1796/3/5 1802/3/5
f 1802/4/5 1796/4/5 1803/4/5
f 1796/4/5 1790/4/5 1803/4/5
f 1791/4/5 1799/4/5 1804/4/5
f 1804/4/5 1799/4/5 1805/4/5
f 1799/1/5 1798/1/5 1806/1/5
f 1805/1/5 1799/1/5 1806/1/5
f 1800/1/5 1801/1/5 1807/1/5
f 1807/1/5 1801/1/5 1808/1/5
f 1809/1/5 1810/1/5 1813/1/5
f 1813/1/5 1810/1/5 1814/1/5
f 1811/3/5 1812/3/5 1815/3/5
f 1815/3/5 1812/3/5 1816/3/5
f 1820/3/6 1818/3/6 1817/3/6
f 1821/3/6 1818/3/6 1820/3/6
f 1823/4/6 1820/4/6 1819/4/6
f 1823/4/6 1822/4/6 1821/4/6
f 1823/4/6 1821/4/6 1820/4/6
f 1824/4/6 1823/4/6 1819/4/6
f 1825/4/6 1824/4/6 1819/4/6
f 1826/4/6 1822/4/6 1823/4/6
f 1826/4/6 1823/4/6 1824/4/6
f 1825/3/6 1826/3/6 1824/3/6
f 1827/3/6 1826/3/6 1825/3/6
f 1828/4/6 1825/4/6 1819/4/6
f 1828/4/6 1827/4/6 1825/4/6
f 1829/3/6 1826/3/6 1827/3/6
f 1829/4/6 1827/4/6 1828/4/6
f 1831/4/6 1828/4/6 1819/4/6
f 1831/1/6 1829/1/6 1828/1/6
f 1832/3/6 1826/3/6 1829/3/6
f 1832/1/6 1829/1/6 1831/1/6
f 1835/1/6 1831/1/6 1830/1/6
f 1836/1/6 1833/1/6 1832/1/6
f 1838/1/6 1835/1/6 1834/1/6
f 1838/1/6 1831/1/6 1835/1/6
f 1838/4/6 1832/4/6 1831/4/6
f 1839/1/6 1837/1/6 1836/1/6
f 1839/4/6 1832/4/6 1838/4/6
f 1839/1/6 1836/1/6 1832/1/6
f 1840/1/6 1838/1/6 1834/1/6
f 1840/1/6 1839/1/6 1838/1/6
f 1841/1/6 1839/1/6 1840/1/6
f 1842/1/6 1837/1/6 1839/1/6
f 1842/1/6 1839/1/6 1841/1/6
f 1843/1/6 1837/1/6 1842/1/6
f 1844/1/6 1842/1/6 1841/1/6
f 1845/1/6 1842/1/6 1844/1/6
f 1850/1/6 1847/1/6 1846/1/6
f 1851/1/6 1847/1/6 1850/1/6
f 1852/1/6 1849/1/6 1848/1/6
f 1853/1/6 1849/1/6 1852/1/6
f 1856/3/6 1855/3/6 1854/3/6
f 1857/3/6 1855/3/6 1856/3/6
f 1860/3/6 1859/3/6 1858/3/6
f 1861/3/6 1859/3/6 1860/3/6
f 1866/1/6 1863/1/6 1862/1/6
f 1867/1/6 1863/1/6 1866/1/6
f 1868/1/6 1865/1/6 1864/1/6
f 1869/1/6 1865/1/6 1868/1/6
f 1874/2/6 1871/2/6 1870/2/6
f 1875/2/6 1871/2/6 1874/2/6
f 1876/2/6 1873/2/6 1872/2/6
f 1877/2/6 1873/2/6 1876/2/6
f 1881/3/6 1879/3/6 1878/3/6
f 1882/3/6 1881/3/6 1880/3/6
f 1883/3/6 1879/3/6 1881/3/6
f 1883/3/6 1881/3/6 1882/3/6
f 1888/1/6 1885/1/6 1884/1/6
f 1889/1/6 1885/1/6 1888/1/6
f 1890/1/6 1887/1/6 1886/1/6
f 1891/1/6 1887/1/6 1890/1/6
f 1896/2/6 1893/2/6 1892/2/6
f 1897/2/6 1893/2/6 1896/2/6
f 1898/2/6 1895/2/6 1894/2/6
f 1899/2/6 1895/2/6 1898/2/6
f 1904/1/6 1901/1/6 1900/1/6
f 1905/1/6 1901/1/6 1904/1/6
f 1906/1/6 1903/1/6 1902/1/6
f 1907/1/6 1903/1/6 1906/1/6
f 1912/2/6 1909/2/6 1908/2/6
f 1913/2/6 1909/2/6 1912/2/6
f 1914/2/6 1911/2/6 1910/2/6
f 1915/2/6 1911/2/6 1914/2/6
f 1920/2/6 1917/2/6 1916/2/6
f 1921/2/6 1917/2/6 1920/2/6
f 1922/2/6 1919/2/6 1918/2/6
f 1923/2/6 1919/2/6 1922/2/6
f 1928/1/6 1925/1/6 1924/1/6
f 1929/1/6 1925/1/6 1928/1/6
f 1930/1/6 1927/1/6 1926/1/6
f 1931/1/6 1927/1/6 1930/1/6
f 1936/2/6 1933/2/6 1932/2/6
f 1937/2/6 1933/2/6 1936/2/6
f 1938/2/6 1935/2/6 1934/2/6
f 1939/2/6 1935/2/6 1938/2/6
f 1944/2/6 1941/2/6 1940/2/6
f 1945/2/6 1941/2/6 1944/2/6
f 1946/2/6 1943/2/6 1942/2/6
f 1947/2/6 1943/2/6 1946/2/6
f 1952/6/6 1949/6/6 1948/6/6
f 1953/6/6 1949/6/6 1952/6/6
f 1954/6/6 1951/6/6 1950/6/6
f 1955/6/6 1951/6/6 1954/6/6
f 1960/6/6 1957/6/6 1956/6/6
f 1961/6/6 1957/6/6 1960/6/6
f 1962/6/6 1959/6/6 1958/6/6
f 1963/6/6 1959/6/6 1962/6/6
f 1968/6/6 1965/6/6 1964/6/6
f 1969/6/6 1965/6/6 1968/6/6
f 1970/6/6 1967/6/6 1966/6/6
f 1971/6/6 1967/6/6 1970/6/6
f 1974/6/6 1973/6/6 1972/6/6
f 1975/6/6 1973/6/6 1974/6/6
f 1980/2/6 1977/2/6 1976/2/6
f 1981/2/6 1977/2/6 1980/2/6
f 1982/2/6 1979/2/6 1978/2/6
f 1983/2/6 1979/2/6 1982/2/6
f 1988/2/6 1985/2/6 1984/2/6
f 1989/2/6 1987/2/6 1986/2/6
f 2897/2/6 1984/2/6 2734/2/6
f 1991/2/6 1987/2/6 1989/2/6
f 2649/23/6 1990/2/6 2734/2/6
f 1993/2/6 1987/2/6 1991/2/6
f 1996/3/6 1995/3/6 1994/3/6
f 1998/3/6 1996/3/6 1994/3/6
f 2953/15/6 1997/3/6 2898/3/6
f 2650/3/6 2953/15/6 1998/3/6
f 2002/3/6 2001/3/6 2000/3/6
f 2003/3/6 2001/3/6 2002/3/6
f 2006/2/6 2005/2/6 2004/2/6
f 2007/2/6 2005/2/6 2006/2/6
f 2770/2/7 2009/2/6 2735/2/6
f 2899/2/8 2770/2/7 2012/2/9
f 2014/2/6 2011/2/6 2010/2/6
f 2015/2/6 2011/2/6 2014/2/6
f 2018/2/6 2017/2/6 2016/2/6
f 2020/2/6 2017/2/6 2018/2/6
f 2993/2/6 2019/2/6 3052/2/6
f 2021/2/6 2017/2/6 2020/2/6
f 2024/2/6 2023/2/6 2022/2/6
f 2025/2/6 2023/2/6 2024/2/6
f 2030/1/6 2027/1/6 2026/1/6
f 2031/1/6 2027/1/6 2030/1/6
f 2032/12/6 2029/12/6 2028/12/6
f 2033/12/6 2029/12/6 2032/12/6
f 3078/3/6 2034/3/6 3053/16/6
f 2816/15/6 2035/3/6 2771/3/6
f 2039/2/6 2038/2/6 2037/2/6
f 2040/2/6 2038/2/6 2039/2/6
f 2043/2/6 2042/2/6 2041/2/6
f 2044/2/6 2042/2/6 2043/2/6
f 2047/2/6 2043/2/6 2045/2/6
f 2048/2/6 2043/2/6 2047/2/6
f 2049/2/6 2046/2/6 2044/2/6
f 2050/2/6 2046/2/6 2049/2/6
f 3165/12/6 2051/12/6 3140/12/6
f 2055/12/6 2053/12/6 2052/12/6
f 2056/12/6 2053/12/6 2055/12/6
f 2059/2/6 2058/2/6 2057/2/6
f 2060/2/6 2058/2/6 2059/2/6
f 2061/2/6 2058/2/6 2060/2/6
f 2062/12/6 2061/12/6 2060/12/6
f 2067/4/6 2064/4/6 2063/4/6
f 2068/4/6 2064/4/6 2067/4/6
f 2688/5/6 2066/1/6 2651/1/6
f 2736/1/6 2688/5/6 2069/1/6
f 2073/2/6 2072/2/6 2071/2/6
f 2074/2/6 2072/2/6 2073/2/6
f 2077/2/6 2076/2/6 2075/2/6
f 2078/2/6 2076/2/6 2077/2/6
f 2081/14/6 2080/14/6 2079/14/6
f 2082/14/6 2080/14/6 2081/14/6
f 2085/3/6 2084/3/6 2083/3/6
f 2086/3/6 2084/3/6 2085/3/6
f 2087/3/6 2084/3/6 2086/3/6
f 2088/4/6 2084/4/6 2087/4/6
f 2900/3/6 2090/3/6 2852/3/6
f 2954/3/6 2900/3/6 2091/3/6
f 2093/3/6 2090/3/6 2092/3/6
f 2094/3/6 2090/3/6 2093/3/6
f 2652/3/6 2096/3/6 2955/3/6
f 2689/3/10 2652/3/6 2097/3/11
f 2100/4/12 2101/4/12 2104/4/12
f 2102/4/12 2103/4/12 2105/4/12
f 2100/4/12 2104/4/12 2106/4/12
f 2104/4/12 2105/4/12 2106/4/12
f 2106/4/12 2105/4/12 2107/4/12
f 2105/4/12 2103/4/12 2108/4/12
f 2107/4/12 2105/4/12 2108/4/12
f 2107/4/12 2108/4/12 2109/4/12
f 2100/4/12 2106/4/12 2110/4/12
f 2107/4/12 2109/4/12 2111/4/12
f 2109/3/12 2108/3/12 2112/3/12
f 2111/4/12 2109/4/12 2112/4/12
f 2108/4/12 2103/4/12 2113/4/12
f 2112/4/12 2108/4/12 2113/4/12
f 2100/4/12 2110/4/12 2114/4/12
f 2110/3/12 2111/3/12 2114/3/12
f 2112/3/12 2113/3/12 2114/3/12
f 2111/3/12 2112/3/12 2114/3/12
f 2114/3/12 2113/3/12 2115/3/12
f 2115/3/12 2113/3/12 2116/3/12
f 2117/1/12 2118/1/12 2122/1/12
f 2122/1/12 2118/1/12 2123/1/12
f 2119/1/12 2120/1/12 2124/1/12
f 2124/1/12 2120/1/12 2125/1/12
f 2121/1/12 2122/1/12 2127/1/12
f 2127/1/12 2122/1/12 2128/1/12
f 2125/1/12 2126/1/12 2129/1/12
f 2129/1/12 2126/1/12 2130/1/12
f 2128/1/12 2129/1/12 2131/1/12
f 2131/1/12 2129/1/12 2132/1/12
f 2133/3/12 2134/3/12 2135/3/12
f 2135/3/12 2134/3/12 2136/3/12
f 2137/3/12 2138/3/12 2139/3/12
f 2139/3/12 2138/3/12 2140/3/12
f 2141/4/12 2142/4/12 2144/4/12
f 2144/4/12 2142/4/12 2145/4/12
f 2142/3/12 2143/3/12 2146/3/12
f 2145/4/12 2142/4/12 2146/4/12
f 2146/3/12 2143/3/12 2147/3/12
f 2145/4/12 2146/4/12 2148/4/12
f 2148/4/12 2146/4/12 2149/4/12
f 2145/4/12 2148/4/12 2150/4/12
f 2150/4/12 2148/4/12 2151/4/12
f 2151/4/12 2148/4/12 2152/4/12
f 2141/4/12 2144/4/12 2154/4/12
f 2154/4/12 2144/4/12 2155/4/12
f 2152/4/12 2153/4/12 2151/4/12
f 2147/4/12 2143/4/12 2156/4/12
f 2156/4/12 2143/4/12 2157/4/12
f 2151/3/12 2153/3/12 2158/3/12
f 2150/3/12 2151/3/12 2158/3/12
f 2158/3/12 2153/3/12 2159/3/12
f 2161/4/12 2162/4/12 2164/4/12
f 2162/4/12 2163/4/12 2164/4/12
f 2160/4/12 2161/4/12 2164/4/12
f 2164/4/12 2163/4/12 2165/4/12
f 2168/4/12 2169/4/12 2171/4/12
f 2166/4/12 2167/4/12 2172/4/12
f 2172/4/12 2167/4/12 2173/4/12
f 2170/3/12 2171/3/12 2174/3/12
f 2171/4/12 2169/4/12 2174/4/12
f 2174/4/12 2169/4/12 2175/4/12
f 2170/3/12 2174/3/12 2176/3/12
f 2176/3/12 2174/3/12 2177/3/12
f 2178/4/12 2179/4/12 2182/4/12
f 2182/4/12 2179/4/12 2183/4/12
f 2180/4/12 2181/4/12 2184/4/12
f 2184/4/12 2181/4/12 2185/4/12
f 2186/2/12 2187/2/12 2190/2/12
f 2190/2/12 2187/2/12 2191/2/12
f 2188/2/12 2189/2/12 2192/2/12
f 2192/2/12 2189/2/12 2193/2/12
f 2194/1/12 2195/1/12 2198/1/12
f 2198/1/12 2195/1/12 2199/1/12
f 2196/1/12 2197/1/12 2200/1/12
f 2200/1/12 2197/1/12 2201/1/12
f 2202/3/12 2203/3/12 2204/3/12
f 2204/3/12 2203/3/12 2205/3/12
f 2206/2/12 2207/2/12 2210/2/12
f 2210/2/12 2207/2/12 2211/2/12
f 2208/2/12 2209/2/12 2212/2/12
f 2212/2/12 2209/2/12 2213/2/12
f 2214/3/12 2215/3/12 2216/3/12
f 2216/3/12 2215/3/12 2217/3/12
f 2218/1/12 2219/1/12 2222/1/12
f 2222/1/12 2219/1/12 2223/1/12
f 2220/1/12 2221/1/12 2224/1/12
f 2224/1/12 2221/1/12 2225/1/12
f 2226/12/12 2227/12/12 2230/12/12
f 2228/12/12 2229/12/12 2231/12/12
f 2226/2/12 2230/2/12 2232/2/12
f 2230/12/12 2227/12/12 2232/12/12
f 2228/12/12 2231/12/12 2233/12/12
f 2231/2/12 2229/2/12 2233/2/12
f 2226/2/12 2232/2/12 2234/2/12
f 2232/12/12 2227/12/12 2235/12/12
f 2234/12/12 2232/12/12 2235/12/12
f 2228/12/12 2233/12/12 2236/12/12
f 2233/2/12 2229/2/12 2237/2/12
f 2236/12/12 2233/12/12 2237/12/12
f 2238/2/12 2239/2/12 2242/2/12
f 2242/2/12 2239/2/12 2243/2/12
f 2240/2/12 2241/2/12 2244/2/12
f 2244/2/12 2241/2/12 2245/2/12
f 2246/2/12 2247/2/12 2250/2/12
f 2250/2/12 2247/2/12 2251/2/12
f 2248/2/12 2249/2/12 2252/2/12
f 2252/2/12 2249/2/12 2253/2/12
f 2254/3/12 2255/3/12 2257/3/12
f 2256/3/12 2257/3/12 2258/3/12
f 2257/3/12 2255/3/12 2259/3/12
f 2258/3/12 2257/3/12 2259/3/12
f 2260/1/12 2261/1/12 2264/1/12
f 2264/1/12 2261/1/12 2265/1/12
f 2262/1/12 2263/1/12 2266/1/12
f 2266/1/12 2263/1/12 2267/1/12
f 2268/1/12 2269/1/12 2272/1/12
f 2272/1/12 2269/1/12 2273/1/12
f 2270/1/12 2271/1/12 2274/1/12
f 2274/1/12 2271/1/12 2275/1/12
f 2276/2/12 2277/2/12 2280/2/12
f 2280/2/12 2277/2/12 2281/2/12
f 2278/2/12 2279/2/12 2282/2/12
f 2282/2/12 2279/2/12 2283/2/12
f 2284/2/12 2285/2/12 2288/2/12
f 2288/2/12 2285/2/12 2289/2/12
f 2286/2/12 2287/2/12 2290/2/12
f 2290/2/12 2287/2/12 2291/2/12
f 2772/1/12 2293/1/12 2817/5/12
f 2817/5/12 2301/1/12 2773/1/12
f 2294/1/12 2295/1/12 2302/1/12
f 2302/1/12 2295/1/12 2303/1/12
f 2296/1/12 2297/1/12 2304/1/12
f 2304/1/12 2297/1/12 2305/1/12
f 2298/1/12 2299/1/12 2306/1/12
f 2306/1/12 2299/1/12 2307/1/12
f 2308/1/12 2309/1/12 2312/1/12
f 2312/1/12 2309/1/12 2313/1/12
f 2310/1/12 2311/1/12 2314/1/12
f 2314/1/12 2311/1/12 2315/1/12
f 2316/1/12 2317/1/12 2320/1/12
f 2320/1/12 2317/1/12 2321/1/12
f 2318/1/12 2319/1/12 2322/1/12
f 2322/1/12 2319/1/12 2323/1/12
f 2324/1/12 2325/1/12 2328/1/12
f 2328/1/12 2325/1/12 2329/1/12
f 2326/1/12 2327/1/12 2330/1/12
f 2330/1/12 2327/1/12 2331/1/12
f 2332/1/12 2333/1/12 2336/1/12
f 2336/1/12 2333/1/12 2337/1/12
f 2334/1/12 2335/1/12 2338/1/12
f 2338/1/12 2335/1/12 2339/1/12
f 2340/1/12 2341/1/12 2344/1/12
f 2956/1/12 2818/1/12 2345/1/12
f 2342/1/12 2343/1/12 2346/1/12
f 2346/1/12 2343/1/12 2347/1/12
f 2348/1/12 2349/1/12 2366/1/12
f 2366/1/12 2349/1/12 2367/1/12
f 2350/1/12 2351/1/12 2368/1/12
f 2368/1/12 2351/1/12 2369/1/12
f 2352/1/12 2353/1/12 2370/1/12
f 2370/1/12 2353/1/12 2371/1/12
f 2354/1/12 2355/1/12 2372/1/12
f 2372/1/12 2355/1/12 2373/1/12
f 2356/1/12 2357/1/12 2374/1/12
f 2374/1/12 2357/1/12 2375/1/12
f 2358/1/12 2359/1/12 2376/1/12
f 2376/1/12 2359/1/12 2377/1/12
f 2360/1/12 2361/1/12 2378/1/12
f 2378/1/12 2361/1/12 2379/1/12
f 2362/1/12 2363/1/12 2380/1/12
f 2380/1/12 2363/1/12 2381/1/12
f 2364/1/12 2365/1/12 2382/1/12
f 2382/1/12 2365/1/12 2383/1/12
f 2384/1/12 2385/1/12 2396/1/12
f 2396/1/12 2385/1/12 2397/1/12
f 2386/1/12 2387/1/12 2398/1/12
f 2398/1/12 2387/1/12 2399/1/12
f 2388/1/12 2389/1/12 2400/1/12
f 2400/1/12 2389/1/12 2401/1/12
f 2390/1/12 2391/1/12 2402/1/12
f 2402/1/12 2391/1/12 2403/1/12
f 2392/1/12 2393/1/12 2404/1/12
f 2404/1/12 2393/1/12 2405/1/12
f 2394/1/12 2395/1/12 2406/1/12
f 2406/1/12 2395/1/12 2407/1/12
f 2384/1/12 2396/1/12 2408/1/12
f 2408/1/12 2396/1/12 2409/1/12
f 2407/1/12 2395/1/12 2410/1/12
f 2410/1/12 2395/1/12 2411/1/12
f 2412/1/12 2413/1/12 2416/1/12
f 2416/1/12 2413/1/12 2417/1/12
f 2414/1/12 2415/1/12 2418/1/12
f 2418/1/12 2415/1/12 2419/1/12
f 2420/1/12 2421/1/12 2424/1/12
f 2424/1/12 2421/1/12 2425/1/12
f 2422/1/12 2423/1/12 2426/1/12
f 2426/1/12 2423/1/12 2427/1/12
f 2428/1/12 2429/1/12 2432/1/12
f 2432/1/12 2429/1/12 2433/1/12
f 2430/1/12 2431/1/12 2434/1/12
f 2434/1/12 2431/1/12 2435/1/12
f 2436/1/12 2437/1/12 2440/1/12
f 2440/1/12 2437/1/12 2441/1/12
f 2438/1/12 2439/1/12 2442/1/12
f 2442/1/12 2439/1/12 2443/1/12
f 2444/1/12 2445/1/12 2448/1/12
f 2448/1/12 2445/1/12 2449/1/12
f 2446/1/12 2447/1/12 2450/1/12
f 2450/1/12 2447/1/12 2451/1/12
f 2452/1/12 2453/1/12 2456/1/12
f 2454/1/12 2455/1/12 2475/1/12
f 2452/1/12 2456/1/12 2476/1/12
f 2456/1/12 2457/1/12 2476/1/12
f 2476/1/12 2457/1/12 2477/1/12
f 2458/1/12 2459/1/12 2478/1/12
f 2478/1/12 2459/1/12 2479/1/12
f 2460/1/12 2461/1/12 2480/1/12
f 2480/1/12 2461/1/12 2481/1/12
f 2462/1/12 2463/1/12 2482/1/12
f 2482/1/12 2463/1/12 2483/1/12
f 2464/1/12 2465/1/12 2484/1/12
f 2484/1/12 2465/1/12 2485/1/12
f 2466/1/12 2467/1/12 2486/1/12
f 2486/1/12 2467/1/12 2487/1/12
f 2468/1/12 2469/1/12 2488/1/12
f 2488/1/12 2469/1/12 2489/1/12
f 2470/1/12 2471/1/12 2490/1/12
f 2490/1/12 2471/1/12 2491/1/12
f 2472/1/12 2473/1/12 2492/1/12
f 2492/1/12 2473/1/12 2493/1/12
f 2474/1/12 2475/1/12 2494/1/12
f 2475/1/12 2455/1/12 2495/1/12
f 2494/1/12 2475/1/12 2495/1/12
f 2496/2/12 2497/2/12 2500/2/12
f 2500/2/12 2497/2/12 2501/2/12
f 2498/2/12 2499/2/12 2502/2/12
f 2502/2/12 2499/2/12 2503/2/12
f 2506/12/12 2507/12/12 2508/12/12
f 2504/2/12 2505/2/12 2509/2/12
f 2508/2/12 2507/2/12 2510/2/12
f 2504/2/12 2509/2/12 2511/2/12
f 2510/2/12 2507/2/12 2512/2/12
f 2504/2/12 2511/2/12 2513/2/12
f 2512/2/12 2507/2/12 2514/2/12
f 2515/3/12 2516/3/12 2517/3/12
f 2517/3/12 2516/3/12 2518/3/12
f 2519/1/12 2520/1/12 2523/1/12
f 2523/1/12 2520/1/12 2524/1/12
f 2521/1/12 2522/1/12 2525/1/12
f 2525/1/12 2522/1/12 2526/1/12
f 2527/2/12 2528/2/12 2531/2/12
f 2531/2/12 2528/2/12 2532/2/12
f 2529/2/12 2530/2/12 2533/2/12
f 2533/2/12 2530/2/12 2534/2/12
f 2535/2/12 2536/2/12 2537/2/12
f 2537/2/12 2536/2/12 2538/2/12
f 2538/2/12 2536/2/12 2539/2/12
f 2538/12/12 2539/12/12 2540/12/12
f 3114/3/12 2541/3/12 3141/15/12
f 3141/15/12 2542/3/12 3166/3/12
f 2543/2/12 2544/2/12 2545/2/12
f 2545/2/12 2544/2/12 2546/2/12
f 2547/2/12 2548/2/12 2549/2/12
f 2549/2/12 2548/2/12 2550/2/12
f 2551/2/12 2552/2/12 2553/2/12
f 2553/2/12 2552/2/12 2554/2/12
f 2555/1/12 2556/1/12 2559/1/12
f 2559/1/12 2556/1/12 2560/1/12
f 2553/2/12 2554/2/12 2561/2/12
f 2557/2/12 2553/2/12 2561/2/12
f 2554/2/12 2558/2/12 2561/2/12
f 2561/2/12 2558/2/12 2562/2/12
f 2563/2/12 2564/2/12 2565/2/12
f 2565/2/12 2564/2/12 2566/2/12
f 2567/2/12 2568/2/12 2569/2/12
f 2569/2/12 2568/2/12 2570/2/12
f 2570/2/12 2568/2/12 2571/2/12
f 2572/1/12 2573/1/12 2574/1/12
f 2574/1/12 2573/1/12 2575/1/12
f 2575/1/12 2576/1/12 2577/1/12
f 2577/1/12 2576/1/12 2578/1/12
f 3054/3/12 2579/3/12 3079/3/12
f 3079/3/12 2580/3/12 3115/3/12
f 2995/4/12 2581/4/12 3015/4/12
f 3015/4/12 2582/4/12 3116/4/12
f 2653/4/12 2584/4/12 2690/9/12
f 2690/9/12 2586/4/12 2819/4/12
f 2587/14/12 2588/14/12 2589/14/12
f 2589/2/12 2588/2/12 2590/2/12
f 2589/14/12 2590/14/12 2591/14/12
f 2591/2/12 2590/2/12 2592/2/12
f 2591/14/12 2592/14/12 2593/14/12
f 2593/14/12 2592/14/12 2594/14/12
f 2595/3/12 2596/3/12 2597/3/12
f 2597/3/12 2596/3/12 2598/3/12
f 2599/3/12 3016/3/12 3017/3/12
f 2600/3/12 2599/3/12 2601/3/12
f 3112/4/5 3139/4/5 1716/4/5
f 2785/4/2 461/4/2 2965/4/2
f 3009/4/5 3010/4/5 1530/4/5
f 2979/9/2 643/4/2 3197/9/2
f 2964/4/1 3207/4/1 3208/4/1
f 3207/4/1 2962/4/1 3206/4/1
f 3206/4/1 2961/4/1 3205/4/1
f 3202/4/5 2960/18/5 2959/4/5
f 2957/4/1 3208/4/1 3200/4/1
f 2949/11/5 1613/11/5 1612/11/5
f 2945/2/5 1487/2/5 1486/2/5
f 2944/2/5 1486/2/5 1485/2/5
f 2943/2/5 1485/2/5 1484/2/5
f 2942/2/5 1484/2/5 1483/2/5
f 2941/2/5 1483/2/5 1482/2/5
f 2940/17/5 1482/2/5 1481/2/5
f 2939/2/5 1481/2/5 1480/2/5
f 3236/4/3 2958/4/3 3201/4/3
f 1431/4/3 2966/4/3 1430/4/3
f 2930/8/3 1180/8/3 1181/8/3
f 1180/8/3 2929/8/3 2928/8/3
f 2928/19/3 1179/6/3 1180/6/3
f 855/3/2 2922/3/2 857/3/2
f 2920/3/2 855/3/2 854/3/2
f 2918/4/2 663/4/2 662/4/2
f 2916/2/2 629/2/2 628/2/2
f 2909/1/1 62/1/1 63/1/1
f 2908/1/1 49/1/1 62/1/1
f 49/1/1 2906/1/1 48/1/1
f 48/1/1 2905/1/1 47/1/1
f 47/1/1 2904/1/1 46/1/1
f 46/1/1 2903/5/1 45/1/1
f 45/1/1 2902/1/1 44/1/1
f 44/1/1 2901/1/1 39/1/1
f 2092/3/6 2900/3/6 2954/3/6
f 2953/15/6 1996/3/6 1998/3/6
f 1738/4/5 2895/4/5 2896/18/5
f 1714/4/5 2894/4/5 2893/9/5
f 1698/4/5 2892/4/5 2891/4/5
f 1697/8/5 2890/8/5 1698/8/5
f 1695/8/5 2889/8/5 1697/8/5
f 1693/8/5 2888/8/5 1695/8/5
f 1647/11/5 2951/11/5 2886/11/5
f 2885/11/5 1650/11/5 1649/11/5
f 2884/11/5 1612/11/5 1610/11/5
f 2881/2/5 1480/2/5 1478/2/5
f 1434/1/3 2937/1/3 2880/1/3
f 2927/6/3 1177/6/3 1179/6/3
f 2926/1/3 1079/1/3 1085/1/3
f 1034/1/3 2874/1/3 1032/1/3
f 1029/1/3 2873/1/3 1028/1/3
f 2871/3/2 927/3/2 926/3/2
f 852/4/2 2869/4/2 2870/4/2
f 853/4/2 2868/4/2 852/4/2
f 852/4/2 2868/4/2 2869/4/2
f 660/4/2 2918/4/2 2867/4/2
f 626/2/2 2916/2/2 2866/2/2
f 2864/16/2 597/3/2 596/3/2
f 2862/2/2 587/2/2 586/2/2
f 2860/6/2 528/6/2 527/6/2
f 2858/1/2 514/1/2 513/1/2
f 133/11/1 2855/11/1 132/11/1
f 131/1/1 2853/5/1 130/1/1
f 2900/3/6 2089/3/6 2091/3/6
f 2849/11/5 1649/11/5 1646/11/5
f 2847/22/5 1631/11/5 1630/11/5
f 1553/4/5 2844/4/5 2845/4/5
f 1553/6/5 2843/6/5 2844/6/5
f 1543/3/5 2842/3/5 2882/3/5
f 2840/4/5 1531/4/5 1529/4/5
f 1356/11/3 2879/11/3 2839/11/3
f 1356/11/3 2838/11/3 1355/11/3
f 2833/4/3 1214/4/3 1217/4/3
f 924/3/2 2871/3/2 2830/16/2
f 3124/4/2 2829/18/2 3125/18/2
f 3123/4/2 2828/4/2 3124/4/2
f 594/3/2 2864/16/2 2826/3/2
f 584/2/2 2862/2/2 2825/2/2
f 517/6/2 2860/6/2 2824/6/2
f 509/1/2 2858/1/2 2823/1/2
f 132/11/1 2855/11/1 2821/11/1
f 130/1/1 2853/5/1 2820/10/1
f 2344/1/12 2818/1/12 2956/1/12
f 2036/3/6 2816/15/6 2851/3/6
f 1691/8/5 2887/8/5 2815/8/5
f 1692/6/5 2815/6/5 1693/6/5
f 2813/11/5 1630/11/5 1628/11/5
f 1624/3/5 2846/3/5 2812/3/5
f 2811/3/5 1543/3/5 1541/3/5
f 1526/2/5 2840/2/5 1529/2/5
f 1499/2/5 2809/2/5 2947/2/5
f 1370/4/3 2807/4/3 1369/4/3
f 1369/4/3 2806/18/3 1368/4/3
f 1368/4/3 2805/4/3 1367/4/3
f 1367/4/3 2804/4/3 1366/4/3
f 1355/11/3 2803/11/3 1353/11/3
f 1306/6/3 2836/6/3 2802/6/3
f 1306/11/3 2801/11/3 1305/11/3
f 1242/2/3 2834/2/3 2798/2/3
f 1214/4/3 2832/4/3 2797/4/3
f 2797/4/3 1200/4/3 1214/4/3
f 1200/3/3 2795/15/3 1199/3/3
f 1199/3/3 2794/16/3 1198/3/3
f 1176/6/3 2793/6/3 2877/6/3
f 1167/3/3 2876/3/3 2792/3/3
f 1033/1/3 2791/1/3 1035/1/3
f 2789/3/2 929/3/2 928/3/2
f 853/4/2 2788/4/2 2923/9/2
f 2786/6/2 526/6/2 525/6/2
f 3090/4/2 2965/4/2 3209/4/2
f 2783/1/2 459/1/2 458/1/2
f 441/4/1 2822/4/1 2782/4/1
f 3089/1/1 2780/1/1 2781/1/1
f 3088/1/1 2779/1/1 2780/1/1
f 3087/1/1 2778/1/1 2779/1/1
f 192/1/1 2857/1/1 2777/1/1
f 192/1/1 2778/1/1 3084/1/1
f 88/6/1 2775/6/1 87/6/1
f 39/4/1 2901/4/1 2774/4/1
f 2300/1/12 2817/5/12 2773/1/12
f 2292/1/12 2817/5/12 2300/1/12
f 2816/15/6 2034/3/6 3078/3/6
f 2013/2/6 2770/2/7 2899/2/8
f 1690/6/5 2814/6/5 1692/6/5
f 1613/6/5 2950/6/5 2768/6/5
f 1489/2/5 2767/2/5 1488/2/13
f 1366/4/3 2766/4/3 1362/4/3
f 1339/6/3 2934/6/3 1342/6/3
f 1341/11/3 2764/11/3 1340/11/3
f 1305/11/3 2762/11/3 1302/11/3
f 1252/2/3 2799/2/3 2761/2/3
f 2794/16/3 1194/3/3 1198/3/3
f 2758/3/3 1193/3/3 1194/3/3
f 1175/6/3 2793/6/3 2756/6/3
f 1063/1/3 2831/10/3 1072/1/3
f 922/3/2 2789/3/2 2753/3/2
f 660/1/2 2751/1/2 649/1/2
f 649/1/2 2751/1/2 2752/1/2
f 2749/3/2 546/3/2 545/3/2
f 515/6/2 2786/6/2 2748/6/2
f 480/4/2 2746/4/2 460/4/2
f 460/4/2 2746/4/2 2747/4/2
f 454/1/2 2783/1/2 2745/1/2
f 3205/4/1 2744/4/1 3059/4/1
f 3059/4/1 2743/4/1 3058/4/1
f 2743/4/1 443/4/1 3025/4/1
f 87/6/1 2740/6/1 74/6/1
f 38/4/1 2738/4/1 35/4/1
f 35/4/1 2737/4/1 34/4/1
f 2770/2/7 2008/2/6 2012/2/9
f 1990/2/6 2897/2/6 2734/2/6
f 1721/4/5 2960/18/5 2731/4/5
f 1721/4/5 2730/4/5 2959/4/5
f 1714/4/5 2729/4/5 1720/4/5
f 2729/4/5 1721/4/5 1720/4/5
f 1650/11/5 2951/11/5 2728/11/5
f 1509/2/5 2726/2/5 2727/17/5
f 1487/2/5 2946/2/5 2725/2/5
f 1340/11/3 2722/11/3 1338/11/3
f 1252/2/3 2761/2/3 2721/2/3
f 1230/2/3 2719/2/3 1229/2/3
f 1229/2/3 2718/2/3 1228/2/3
f 1228/2/3 2717/2/3 1227/2/3
f 1227/2/3 2716/2/3 1226/2/3
f 1226/2/3 2715/2/3 1225/2/3
f 1225/2/3 2714/2/3 1224/2/3
f 1224/2/3 2713/2/3 1223/2/3
f 1223/2/3 2712/2/3 1222/2/3
f 2757/3/3 1187/3/3 1193/3/3
f 1097/1/3 2755/1/3 1101/1/3
f 1086/1/3 2926/1/3 2707/1/3
f 1079/1/3 2831/10/3 1067/1/3
f 1067/1/3 2754/1/3 2705/1/3
f 1067/4/3 2704/4/3 1066/4/3
f 1066/4/3 2703/4/3 1065/4/3
f 3030/4/2 2701/4/2 3029/4/2
f 543/3/2 2749/3/2 2700/3/2
f 2698/11/2 534/11/2 533/11/2
f 491/4/2 2785/4/2 2697/4/2
f 441/4/1 2695/4/1 2822/4/1
f 291/6/1 2741/6/1 2693/6/1
f 291/4/1 2694/4/1 292/4/1
f 137/11/1 2691/11/1 136/11/1
f 2585/4/12 2690/9/12 2819/4/12
f 2070/1/6 2688/5/6 2736/1/6
f 1771/3/5 2733/3/5 2687/3/5
f 3228/3/5 2686/3/5 3216/16/5
f 1757/3/5 2732/3/5 2685/3/5
f 1721/4/5 2683/4/5 1738/4/5
f 3215/4/5 2895/4/5 2683/4/5
f 1709/4/5 2682/4/5 1714/4/5
f 2680/4/5 1709/4/5 1708/4/5
f 1631/6/5 2848/6/5 2679/6/5
f 1560/3/5 2845/3/5 2678/3/5
f 1546/1/5 2843/1/5 2677/1/5
f 2676/4/5 1553/4/5 1552/4/5
f 2675/4/5 1552/4/5 1551/4/5
f 2674/4/5 1551/4/5 1550/4/5
f 2673/4/5 1550/4/5 1549/4/5
f 1252/2/3 2721/2/3 2670/2/3
f 2670/12/3 1251/12/3 1252/12/3
f 2712/2/3 1221/2/3 1222/2/3
f 1120/1/3 2665/1/3 2709/1/3
f 2708/1/3 1096/1/3 1100/1/3
f 1065/4/3 2663/4/3 1061/4/3
f 2661/1/2 689/1/2 688/1/2
f 567/6/2 2660/6/2 2701/6/2
f 521/11/2 2698/11/2 2659/11/2
f 490/3/2 2696/16/2 500/3/2
f 482/4/2 2913/4/2 480/4/2
f 483/3/2 2658/3/2 498/3/2
f 443/4/1 2742/4/1 2655/4/1
f 136/11/1 2691/11/1 2654/11/1
f 2583/4/12 2690/9/12 2585/4/12
f 2652/3/6 2095/3/6 2097/3/11
f 2098/3/6 2652/3/6 2689/3/10
f 2688/5/6 2065/1/6 2069/1/6
f 1999/3/6 2953/15/6 2650/3/6
f 1992/2/6 2734/2/6 1984/2/6
f 1749/1/5 2648/1/5 2850/1/5
f 2952/1/5 1748/1/5 1744/1/5
f 2647/1/5 1749/1/5 1748/1/5
f 1704/4/5 2680/4/5 2646/4/5
f 2891/4/5 1708/4/5 1698/4/5
f 1626/3/5 2846/3/5 2645/3/5
f 1594/6/5 2644/6/5 2883/6/5
f 2948/11/5 1593/11/5 1590/11/5
f 2643/11/5 1594/11/5 1593/11/5
f 2642/4/5 1549/4/5 1545/4/5
f 1527/4/5 2640/4/5 2841/18/5
f 2640/4/5 1532/4/5 1531/4/5
f 1500/2/5 2672/2/5 2639/2/5
f 1499/12/5 2638/12/5 1508/12/5
f 1508/12/5 2639/20/5 1509/12/5
f 1478/4/5 2637/4/5 2881/4/5
f 2938/4/5 1477/4/5 1476/4/5
f 2636/4/5 1478/4/5 1477/4/5
f 1469/4/5 2724/4/5 1468/4/5
f 1470/3/5 2635/3/5 2671/3/5
f 1435/1/3 2937/1/3 2634/1/4
f 1378/4/3 2935/4/3 1370/4/3
f 1370/1/3 2632/1/3 2808/10/3
f 1365/6/3 2935/6/3 1371/6/3
f 1325/6/3 2837/6/3 1328/6/3
f 1326/11/3 2933/11/3 1324/11/3
f 1327/11/3 2630/21/3 1326/11/3
f 1322/3/3 2629/3/3 2932/3/3
f 1321/3/3 2763/16/3 1323/3/3
f 1304/6/3 2628/6/3 1307/6/3
f 1271/2/3 2835/2/3 1277/2/3
f 1276/2/3 2626/2/3 1275/2/3
f 1275/2/3 2625/2/3 1274/2/3
f 2624/2/3 1270/2/3 1273/2/3
f 1274/2/3 2624/2/3 1273/2/3
f 1243/2/3 2834/2/3 2623/2/3
f 2669/12/3 1242/12/3 1251/12/3
f 1181/4/3 2666/4/3 2622/4/3
f 1181/4/3 2622/4/3 2930/4/3
f 1119/1/3 2665/1/3 2621/1/3
f 3235/1/3 2620/1/3 2981/1/3
f 850/4/2 2619/4/2 2788/4/2
f 846/4/2 2827/4/2 2619/4/2
f 686/1/2 2661/1/2 2618/1/2
f 567/4/2 2617/4/2 557/4/2
f 519/6/2 2615/6/2 2915/6/2
f 2615/6/2 530/6/2 529/6/2
f 2914/2/2 496/2/2 488/2/2
f 2613/2/2 497/2/2 496/2/2
f 490/4/2 2612/4/2 2657/4/2
f 435/4/1 2611/4/1 442/4/1
f 443/4/1 2611/4/1 441/4/1
f 292/4/1 2694/4/1 2610/4/1
f 268/2/1 2608/2/1 2912/2/1
f 269/2/1 2608/2/1 268/2/1
f 178/1/1 2606/1/1 2911/1/1
f 179/1/1 2606/1/1 178/1/1
f 134/11/1 2604/11/1 2910/11/1
f 135/11/1 2604/11/1 134/11/1
f 63/1/1 2603/1/1 2909/1/1
f 34/4/1 2737/4/1 2602/4/1
f 3243/17/5 2946/2/5 2945/2/5
f 3242/2/5 2945/2/5 2944/2/5
f 3241/2/5 2944/2/5 2943/2/5
f 3240/2/5 2943/2/5 2942/2/5
f 3239/2/5 2942/2/5 2941/2/5
f 3238/2/5 2941/2/5 2940/17/5
f 3237/17/5 2940/17/5 2939/2/5
f 2799/2/3 3229/2/3 2761/2/3
f 2720/2/3 3224/2/3 2719/2/3
f 2719/2/3 3223/2/3 2718/2/3
f 2718/2/3 3222/2/3 2717/2/3
f 2717/2/3 3221/17/3 2716/2/3
f 2716/2/3 3220/2/3 2715/2/3
f 2715/2/3 3219/2/3 2714/2/3
f 2714/2/3 3218/2/3 2713/2/3
f 2713/2/3 3217/17/3 2712/2/3
f 3212/4/5 2637/4/5 2636/4/5
f 2666/4/3 3211/4/3 2622/4/3
f 2936/4/3 3210/4/3 2966/4/3
f 1716/4/5 3202/4/5 2959/4/5
f 1704/3/5 3196/16/5 1705/3/5
f 1699/3/5 3195/3/5 1704/3/5
f 3244/2/5 1488/2/13 2725/2/5
f 3184/2/5 1489/2/5 1488/2/13
f 3183/18/5 2636/4/5 2938/4/5
f 1469/4/5 3182/4/5 1471/4/5
f 3211/4/3 1172/4/3 2930/4/3
f 3234/4/5 2896/18/5 2895/4/5
f 3161/11/5 1633/11/5 1632/11/5
f 1555/4/5 3159/4/5 3187/4/5
f 3213/4/5 2881/4/5 2637/4/5
f 3158/2/5 2939/2/5 2881/2/5
f 1357/6/3 3180/6/3 3156/6/3
f 3156/11/3 2879/11/3 2723/11/3
f 3152/3/3 2876/3/3 2710/3/3
f 1031/1/3 3151/1/3 1030/1/3
f 2924/1/3 3150/1/3 2873/1/3
f 3137/11/5 1632/11/5 1629/11/5
f 3136/4/5 1555/4/5 1548/4/5
f 3233/11/3 1354/11/3 2839/11/3
f 1307/6/3 3132/6/3 1304/6/3
f 3129/4/3 1184/4/3 1195/4/3
f 531/6/2 3148/6/2 3120/6/2
f 525/6/2 3146/6/2 3119/19/2
f 2851/3/6 3113/3/6 3231/16/6
f 3111/4/5 1716/4/5 1715/4/5
f 1595/6/5 3109/6/5 3188/6/5
f 1489/2/5 3185/2/5 3108/2/5
f 1343/6/3 3133/6/3 3106/6/3
f 1343/11/3 3105/11/3 1342/11/3
f 1259/2/3 3103/2/3 1258/2/3
f 3103/2/3 2799/2/3 2800/2/3
f 1184/3/3 3126/3/3 3102/3/3
f 3232/3/3 1129/3/3 2792/3/3
f 3097/4/3 1110/4/3 1111/4/3
f 2788/4/2 3176/9/2 2923/9/2
f 1633/6/5 3191/6/5 3076/6/5
f 1342/11/3 3071/11/3 1339/11/3
f 3096/4/3 1102/4/3 1110/4/3
f 2922/4/2 3176/9/2 3066/9/2
f 858/3/2 3062/3/2 3122/15/2
f 2019/2/6 3164/2/6 3052/2/6
f 3228/3/5 1772/3/5 2687/3/5
f 3227/3/5 1758/3/5 2685/3/5
f 3049/4/5 2683/4/5 2731/4/5
f 3204/4/5 2731/4/5 2960/18/5
f 1607/3/5 3189/3/5 3048/3/5
f 3226/2/5 1515/2/5 2727/17/5
f 1471/4/5 3182/4/5 3045/4/5
f 1468/4/5 3044/4/5 3043/4/5
f 3043/4/5 1469/4/5 1468/4/5
f 1421/3/3 3042/3/3 1420/3/3
f 1380/3/3 3040/16/3 1379/3/3
f 3229/2/3 1244/2/3 2721/2/3
f 1244/12/3 3038/12/3 3153/12/3
f 1232/2/3 3036/2/3 1231/2/3
f 3036/2/3 2720/2/3 2760/2/3
f 3069/3/3 1182/3/3 1183/3/3
f 635/1/2 3033/1/2 634/1/2
f 634/1/2 3033/1/2 3034/1/2
f 483/4/2 3060/18/2 2747/4/2
f 2697/4/2 3090/4/2 3027/4/2
f 2054/12/6 3165/12/6 3013/12/6
f 3012/3/5 2732/3/5 2684/3/5
f 1592/6/5 3047/6/5 1595/6/5
f 1530/4/5 3010/4/5 3199/4/5
f 1527/2/5 3009/2/5 1530/2/5
f 3007/2/5 2726/2/5 2672/2/5
f 1379/3/3 3006/3/3 1372/3/3
f 2712/2/3 3001/2/3 2668/23/3
f 3000/4/3 2666/4/3 2667/18/3
f 588/2/2 3031/2/2 2999/2/2
f 2660/6/2 3029/6/2 2701/6/2
f 498/3/2 3026/3/2 483/3/2
f 2099/3/6 2994/16/6 3014/3/6
f 1716/4/5 2992/4/5 3203/4/5
f 3192/6/5 1651/6/5 1648/6/5
f 1651/6/5 2991/6/5 3077/7/5
f 3190/11/5 1614/11/5 1611/11/5
f 1614/11/5 2990/11/5 3110/11/5
f 3187/3/5 1562/3/5 1555/3/5
f 1562/3/5 2989/3/5 3074/3/5
f 1515/2/5 3046/2/5 2988/2/5
f 2988/2/5 1527/2/5 1515/2/5
f 1501/2/5 2987/2/5 3007/2/5
f 1372/4/3 2986/4/3 1365/4/3
f 1357/6/3 2985/6/3 3180/6/3
f 1328/11/3 2984/11/3 1325/11/3
f 1195/4/3 2982/4/3 3129/4/3
f 1201/4/3 2982/4/3 1195/4/3
f 2619/4/2 3092/4/2 2788/4/2
f 2827/4/2 2980/4/2 2619/4/2
f 642/4/2 2977/4/2 3175/4/2
f 2617/4/2 3030/4/2 2976/4/2
f 533/6/2 2974/7/2 3174/6/2
f 527/11/2 2972/11/2 3173/11/2
f 2696/16/2 3027/3/2 2971/3/2
f 2737/4/1 32/4/1 29/4/1
f 2901/4/1 36/4/1 33/4/1
f 2603/1/1 37/1/1 36/1/1
f 3080/3/1 65/3/1 64/3/1
f 92/4/1 91/4/1 3082/4/1
f 3018/4/1 81/4/1 90/4/1
f 2853/5/1 127/1/1 126/1/1
f 2855/11/1 119/11/1 118/11/1
f 2604/11/1 121/11/1 120/11/1
f 2691/11/1 123/11/1 122/11/1
f 3142/11/1 143/11/1 142/11/1
f 2967/11/1 145/11/1 144/11/1
f 3023/11/1 147/11/1 146/11/1
f 2606/1/1 177/1/1 176/1/1
f 187/1/1 185/1/1 2777/1/1
f 3085/4/1 193/4/1 192/4/1
f 2969/4/1 245/4/1 244/4/1
f 2608/2/1 267/2/1 266/2/1
f 290/6/1 289/6/1 2693/6/1
f 289/4/1 279/4/1 2610/4/1
f 3169/3/1 310/3/1 309/3/1
f 2822/4/1 438/4/1 437/4/1
f 2695/4/1 435/4/1 438/4/1
f 2742/4/1 436/4/1 442/4/1
f 2957/4/1 370/4/1 436/4/1
f 2612/4/2 481/4/2 491/4/2
f 662/1/2 664/1/2 2752/1/2
f 2868/4/2 854/4/2 856/4/2
f 2869/4/2 856/4/2 858/4/2
f 1063/1/3 1062/1/3 2705/1/3
f 1110/1/3 1109/1/3 2621/1/3
f 1174/6/3 1173/6/3 2756/6/3
f 2929/8/3 1172/8/3 1178/8/3
f 2832/4/3 1201/4/3 1195/4/3
f 1232/2/3 1231/2/3 2798/2/3
f 2721/2/3 1244/2/3 1243/2/3
f 2836/6/3 1304/6/3 1303/6/3
f 2629/3/3 1321/3/3 1320/3/3
f 2632/1/3 1365/1/3 1363/1/3
f 1433/1/3 1432/1/3 2880/1/3
f 2635/3/5 1469/3/5 1471/3/5
f 2809/2/5 1489/2/5 1500/2/5
f 1542/3/5 1544/3/5 2882/3/5
f 1548/6/5 1554/6/5 2844/6/5
f 1554/4/5 1561/4/5 2845/4/5
f 1591/6/5 1595/6/5 2883/6/5
f 1611/6/5 1614/6/5 2768/6/5
f 1625/3/5 1627/3/5 2645/3/5
f 1629/6/5 1632/6/5 2679/6/5
f 1648/11/5 1651/11/5 2728/11/5
f 1699/4/5 1704/4/5 2891/4/5
f 1715/4/5 1716/4/5 2893/9/5
f 2648/1/5 1745/1/5 1750/1/5
f 2897/2/6 1988/2/6 1984/2/6
f 2817/5/12 2293/1/12 2301/1/12
f 3141/15/12 2541/3/12 2542/3/12
f 3079/3/12 2579/3/12 2580/3/12
f 3015/4/12 2581/4/12 2582/4/12
f 2690/9/12 2584/4/12 2586/4/12
f 2599/3/12 2600/3/12 3016/3/12
f 2964/4/1 2963/4/1 3207/4/1
f 3207/4/1 2963/4/1 2962/4/1
f 3206/4/1 2962/4/1 2961/4/1
f 3202/4/5 3204/4/5 2960/18/5
f 2957/4/1 2964/4/1 3208/4/1
f 2949/11/5 2950/11/5 1613/11/5
f 2945/2/5 2946/2/5 1487/2/5
f 2944/2/5 2945/2/5 1486/2/5
f 2943/2/5 2944/2/5 1485/2/5
f 2942/2/5 2943/2/5 1484/2/5
f 2941/2/5 2942/2/5 1483/2/5
f 2940/17/5 2941/2/5 1482/2/5
f 2939/2/5 2940/17/5 1481/2/5
f 3236/4/3 2936/4/3 2958/4/3
f 1431/4/3 2936/4/3 2966/4/3
f 2930/8/3 2929/8/3 1180/8/3
f 2928/19/3 2927/6/3 1179/6/3
f 855/3/2 2921/3/2 2922/3/2
f 2920/3/2 2921/3/2 855/3/2
f 2918/4/2 2919/4/2 663/4/2
f 2916/2/2 2917/17/2 629/2/2
f 2909/1/1 2908/1/1 62/1/1
f 2908/1/1 2907/1/1 49/1/1
f 49/1/1 2907/1/1 2906/1/1
f 48/1/1 2906/1/1 2905/1/1
f 47/1/1 2905/1/1 2904/1/1
f 46/1/1 2904/1/1 2903/5/1
f 45/1/1 2903/5/1 2902/1/1
f 44/1/1 2902/1/1 2901/1/1
f 2092/3/6 2090/3/6 2900/3/6
f 2953/15/6 2898/3/6 1996/3/6
f 1697/8/5 2889/8/5 2890/8/5
f 1695/8/5 2888/8/5 2889/8/5
f 1693/8/5 2887/8/5 2888/8/5
f 1647/11/5 1648/11/5 2951/11/5
f 2885/11/5 2886/11/5 1650/11/5
f 2884/11/5 2949/11/5 1612/11/5
f 2881/2/5 2939/2/5 1480/2/5
f 2927/6/3 2878/6/3 1177/6/3
f 2926/1/3 2875/10/3 1079/1/3
f 1034/1/3 2925/5/3 2874/1/3
f 1029/1/3 2924/1/3 2873/1/3
f 2871/3/2 2872/3/2 927/3/2
f 853/4/2 2920/4/2 2868/4/2
f 660/4/2 661/4/2 2918/4/2
f 626/2/2 627/2/2 2916/2/2
f 2864/16/2 2865/3/2 597/3/2
f 2862/2/2 2863/2/2 587/2/2
f 2860/6/2 2861/6/2 528/6/2
f 2858/1/2 2859/1/2 514/1/2
f 133/11/1 2856/11/1 2855/11/1
f 131/1/1 2854/1/1 2853/5/1
f 2900/3/6 2852/3/6 2089/3/6
f 2849/11/5 2885/11/5 1649/11/5
f 2847/22/5 2848/11/5 1631/11/5
f 2840/4/5 2841/18/5 1531/4/5
f 1356/11/3 2839/11/3 2838/11/3
f 2833/4/3 2832/4/3 1214/4/3
f 924/3/2 925/3/2 2871/3/2
f 3124/4/2 2828/4/2 2829/18/2
f 3123/4/2 2827/4/2 2828/4/2
f 594/3/2 595/3/2 2864/16/2
f 584/2/2 585/2/2 2862/2/2
f 517/6/2 518/6/2 2860/6/2
f 509/1/2 510/1/2 2858/1/2
f 2344/1/12 2341/1/12 2818/1/12
f 2036/3/6 2035/3/6 2816/15/6
f 1691/8/5 1689/8/5 2887/8/5
f 1692/6/5 2814/6/5 2815/6/5
f 2813/11/5 2847/22/5 1630/11/5
f 1624/3/5 1625/3/5 2846/3/5
f 2811/3/5 2842/3/5 1543/3/5
f 1526/2/5 2810/2/5 2840/2/5
f 1370/4/3 2808/9/3 2807/4/3
f 1369/4/3 2807/4/3 2806/18/3
f 1368/4/3 2806/18/3 2805/4/3
f 1367/4/3 2805/4/3 2804/4/3
f 1355/11/3 2838/11/3 2803/11/3
f 1306/11/3 2802/11/3 2801/11/3
f 2797/4/3 2796/4/3 1200/4/3
f 1200/3/3 2796/3/3 2795/15/3
f 1199/3/3 2795/15/3 2794/16/3
f 1176/6/3 1174/6/3 2793/6/3
f 1033/1/3 2925/5/3 2791/1/3
f 2789/3/2 2790/3/2 929/3/2
f 853/4/2 850/4/2 2788/4/2
f 2786/6/2 2787/6/2 526/6/2
f 3090/4/2 2785/4/2 2965/4/2
f 2783/1/2 2784/1/2 459/1/2
f 3089/1/1 3088/1/1 2780/1/1
f 3088/1/1 3087/1/1 2779/1/1
f 3087/1/1 3084/1/1 2778/1/1
f 3084/1/1 3057/1/1 192/1/1
f 192/1/1 2777/1/1 2778/1/1
f 88/6/1 2776/7/1 2775/6/1
f 2292/1/12 2772/1/12 2817/5/12
f 3078/3/6 3113/3/6 2816/15/6
f 2816/15/6 2771/3/6 2034/3/6
f 2013/2/6 2009/2/6 2770/2/7
f 1690/6/5 2769/6/5 2814/6/5
f 1489/2/5 2809/2/5 2767/2/5
f 1366/4/3 2804/4/3 2766/4/3
f 1339/6/3 2765/6/3 2934/6/3
f 1341/11/3 2765/11/3 2764/11/3
f 1305/11/3 2801/11/3 2762/11/3
f 2794/16/3 2759/3/3 1194/3/3
f 2758/3/3 2757/3/3 1193/3/3
f 1063/1/3 2754/1/3 2831/10/3
f 922/3/2 923/3/2 2789/3/2
f 660/1/2 2867/1/2 2751/1/2
f 2749/3/2 2750/3/2 546/3/2
f 515/6/2 516/6/2 2786/6/2
f 480/4/2 2913/4/2 2746/4/2
f 454/1/2 455/1/2 2783/1/2
f 3205/4/1 2961/4/1 2744/4/1
f 3059/4/1 2744/4/1 2743/4/1
f 3025/4/1 3058/4/1 2743/4/1
f 2743/4/1 2742/4/1 443/4/1
f 87/6/1 2775/6/1 2740/6/1
f 38/4/1 2739/4/1 2738/4/1
f 35/4/1 2738/4/1 2737/4/1
f 2770/2/7 2735/2/6 2008/2/6
f 1714/4/5 2893/9/5 2729/4/5
f 2729/4/5 2730/4/5 1721/4/5
f 1340/11/3 2764/11/3 2722/11/3
f 1230/2/3 2720/2/3 2719/2/3
f 1229/2/3 2719/2/3 2718/2/3
f 1228/2/3 2718/2/3 2717/2/3
f 1227/2/3 2717/2/3 2716/2/3
f 1226/2/3 2716/2/3 2715/2/3
f 1225/2/3 2715/2/3 2714/2/3
f 1224/2/3 2714/2/3 2713/2/3
f 1223/2/3 2713/2/3 2712/2/3
f 2757/3/3 2711/3/3 1187/3/3
f 1097/1/3 2708/1/3 2755/1/3
f 1086/1/3 1080/1/3 2926/1/3
f 1079/1/3 2706/1/3 2831/10/3
f 1067/4/3 2705/4/3 2704/4/3
f 1066/4/3 2704/4/3 2703/4/3
f 3030/4/2 2702/4/2 2701/4/2
f 543/3/2 544/3/2 2749/3/2
f 2698/11/2 2699/11/2 534/11/2
f 491/4/2 461/4/2 2785/4/2
f 291/4/1 2693/4/1 2694/4/1
f 137/11/1 2692/11/1 2691/11/1
f 2070/1/6 2066/1/6 2688/5/6
f 3228/3/5 2733/3/5 2686/3/5
f 1721/4/5 2731/4/5 2683/4/5
f 3215/4/5 3234/4/5 2895/4/5
f 1709/4/5 2681/4/5 2682/4/5
f 2680/4/5 2681/4/5 1709/4/5
f 1560/3/5 1553/3/5 2845/3/5
f 1546/1/5 1548/1/5 2843/1/5
f 2676/4/5 2677/4/5 1553/4/5
f 2675/4/5 2676/4/5 1552/4/5
f 2674/4/5 2675/4/5 1551/4/5
f 2673/4/5 2674/4/5 1550/4/5
f 2670/12/3 2669/12/3 1251/12/3
f 2712/2/3 2668/23/3 1221/2/3
f 1120/1/3 1110/1/3 2665/1/3
f 2708/1/3 2664/1/3 1096/1/3
f 1065/4/3 2703/4/3 2663/4/3
f 2661/1/2 2662/1/2 689/1/2
f 567/6/2 566/6/2 2660/6/2
f 521/11/2 522/11/2 2698/11/2
f 490/3/2 2657/3/2 2696/16/2
f 482/4/2 2656/4/2 2913/4/2
f 483/3/2 2656/15/2 2658/3/2
f 2583/4/12 2653/4/12 2690/9/12
f 2652/3/6 2955/3/6 2095/3/6
f 2098/3/6 2096/3/6 2652/3/6
f 2688/5/6 2651/1/6 2065/1/6
f 1999/3/6 1997/3/6 2953/15/6
f 1992/2/6 2649/23/6 2734/2/6
f 2952/1/5 2647/1/5 1748/1/5
f 2647/1/5 2648/1/5 1749/1/5
f 1704/4/5 1705/4/5 2680/4/5
f 2891/4/5 2646/4/5 1708/4/5
f 2948/11/5 2643/11/5 1593/11/5
f 2643/11/5 2644/11/5 1594/11/5
f 2642/4/5 2673/4/5 1549/4/5
f 1527/4/5 1530/4/5 2640/4/5
f 2640/4/5 2641/4/5 1532/4/5
f 1500/2/5 1501/2/5 2672/2/5
f 1499/12/5 2947/12/5 2638/12/5
f 1508/12/5 2638/12/5 2639/20/5
f 2938/4/5 2636/4/5 1477/4/5
f 2636/4/5 2637/4/5 1478/4/5
f 1469/4/5 2635/4/5 2724/4/5
f 1435/1/3 1433/1/3 2937/1/3
f 1378/4/3 2633/4/3 2935/4/3
f 1365/6/3 2632/6/3 2935/6/3
f 1325/6/3 2631/6/3 2837/6/3
f 1326/11/3 2630/21/3 2933/11/3
f 1327/11/3 2631/11/3 2630/21/3
f 1321/3/3 2629/3/3 2763/16/3
f 1304/6/3 2836/6/3 2628/6/3
f 1271/2/3 2627/2/3 2835/2/3
f 1276/2/3 2627/2/3 2626/2/3
f 1275/2/3 2626/2/3 2625/2/3
f 2624/2/3 2931/2/3 1270/2/3
f 1274/2/3 2625/2/3 2624/2/3
f 1243/2/3 1232/2/3 2834/2/3
f 2669/12/3 2623/12/3 1242/12/3
f 3235/1/3 2924/1/3 2620/1/3
f 850/4/2 846/4/2 2619/4/2
f 846/4/2 843/4/2 2827/4/2
f 686/1/2 687/1/2 2661/1/2
f 567/4/2 2702/4/2 2617/4/2
f 519/6/2 520/6/2 2615/6/2
f 2615/6/2 2616/6/2 530/6/2
f 2914/2/2 2613/2/2 496/2/2
f 2613/2/2 2614/2/2 497/2/2
f 435/4/1 2695/4/1 2611/4/1
f 443/4/1 2655/4/1 2611/4/1
f 269/2/1 2609/2/1 2608/2/1
f 179/1/1 2607/1/1 2606/1/1
f 135/11/1 2605/11/1 2604/11/1
f 3243/17/5 3244/2/5 2946/2/5
f 3242/2/5 3243/17/5 2945/2/5
f 3241/2/5 3242/2/5 2944/2/5
f 3240/2/5 3241/2/5 2943/2/5
f 3239/2/5 3240/2/5 2942/2/5
f 3238/2/5 3239/2/5 2941/2/5
f 3237/17/5 3238/2/5 2940/17/5
f 2799/2/3 3230/2/3 3229/2/3
f 2720/2/3 3225/2/3 3224/2/3
f 2719/2/3 3224/2/3 3223/2/3
f 2718/2/3 3223/2/3 3222/2/3
f 2717/2/3 3222/2/3 3221/17/3
f 2716/2/3 3221/17/3 3220/2/3
f 2715/2/3 3220/2/3 3219/2/3
f 2714/2/3 3219/2/3 3218/2/3
f 2713/2/3 3218/2/3 3217/17/3
f 3212/4/5 3213/4/5 2637/4/5
f 2666/4/3 3214/4/3 3211/4/3
f 2936/4/3 3236/4/3 3210/4/3
f 2959/4/5 2730/4/5 1716/4/5
f 1716/4/5 3203/4/5 3202/4/5
f 1704/3/5 3195/3/5 3196/16/5
f 1699/3/5 3194/3/5 3195/3/5
f 2725/2/5 2946/2/5 3244/2/5
f 3244/2/5 3184/2/5 1488/2/13
f 3184/2/5 3185/2/5 1489/2/5
f 3183/18/5 3212/4/5 2636/4/5
f 1469/4/5 3181/4/5 3182/4/5
f 2930/4/3 2622/4/3 3211/4/3
f 3211/4/3 3178/4/3 1172/4/3
f 3234/4/5 3163/18/5 2896/18/5
f 3161/11/5 3162/11/5 1633/11/5
f 3213/4/5 3158/4/5 2881/4/5
f 3158/2/5 3237/17/5 2939/2/5
f 2723/11/3 1357/11/3 3156/11/3
f 3156/11/3 3233/11/3 2879/11/3
f 2710/3/3 1168/3/3 3152/3/3
f 3152/3/3 3232/3/3 2876/3/3
f 1031/1/3 3177/1/3 3151/1/3
f 2924/1/3 3235/1/3 3150/1/3
f 3137/11/5 3161/11/5 1632/11/5
f 3136/4/5 3159/4/5 1555/4/5
f 2839/11/3 2879/11/3 3233/11/3
f 3233/11/3 3134/11/3 1354/11/3
f 1307/6/3 3154/6/3 3132/6/3
f 3129/4/3 3128/4/3 1184/4/3
f 531/6/2 532/6/2 3148/6/2
f 525/6/2 526/6/2 3146/6/2
f 2851/3/6 2816/15/6 3113/3/6
f 3111/4/5 3112/4/5 1716/4/5
f 1343/11/3 3106/11/3 3105/11/3
f 1259/2/3 3104/2/3 3103/2/3
f 2800/2/3 1258/2/3 3103/2/3
f 3103/2/3 3230/2/3 2799/2/3
f 2792/3/3 2876/3/3 3232/3/3
f 3232/3/3 3100/3/3 1129/3/3
f 3097/4/3 3096/4/3 1110/4/3
f 2788/4/2 3092/4/2 3176/9/2
f 1342/11/3 3105/11/3 3071/11/3
f 3096/4/3 3068/4/3 1102/4/3
f 3066/9/2 857/4/2 2922/4/2
f 2922/4/2 2923/9/2 3176/9/2
f 858/3/2 857/3/2 3062/3/2
f 2687/3/5 2733/3/5 3228/3/5
f 3228/3/5 3051/3/5 1772/3/5
f 2685/3/5 2732/3/5 3227/3/5
f 3227/3/5 3050/3/5 1758/3/5
f 3049/4/5 3215/4/5 2683/4/5
f 3204/4/5 3049/4/5 2731/4/5
f 2727/17/5 2726/2/5 3226/2/5
f 3226/2/5 3046/2/5 1515/2/5
f 3043/4/5 3157/18/5 1469/4/5
f 1421/3/3 3073/3/3 3042/3/3
f 1380/3/3 3041/3/3 3040/16/3
f 2721/2/3 2761/2/3 3229/2/3
f 3229/2/3 3039/2/3 1244/2/3
f 1232/2/3 3037/2/3 3036/2/3
f 2760/2/3 1231/2/3 3036/2/3
f 3036/2/3 3225/2/3 2720/2/3
f 3069/3/3 3035/3/3 1182/3/3
f 635/1/2 3061/1/2 3033/1/2
f 2747/4/2 2746/4/2 483/4/2
f 483/4/2 3028/4/2 3060/18/2
f 2697/4/2 2785/4/2 3090/4/2
f 2054/12/6 2051/12/6 3165/12/6
f 2684/3/5 1746/3/5 3012/3/5
f 3012/3/5 3227/3/5 2732/3/5
f 1592/6/5 3011/6/5 3047/6/5
f 1527/2/5 3008/2/5 3009/2/5
f 2672/2/5 1501/2/5 3007/2/5
f 3007/2/5 3226/2/5 2726/2/5
f 1379/3/3 3040/16/3 3006/3/3
f 2712/2/3 3217/17/3 3001/2/3
f 2667/18/3 1182/4/3 3000/4/3
f 3000/4/3 3214/4/3 2666/4/3
f 588/2/2 589/2/2 3031/2/2
f 2660/6/2 2998/6/2 3029/6/2
f 498/3/2 2997/3/2 3026/3/2
f 3192/6/5 2991/6/5 1651/6/5
f 3190/11/5 2990/11/5 1614/11/5
f 3187/3/5 2989/3/5 1562/3/5
f 2988/2/5 3008/2/5 1527/2/5
f 1372/4/3 3005/4/3 2986/4/3
f 1328/11/3 3003/11/3 2984/11/3
f 1201/4/3 2983/4/3 2982/4/3
f 2619/4/2 2980/4/2 3092/4/2
f 2827/4/2 3123/4/2 2980/4/2
f 642/4/2 643/4/2 2977/4/2
f 2617/4/2 2702/4/2 3030/4/2
f 533/6/2 534/6/2 2974/7/2
f 527/11/2 528/11/2 2972/11/2
f 2971/3/2 500/3/2 2696/16/2
f 2696/16/2 2697/3/2 3027/3/2
