# Blender 4.5.1 LTS
# www.blender.org
mtllib largeBuilding.mtl
o Untitled
v -4.400000 0.000000 1.400000
v -4.400000 -0.000000 -1.400000
v -4.400000 0.100000 1.400000
v -4.400000 0.100000 -1.400000
v -4.300000 3.600000 0.800000
v -4.300000 3.600000 0.600000
v -4.300000 3.600000 0.100000
v -4.300000 3.600000 -0.100000
v -4.300000 3.600000 -0.600000
v -4.300000 3.600000 -0.800000
v -4.300000 3.800000 0.800000
v -4.300000 3.800000 0.600000
v -4.300000 3.800000 0.100000
v -4.300000 3.800000 -0.100000
v -4.300000 3.800000 -0.600000
v -4.300000 3.800000 -0.800000
v -4.200000 0.200000 1.200000
v -4.200000 0.200000 0.800000
v -4.200000 0.600000 1.200000
v -4.200000 0.600000 0.800000
v -4.200000 0.600000 -0.900000
v -4.200000 0.600000 -1.200000
v -4.200000 0.800000 -0.900000
v -4.200000 0.800000 -1.200000
v -4.100000 0.100000 1.100000
v -4.100000 0.100000 -1.100000
v -4.100000 0.200000 1.100000
v -4.100000 0.200000 0.800000
v -4.100000 0.262500 0.212500
v -4.100000 0.275000 -0.087500
v -4.100000 0.275000 -0.300000
v -4.100000 0.250000 -0.650000
v -4.100000 0.600000 0.100000
v -4.100000 0.600000 -0.100000
v -4.100000 0.600000 -0.900000
v -4.100000 0.600000 -1.100000
v -4.100000 0.600000 1.100000
v -4.100000 0.600000 0.800000
v -4.100000 0.750000 0.550000
v -4.100000 0.762500 0.250000
v -4.100000 0.850000 -0.350000
v -4.100000 0.800000 -0.900000
v -4.100000 0.800000 -1.100000
v -4.100000 1.000000 0.100000
v -4.100000 1.000000 -0.100000
v -4.100000 1.000000 1.100000
v -4.100000 1.000000 -1.100000
v -4.100000 1.300000 -0.400000
v -4.100000 1.300000 -0.700000
v -4.100000 1.500000 -0.400000
v -4.100000 1.500000 -0.700000
v -4.100000 1.600000 -0.500000
v -4.100000 1.600000 -1.100000
v -4.100000 2.000000 -0.500000
v -4.100000 2.000000 -1.100000
v -4.100000 2.300000 1.100000
v -4.100000 2.300000 0.900000
v -4.100000 2.700000 1.100000
v -4.100000 2.700000 0.900000
v -4.100000 3.000000 1.100000
v -4.100000 3.000000 0.200000
v -4.100000 3.000000 -0.200000
v -4.100000 3.000000 -1.100000
v -4.100000 3.100000 0.200000
v -4.100000 3.100000 0.100000
v -4.100000 3.100000 -0.100000
v -4.100000 3.100000 -0.200000
v -4.100000 3.400000 0.100000
v -4.100000 3.400000 -0.100000
v -4.100000 3.600000 0.800000
v -4.100000 3.600000 0.600000
v -4.100000 3.550000 0.350000
v -4.100000 3.600000 0.100000
v -4.100000 3.600000 -0.100000
v -4.100000 3.600000 -0.600000
v -4.100000 3.600000 -0.800000
v -4.100000 3.800000 0.800000
v -4.100000 3.800000 0.100000
v -4.100000 3.800000 -0.100000
v -4.100000 3.800000 -0.800000
v -4.100000 3.800000 0.600000
v -4.100000 3.850000 -0.275000
v -4.100000 3.800000 -0.600000
v -4.100000 4.100000 1.100000
v -4.100000 4.100000 -1.100000
v -4.000000 0.700000 0.100000
v -4.000000 0.700000 -0.100000
v -4.000000 0.800000 0.100000
v -4.000000 0.800000 -0.100000
v -4.000000 0.900000 0.100000
v -4.000000 0.900000 -0.100000
v -4.000000 1.000000 1.000000
v -4.000000 1.000000 0.100000
v -4.000000 1.000000 -0.100000
v -4.000000 1.000000 -1.000000
v -4.000000 1.100000 0.200000
v -4.000000 1.100000 0.100000
v -4.000000 1.100000 -0.100000
v -4.000000 1.100000 -0.200000
v -4.000000 1.200000 0.100000
v -4.000000 1.200000 -0.100000
v -4.000000 1.300000 -0.400000
v -4.000000 1.300000 -0.700000
v -4.000000 1.250000 -0.900000
v -4.000000 1.250000 -1.000000
v -4.000000 1.300000 1.000000
v -4.000000 1.350000 0.850000
v -4.000000 1.350000 0.550000
v -4.000000 1.300000 0.100000
v -4.000000 1.300000 -0.100000
v -4.000000 1.400000 0.100000
v -4.000000 1.400000 -0.100000
v -4.000000 1.500000 0.100000
v -4.000000 1.500000 -0.100000
v -4.000000 1.500000 -0.400000
v -4.000000 1.500000 -0.700000
v -4.000000 1.600000 -1.000000
v -4.000000 1.650000 0.350000
v -4.000000 1.600000 0.100000
v -4.000000 1.600000 -0.100000
v -4.000000 1.600000 -0.500000
v -4.000000 1.700000 0.100000
v -4.000000 1.700000 -0.100000
v -4.000000 1.800000 0.100000
v -4.000000 1.800000 -0.100000
v -4.000000 1.900000 0.100000
v -4.000000 1.900000 -0.100000
v -4.000000 2.000000 -0.500000
v -4.000000 2.000000 -0.750000
v -4.000000 2.000000 -1.000000
v -4.000000 2.300000 0.900000
v -4.000000 2.100000 0.100000
v -4.000000 2.100000 -0.100000
v -4.000000 2.100000 -0.750000
v -4.000000 2.300000 1.000000
v -4.000000 2.200000 0.100000
v -4.000000 2.200000 -0.100000
v -4.000000 2.250000 -0.900000
v -4.000000 2.250000 -1.000000
v -4.000000 2.300000 0.100000
v -4.000000 2.300000 -0.100000
v -4.000000 2.400000 0.100000
v -4.000000 2.400000 -0.100000
v -4.000000 2.500000 0.100000
v -4.000000 2.500000 -0.100000
v -4.000000 2.600000 0.100000
v -4.000000 2.600000 -0.100000
v -4.000000 2.700000 1.000000
v -4.000000 2.700000 0.900000
v -4.000000 2.700000 0.100000
v -4.000000 2.700000 -0.100000
v -4.000000 2.850000 0.450000
v -4.000000 2.800000 0.100000
v -4.000000 2.800000 -0.100000
v -4.000000 2.850000 -0.450000
v -4.000000 2.850000 -0.800000
v -4.000000 2.800000 -1.000000
v -4.000000 3.000000 0.200000
v -4.000000 2.900000 0.100000
v -4.000000 2.900000 -0.100000
v -4.000000 3.000000 -0.200000
v -4.000000 3.000000 1.000000
v -4.000000 3.000000 0.100000
v -4.000000 3.000000 -0.100000
v -4.000000 3.000000 -1.000000
v -4.000000 3.100000 0.200000
v -4.000000 3.100000 -0.200000
v -4.000000 3.200000 0.100000
v -4.000000 3.200000 -0.100000
v -4.000000 3.300000 0.100000
v -4.000000 3.300000 -0.100000
v -3.800000 0.300000 -1.100000
v -3.800000 0.300000 -1.200000
v -3.800000 0.500000 -1.100000
v -3.800000 0.500000 -1.200000
v -3.600000 0.600000 1.200000
v -3.600000 0.600000 1.100000
v -3.600000 0.800000 1.200000
v -3.600000 0.800000 1.100000
v -3.600000 2.000000 1.100000
v -3.600000 2.000000 1.000000
v -3.600000 2.200000 1.100000
v -3.600000 2.200000 1.000000
v -3.600000 3.600000 1.300000
v -3.600000 3.600000 1.100000
v -3.600000 3.600000 -1.100000
v -3.600000 3.600000 -1.300000
v -3.600000 3.800000 1.300000
v -3.600000 3.800000 1.100000
v -3.600000 3.800000 -1.300000
v -3.600000 3.800000 -1.100000
v -3.500000 2.400000 -1.000000
v -3.500000 2.400000 -1.100000
v -3.500000 2.600000 -1.000000
v -3.500000 2.600000 -1.100000
v -3.200000 2.400000 1.100000
v -3.200000 2.400000 1.000000
v -3.200000 2.600000 1.100000
v -3.200000 2.600000 1.000000
v -2.600000 3.600000 1.300000
v -2.600000 3.600000 1.100000
v -2.600000 3.600000 -1.100000
v -2.600000 3.600000 -1.300000
v -2.600000 3.800000 1.300000
v -2.600000 3.800000 1.100000
v -2.600000 3.800000 -1.300000
v -2.600000 3.800000 -1.100000
v -2.300000 0.000000 2.300000
v -2.300000 0.000000 1.400000
v -2.300000 -0.000000 -1.400000
v -2.300000 -0.000000 -1.850000
v -2.300000 -0.000000 -2.300000
v -2.300000 0.100000 2.300000
v -2.300000 0.100000 1.400000
v -2.300000 0.100000 -1.400000
v -2.300000 0.100000 -1.850000
v -2.300000 0.100000 -2.300000
v -2.100000 0.400000 0.900000
v -2.100000 0.400000 0.800000
v -2.100000 0.400000 -0.800000
v -2.100000 0.400000 -0.900000
v -2.100000 0.800000 0.900000
v -2.100000 0.800000 0.800000
v -2.100000 0.800000 -0.800000
v -2.100000 0.800000 -0.900000
v -2.100000 0.900000 0.900000
v -2.100000 0.900000 0.800000
v -2.100000 0.900000 -0.800000
v -2.100000 0.900000 -0.900000
v -2.100000 1.300000 0.900000
v -2.100000 1.300000 0.800000
v -2.100000 1.300000 -0.800000
v -2.100000 1.300000 -0.900000
v -2.100000 1.400000 0.900000
v -2.100000 1.400000 0.800000
v -2.100000 1.400000 -0.800000
v -2.100000 1.400000 -0.900000
v -2.100000 1.800000 0.900000
v -2.100000 1.800000 0.800000
v -2.100000 1.800000 -0.800000
v -2.100000 1.800000 -0.900000
v -2.100000 1.900000 0.900000
v -2.100000 1.900000 0.800000
v -2.100000 1.900000 -0.800000
v -2.100000 1.900000 -0.900000
v -2.100000 2.300000 0.900000
v -2.100000 2.300000 0.800000
v -2.100000 2.300000 -0.800000
v -2.100000 2.300000 -0.900000
v -2.100000 2.400000 0.900000
v -2.100000 2.400000 0.800000
v -2.100000 2.400000 -0.800000
v -2.100000 2.400000 -0.900000
v -2.100000 2.800000 0.900000
v -2.100000 2.800000 0.800000
v -2.100000 2.800000 -0.800000
v -2.100000 2.800000 -0.900000
v -1.900000 3.000000 1.100000
v -1.900000 3.000000 0.900000
v -1.900000 3.000000 -0.900000
v -1.900000 3.000000 -1.100000
v -1.900000 3.300000 0.900000
v -1.900000 3.300000 -0.900000
v -1.900000 3.300000 1.100000
v -1.900000 3.300000 -1.100000
v -1.800000 0.400000 0.900000
v -1.800000 0.400000 0.800000
v -1.800000 0.400000 -0.800000
v -1.800000 0.400000 -0.900000
v -1.800000 0.800000 0.900000
v -1.800000 0.800000 0.800000
v -1.800000 0.800000 -0.800000
v -1.800000 0.800000 -0.900000
v -1.800000 0.900000 0.900000
v -1.800000 0.900000 0.800000
v -1.800000 0.900000 -0.800000
v -1.800000 0.900000 -0.900000
v -1.800000 1.300000 0.900000
v -1.800000 1.300000 0.800000
v -1.800000 1.300000 -0.800000
v -1.800000 1.300000 -0.900000
v -1.800000 1.400000 0.900000
v -1.800000 1.400000 0.800000
v -1.800000 1.400000 -0.800000
v -1.800000 1.400000 -0.900000
v -1.800000 1.800000 0.900000
v -1.800000 1.800000 0.800000
v -1.800000 1.800000 -0.800000
v -1.800000 1.800000 -0.900000
v -1.800000 1.900000 0.900000
v -1.800000 1.900000 0.800000
v -1.800000 1.900000 -0.800000
v -1.800000 1.900000 -0.900000
v -1.800000 2.300000 0.900000
v -1.800000 2.300000 0.800000
v -1.800000 2.300000 -0.800000
v -1.800000 2.300000 -0.900000
v -1.800000 2.400000 0.900000
v -1.800000 2.400000 0.800000
v -1.800000 2.400000 -0.800000
v -1.800000 2.400000 -0.900000
v -1.800000 2.800000 0.900000
v -1.800000 2.800000 0.800000
v -1.800000 2.800000 -0.800000
v -1.800000 2.800000 -0.900000
v -1.700000 0.100000 1.100000
v -1.700000 0.100000 0.900000
v -1.700000 0.100000 -0.900000
v -1.700000 0.100000 -1.100000
v -1.700000 0.300000 0.900000
v -1.700000 0.300000 -0.900000
v -1.700000 0.850000 0.900000
v -1.700000 0.850000 -0.900000
v -1.700000 1.000000 1.100000
v -1.700000 1.000000 1.000000
v -1.700000 1.000000 -1.000000
v -1.700000 1.000000 -1.100000
v -1.700000 1.100000 0.900000
v -1.700000 1.100000 -0.900000
v -1.700000 1.350000 0.900000
v -1.700000 1.350000 -0.900000
v -1.700000 1.850000 0.900000
v -1.700000 1.850000 -0.900000
v -1.700000 2.350000 0.900000
v -1.700000 2.350000 -0.900000
v -1.700000 3.000000 1.000000
v -1.700000 3.000000 0.900000
v -1.700000 3.000000 -0.900000
v -1.700000 3.000000 -1.000000
v -1.600000 3.600000 1.300000
v -1.600000 3.600000 1.100000
v -1.600000 3.600000 -1.100000
v -1.600000 3.600000 -1.300000
v -1.600000 3.800000 1.100000
v -1.600000 3.800000 -1.100000
v -1.600000 3.800000 1.300000
v -1.600000 3.800000 -1.300000
v -1.400000 0.300000 -1.100000
v -1.400000 0.300000 -1.200000
v -1.400000 0.700000 -1.100000
v -1.400000 0.700000 -1.200000
v -1.400000 1.200000 1.100000
v -1.400000 1.200000 1.000000
v -1.400000 1.400000 1.100000
v -1.400000 1.400000 1.000000
v -1.300000 2.400000 -1.000000
v -1.300000 2.400000 -1.100000
v -1.300000 2.600000 -1.000000
v -1.300000 2.600000 -1.100000
v -1.100000 1.500000 1.100000
v -1.100000 1.500000 1.000000
v -1.100000 1.700000 1.100000
v -1.100000 1.700000 1.000000
v -0.600000 0.900000 1.500000
v -0.600000 0.900000 1.100000
v -0.600000 0.900000 -1.100000
v -0.600000 0.900000 -1.500000
v -0.600000 1.000000 1.100000
v -0.600000 1.000000 1.000000
v -0.600000 1.000000 -1.000000
v -0.600000 1.000000 -1.100000
v -0.600000 1.400000 1.500000
v -0.600000 1.400000 1.000000
v -0.600000 1.400000 -1.000000
v -0.600000 1.400000 -1.500000
v -0.600000 3.000000 1.800000
v -0.600000 3.000000 1.100000
v -0.600000 3.000000 -1.100000
v -0.600000 3.000000 -1.800000
v -0.600000 3.200000 1.800000
v -0.600000 3.200000 1.100000
v -0.600000 3.200000 -1.100000
v -0.600000 3.200000 -1.800000
v -0.600000 3.600000 1.300000
v -0.600000 3.600000 1.100000
v -0.600000 3.600000 -1.100000
v -0.600000 3.600000 -1.300000
v -0.600000 3.800000 1.300000
v -0.600000 3.800000 1.100000
v -0.600000 3.800000 -1.100000
v -0.600000 3.800000 -1.300000
v -0.500000 0.700000 1.400000
v -0.500000 0.700000 1.100000
v -0.500000 0.700000 -1.100000
v -0.500000 0.700000 -1.400000
v -0.500000 0.900000 1.400000
v -0.500000 0.900000 -1.100000
v -0.500000 0.900000 1.100000
v -0.500000 0.900000 -1.400000
v -0.500000 1.400000 1.400000
v -0.500000 1.400000 1.300000
v -0.500000 1.400000 -1.300000
v -0.500000 1.400000 -1.400000
v -0.500000 1.500000 1.500000
v -0.500000 1.500000 1.400000
v -0.500000 1.550000 1.300000
v -0.500000 1.625000 -1.300000
v -0.500000 1.500000 -1.400000
v -0.500000 1.500000 -1.500000
v -0.500000 1.600000 1.500000
v -0.500000 1.600000 1.400000
v -0.500000 1.600000 -1.400000
v -0.500000 1.600000 -1.500000
v -0.500000 1.700000 1.500000
v -0.500000 1.700000 1.400000
v -0.500000 1.700000 1.300000
v -0.500000 1.700000 -1.400000
v -0.500000 1.700000 -1.500000
v -0.500000 1.800000 1.500000
v -0.500000 1.800000 1.400000
v -0.500000 1.800000 -1.400000
v -0.500000 1.800000 -1.500000
v -0.500000 2.500000 1.500000
v -0.500000 2.500000 1.400000
v -0.500000 2.500000 -1.400000
v -0.500000 2.500000 -1.500000
v -0.500000 2.600000 1.500000
v -0.500000 2.600000 1.400000
v -0.500000 2.600000 1.300000
v -0.500000 2.600000 -1.300000
v -0.500000 2.600000 -1.400000
v -0.500000 2.600000 -1.500000
v -0.500000 2.700000 1.500000
v -0.500000 2.700000 1.400000
v -0.500000 2.700000 -1.400000
v -0.500000 2.700000 -1.500000
v -0.500000 2.800000 1.500000
v -0.500000 2.800000 1.400000
v -0.500000 2.800000 -1.400000
v -0.500000 2.800000 -1.500000
v -0.500000 3.000000 1.400000
v -0.500000 3.000000 1.300000
v -0.500000 3.000000 -1.300000
v -0.500000 3.000000 -1.400000
v -0.400000 0.300000 1.200000
v -0.400000 0.300000 1.100000
v -0.400000 0.300000 -1.100000
v -0.400000 0.300000 -1.200000
v -0.400000 0.600000 1.300000
v -0.400000 0.600000 1.200000
v -0.400000 0.600000 -1.200000
v -0.400000 0.600000 -1.300000
v -0.400000 0.700000 1.300000
v -0.400000 0.700000 1.100000
v -0.400000 0.700000 -1.100000
v -0.400000 0.700000 -1.300000
v -0.300000 1.400000 1.400000
v -0.300000 1.400000 1.300000
v -0.300000 1.400000 -1.300000
v -0.300000 1.400000 -1.400000
v -0.300000 1.500000 1.400000
v -0.300000 1.500000 1.300000
v -0.300000 1.500000 -1.300000
v -0.300000 1.500000 -1.400000
v -0.300000 1.600000 1.400000
v -0.300000 1.600000 1.300000
v -0.300000 1.600000 -1.300000
v -0.300000 1.600000 -1.400000
v -0.300000 1.700000 1.400000
v -0.300000 1.700000 1.300000
v -0.300000 1.700000 -1.300000
v -0.300000 1.700000 -1.400000
v -0.300000 1.800000 1.400000
v -0.300000 1.800000 1.300000
v -0.300000 1.800000 -1.300000
v -0.300000 1.800000 -1.400000
v -0.300000 2.500000 1.400000
v -0.300000 2.500000 1.300000
v -0.300000 2.500000 -1.300000
v -0.300000 2.500000 -1.400000
v -0.300000 2.600000 1.400000
v -0.300000 2.600000 1.300000
v -0.300000 2.600000 -1.300000
v -0.300000 2.600000 -1.400000
v -0.300000 2.700000 1.400000
v -0.300000 2.700000 1.300000
v -0.300000 2.700000 -1.300000
v -0.300000 2.700000 -1.400000
v -0.300000 2.800000 1.400000
v -0.300000 2.800000 1.300000
v -0.300000 2.800000 -1.300000
v -0.300000 2.800000 -1.400000
v -0.300000 3.000000 1.400000
v -0.300000 3.000000 1.300000
v -0.300000 3.000000 -1.300000
v -0.300000 3.000000 -1.400000
v -0.100000 3.800000 1.200000
v -0.100000 3.800000 1.100000
v -0.100000 4.000000 1.200000
v -0.100000 4.000000 1.100000
v 0.200000 0.300000 1.200000
v 0.200000 0.300000 1.100000
v 0.200000 0.300000 -1.100000
v 0.200000 0.300000 -1.200000
v 0.200000 0.600000 1.300000
v 0.200000 0.600000 1.200000
v 0.200000 0.600000 -1.200000
v 0.200000 0.600000 -1.300000
v 0.200000 0.700000 1.300000
v 0.200000 0.700000 1.100000
v 0.200000 0.700000 -1.100000
v 0.200000 0.700000 -1.300000
v 0.200000 1.400000 1.400000
v 0.200000 1.400000 1.300000
v 0.200000 1.400000 -1.300000
v 0.200000 1.400000 -1.400000
v 0.200000 1.500000 1.500000
v 0.200000 1.500000 1.400000
v 0.200000 1.500000 1.300000
v 0.200000 1.500000 -1.400000
v 0.200000 1.500000 -1.500000
v 0.200000 1.600000 1.500000
v 0.200000 1.600000 1.400000
v 0.200000 1.650000 1.300000
v 0.200000 1.650000 -1.300000
v 0.200000 1.600000 -1.400000
v 0.200000 1.600000 -1.500000
v 0.200000 1.700000 1.500000
v 0.200000 1.700000 1.400000
v 0.200000 1.700000 -1.400000
v 0.200000 1.700000 -1.500000
v 0.200000 1.800000 1.500000
v 0.200000 1.800000 1.400000
v 0.200000 1.800000 -1.400000
v 0.200000 1.800000 -1.500000
v 0.200000 2.500000 1.500000
v 0.200000 2.500000 1.400000
v 0.200000 2.500000 -1.400000
v 0.200000 2.500000 -1.500000
v 0.200000 2.600000 1.500000
v 0.200000 2.600000 1.400000
v 0.200000 2.675000 1.300000
v 0.200000 2.600000 -1.300000
v 0.200000 2.600000 -1.400000
v 0.200000 2.600000 -1.500000
v 0.200000 2.700000 1.500000
v 0.200000 2.700000 1.400000
v 0.200000 2.750000 -1.300000
v 0.200000 2.700000 -1.400000
v 0.200000 2.700000 -1.500000
v 0.200000 2.800000 1.500000
v 0.200000 2.800000 1.400000
v 0.200000 2.800000 -1.400000
v 0.200000 2.800000 -1.500000
v 0.200000 3.000000 1.400000
v 0.200000 3.000000 1.300000
v 0.200000 3.000000 -1.300000
v 0.200000 3.000000 -1.400000
v 0.400000 0.800000 1.300000
v 0.400000 0.800000 0.900000
v 0.400000 0.800000 -0.900000
v 0.400000 0.800000 -1.300000
v 0.400000 0.900000 1.100000
v 0.400000 0.900000 -1.100000
v 0.400000 1.400000 1.400000
v 0.400000 1.400000 1.300000
v 0.400000 1.400000 1.000000
v 0.400000 1.400000 -1.000000
v 0.400000 1.400000 -1.300000
v 0.400000 1.400000 -1.400000
v 0.400000 1.500000 1.400000
v 0.400000 1.500000 1.300000
v 0.400000 1.500000 -1.300000
v 0.400000 1.500000 -1.400000
v 0.400000 1.600000 1.400000
v 0.400000 1.600000 1.300000
v 0.400000 1.600000 -1.300000
v 0.400000 1.600000 -1.400000
v 0.400000 1.700000 1.400000
v 0.400000 1.700000 1.300000
v 0.400000 1.700000 -1.300000
v 0.400000 1.700000 -1.400000
v 0.400000 1.800000 1.400000
v 0.400000 1.800000 1.300000
v 0.400000 1.800000 -1.300000
v 0.400000 1.800000 -1.400000
v 0.400000 2.500000 1.400000
v 0.400000 2.500000 1.300000
v 0.400000 2.500000 -1.300000
v 0.400000 2.500000 -1.400000
v 0.400000 2.600000 1.400000
v 0.400000 2.600000 1.300000
v 0.400000 2.600000 -1.300000
v 0.400000 2.600000 -1.400000
v 0.400000 2.700000 1.400000
v 0.400000 2.700000 1.300000
v 0.400000 2.700000 -1.300000
v 0.400000 2.700000 -1.400000
v 0.400000 2.800000 1.400000
v 0.400000 2.800000 1.300000
v 0.400000 2.800000 -1.300000
v 0.400000 2.800000 -1.400000
v 0.400000 3.000000 1.400000
v 0.400000 3.000000 1.300000
v 0.400000 3.000000 1.000000
v 0.400000 3.000000 0.900000
v 0.400000 3.000000 -0.900000
v 0.400000 3.000000 -1.000000
v 0.400000 3.000000 -1.300000
v 0.400000 3.000000 -1.400000
v 0.400000 3.600000 1.300000
v 0.400000 3.600000 1.100000
v 0.400000 3.600000 -1.100000
v 0.400000 3.600000 -1.300000
v 0.400000 3.800000 1.300000
v 0.400000 3.800000 1.100000
v 0.400000 3.800000 -1.100000
v 0.400000 3.800000 -1.300000
v 0.700000 3.400000 1.200000
v 0.700000 3.400000 1.100000
v 0.700000 3.600000 1.200000
v 0.700000 3.600000 1.100000
v 0.800000 2.200000 1.100000
v 0.800000 2.200000 1.000000
v 0.800000 2.400000 1.100000
v 0.800000 2.400000 1.000000
v 0.800000 3.400000 -1.100000
v 0.800000 3.400000 -1.200000
v 0.800000 3.600000 -1.100000
v 0.800000 3.600000 -1.200000
v 0.800000 3.700000 1.200000
v 0.800000 3.700000 1.100000
v 0.800000 3.900000 1.200000
v 0.800000 3.900000 1.100000
v 0.900000 1.500000 -1.000000
v 0.900000 1.500000 -1.100000
v 0.900000 1.700000 -1.000000
v 0.900000 1.700000 -1.100000
v 1.000000 2.500000 1.100000
v 1.000000 2.500000 1.000000
v 1.000000 2.700000 1.000000
v 1.000000 2.900000 1.100000
v 1.000000 2.900000 1.000000
v 1.200000 0.500000 1.200000
v 1.200000 0.500000 1.100000
v 1.200000 0.700000 1.200000
v 1.200000 0.700000 1.100000
v 1.400000 3.600000 1.300000
v 1.400000 3.600000 1.100000
v 1.400000 3.600000 -1.100000
v 1.400000 3.600000 -1.300000
v 1.400000 3.800000 1.300000
v 1.400000 3.800000 1.100000
v 1.400000 3.800000 -1.100000
v 1.400000 3.800000 -1.300000
v 1.700000 0.000000 2.300000
v 1.700000 0.000000 1.400000
v 1.700000 -0.000000 -1.400000
v 1.700000 -0.000000 -2.300000
v 1.700000 0.100000 2.300000
v 1.700000 0.100000 1.400000
v 1.700000 0.100000 0.900000
v 1.700000 0.100000 0.800000
v 1.700000 0.100000 -0.800000
v 1.700000 0.100000 -0.900000
v 1.700000 0.100000 -1.400000
v 1.700000 0.100000 -2.300000
v 1.700000 0.300000 0.900000
v 1.700000 0.300000 0.800000
v 1.700000 0.300000 -0.800000
v 1.700000 0.300000 -0.900000
v 1.700000 0.850000 0.900000
v 1.700000 0.850000 0.800000
v 1.700000 0.850000 -0.800000
v 1.700000 0.850000 -0.900000
v 1.700000 1.100000 0.900000
v 1.700000 1.100000 -0.900000
v 1.700000 1.350000 0.900000
v 1.700000 1.350000 0.800000
v 1.700000 1.350000 -0.800000
v 1.700000 1.350000 -0.900000
v 1.700000 1.850000 0.900000
v 1.700000 1.850000 0.800000
v 1.700000 1.850000 -0.800000
v 1.700000 1.850000 -0.900000
v 1.700000 2.350000 0.900000
v 1.700000 2.350000 0.800000
v 1.700000 2.350000 -0.800000
v 1.700000 2.350000 -0.900000
v 1.700000 3.000000 0.900000
v 1.700000 3.000000 0.800000
v 1.700000 3.000000 -0.800000
v 1.700000 3.000000 -0.900000
v 1.900000 0.400000 0.900000
v 1.900000 0.400000 0.800000
v 1.900000 0.400000 -0.800000
v 1.900000 0.400000 -0.900000
v 1.900000 0.800000 0.900000
v 1.900000 0.800000 0.800000
v 1.900000 0.800000 -0.800000
v 1.900000 0.800000 -0.900000
v 1.900000 0.900000 0.900000
v 1.900000 0.900000 0.800000
v 1.900000 0.900000 -0.800000
v 1.900000 0.900000 -0.900000
v 1.900000 1.300000 0.900000
v 1.900000 1.300000 0.800000
v 1.900000 1.300000 -0.800000
v 1.900000 1.300000 -0.900000
v 1.900000 1.400000 0.900000
v 1.900000 1.400000 0.800000
v 1.900000 1.400000 -0.800000
v 1.900000 1.400000 -0.900000
v 1.900000 1.800000 0.900000
v 1.900000 1.800000 0.800000
v 1.900000 1.800000 -0.800000
v 1.900000 1.800000 -0.900000
v 1.900000 1.900000 0.900000
v 1.900000 1.900000 0.800000
v 1.900000 1.900000 -0.800000
v 1.900000 1.900000 -0.900000
v 1.900000 2.300000 0.900000
v 1.900000 2.300000 0.800000
v 1.900000 2.300000 -0.800000
v 1.900000 2.300000 -0.900000
v 1.900000 2.400000 0.900000
v 1.900000 2.400000 0.800000
v 1.900000 2.400000 -0.800000
v 1.900000 2.400000 -0.900000
v 1.900000 2.800000 0.900000
v 1.900000 2.800000 0.800000
v 1.900000 2.800000 -0.800000
v 1.900000 2.800000 -0.900000
v 2.100000 3.000000 1.100000
v 2.100000 3.000000 0.900000
v 2.100000 3.000000 -0.900000
v 2.100000 3.000000 -1.100000
v 2.100000 3.300000 0.900000
v 2.100000 3.300000 -0.900000
v 2.100000 3.300000 1.100000
v 2.100000 3.300000 -1.100000
v 2.200000 0.400000 0.900000
v 2.200000 0.400000 0.800000
v 2.200000 0.400000 -0.800000
v 2.200000 0.400000 -0.900000
v 2.200000 0.800000 0.900000
v 2.200000 0.800000 0.800000
v 2.200000 0.800000 -0.800000
v 2.200000 0.800000 -0.900000
v 2.200000 0.900000 0.900000
v 2.200000 0.900000 0.800000
v 2.200000 0.900000 -0.800000
v 2.200000 0.900000 -0.900000
v 2.200000 1.300000 0.900000
v 2.200000 1.300000 0.800000
v 2.200000 1.300000 -0.800000
v 2.200000 1.300000 -0.900000
v 2.200000 1.400000 0.900000
v 2.200000 1.400000 0.800000
v 2.200000 1.400000 -0.800000
v 2.200000 1.400000 -0.900000
v 2.200000 1.800000 0.900000
v 2.200000 1.800000 0.800000
v 2.200000 1.800000 -0.800000
v 2.200000 1.800000 -0.900000
v 2.200000 1.900000 0.900000
v 2.200000 1.900000 0.800000
v 2.200000 1.900000 -0.800000
v 2.200000 1.900000 -0.900000
v 2.200000 2.300000 0.900000
v 2.200000 2.300000 0.800000
v 2.200000 2.300000 -0.800000
v 2.200000 2.300000 -0.900000
v 2.200000 2.400000 0.900000
v 2.200000 2.400000 0.800000
v 2.200000 2.400000 -0.800000
v 2.200000 2.400000 -0.900000
v 2.200000 2.800000 0.900000
v 2.200000 2.800000 0.800000
v 2.200000 2.800000 -0.800000
v 2.200000 2.800000 -0.900000
v 2.300000 0.100000 1.100000
v 2.300000 0.100000 0.900000
v 2.300000 0.100000 -0.900000
v 2.300000 0.100000 -1.100000
v 2.300000 0.300000 0.900000
v 2.300000 0.300000 -0.900000
v 2.300000 0.850000 0.900000
v 2.300000 0.850000 -0.900000
v 2.300000 1.000000 1.100000
v 2.300000 1.000000 1.000000
v 2.300000 1.000000 -1.000000
v 2.300000 1.000000 -1.100000
v 2.300000 1.100000 0.900000
v 2.300000 1.100000 -0.900000
v 2.300000 1.350000 0.900000
v 2.300000 1.350000 -0.900000
v 2.300000 1.850000 0.900000
v 2.300000 1.850000 -0.900000
v 2.300000 2.350000 0.900000
v 2.300000 2.350000 -0.900000
v 2.300000 3.000000 1.000000
v 2.300000 3.000000 0.900000
v 2.300000 3.000000 -0.900000
v 2.300000 3.000000 -1.000000
v 2.400000 3.600000 1.300000
v 2.400000 3.600000 1.100000
v 2.400000 3.600000 -1.100000
v 2.400000 3.600000 -1.300000
v 2.400000 3.800000 1.300000
v 2.400000 3.800000 1.100000
v 2.400000 3.800000 -1.100000
v 2.400000 3.800000 -1.300000
v 2.800000 3.400000 -1.100000
v 2.800000 3.400000 -1.200000
v 2.800000 3.600000 -1.100000
v 2.800000 3.600000 -1.200000
v 3.000000 1.600000 -1.000000
v 3.000000 1.600000 -1.100000
v 3.000000 1.800000 -1.000000
v 3.000000 1.800000 -1.100000
v 3.100000 1.900000 -1.000000
v 3.100000 1.900000 -1.100000
v 3.100000 2.300000 -1.000000
v 3.100000 2.300000 -1.100000
v 3.300000 3.100000 1.200000
v 3.300000 3.100000 1.100000
v 3.300000 3.300000 1.200000
v 3.300000 3.300000 1.100000
v 3.400000 1.800000 1.100000
v 3.400000 1.800000 1.000000
v 3.400000 2.000000 1.100000
v 3.400000 2.000000 1.000000
v 3.400000 3.600000 1.300000
v 3.400000 3.600000 1.100000
v 3.400000 3.600000 -1.100000
v 3.400000 3.600000 -1.300000
v 3.400000 3.800000 1.300000
v 3.400000 3.800000 1.100000
v 3.400000 3.800000 -1.100000
v 3.400000 3.800000 -1.300000
v 3.600000 0.600000 -1.100000
v 3.600000 0.600000 -1.200000
v 3.600000 0.800000 -1.100000
v 3.600000 0.800000 -1.200000
v 3.800000 1.300000 1.100000
v 3.800000 1.300000 1.000000
v 3.800000 1.300000 0.800000
v 3.800000 1.300000 0.500000
v 3.800000 1.700000 1.100000
v 3.800000 1.700000 1.000000
v 3.800000 1.700000 0.800000
v 3.800000 1.700000 0.500000
v 3.800000 3.300000 1.200000
v 3.800000 3.300000 1.100000
v 3.800000 3.500000 1.200000
v 3.800000 3.500000 1.100000
v 3.800000 3.900000 0.800000
v 3.800000 3.900000 -0.800000
v 3.800000 4.000000 0.800000
v 3.800000 4.000000 -0.800000
v 3.900000 0.100000 0.800000
v 3.900000 0.100000 -0.800000
v 3.900000 0.300000 0.650000
v 3.900000 0.300000 -0.450000
v 3.900000 0.400000 0.650000
v 3.900000 0.400000 -0.050000
v 3.900000 0.400000 -0.450000
v 3.900000 0.500000 0.350000
v 3.900000 0.500000 0.200000
v 3.900000 0.600000 0.100000
v 3.900000 0.500000 -0.200000
v 3.900000 0.600000 0.350000
v 3.900000 0.600000 -0.100000
v 3.900000 0.700000 0.100000
v 3.900000 0.700000 -0.100000
v 3.900000 0.800000 0.100000
v 3.900000 0.800000 -0.100000
v 3.900000 0.900000 0.100000
v 3.900000 0.900000 -0.100000
v 3.900000 1.000000 -0.100000
v 3.900000 1.000000 0.100000
v 3.900000 1.300000 0.800000
v 3.900000 1.300000 0.500000
v 3.900000 1.100000 0.200000
v 3.900000 1.100000 0.100000
v 3.900000 1.100000 -0.100000
v 3.900000 1.100000 -0.200000
v 3.900000 1.100000 -0.350000
v 3.900000 1.100000 -0.650000
v 3.900000 1.100000 -0.800000
v 3.900000 1.200000 0.100000
v 3.900000 1.200000 -0.100000
v 3.900000 1.200000 -0.350000
v 3.900000 1.200000 -0.650000
v 3.900000 1.300000 0.100000
v 3.900000 1.300000 -0.100000
v 3.900000 1.400000 0.100000
v 3.900000 1.400000 -0.100000
v 3.900000 1.500000 0.100000
v 3.900000 1.500000 -0.100000
v 3.900000 1.700000 0.500000
v 3.900000 1.600000 0.100000
v 3.900000 1.600000 -0.100000
v 3.900000 1.700000 0.800000
v 3.900000 1.700000 0.100000
v 3.900000 1.700000 -0.100000
v 3.900000 1.800000 0.100000
v 3.900000 1.800000 -0.100000
v 3.900000 1.900000 0.100000
v 3.900000 1.900000 -0.100000
v 3.900000 2.100000 0.100000
v 3.900000 2.100000 -0.100000
v 3.900000 2.200000 0.100000
v 3.900000 2.200000 -0.100000
v 3.900000 2.300000 0.100000
v 3.900000 2.300000 -0.100000
v 3.900000 2.400000 0.100000
v 3.900000 2.400000 -0.100000
v 3.900000 2.550000 0.800000
v 3.900000 2.550000 0.700000
v 3.900000 2.500000 0.100000
v 3.900000 2.500000 -0.100000
v 3.900000 2.550000 -0.700000
v 3.900000 2.550000 -0.800000
v 3.900000 2.600000 0.100000
v 3.900000 2.600000 -0.100000
v 3.900000 2.650000 -0.325000
v 3.900000 2.700000 0.100000
v 3.900000 2.700000 -0.100000
v 3.900000 2.775000 -0.450000
v 3.900000 2.800000 0.450000
v 3.900000 2.800000 0.100000
v 3.900000 2.800000 -0.100000
v 3.900000 3.000000 0.800000
v 3.900000 2.900000 0.450000
v 3.900000 3.000000 0.200000
v 3.900000 2.900000 0.100000
v 3.900000 2.900000 -0.100000
v 3.900000 3.000000 -0.200000
v 3.900000 2.900000 -0.450000
v 3.900000 3.000000 -0.800000
v 3.900000 3.000000 0.100000
v 3.900000 3.000000 -0.100000
v 3.900000 3.100000 0.200000
v 3.900000 3.100000 -0.200000
v 3.900000 3.100000 -1.100000
v 3.900000 3.100000 -1.200000
v 3.900000 3.200000 0.100000
v 3.900000 3.200000 -0.100000
v 3.900000 3.300000 0.100000
v 3.900000 3.300000 -0.100000
v 3.900000 3.500000 -1.100000
v 3.900000 3.500000 -1.200000
v 3.900000 4.000000 0.900000
v 3.900000 4.000000 -0.900000
v 3.900000 4.100000 0.900000
v 3.900000 4.100000 -0.900000
v -3.900000 0.100000 0.800000
v -3.900000 0.100000 -0.800000
v -3.900000 0.200000 -0.350000
v -3.900000 0.300000 -0.350000
v -3.900000 0.500000 0.200000
v -3.900000 0.600000 0.100000
v -3.900000 0.600000 -0.100000
v -3.900000 0.575000 -0.250000
v -3.900000 0.650000 0.700000
v -3.900000 0.650000 0.600000
v -3.900000 0.600000 -1.100000
v -3.900000 0.600000 -1.200000
v -3.900000 0.700000 0.100000
v -3.900000 0.700000 -0.100000
v -3.900000 0.850000 0.800000
v -3.900000 0.800000 0.100000
v -3.900000 0.800000 -0.100000
v -3.900000 0.800000 -1.100000
v -3.900000 0.800000 -1.200000
v -3.900000 0.900000 0.100000
v -3.900000 0.900000 -0.100000
v -3.900000 1.000000 -0.100000
v -3.900000 0.900000 -0.650000
v -3.900000 1.000000 0.100000
v -3.900000 1.000000 -0.650000
v -3.900000 1.100000 0.800000
v -3.900000 1.100000 0.200000
v -3.900000 1.100000 0.100000
v -3.900000 1.100000 -0.100000
v -3.900000 1.100000 -0.200000
v -3.900000 1.100000 -0.800000
v -3.900000 1.200000 0.100000
v -3.900000 1.200000 -0.100000
v -3.900000 1.200000 -0.300000
v -3.900000 1.200000 -0.700000
v -3.900000 1.350000 0.600000
v -3.900000 1.350000 0.500000
v -3.900000 1.300000 0.100000
v -3.900000 1.300000 -0.100000
v -3.900000 1.400000 0.100000
v -3.900000 1.400000 -0.100000
v -3.900000 1.500000 0.100000
v -3.900000 1.500000 -0.100000
v -3.900000 1.600000 -0.500000
v -3.900000 1.600000 -0.800000
v -3.900000 1.650000 0.800000
v -3.900000 1.600000 0.350000
v -3.900000 1.600000 0.100000
v -3.900000 1.600000 -0.100000
v -3.900000 1.700000 0.350000
v -3.900000 1.700000 0.100000
v -3.900000 1.700000 -0.100000
v -3.900000 1.800000 0.100000
v -3.900000 1.800000 -0.100000
v -3.900000 1.900000 0.100000
v -3.900000 1.900000 -0.100000
v -3.900000 2.000000 -0.500000
v -3.900000 2.000000 -0.800000
v -3.900000 2.100000 0.100000
v -3.900000 2.100000 -0.100000
v -3.900000 2.200000 0.100000
v -3.900000 2.200000 -0.100000
v -3.900000 2.300000 0.100000
v -3.900000 2.300000 -0.100000
v -3.900000 2.400000 0.100000
v -3.900000 2.400000 -0.100000
v -3.900000 2.500000 0.100000
v -3.900000 2.500000 -0.100000
v -3.900000 2.600000 0.100000
v -3.900000 2.600000 -0.100000
v -3.900000 2.700000 0.100000
v -3.900000 2.700000 -0.100000
v -3.900000 2.800000 0.450000
v -3.900000 2.800000 0.100000
v -3.900000 2.800000 -0.100000
v -3.900000 2.800000 -0.450000
v -3.900000 3.000000 0.800000
v -3.900000 2.900000 0.450000
v -3.900000 3.000000 0.200000
v -3.900000 2.900000 0.100000
v -3.900000 2.900000 -0.100000
v -3.900000 3.000000 -0.200000
v -3.900000 2.900000 -0.450000
v -3.900000 3.000000 -0.800000
v -3.900000 3.000000 0.100000
v -3.900000 3.000000 -0.100000
v -3.900000 3.100000 0.200000
v -3.900000 3.100000 -0.200000
v -3.900000 3.200000 0.100000
v -3.900000 3.200000 -0.100000
v -3.900000 3.300000 0.100000
v -3.900000 3.300000 -0.100000
v -3.900000 4.000000 0.900000
v -3.900000 4.000000 -0.900000
v -3.900000 4.100000 0.900000
v -3.900000 4.100000 -0.900000
v -3.800000 3.900000 0.800000
v -3.800000 3.900000 -0.800000
v -3.800000 4.000000 0.800000
v -3.800000 4.000000 -0.800000
v -3.600000 0.200000 1.200000
v -3.600000 0.200000 1.100000
v -3.600000 0.600000 1.100000
v -3.600000 0.600000 1.200000
v -3.600000 1.600000 -0.500000
v -3.600000 1.600000 -0.800000
v -3.600000 1.600000 -1.000000
v -3.600000 1.600000 -1.100000
v -3.600000 2.000000 -0.500000
v -3.600000 2.000000 -0.800000
v -3.600000 2.000000 -1.000000
v -3.600000 2.000000 -1.100000
v -3.500000 0.300000 -1.100000
v -3.500000 0.300000 -1.200000
v -3.500000 0.500000 -1.100000
v -3.500000 0.500000 -1.200000
v -3.500000 2.300000 1.100000
v -3.500000 2.300000 1.000000
v -3.500000 2.700000 1.000000
v -3.500000 2.700000 1.100000
v -3.400000 3.600000 1.300000
v -3.400000 3.600000 1.100000
v -3.400000 3.600000 -1.100000
v -3.400000 3.600000 -1.300000
v -3.400000 3.800000 1.300000
v -3.400000 3.800000 1.100000
v -3.400000 3.800000 -1.100000
v -3.400000 3.800000 -1.300000
v -3.300000 0.600000 1.200000
v -3.300000 0.600000 1.100000
v -3.300000 0.800000 1.200000
v -3.300000 0.800000 1.100000
v -3.300000 2.000000 1.100000
v -3.300000 2.000000 1.000000
v -3.300000 2.200000 1.100000
v -3.300000 2.200000 1.000000
v -3.200000 2.400000 -1.000000
v -3.200000 2.400000 -1.100000
v -3.200000 2.600000 -1.000000
v -3.200000 2.600000 -1.100000
v -2.900000 2.400000 1.100000
v -2.900000 2.400000 1.000000
v -2.900000 2.600000 1.100000
v -2.900000 2.600000 1.000000
v -2.400000 3.600000 1.300000
v -2.400000 3.600000 1.100000
v -2.400000 3.600000 -1.100000
v -2.400000 3.600000 -1.300000
v -2.400000 3.800000 1.100000
v -2.400000 3.800000 1.300000
v -2.400000 3.800000 -1.100000
v -2.400000 3.800000 -1.300000
v -2.300000 0.100000 1.100000
v -2.300000 0.100000 0.900000
v -2.300000 0.100000 -0.900000
v -2.300000 0.100000 -1.100000
v -2.300000 0.300000 0.900000
v -2.300000 0.300000 -0.900000
v -2.300000 0.850000 0.900000
v -2.300000 0.850000 -0.900000
v -2.300000 1.000000 1.100000
v -2.300000 1.000000 1.000000
v -2.300000 1.000000 -1.000000
v -2.300000 1.000000 -1.100000
v -2.300000 1.100000 0.900000
v -2.300000 1.100000 -0.900000
v -2.300000 1.350000 0.900000
v -2.300000 1.350000 -0.900000
v -2.300000 1.850000 0.900000
v -2.300000 1.850000 -0.900000
v -2.300000 2.350000 0.900000
v -2.300000 2.350000 -0.900000
v -2.300000 3.000000 1.000000
v -2.300000 3.000000 0.900000
v -2.300000 3.000000 -0.900000
v -2.300000 3.000000 -1.000000
v -2.200000 0.400000 0.900000
v -2.200000 0.400000 0.800000
v -2.200000 0.400000 -0.800000
v -2.200000 0.400000 -0.900000
v -2.200000 0.800000 0.900000
v -2.200000 0.800000 0.800000
v -2.200000 0.800000 -0.800000
v -2.200000 0.800000 -0.900000
v -2.200000 0.900000 0.900000
v -2.200000 0.900000 0.800000
v -2.200000 0.900000 -0.800000
v -2.200000 0.900000 -0.900000
v -2.200000 1.300000 0.900000
v -2.200000 1.300000 0.800000
v -2.200000 1.300000 -0.800000
v -2.200000 1.300000 -0.900000
v -2.200000 1.400000 0.900000
v -2.200000 1.400000 0.800000
v -2.200000 1.400000 -0.800000
v -2.200000 1.400000 -0.900000
v -2.200000 1.800000 0.900000
v -2.200000 1.800000 0.800000
v -2.200000 1.800000 -0.800000
v -2.200000 1.800000 -0.900000
v -2.200000 1.900000 0.900000
v -2.200000 1.900000 0.800000
v -2.200000 1.900000 -0.800000
v -2.200000 1.900000 -0.900000
v -2.200000 2.300000 0.900000
v -2.200000 2.300000 0.800000
v -2.200000 2.300000 -0.800000
v -2.200000 2.300000 -0.900000
v -2.200000 2.400000 0.900000
v -2.200000 2.400000 0.800000
v -2.200000 2.400000 -0.800000
v -2.200000 2.400000 -0.900000
v -2.200000 2.800000 0.900000
v -2.200000 2.800000 0.800000
v -2.200000 2.800000 -0.800000
v -2.200000 2.800000 -0.900000
v -2.100000 3.000000 1.100000
v -2.100000 3.000000 0.900000
v -2.100000 3.000000 -0.900000
v -2.100000 3.000000 -1.100000
v -2.100000 3.300000 0.900000
v -2.100000 3.300000 -0.900000
v -2.100000 3.300000 1.100000
v -2.100000 3.300000 -1.100000
v -1.900000 0.400000 0.900000
v -1.900000 0.400000 0.800000
v -1.900000 0.400000 -0.800000
v -1.900000 0.400000 -0.900000
v -1.900000 0.800000 0.900000
v -1.900000 0.800000 0.800000
v -1.900000 0.800000 -0.800000
v -1.900000 0.800000 -0.900000
v -1.900000 0.900000 0.900000
v -1.900000 0.900000 0.800000
v -1.900000 0.900000 -0.800000
v -1.900000 0.900000 -0.900000
v -1.900000 1.300000 0.900000
v -1.900000 1.300000 0.800000
v -1.900000 1.300000 -0.800000
v -1.900000 1.300000 -0.900000
v -1.900000 1.400000 0.900000
v -1.900000 1.400000 0.800000
v -1.900000 1.400000 -0.800000
v -1.900000 1.400000 -0.900000
v -1.900000 1.800000 0.900000
v -1.900000 1.800000 0.800000
v -1.900000 1.800000 -0.800000
v -1.900000 1.800000 -0.900000
v -1.900000 1.900000 0.900000
v -1.900000 1.900000 0.800000
v -1.900000 1.900000 -0.800000
v -1.900000 1.900000 -0.900000
v -1.900000 2.300000 0.900000
v -1.900000 2.300000 0.800000
v -1.900000 2.300000 -0.800000
v -1.900000 2.300000 -0.900000
v -1.900000 2.400000 0.900000
v -1.900000 2.400000 0.800000
v -1.900000 2.400000 -0.800000
v -1.900000 2.400000 -0.900000
v -1.900000 2.800000 0.900000
v -1.900000 2.800000 0.800000
v -1.900000 2.800000 -0.800000
v -1.900000 2.800000 -0.900000
v -1.700000 0.000000 2.300000
v -1.700000 0.000000 2.100000
v -1.700000 0.000000 1.400000
v -1.700000 -0.000000 -1.400000
v -1.700000 -0.000000 -2.300000
v -1.700000 0.100000 2.300000
v -1.700000 0.100000 2.100000
v -1.700000 0.100000 1.400000
v -1.700000 0.100000 0.900000
v -1.700000 0.100000 0.800000
v -1.700000 0.100000 -0.800000
v -1.700000 0.100000 -0.900000
v -1.700000 0.100000 -1.400000
v -1.700000 0.100000 -2.300000
v -1.700000 0.300000 0.900000
v -1.700000 0.300000 0.800000
v -1.700000 0.300000 -0.800000
v -1.700000 0.300000 -0.900000
v -1.700000 0.850000 0.900000
v -1.700000 0.850000 0.800000
v -1.700000 0.850000 -0.800000
v -1.700000 0.850000 -0.900000
v -1.700000 1.100000 0.900000
v -1.700000 1.100000 -0.900000
v -1.700000 1.350000 0.900000
v -1.700000 1.350000 0.800000
v -1.700000 1.350000 -0.800000
v -1.700000 1.350000 -0.900000
v -1.700000 1.850000 0.900000
v -1.700000 1.850000 0.800000
v -1.700000 1.850000 -0.800000
v -1.700000 1.850000 -0.900000
v -1.700000 2.350000 0.900000
v -1.700000 2.350000 0.800000
v -1.700000 2.350000 -0.800000
v -1.700000 2.350000 -0.900000
v -1.700000 3.000000 0.900000
v -1.700000 3.000000 0.800000
v -1.700000 3.000000 -0.800000
v -1.700000 3.000000 -0.900000
v -1.400000 3.600000 1.300000
v -1.400000 3.600000 1.100000
v -1.400000 3.600000 -1.100000
v -1.400000 3.600000 -1.300000
v -1.400000 3.800000 1.300000
v -1.400000 3.800000 1.100000
v -1.400000 3.800000 -1.300000
v -1.400000 3.800000 -1.100000
v -1.100000 1.200000 1.100000
v -1.100000 1.200000 1.000000
v -1.100000 1.400000 1.100000
v -1.100000 1.400000 1.000000
v -1.000000 2.400000 -1.000000
v -1.000000 2.400000 -1.100000
v -1.000000 2.600000 -1.000000
v -1.000000 2.600000 -1.100000
v -0.800000 0.300000 -1.100000
v -0.800000 0.300000 -1.200000
v -0.800000 0.700000 -1.100000
v -0.800000 0.700000 -1.200000
v -0.800000 1.500000 1.100000
v -0.800000 1.500000 1.000000
v -0.800000 1.700000 1.000000
v -0.800000 1.700000 1.100000
v -0.400000 0.800000 1.300000
v -0.400000 0.800000 0.900000
v -0.400000 0.800000 -0.900000
v -0.400000 0.800000 -1.300000
v -0.400000 0.900000 1.100000
v -0.400000 0.900000 -1.100000
v -0.400000 1.400000 1.400000
v -0.400000 1.400000 1.300000
v -0.400000 1.400000 1.000000
v -0.400000 1.400000 -1.000000
v -0.400000 1.400000 -1.300000
v -0.400000 1.400000 -1.400000
v -0.400000 1.500000 1.400000
v -0.400000 1.500000 1.300000
v -0.400000 1.500000 -1.300000
v -0.400000 1.500000 -1.400000
v -0.400000 1.600000 1.400000
v -0.400000 1.600000 1.300000
v -0.400000 1.600000 -1.300000
v -0.400000 1.600000 -1.400000
v -0.400000 1.700000 1.400000
v -0.400000 1.700000 1.300000
v -0.400000 1.700000 -1.300000
v -0.400000 1.700000 -1.400000
v -0.400000 1.800000 1.400000
v -0.400000 1.800000 1.300000
v -0.400000 1.800000 -1.300000
v -0.400000 1.800000 -1.400000
v -0.400000 2.500000 1.400000
v -0.400000 2.500000 1.300000
v -0.400000 2.500000 -1.300000
v -0.400000 2.500000 -1.400000
v -0.400000 2.600000 1.400000
v -0.400000 2.600000 1.300000
v -0.400000 2.600000 -1.300000
v -0.400000 2.600000 -1.400000
v -0.400000 2.700000 1.400000
v -0.400000 2.700000 1.300000
v -0.400000 2.700000 -1.300000
v -0.400000 2.700000 -1.400000
v -0.400000 2.800000 1.400000
v -0.400000 2.800000 1.300000
v -0.400000 2.800000 -1.300000
v -0.400000 2.800000 -1.400000
v -0.400000 3.000000 1.400000
v -0.400000 3.000000 1.300000
v -0.400000 3.000000 1.000000
v -0.400000 3.000000 0.900000
v -0.400000 3.000000 -0.900000
v -0.400000 3.000000 -1.000000
v -0.400000 3.000000 -1.300000
v -0.400000 3.000000 -1.400000
v -0.400000 3.600000 1.300000
v -0.400000 3.600000 1.100000
v -0.400000 3.600000 -1.100000
v -0.400000 3.600000 -1.300000
v -0.400000 3.800000 1.300000
v -0.400000 3.800000 1.100000
v -0.400000 3.800000 -1.100000
v -0.400000 3.800000 -1.300000
v -0.200000 0.300000 1.200000
v -0.200000 0.300000 1.100000
v -0.200000 0.300000 -1.100000
v -0.200000 0.300000 -1.200000
v -0.200000 0.600000 1.300000
v -0.200000 0.600000 1.200000
v -0.200000 0.600000 -1.200000
v -0.200000 0.600000 -1.300000
v -0.200000 0.700000 1.300000
v -0.200000 0.700000 1.100000
v -0.200000 0.700000 -1.100000
v -0.200000 0.700000 -1.300000
v -0.200000 1.400000 1.400000
v -0.200000 1.400000 1.300000
v -0.200000 1.400000 -1.300000
v -0.200000 1.400000 -1.400000
v -0.200000 1.500000 1.500000
v -0.200000 1.500000 1.400000
v -0.200000 1.500000 1.300000
v -0.200000 1.500000 -1.400000
v -0.200000 1.500000 -1.500000
v -0.200000 1.600000 1.500000
v -0.200000 1.600000 1.400000
v -0.200000 1.650000 1.300000
v -0.200000 1.650000 -1.300000
v -0.200000 1.600000 -1.400000
v -0.200000 1.600000 -1.500000
v -0.200000 1.700000 1.500000
v -0.200000 1.700000 1.400000
v -0.200000 1.700000 -1.400000
v -0.200000 1.700000 -1.500000
v -0.200000 1.800000 1.500000
v -0.200000 1.800000 1.400000
v -0.200000 1.800000 -1.400000
v -0.200000 1.800000 -1.500000
v -0.200000 2.500000 1.500000
v -0.200000 2.500000 1.400000
v -0.200000 2.500000 -1.400000
v -0.200000 2.500000 -1.500000
v -0.200000 2.600000 1.500000
v -0.200000 2.600000 1.400000
v -0.200000 2.675000 1.300000
v -0.200000 2.600000 -1.300000
v -0.200000 2.600000 -1.400000
v -0.200000 2.600000 -1.500000
v -0.200000 2.700000 1.500000
v -0.200000 2.700000 1.400000
v -0.200000 2.750000 -1.300000
v -0.200000 2.700000 -1.400000
v -0.200000 2.700000 -1.500000
v -0.200000 2.800000 1.500000
v -0.200000 2.800000 1.400000
v -0.200000 2.800000 -1.400000
v -0.200000 2.800000 -1.500000
v -0.200000 3.000000 1.400000
v -0.200000 3.000000 1.300000
v -0.200000 3.000000 -1.300000
v -0.200000 3.000000 -1.400000
v 0.200000 3.800000 1.200000
v 0.200000 3.800000 1.100000
v 0.200000 4.000000 1.100000
v 0.200000 4.000000 1.200000
v 0.300000 1.400000 1.400000
v 0.300000 1.400000 1.300000
v 0.300000 1.400000 -1.300000
v 0.300000 1.400000 -1.400000
v 0.300000 1.500000 1.400000
v 0.300000 1.500000 1.300000
v 0.300000 1.500000 -1.300000
v 0.300000 1.500000 -1.400000
v 0.300000 1.600000 1.400000
v 0.300000 1.600000 1.300000
v 0.300000 1.600000 -1.300000
v 0.300000 1.600000 -1.400000
v 0.300000 1.700000 1.400000
v 0.300000 1.700000 1.300000
v 0.300000 1.700000 -1.300000
v 0.300000 1.700000 -1.400000
v 0.300000 1.800000 1.400000
v 0.300000 1.800000 1.300000
v 0.300000 1.800000 -1.300000
v 0.300000 1.800000 -1.400000
v 0.300000 2.500000 1.400000
v 0.300000 2.500000 1.300000
v 0.300000 2.500000 -1.300000
v 0.300000 2.500000 -1.400000
v 0.300000 2.600000 1.400000
v 0.300000 2.600000 1.300000
v 0.300000 2.600000 -1.300000
v 0.300000 2.600000 -1.400000
v 0.300000 2.700000 1.400000
v 0.300000 2.700000 1.300000
v 0.300000 2.700000 -1.300000
v 0.300000 2.700000 -1.400000
v 0.300000 2.800000 1.400000
v 0.300000 2.800000 1.300000
v 0.300000 2.800000 -1.300000
v 0.300000 2.800000 -1.400000
v 0.300000 3.000000 1.400000
v 0.300000 3.000000 1.300000
v 0.300000 3.000000 -1.300000
v 0.300000 3.000000 -1.400000
v 0.400000 0.300000 1.200000
v 0.400000 0.300000 1.100000
v 0.400000 0.300000 -1.100000
v 0.400000 0.300000 -1.200000
v 0.400000 0.600000 1.300000
v 0.400000 0.600000 1.200000
v 0.400000 0.600000 -1.200000
v 0.400000 0.600000 -1.300000
v 0.400000 0.700000 1.300000
v 0.400000 0.700000 1.100000
v 0.400000 0.700000 -1.100000
v 0.400000 0.700000 -1.300000
v 0.500000 0.700000 1.400000
v 0.500000 0.700000 1.100000
v 0.500000 0.700000 -1.100000
v 0.500000 0.700000 -1.400000
v 0.500000 0.900000 1.400000
v 0.500000 0.900000 1.100000
v 0.500000 0.900000 -1.100000
v 0.500000 0.900000 -1.400000
v 0.500000 1.400000 1.400000
v 0.500000 1.400000 1.300000
v 0.500000 1.400000 -1.300000
v 0.500000 1.400000 -1.400000
v 0.500000 1.500000 1.500000
v 0.500000 1.500000 1.400000
v 0.500000 1.550000 1.300000
v 0.500000 1.500000 -1.400000
v 0.500000 1.500000 -1.500000
v 0.500000 1.600000 1.500000
v 0.500000 1.600000 1.400000
v 0.500000 1.650000 -1.300000
v 0.500000 1.600000 -1.400000
v 0.500000 1.600000 -1.500000
v 0.500000 1.700000 1.500000
v 0.500000 1.700000 1.400000
v 0.500000 1.700000 1.300000
v 0.500000 1.700000 -1.400000
v 0.500000 1.700000 -1.500000
v 0.500000 1.800000 1.500000
v 0.500000 1.800000 1.400000
v 0.500000 1.800000 -1.400000
v 0.500000 1.800000 -1.500000
v 0.500000 2.500000 1.500000
v 0.500000 2.500000 1.400000
v 0.500000 2.500000 -1.400000
v 0.500000 2.500000 -1.500000
v 0.500000 2.600000 1.500000
v 0.500000 2.600000 1.400000
v 0.500000 2.600000 1.300000
v 0.500000 2.600000 -1.300000
v 0.500000 2.600000 -1.400000
v 0.500000 2.600000 -1.500000
v 0.500000 2.700000 1.500000
v 0.500000 2.700000 1.400000
v 0.500000 2.700000 -1.400000
v 0.500000 2.700000 -1.500000
v 0.500000 2.800000 1.500000
v 0.500000 2.800000 1.400000
v 0.500000 2.800000 -1.400000
v 0.500000 2.800000 -1.500000
v 0.500000 3.000000 1.400000
v 0.500000 3.000000 1.300000
v 0.500000 3.000000 -1.300000
v 0.500000 3.000000 -1.400000
v 0.600000 0.900000 1.500000
v 0.600000 0.900000 1.100000
v 0.600000 0.900000 -1.100000
v 0.600000 0.900000 -1.500000
v 0.600000 1.000000 1.100000
v 0.600000 1.000000 1.000000
v 0.600000 1.000000 -1.000000
v 0.600000 1.000000 -1.100000
v 0.600000 1.400000 1.500000
v 0.600000 1.400000 1.000000
v 0.600000 1.400000 -1.000000
v 0.600000 1.400000 -1.500000
v 0.600000 3.000000 1.800000
v 0.600000 3.000000 1.100000
v 0.600000 3.000000 -1.100000
v 0.600000 3.000000 -1.800000
v 0.600000 3.200000 1.800000
v 0.600000 3.200000 1.100000
v 0.600000 3.200000 -1.100000
v 0.600000 3.200000 -1.800000
v 0.600000 3.600000 1.300000
v 0.600000 3.600000 1.100000
v 0.600000 3.600000 -1.100000
v 0.600000 3.600000 -1.300000
v 0.600000 3.800000 1.300000
v 0.600000 3.800000 1.100000
v 0.600000 3.800000 -1.300000
v 0.600000 3.800000 -1.100000
v 1.000000 3.400000 1.200000
v 1.000000 3.400000 1.100000
v 1.000000 3.600000 1.200000
v 1.000000 3.600000 1.100000
v 1.100000 2.200000 1.100000
v 1.100000 2.200000 1.000000
v 1.100000 2.400000 1.100000
v 1.100000 2.400000 1.000000
v 1.100000 3.400000 -1.100000
v 1.100000 3.400000 -1.200000
v 1.100000 3.600000 -1.100000
v 1.100000 3.600000 -1.200000
v 1.100000 3.700000 1.200000
v 1.100000 3.700000 1.100000
v 1.100000 3.900000 1.200000
v 1.100000 3.900000 1.100000
v 1.200000 1.500000 -1.000000
v 1.200000 1.500000 -1.100000
v 1.200000 1.700000 -1.000000
v 1.200000 1.700000 -1.100000
v 1.500000 0.500000 1.200000
v 1.500000 0.500000 1.100000
v 1.500000 0.700000 1.100000
v 1.500000 0.700000 1.200000
v 1.500000 2.500000 1.100000
v 1.500000 2.500000 1.000000
v 1.500000 2.900000 1.000000
v 1.500000 2.900000 1.100000
v 1.600000 3.600000 1.300000
v 1.600000 3.600000 1.100000
v 1.600000 3.600000 -1.100000
v 1.600000 3.600000 -1.300000
v 1.600000 3.800000 1.100000
v 1.600000 3.800000 -1.100000
v 1.600000 3.800000 1.300000
v 1.600000 3.800000 -1.300000
v 1.700000 0.100000 1.100000
v 1.700000 0.100000 0.900000
v 1.700000 0.100000 -0.900000
v 1.700000 0.100000 -1.100000
v 1.700000 0.300000 0.900000
v 1.700000 0.300000 -0.900000
v 1.700000 0.850000 0.900000
v 1.700000 0.850000 -0.900000
v 1.700000 1.000000 1.100000
v 1.700000 1.000000 1.000000
v 1.700000 1.000000 -1.000000
v 1.700000 1.000000 -1.100000
v 1.700000 1.100000 0.900000
v 1.700000 1.100000 -0.900000
v 1.700000 1.350000 0.900000
v 1.700000 1.350000 -0.900000
v 1.700000 1.850000 0.900000
v 1.700000 1.850000 -0.900000
v 1.700000 2.350000 0.900000
v 1.700000 2.350000 -0.900000
v 1.700000 3.000000 1.000000
v 1.700000 3.000000 0.900000
v 1.700000 3.000000 -0.900000
v 1.700000 3.000000 -1.000000
v 1.800000 0.400000 0.900000
v 1.800000 0.400000 0.800000
v 1.800000 0.400000 -0.800000
v 1.800000 0.400000 -0.900000
v 1.800000 0.800000 0.900000
v 1.800000 0.800000 0.800000
v 1.800000 0.800000 -0.800000
v 1.800000 0.800000 -0.900000
v 1.800000 0.900000 0.900000
v 1.800000 0.900000 0.800000
v 1.800000 0.900000 -0.800000
v 1.800000 0.900000 -0.900000
v 1.800000 1.300000 0.900000
v 1.800000 1.300000 0.800000
v 1.800000 1.300000 -0.800000
v 1.800000 1.300000 -0.900000
v 1.800000 1.400000 0.900000
v 1.800000 1.400000 0.800000
v 1.800000 1.400000 -0.800000
v 1.800000 1.400000 -0.900000
v 1.800000 1.800000 0.900000
v 1.800000 1.800000 0.800000
v 1.800000 1.800000 -0.800000
v 1.800000 1.800000 -0.900000
v 1.800000 1.900000 0.900000
v 1.800000 1.900000 0.800000
v 1.800000 1.900000 -0.800000
v 1.800000 1.900000 -0.900000
v 1.800000 2.300000 0.900000
v 1.800000 2.300000 0.800000
v 1.800000 2.300000 -0.800000
v 1.800000 2.300000 -0.900000
v 1.800000 2.400000 0.900000
v 1.800000 2.400000 0.800000
v 1.800000 2.400000 -0.800000
v 1.800000 2.400000 -0.900000
v 1.800000 2.800000 0.900000
v 1.800000 2.800000 0.800000
v 1.800000 2.800000 -0.800000
v 1.800000 2.800000 -0.900000
v 1.900000 3.000000 1.100000
v 1.900000 3.000000 0.900000
v 1.900000 3.000000 -0.900000
v 1.900000 3.000000 -1.100000
v 1.900000 3.300000 0.900000
v 1.900000 3.300000 -0.900000
v 1.900000 3.300000 1.100000
v 1.900000 3.300000 -1.100000
v 2.100000 0.400000 0.900000
v 2.100000 0.400000 0.800000
v 2.100000 0.400000 -0.800000
v 2.100000 0.400000 -0.900000
v 2.100000 0.800000 0.900000
v 2.100000 0.800000 0.800000
v 2.100000 0.800000 -0.800000
v 2.100000 0.800000 -0.900000
v 2.100000 0.900000 0.900000
v 2.100000 0.900000 0.800000
v 2.100000 0.900000 -0.800000
v 2.100000 0.900000 -0.900000
v 2.100000 1.300000 0.900000
v 2.100000 1.300000 0.800000
v 2.100000 1.300000 -0.800000
v 2.100000 1.300000 -0.900000
v 2.100000 1.400000 0.900000
v 2.100000 1.400000 0.800000
v 2.100000 1.400000 -0.800000
v 2.100000 1.400000 -0.900000
v 2.100000 1.800000 0.900000
v 2.100000 1.800000 0.800000
v 2.100000 1.800000 -0.800000
v 2.100000 1.800000 -0.900000
v 2.100000 1.900000 0.900000
v 2.100000 1.900000 0.800000
v 2.100000 1.900000 -0.800000
v 2.100000 1.900000 -0.900000
v 2.100000 2.300000 0.900000
v 2.100000 2.300000 0.800000
v 2.100000 2.300000 -0.800000
v 2.100000 2.300000 -0.900000
v 2.100000 2.400000 0.900000
v 2.100000 2.400000 0.800000
v 2.100000 2.400000 -0.800000
v 2.100000 2.400000 -0.900000
v 2.100000 2.800000 0.900000
v 2.100000 2.800000 0.800000
v 2.100000 2.800000 -0.800000
v 2.100000 2.800000 -0.900000
v 2.300000 0.000000 2.300000
v 2.300000 0.000000 1.750000
v 2.300000 0.000000 1.400000
v 2.300000 -0.000000 -1.400000
v 2.300000 -0.000000 -2.300000
v 2.300000 0.100000 2.300000
v 2.300000 0.100000 1.750000
v 2.300000 0.100000 1.400000
v 2.300000 0.100000 -1.400000
v 2.300000 0.100000 -2.300000
v 2.600000 3.600000 1.300000
v 2.600000 3.600000 1.100000
v 2.600000 3.600000 -1.100000
v 2.600000 3.600000 -1.300000
v 2.600000 3.800000 1.300000
v 2.600000 3.800000 1.100000
v 2.600000 3.800000 -1.300000
v 2.600000 3.800000 -1.100000
v 3.100000 3.400000 -1.100000
v 3.100000 3.400000 -1.200000
v 3.100000 3.600000 -1.100000
v 3.100000 3.600000 -1.200000
v 3.300000 1.600000 -1.000000
v 3.300000 1.600000 -1.100000
v 3.300000 1.800000 -1.000000
v 3.300000 1.800000 -1.100000
v 3.600000 3.600000 1.300000
v 3.600000 3.600000 1.100000
v 3.600000 3.600000 -1.100000
v 3.600000 3.600000 -1.300000
v 3.600000 3.800000 1.300000
v 3.600000 3.800000 1.100000
v 3.600000 3.800000 -1.100000
v 3.600000 3.800000 -1.300000
v 3.700000 1.800000 1.100000
v 3.700000 1.800000 1.000000
v 3.700000 2.000000 1.000000
v 3.700000 1.900000 -1.000000
v 3.700000 1.900000 -1.100000
v 3.700000 2.000000 1.100000
v 3.700000 2.300000 -1.000000
v 3.700000 2.300000 -1.100000
v 3.700000 3.100000 1.200000
v 3.700000 3.100000 1.100000
v 3.700000 3.300000 1.100000
v 3.700000 3.300000 1.200000
v 3.900000 0.600000 -1.100000
v 3.900000 0.600000 -1.200000
v 3.900000 0.800000 -1.100000
v 3.900000 0.800000 -1.200000
v 4.000000 0.700000 0.100000
v 4.000000 0.700000 -0.100000
v 4.000000 0.800000 0.100000
v 4.000000 0.800000 -0.100000
v 4.000000 0.900000 0.100000
v 4.000000 0.900000 -0.100000
v 4.000000 1.000000 1.000000
v 4.000000 1.000000 0.100000
v 4.000000 1.000000 -0.100000
v 4.000000 1.000000 -1.000000
v 4.000000 1.300000 0.500000
v 4.000000 1.100000 0.200000
v 4.000000 1.100000 0.100000
v 4.000000 1.100000 -0.100000
v 4.000000 1.125000 -0.275000
v 4.000000 1.150000 -0.650000
v 4.000000 1.150000 -0.850000
v 4.000000 1.300000 1.000000
v 4.000000 1.200000 0.100000
v 4.000000 1.200000 -0.100000
v 4.000000 1.300000 0.100000
v 4.000000 1.300000 -0.100000
v 4.000000 1.400000 0.100000
v 4.000000 1.400000 -0.100000
v 4.000000 1.500000 0.100000
v 4.000000 1.500000 -0.100000
v 4.000000 1.700000 0.500000
v 4.000000 1.600000 0.100000
v 4.000000 1.600000 -0.100000
v 4.000000 1.700000 1.000000
v 4.000000 1.700000 0.100000
v 4.000000 1.700000 -0.100000
v 4.000000 1.800000 0.100000
v 4.000000 1.800000 -0.100000
v 4.000000 1.900000 0.100000
v 4.000000 1.900000 -0.100000
v 4.000000 2.100000 0.100000
v 4.000000 2.100000 -0.100000
v 4.000000 2.150000 -0.900000
v 4.000000 2.150000 -1.000000
v 4.000000 2.200000 0.100000
v 4.000000 2.200000 -0.100000
v 4.000000 2.300000 0.100000
v 4.000000 2.300000 -0.100000
v 4.000000 2.400000 0.100000
v 4.000000 2.400000 -0.100000
v 4.000000 2.550000 0.750000
v 4.000000 2.500000 0.100000
v 4.000000 2.500000 -0.100000
v 4.000000 2.550000 -0.775000
v 4.000000 2.550000 -1.000000
v 4.000000 2.600000 0.100000
v 4.000000 2.600000 -0.100000
v 4.000000 2.650000 -0.325000
v 4.000000 2.700000 0.100000
v 4.000000 2.700000 -0.100000
v 4.000000 2.837500 -0.450000
v 4.000000 2.800000 1.000000
v 4.000000 2.850000 0.800000
v 4.000000 2.850000 0.450000
v 4.000000 2.800000 0.100000
v 4.000000 2.800000 -0.100000
v 4.000000 2.850000 -0.800000
v 4.000000 2.800000 -1.000000
v 4.000000 3.000000 0.200000
v 4.000000 2.900000 0.100000
v 4.000000 2.900000 -0.100000
v 4.000000 3.000000 -0.200000
v 4.000000 3.000000 1.000000
v 4.000000 3.000000 0.100000
v 4.000000 3.000000 -0.100000
v 4.000000 3.000000 -1.000000
v 4.000000 3.100000 0.200000
v 4.000000 3.100000 -0.200000
v 4.000000 3.200000 0.100000
v 4.000000 3.200000 -0.100000
v 4.000000 3.300000 0.100000
v 4.000000 3.300000 -0.100000
v 4.100000 0.100000 1.100000
v 4.100000 0.100000 -1.100000
v 4.100000 0.300000 -0.600000
v 4.100000 0.300000 -0.900000
v 4.100000 0.500000 -0.900000
v 4.100000 0.600000 0.100000
v 4.100000 0.600000 -0.100000
v 4.100000 0.500000 -0.600000
v 4.100000 0.650000 -1.100000
v 4.100000 0.750000 0.425000
v 4.100000 0.762500 -0.250000
v 4.100000 1.000000 0.100000
v 4.100000 1.000000 -0.100000
v 4.100000 1.000000 1.100000
v 4.100000 1.000000 -1.100000
v 4.100000 1.300000 1.100000
v 4.100000 1.300000 0.500000
v 4.100000 1.700000 1.100000
v 4.100000 1.700000 0.500000
v 4.100000 3.000000 1.100000
v 4.100000 3.000000 0.200000
v 4.100000 3.000000 -0.200000
v 4.100000 3.000000 -1.100000
v 4.100000 3.100000 0.200000
v 4.100000 3.100000 0.100000
v 4.100000 3.100000 -0.100000
v 4.100000 3.100000 -0.200000
v 4.100000 3.100000 -0.600000
v 4.100000 3.100000 -1.100000
v 4.100000 3.300000 1.100000
v 4.100000 3.300000 1.000000
v 4.100000 3.400000 0.100000
v 4.100000 3.400000 -0.100000
v 4.100000 3.500000 -0.200000
v 4.100000 3.400000 -0.600000
v 4.100000 3.500000 1.100000
v 4.100000 3.500000 1.000000
v 4.100000 3.600000 0.800000
v 4.100000 3.600000 0.600000
v 4.100000 3.575000 0.350000
v 4.100000 3.600000 0.100000
v 4.100000 3.600000 -0.100000
v 4.100000 3.500000 -0.500000
v 4.100000 3.500000 -0.600000
v 4.100000 3.500000 -1.100000
v 4.100000 3.600000 -0.600000
v 4.100000 3.600000 -0.800000
v 4.100000 3.800000 0.800000
v 4.100000 3.800000 0.100000
v 4.100000 3.800000 -0.100000
v 4.100000 3.700000 -0.200000
v 4.100000 3.700000 -0.500000
v 4.100000 3.800000 -0.800000
v 4.100000 3.800000 0.600000
v 4.100000 3.800000 -0.600000
v 4.100000 4.100000 1.100000
v 4.100000 4.100000 -1.100000
v 4.200000 0.300000 -0.600000
v 4.200000 0.300000 -0.900000
v 4.200000 0.500000 -0.600000
v 4.200000 0.500000 -0.900000
v 4.200000 3.100000 -0.600000
v 4.200000 3.100000 -1.200000
v 4.200000 3.300000 1.200000
v 4.200000 3.300000 1.000000
v 4.200000 3.500000 1.200000
v 4.200000 3.500000 1.000000
v 4.200000 3.500000 -0.200000
v 4.200000 3.500000 -0.500000
v 4.200000 3.500000 -0.600000
v 4.200000 3.500000 -1.200000
v 4.200000 3.700000 -0.200000
v 4.200000 3.700000 -0.500000
v 4.300000 3.600000 0.800000
v 4.300000 3.600000 0.600000
v 4.300000 3.600000 0.100000
v 4.300000 3.600000 -0.100000
v 4.300000 3.600000 -0.600000
v 4.300000 3.600000 -0.800000
v 4.300000 3.800000 0.800000
v 4.300000 3.800000 0.600000
v 4.300000 3.800000 0.100000
v 4.300000 3.800000 -0.100000
v 4.300000 3.800000 -0.600000
v 4.300000 3.800000 -0.800000
v 4.400000 0.000000 1.400000
v 4.400000 0.000000 0.100000
v 4.400000 -0.000000 -0.000000
v 4.400000 -0.000000 -1.400000
v 4.400000 0.100000 1.400000
v 4.400000 0.100000 0.100000
v 4.400000 0.100000 -0.000000
v 4.400000 0.100000 -1.400000
v -2.300000 0.000000 2.300000
v -2.300000 0.100000 2.300000
v -1.950000 0.000000 2.300000
v -1.950000 0.100000 2.300000
v -1.700000 0.000000 2.300000
v -1.700000 0.100000 2.300000
v 1.700000 0.000000 2.300000
v 1.700000 0.100000 2.300000
v 2.050000 0.000000 2.300000
v 2.050000 0.100000 2.300000
v 2.300000 0.000000 2.300000
v 2.300000 0.100000 2.300000
v -0.600000 3.000000 1.800000
v -0.600000 3.200000 1.800000
v 0.600000 3.000000 1.800000
v 0.600000 3.200000 1.800000
v -0.600000 0.900000 1.500000
v -0.600000 1.400000 1.500000
v -0.362500 1.150000 1.500000
v -0.500000 1.500000 1.500000
v -0.500000 1.600000 1.500000
v -0.500000 1.700000 1.500000
v -0.500000 1.800000 1.500000
v -0.500000 2.500000 1.500000
v -0.500000 2.600000 1.500000
v -0.500000 2.700000 1.500000
v -0.500000 2.800000 1.500000
v -0.200000 1.500000 1.500000
v -0.200000 1.600000 1.500000
v -0.200000 1.700000 1.500000
v -0.200000 1.800000 1.500000
v -0.200000 2.500000 1.500000
v -0.200000 2.600000 1.500000
v -0.200000 2.700000 1.500000
v -0.200000 2.800000 1.500000
v 0.334375 1.087500 1.500000
v 0.200000 1.500000 1.500000
v 0.200000 1.600000 1.500000
v 0.200000 1.700000 1.500000
v 0.200000 1.800000 1.500000
v 0.200000 2.500000 1.500000
v 0.200000 2.600000 1.500000
v 0.200000 2.700000 1.500000
v 0.200000 2.800000 1.500000
v 0.500000 1.500000 1.500000
v 0.500000 1.600000 1.500000
v 0.500000 1.700000 1.500000
v 0.500000 1.800000 1.500000
v 0.500000 2.500000 1.500000
v 0.500000 2.600000 1.500000
v 0.500000 2.700000 1.500000
v 0.500000 2.800000 1.500000
v 0.600000 0.900000 1.500000
v 0.600000 1.400000 1.500000
v -4.400000 0.000000 1.400000
v -4.400000 0.100000 1.400000
v -2.300000 0.000000 1.400000
v -2.300000 0.100000 1.400000
v -1.700000 0.000000 1.400000
v -1.700000 0.100000 1.400000
v -0.500000 0.700000 1.400000
v -0.500000 0.900000 1.400000
v -0.500000 1.400000 1.400000
v -0.500000 1.500000 1.400000
v -0.500000 1.600000 1.400000
v -0.500000 1.700000 1.400000
v -0.500000 1.800000 1.400000
v -0.500000 2.500000 1.400000
v -0.500000 2.600000 1.400000
v -0.500000 2.700000 1.400000
v -0.500000 2.800000 1.400000
v -0.500000 3.000000 1.400000
v -0.400000 1.400000 1.400000
v -0.400000 1.500000 1.400000
v -0.400000 1.600000 1.400000
v -0.400000 1.700000 1.400000
v -0.400000 1.800000 1.400000
v -0.400000 2.500000 1.400000
v -0.400000 2.600000 1.400000
v -0.400000 2.700000 1.400000
v -0.400000 2.800000 1.400000
v -0.400000 3.000000 1.400000
v -0.300000 1.400000 1.400000
v -0.300000 1.500000 1.400000
v -0.300000 1.600000 1.400000
v -0.300000 1.700000 1.400000
v -0.300000 1.800000 1.400000
v -0.300000 2.500000 1.400000
v -0.300000 2.600000 1.400000
v -0.300000 2.700000 1.400000
v -0.300000 2.800000 1.400000
v -0.300000 3.000000 1.400000
v -0.150000 0.000000 1.400000
v -0.150000 0.100000 1.400000
v -0.200000 1.400000 1.400000
v -0.200000 1.500000 1.400000
v -0.200000 1.600000 1.400000
v -0.200000 1.700000 1.400000
v -0.200000 1.800000 1.400000
v -0.200000 2.500000 1.400000
v -0.200000 2.600000 1.400000
v -0.200000 2.700000 1.400000
v -0.200000 2.800000 1.400000
v -0.200000 3.000000 1.400000
v 0.200000 1.400000 1.400000
v 0.200000 1.500000 1.400000
v 0.200000 1.600000 1.400000
v 0.200000 1.700000 1.400000
v 0.200000 1.800000 1.400000
v 0.200000 2.500000 1.400000
v 0.200000 2.600000 1.400000
v 0.200000 2.700000 1.400000
v 0.200000 2.800000 1.400000
v 0.200000 3.000000 1.400000
v 0.300000 1.400000 1.400000
v 0.300000 1.500000 1.400000
v 0.300000 1.600000 1.400000
v 0.300000 1.700000 1.400000
v 0.300000 1.800000 1.400000
v 0.300000 2.500000 1.400000
v 0.300000 2.600000 1.400000
v 0.300000 2.700000 1.400000
v 0.300000 2.800000 1.400000
v 0.300000 3.000000 1.400000
v 0.400000 1.400000 1.400000
v 0.400000 1.500000 1.400000
v 0.400000 1.600000 1.400000
v 0.400000 1.700000 1.400000
v 0.400000 1.800000 1.400000
v 0.400000 2.500000 1.400000
v 0.400000 2.600000 1.400000
v 0.400000 2.700000 1.400000
v 0.400000 2.800000 1.400000
v 0.400000 3.000000 1.400000
v 0.500000 0.700000 1.400000
v 0.500000 0.900000 1.400000
v 0.500000 1.400000 1.400000
v 0.500000 1.500000 1.400000
v 0.500000 1.600000 1.400000
v 0.500000 1.700000 1.400000
v 0.500000 1.800000 1.400000
v 0.500000 2.500000 1.400000
v 0.500000 2.600000 1.400000
v 0.500000 2.700000 1.400000
v 0.500000 2.800000 1.400000
v 0.500000 3.000000 1.400000
v 1.700000 0.000000 1.400000
v 1.700000 0.100000 1.400000
v 2.300000 0.000000 1.400000
v 2.300000 0.100000 1.400000
v 4.400000 0.000000 1.400000
v 4.400000 0.100000 1.400000
v -3.600000 3.600000 1.300000
v -3.600000 3.800000 1.300000
v -3.400000 3.600000 1.300000
v -3.400000 3.800000 1.300000
v -2.600000 3.600000 1.300000
v -2.600000 3.800000 1.300000
v -2.400000 3.600000 1.300000
v -2.400000 3.800000 1.300000
v -1.600000 3.600000 1.300000
v -1.600000 3.800000 1.300000
v -1.400000 3.600000 1.300000
v -1.400000 3.800000 1.300000
v -0.600000 3.600000 1.300000
v -0.600000 3.800000 1.300000
v -0.400000 0.600000 1.300000
v -0.400000 0.700000 1.300000
v -0.400000 3.600000 1.300000
v -0.400000 3.800000 1.300000
v -0.200000 0.600000 1.300000
v -0.200000 0.700000 1.300000
v 0.200000 0.600000 1.300000
v 0.200000 0.700000 1.300000
v 0.400000 0.600000 1.300000
v 0.400000 0.700000 1.300000
v 0.400000 3.600000 1.300000
v 0.400000 3.800000 1.300000
v 0.600000 3.600000 1.300000
v 0.600000 3.800000 1.300000
v 1.400000 3.600000 1.300000
v 1.400000 3.800000 1.300000
v 1.600000 3.600000 1.300000
v 1.600000 3.800000 1.300000
v 2.400000 3.600000 1.300000
v 2.400000 3.800000 1.300000
v 2.600000 3.600000 1.300000
v 2.600000 3.800000 1.300000
v 3.400000 3.600000 1.300000
v 3.400000 3.800000 1.300000
v 3.600000 3.600000 1.300000
v 3.600000 3.800000 1.300000
v -4.200000 0.200000 1.200000
v -4.200000 0.600000 1.200000
v -3.600000 0.200000 1.200000
v -3.600000 0.600000 1.200000
v -3.600000 0.800000 1.200000
v -3.300000 0.600000 1.200000
v -3.300000 0.800000 1.200000
v -0.400000 0.300000 1.200000
v -0.400000 0.600000 1.200000
v -0.200000 0.300000 1.200000
v -0.200000 0.600000 1.200000
v -0.100000 3.800000 1.200000
v -0.100000 4.000000 1.200000
v 0.200000 0.300000 1.200000
v 0.200000 0.600000 1.200000
v 0.200000 3.800000 1.200000
v 0.200000 4.000000 1.200000
v 0.400000 0.300000 1.200000
v 0.400000 0.600000 1.200000
v 0.700000 3.400000 1.200000
v 0.700000 3.600000 1.200000
v 0.800000 3.700000 1.200000
v 0.800000 3.900000 1.200000
v 1.000000 3.400000 1.200000
v 1.000000 3.600000 1.200000
v 1.100000 3.700000 1.200000
v 1.100000 3.900000 1.200000
v 1.200000 0.500000 1.200000
v 1.200000 0.700000 1.200000
v 1.500000 0.500000 1.200000
v 1.500000 0.700000 1.200000
v 3.300000 3.100000 1.200000
v 3.300000 3.300000 1.200000
v 3.700000 3.100000 1.200000
v 3.700000 3.300000 1.200000
v 3.800000 3.300000 1.200000
v 3.800000 3.500000 1.200000
v 4.200000 3.300000 1.200000
v 4.200000 3.500000 1.200000
v -4.100000 0.100000 1.100000
v -4.100000 0.200000 1.100000
v -4.100000 0.600000 1.100000
v -4.100000 1.000000 1.100000
v -4.100000 2.300000 1.100000
v -4.100000 2.700000 1.100000
v -4.100000 3.000000 1.100000
v -4.100000 4.100000 1.100000
v -3.950000 3.950000 1.100000
v -3.600000 0.800000 1.100000
v -3.600000 3.800000 1.100000
v -3.600000 0.200000 1.100000
v -3.600000 0.600000 1.100000
v -3.600000 2.000000 1.100000
v -3.600000 2.200000 1.100000
v -3.600000 3.600000 1.100000
v -3.500000 2.300000 1.100000
v -3.500000 2.700000 1.100000
v -3.400000 3.600000 1.100000
v -3.400000 3.800000 1.100000
v -3.300000 0.600000 1.100000
v -3.300000 0.800000 1.100000
v -3.300000 2.000000 1.100000
v -3.300000 2.200000 1.100000
v -3.250000 3.900000 1.100000
v -3.150000 0.250000 1.100000
v -3.200000 2.400000 1.100000
v -3.200000 2.600000 1.100000
v -3.050000 3.500000 1.100000
v -2.950000 0.550000 1.100000
v -2.900000 2.400000 1.100000
v -2.900000 2.600000 1.100000
v -2.750000 0.250000 1.100000
v -2.600000 3.600000 1.100000
v -2.600000 3.800000 1.100000
v -2.425000 3.175000 1.100000
v -2.300000 0.100000 1.100000
v -2.300000 1.000000 1.100000
v -2.400000 3.000000 1.100000
v -2.400000 3.600000 1.100000
v -2.400000 3.800000 1.100000
v -2.100000 3.000000 1.100000
v -2.100000 3.300000 1.100000
v -1.900000 3.000000 1.100000
v -1.900000 3.300000 1.100000
v -1.700000 0.100000 1.100000
v -1.700000 1.000000 1.100000
v -1.700000 3.750000 1.100000
v -1.550000 0.275000 1.100000
v -1.475000 1.000000 1.100000
v -1.600000 3.000000 1.100000
v -1.487500 3.125000 1.100000
v -1.600000 3.600000 1.100000
v -1.600000 3.800000 1.100000
v -1.450000 0.900000 1.100000
v -1.400000 1.200000 1.100000
v -1.400000 1.400000 1.100000
v -1.400000 3.600000 1.100000
v -1.400000 3.800000 1.100000
v -1.250000 0.450000 1.100000
v -1.250000 3.350000 1.100000
v -1.200000 0.250000 1.100000
v -1.100000 1.200000 1.100000
v -1.100000 1.400000 1.100000
v -1.100000 1.500000 1.100000
v -1.100000 1.700000 1.100000
v -1.037500 3.418750 1.100000
v -0.950000 0.450000 1.100000
v -0.850000 4.000000 1.100000
v -0.850000 4.100000 1.100000
v -0.800000 0.250000 1.100000
v -0.800000 1.500000 1.100000
v -0.800000 1.700000 1.100000
v -0.750000 3.750000 1.100000
v -0.600000 0.900000 1.100000
v -0.600000 1.000000 1.100000
v -0.600000 3.000000 1.100000
v -0.600000 3.200000 1.100000
v -0.600000 3.800000 1.100000
v -0.550000 0.500000 1.100000
v -0.500000 0.700000 1.100000
v -0.600000 3.600000 1.100000
v -0.400000 0.300000 1.100000
v -0.500000 0.900000 1.100000
v -0.400000 3.600000 1.100000
v -0.400000 4.000000 1.100000
v -0.500000 4.100000 1.100000
v -0.400000 0.700000 1.100000
v -0.400000 3.800000 1.100000
v -0.100000 3.800000 1.100000
v -0.300000 4.100000 1.100000
v -0.200000 0.300000 1.100000
v -0.200000 0.700000 1.100000
v -0.050000 3.450000 1.100000
v -0.100000 4.000000 1.100000
v 0.200000 0.300000 1.100000
v 0.200000 0.700000 1.100000
v 0.200000 3.800000 1.100000
v 0.200000 4.000000 1.100000
v 0.350000 3.350000 1.100000
v 0.400000 0.300000 1.100000
v 0.400000 0.700000 1.100000
v 0.400000 3.600000 1.100000
v 0.400000 3.800000 1.100000
v 0.500000 0.700000 1.100000
v 0.500000 0.900000 1.100000
v 0.600000 0.900000 1.100000
v 0.600000 1.000000 1.100000
v 0.600000 3.000000 1.100000
v 0.600000 3.200000 1.100000
v 0.600000 3.600000 1.100000
v 0.600000 3.800000 1.100000
v 0.700000 3.400000 1.100000
v 0.700000 3.600000 1.100000
v 0.800000 2.200000 1.100000
v 0.800000 2.400000 1.100000
v 0.800000 3.700000 1.100000
v 0.800000 3.900000 1.100000
v 1.037500 0.275000 1.100000
v 1.000000 3.600000 1.100000
v 1.000000 2.500000 1.100000
v 1.000000 2.900000 1.100000
v 1.000000 3.400000 1.100000
v 1.100000 3.900000 1.100000
v 1.100000 2.200000 1.100000
v 1.100000 2.400000 1.100000
v 1.100000 3.700000 1.100000
v 1.262500 0.275000 1.100000
v 1.200000 0.500000 1.100000
v 1.200000 0.700000 1.100000
v 1.400000 3.600000 1.100000
v 1.400000 3.800000 1.100000
v 1.350000 0.850000 1.100000
v 1.450000 3.350000 1.100000
v 1.550000 0.275000 1.100000
v 1.500000 0.500000 1.100000
v 1.500000 0.700000 1.100000
v 1.550000 0.900000 1.100000
v 1.500000 1.000000 1.100000
v 1.500000 2.500000 1.100000
v 1.500000 2.900000 1.100000
v 1.600000 3.600000 1.100000
v 1.700000 0.100000 1.100000
v 1.700000 1.000000 1.100000
v 1.600000 3.000000 1.100000
v 1.600000 3.100000 1.100000
v 1.600000 3.800000 1.100000
v 1.900000 3.000000 1.100000
v 1.900000 3.300000 1.100000
v 2.000000 3.750000 1.100000
v 2.050000 4.000000 1.100000
v 2.050000 4.100000 1.100000
v 2.100000 3.000000 1.100000
v 2.100000 3.300000 1.100000
v 2.400000 3.800000 1.100000
v 2.300000 0.100000 1.100000
v 2.300000 1.000000 1.100000
v 2.400000 3.600000 1.100000
v 2.350000 3.900000 1.100000
v 2.400000 3.000000 1.100000
v 2.400000 3.100000 1.100000
v 2.650000 0.250000 1.100000
v 2.600000 3.600000 1.100000
v 2.600000 3.800000 1.100000
v 2.850000 0.450000 1.100000
v 2.950000 0.250000 1.100000
v 3.050000 0.450000 1.100000
v 3.243750 0.262500 1.100000
v 3.150000 3.650000 1.100000
v 3.250000 0.900000 1.100000
v 3.250000 1.000000 1.100000
v 3.300000 3.100000 1.100000
v 3.300000 3.300000 1.100000
v 3.500000 0.250000 1.100000
v 3.400000 1.800000 1.100000
v 3.400000 2.000000 1.100000
v 3.400000 3.000000 1.100000
v 3.400000 3.600000 1.100000
v 3.400000 3.800000 1.100000
v 3.600000 3.600000 1.100000
v 3.600000 3.800000 1.100000
v 3.700000 1.800000 1.100000
v 3.700000 2.000000 1.100000
v 3.700000 3.100000 1.100000
v 3.700000 3.300000 1.100000
v 3.700000 3.800000 1.100000
v 3.800000 1.300000 1.100000
v 3.800000 1.700000 1.100000
v 3.800000 3.000000 1.100000
v 3.800000 3.300000 1.100000
v 3.800000 3.500000 1.100000
v 3.950000 0.450000 1.100000
v 4.100000 0.100000 1.100000
v 4.100000 1.000000 1.100000
v 4.100000 1.300000 1.100000
v 4.100000 1.700000 1.100000
v 4.100000 3.000000 1.100000
v 4.100000 3.300000 1.100000
v 4.100000 3.500000 1.100000
v 4.100000 4.100000 1.100000
v -4.000000 1.000000 1.000000
v -4.000000 1.300000 1.000000
v -4.000000 2.300000 1.000000
v -4.000000 2.700000 1.000000
v -4.000000 3.000000 1.000000
v -3.850000 1.200000 1.000000
v -3.800000 2.700000 1.000000
v -3.600000 2.000000 1.000000
v -3.600000 2.200000 1.000000
v -3.450000 1.250000 1.000000
v -3.500000 2.300000 1.000000
v -3.500000 2.700000 1.000000
v -3.300000 2.200000 1.000000
v -3.250000 1.550000 1.000000
v -3.300000 2.000000 1.000000
v -3.200000 2.400000 1.000000
v -3.200000 2.600000 1.000000
v -2.850000 1.950000 1.000000
v -2.900000 2.400000 1.000000
v -2.900000 2.600000 1.000000
v -2.543750 1.362500 1.000000
v -2.650000 2.850000 1.000000
v -2.300000 1.000000 1.000000
v -2.300000 3.000000 1.000000
v -1.700000 1.000000 1.000000
v -1.700000 3.000000 1.000000
v -1.550000 1.850000 1.000000
v -1.450000 1.000000 1.000000
v -1.400000 1.200000 1.000000
v -1.400000 1.400000 1.000000
v -1.150000 2.850000 1.000000
v -1.100000 1.200000 1.000000
v -1.100000 1.400000 1.000000
v -1.100000 1.500000 1.000000
v -1.100000 1.700000 1.000000
v -1.100000 2.050000 1.000000
v -0.950000 2.600000 1.000000
v -0.925000 2.825000 1.000000
v -0.900000 2.050000 1.000000
v -0.800000 1.500000 1.000000
v -0.800000 1.700000 1.000000
v -0.600000 1.000000 1.000000
v -0.600000 1.400000 1.000000
v -0.700000 3.000000 1.000000
v -0.600000 2.900000 1.000000
v -0.600000 3.000000 1.000000
v -0.400000 1.400000 1.000000
v -0.400000 3.000000 1.000000
v 0.400000 1.400000 1.000000
v 0.400000 3.000000 1.000000
v 0.600000 1.000000 1.000000
v 0.600000 1.400000 1.000000
v 0.650000 1.750000 1.000000
v 0.600000 2.900000 1.000000
v 0.650000 3.000000 1.000000
v 0.700000 1.100000 1.000000
v 0.850000 1.350000 1.000000
v 0.800000 2.200000 1.000000
v 0.800000 2.400000 1.000000
v 0.850000 2.837500 1.000000
v 1.000000 2.500000 1.000000
v 1.000000 2.700000 1.000000
v 1.000000 2.900000 1.000000
v 1.100000 2.200000 1.000000
v 1.100000 2.400000 1.000000
v 1.250000 1.350000 1.000000
v 1.500000 1.000000 1.000000
v 1.500000 2.500000 1.000000
v 1.500000 2.900000 1.000000
v 1.700000 1.000000 1.000000
v 1.700000 3.000000 1.000000
v 2.300000 1.000000 1.000000
v 2.300000 3.000000 1.000000
v 2.450000 1.850000 1.000000
v 2.400000 2.900000 1.000000
v 2.825000 1.150000 1.000000
v 3.150000 1.450000 1.000000
v 3.250000 1.000000 1.000000
v 3.200000 1.150000 1.000000
v 3.450000 1.350000 1.000000
v 3.400000 1.800000 1.000000
v 3.400000 2.000000 1.000000
v 3.400000 3.000000 1.000000
v 3.700000 1.800000 1.000000
v 3.700000 2.000000 1.000000
v 3.800000 1.300000 1.000000
v 3.800000 1.700000 1.000000
v 3.800000 3.000000 1.000000
v 3.900000 2.850000 1.000000
v 4.000000 1.000000 1.000000
v 4.000000 1.300000 1.000000
v 4.000000 1.700000 1.000000
v 4.000000 2.800000 1.000000
v 4.000000 3.000000 1.000000
v -2.300000 0.100000 0.900000
v -2.300000 0.300000 0.900000
v -2.300000 0.850000 0.900000
v -2.300000 1.100000 0.900000
v -2.300000 1.350000 0.900000
v -2.300000 1.850000 0.900000
v -2.300000 2.350000 0.900000
v -2.300000 3.000000 0.900000
v -2.200000 0.400000 0.900000
v -2.200000 0.800000 0.900000
v -2.200000 0.900000 0.900000
v -2.200000 1.300000 0.900000
v -2.200000 1.400000 0.900000
v -2.200000 1.800000 0.900000
v -2.200000 1.900000 0.900000
v -2.200000 2.300000 0.900000
v -2.200000 2.400000 0.900000
v -2.200000 2.800000 0.900000
v -2.100000 0.400000 0.900000
v -2.100000 0.800000 0.900000
v -2.100000 0.900000 0.900000
v -2.100000 1.300000 0.900000
v -2.100000 1.400000 0.900000
v -2.100000 1.800000 0.900000
v -2.100000 1.900000 0.900000
v -2.100000 2.300000 0.900000
v -2.100000 2.400000 0.900000
v -2.100000 2.800000 0.900000
v -2.100000 3.000000 0.900000
v -2.100000 3.300000 0.900000
v -1.900000 0.400000 0.900000
v -1.900000 0.800000 0.900000
v -1.900000 0.900000 0.900000
v -1.900000 1.300000 0.900000
v -1.900000 1.400000 0.900000
v -1.900000 1.800000 0.900000
v -1.900000 1.900000 0.900000
v -1.900000 2.300000 0.900000
v -1.900000 2.400000 0.900000
v -1.900000 2.800000 0.900000
v -1.900000 3.000000 0.900000
v -1.900000 3.300000 0.900000
v -1.700000 0.100000 0.900000
v -1.800000 0.400000 0.900000
v -1.800000 0.800000 0.900000
v -1.800000 0.900000 0.900000
v -1.800000 1.300000 0.900000
v -1.800000 1.400000 0.900000
v -1.800000 1.800000 0.900000
v -1.800000 1.900000 0.900000
v -1.800000 2.300000 0.900000
v -1.800000 2.400000 0.900000
v -1.800000 2.800000 0.900000
v -1.700000 0.300000 0.900000
v -1.700000 0.850000 0.900000
v -1.700000 1.100000 0.900000
v -1.700000 1.350000 0.900000
v -1.700000 1.850000 0.900000
v -1.700000 2.350000 0.900000
v -1.700000 3.000000 0.900000
v 1.700000 0.100000 0.900000
v 1.700000 0.300000 0.900000
v 1.700000 0.850000 0.900000
v 1.700000 1.100000 0.900000
v 1.700000 1.350000 0.900000
v 1.700000 1.850000 0.900000
v 1.700000 2.350000 0.900000
v 1.700000 3.000000 0.900000
v 1.800000 0.400000 0.900000
v 1.800000 0.800000 0.900000
v 1.800000 0.900000 0.900000
v 1.800000 1.300000 0.900000
v 1.800000 1.400000 0.900000
v 1.800000 1.800000 0.900000
v 1.800000 1.900000 0.900000
v 1.800000 2.300000 0.900000
v 1.800000 2.400000 0.900000
v 1.800000 2.800000 0.900000
v 1.900000 0.400000 0.900000
v 1.900000 0.800000 0.900000
v 1.900000 0.900000 0.900000
v 1.900000 1.300000 0.900000
v 1.900000 1.400000 0.900000
v 1.900000 1.800000 0.900000
v 1.900000 1.900000 0.900000
v 1.900000 2.300000 0.900000
v 1.900000 2.400000 0.900000
v 1.900000 2.800000 0.900000
v 1.900000 3.000000 0.900000
v 1.900000 3.300000 0.900000
v 2.100000 0.400000 0.900000
v 2.100000 0.800000 0.900000
v 2.100000 0.900000 0.900000
v 2.100000 1.300000 0.900000
v 2.100000 1.400000 0.900000
v 2.100000 1.800000 0.900000
v 2.100000 1.900000 0.900000
v 2.100000 2.300000 0.900000
v 2.100000 2.400000 0.900000
v 2.100000 2.800000 0.900000
v 2.100000 3.000000 0.900000
v 2.100000 3.300000 0.900000
v 2.300000 0.100000 0.900000
v 2.200000 0.400000 0.900000
v 2.200000 0.800000 0.900000
v 2.200000 0.900000 0.900000
v 2.200000 1.300000 0.900000
v 2.200000 1.400000 0.900000
v 2.200000 1.800000 0.900000
v 2.200000 1.900000 0.900000
v 2.200000 2.300000 0.900000
v 2.200000 2.400000 0.900000
v 2.200000 2.800000 0.900000
v 2.300000 0.300000 0.900000
v 2.300000 0.850000 0.900000
v 2.300000 1.100000 0.900000
v 2.300000 1.350000 0.900000
v 2.300000 1.850000 0.900000
v 2.300000 2.350000 0.900000
v 2.300000 3.000000 0.900000
v -4.300000 3.600000 0.800000
v -4.300000 3.800000 0.800000
v -4.100000 3.800000 0.800000
v -4.100000 3.600000 0.800000
v 4.100000 3.600000 0.800000
v 4.100000 3.800000 0.800000
v 4.300000 3.600000 0.800000
v 4.300000 3.800000 0.800000
v -4.300000 3.600000 0.100000
v -4.300000 3.800000 0.100000
v -4.100000 3.600000 0.100000
v -4.100000 3.800000 0.100000
v 4.100000 3.600000 0.100000
v 4.100000 3.800000 0.100000
v 4.300000 3.600000 0.100000
v 4.300000 3.800000 0.100000
v -4.100000 0.600000 -0.100000
v -4.100000 1.000000 -0.100000
v -4.100000 3.100000 -0.100000
v -4.100000 3.400000 -0.100000
v -4.000000 0.700000 -0.100000
v -4.000000 0.800000 -0.100000
v -4.000000 0.900000 -0.100000
v -4.000000 1.000000 -0.100000
v -4.000000 1.100000 -0.100000
v -4.000000 1.200000 -0.100000
v -4.000000 1.300000 -0.100000
v -4.000000 1.400000 -0.100000
v -4.000000 1.500000 -0.100000
v -4.000000 1.600000 -0.100000
v -4.000000 1.700000 -0.100000
v -4.000000 1.800000 -0.100000
v -4.000000 1.900000 -0.100000
v -4.000000 2.100000 -0.100000
v -4.000000 2.200000 -0.100000
v -4.000000 2.300000 -0.100000
v -4.000000 2.400000 -0.100000
v -4.000000 2.500000 -0.100000
v -4.000000 2.600000 -0.100000
v -4.000000 2.700000 -0.100000
v -4.000000 2.800000 -0.100000
v -4.000000 2.900000 -0.100000
v -4.000000 3.000000 -0.100000
v -4.000000 3.200000 -0.100000
v -4.000000 3.300000 -0.100000
v -3.950000 3.400000 -0.100000
v -3.900000 0.600000 -0.100000
v -3.900000 0.700000 -0.100000
v -3.900000 0.800000 -0.100000
v -3.900000 0.900000 -0.100000
v -3.900000 1.000000 -0.100000
v -3.900000 1.100000 -0.100000
v -3.900000 1.200000 -0.100000
v -3.900000 1.300000 -0.100000
v -3.900000 1.400000 -0.100000
v -3.900000 1.500000 -0.100000
v -3.900000 1.600000 -0.100000
v -3.900000 1.700000 -0.100000
v -3.900000 1.800000 -0.100000
v -3.900000 1.900000 -0.100000
v -3.900000 2.100000 -0.100000
v -3.900000 2.200000 -0.100000
v -3.900000 2.300000 -0.100000
v -3.900000 2.400000 -0.100000
v -3.900000 2.500000 -0.100000
v -3.900000 2.600000 -0.100000
v -3.900000 2.700000 -0.100000
v -3.900000 2.800000 -0.100000
v -3.900000 2.900000 -0.100000
v -3.900000 3.000000 -0.100000
v -3.900000 3.200000 -0.100000
v -3.900000 3.300000 -0.100000
v -2.750000 3.300000 -0.100000
v -2.750000 3.400000 -0.100000
v -1.550000 3.250000 -0.100000
v 0.750000 3.100000 -0.100000
v 0.750000 3.200000 -0.100000
v 0.950000 3.250000 -0.100000
v 1.450000 3.400000 -0.100000
v 3.900000 0.600000 -0.100000
v 3.900000 0.700000 -0.100000
v 3.900000 0.800000 -0.100000
v 3.900000 0.900000 -0.100000
v 3.900000 1.000000 -0.100000
v 3.900000 1.100000 -0.100000
v 3.900000 1.200000 -0.100000
v 3.900000 1.300000 -0.100000
v 3.900000 1.400000 -0.100000
v 3.900000 1.500000 -0.100000
v 3.900000 1.600000 -0.100000
v 3.900000 1.700000 -0.100000
v 3.900000 1.800000 -0.100000
v 3.900000 1.900000 -0.100000
v 3.900000 2.100000 -0.100000
v 3.900000 2.200000 -0.100000
v 3.900000 2.300000 -0.100000
v 3.900000 2.400000 -0.100000
v 3.900000 2.500000 -0.100000
v 3.900000 2.600000 -0.100000
v 3.900000 2.700000 -0.100000
v 3.900000 2.800000 -0.100000
v 3.900000 2.900000 -0.100000
v 3.900000 3.000000 -0.100000
v 4.100000 3.100000 -0.100000
v 3.900000 3.200000 -0.100000
v 3.900000 3.300000 -0.100000
v 4.100000 3.400000 -0.100000
v 4.100000 0.600000 -0.100000
v 4.000000 0.700000 -0.100000
v 4.000000 0.800000 -0.100000
v 4.000000 0.900000 -0.100000
v 4.000000 1.000000 -0.100000
v 4.000000 1.100000 -0.100000
v 4.000000 1.200000 -0.100000
v 4.000000 1.300000 -0.100000
v 4.000000 1.400000 -0.100000
v 4.000000 1.500000 -0.100000
v 4.000000 1.600000 -0.100000
v 4.000000 1.700000 -0.100000
v 4.000000 1.800000 -0.100000
v 4.000000 1.900000 -0.100000
v 4.000000 2.100000 -0.100000
v 4.000000 2.200000 -0.100000
v 4.000000 2.300000 -0.100000
v 4.000000 2.400000 -0.100000
v 4.000000 2.500000 -0.100000
v 4.000000 2.600000 -0.100000
v 4.000000 2.700000 -0.100000
v 4.000000 2.800000 -0.100000
v 4.000000 2.900000 -0.100000
v 4.000000 3.000000 -0.100000
v 4.000000 3.200000 -0.100000
v 4.000000 3.300000 -0.100000
v 4.100000 1.000000 -0.100000
v 4.100000 3.200000 -0.100000
v -4.100000 3.000000 -0.200000
v -4.100000 3.100000 -0.200000
v -4.000000 3.000000 -0.200000
v -4.000000 3.100000 -0.200000
v -3.900000 3.000000 -0.200000
v -3.900000 3.100000 -0.200000
v -0.650000 3.000000 -0.200000
v -0.650000 3.100000 -0.200000
v 0.750000 3.100000 -0.200000
v 2.450000 3.000000 -0.200000
v 2.450000 3.100000 -0.200000
v 3.900000 3.000000 -0.200000
v 3.900000 3.100000 -0.200000
v 4.000000 3.000000 -0.200000
v 4.000000 3.100000 -0.200000
v 4.100000 3.000000 -0.200000
v 4.100000 3.100000 -0.200000
v 4.100000 3.500000 -0.200000
v 4.100000 3.700000 -0.200000
v 4.200000 3.500000 -0.200000
v 4.200000 3.700000 -0.200000
v -4.100000 1.300000 -0.400000
v -4.100000 1.500000 -0.400000
v -4.000000 1.300000 -0.400000
v -4.000000 1.500000 -0.400000
v -4.100000 1.600000 -0.500000
v -4.100000 2.000000 -0.500000
v -4.000000 1.600000 -0.500000
v -4.000000 2.000000 -0.500000
v -3.900000 1.600000 -0.500000
v -3.900000 2.000000 -0.500000
v -3.600000 1.600000 -0.500000
v -3.600000 2.000000 -0.500000
v -4.300000 3.600000 -0.600000
v -4.300000 3.800000 -0.600000
v -4.100000 3.600000 -0.600000
v -4.100000 3.800000 -0.600000
v 4.100000 0.300000 -0.600000
v 4.100000 0.500000 -0.600000
v 4.100000 3.100000 -0.600000
v 4.100000 3.500000 -0.600000
v 4.100000 3.600000 -0.600000
v 4.100000 3.800000 -0.600000
v 4.200000 0.300000 -0.600000
v 4.200000 0.500000 -0.600000
v 4.200000 3.100000 -0.600000
v 4.200000 3.500000 -0.600000
v 4.300000 3.600000 -0.600000
v 4.300000 3.800000 -0.600000
v -3.900000 0.100000 -0.800000
v -3.900000 1.100000 -0.800000
v -3.900000 1.600000 -0.800000
v -3.900000 2.000000 -0.800000
v -3.900000 3.000000 -0.800000
v -3.750000 1.450000 -0.800000
v -3.750000 3.000000 -0.800000
v -3.800000 3.900000 -0.800000
v -3.800000 4.000000 -0.800000
v -3.600000 1.600000 -0.800000
v -3.600000 2.000000 -0.800000
v -3.450000 1.050000 -0.800000
v -3.450000 1.350000 -0.800000
v -3.300000 0.587500 -0.800000
v -3.350000 2.050000 -0.800000
v -3.250000 3.000000 -0.800000
v -2.900000 2.850000 -0.800000
v -2.750000 2.450000 -0.800000
v -2.650000 1.450000 -0.800000
v -2.700000 2.850000 -0.800000
v -2.300000 0.100000 -0.800000
v -2.200000 0.400000 -0.800000
v -2.200000 0.800000 -0.800000
v -2.200000 0.900000 -0.800000
v -2.200000 1.300000 -0.800000
v -2.200000 1.400000 -0.800000
v -2.200000 1.800000 -0.800000
v -2.200000 1.900000 -0.800000
v -2.200000 2.300000 -0.800000
v -2.200000 2.400000 -0.800000
v -2.200000 2.800000 -0.800000
v -2.300000 3.000000 -0.800000
v -2.200000 0.200000 -0.800000
v -2.100000 0.400000 -0.800000
v -2.100000 0.800000 -0.800000
v -2.100000 0.900000 -0.800000
v -2.100000 1.300000 -0.800000
v -2.100000 1.400000 -0.800000
v -2.100000 1.800000 -0.800000
v -2.100000 1.900000 -0.800000
v -2.100000 2.300000 -0.800000
v -2.100000 2.400000 -0.800000
v -2.100000 2.800000 -0.800000
v -2.000000 3.000000 -0.800000
v -1.900000 0.400000 -0.800000
v -1.900000 0.800000 -0.800000
v -1.900000 0.900000 -0.800000
v -1.900000 1.300000 -0.800000
v -1.900000 1.400000 -0.800000
v -1.900000 1.800000 -0.800000
v -1.900000 1.900000 -0.800000
v -1.900000 2.300000 -0.800000
v -1.900000 2.400000 -0.800000
v -1.900000 2.800000 -0.800000
v -1.700000 0.100000 -0.800000
v -1.800000 0.400000 -0.800000
v -1.800000 0.800000 -0.800000
v -1.800000 0.900000 -0.800000
v -1.800000 1.300000 -0.800000
v -1.800000 1.400000 -0.800000
v -1.800000 1.800000 -0.800000
v -1.800000 1.900000 -0.800000
v -1.800000 2.300000 -0.800000
v -1.800000 2.400000 -0.800000
v -1.800000 2.800000 -0.800000
v -1.700000 3.000000 -0.800000
v -1.700000 0.300000 -0.800000
v -1.700000 0.850000 -0.800000
v -1.700000 1.350000 -0.800000
v -1.700000 1.850000 -0.800000
v -1.700000 2.350000 -0.800000
v 1.700000 0.100000 -0.800000
v 1.700000 0.300000 -0.800000
v 1.700000 0.850000 -0.800000
v 1.700000 1.350000 -0.800000
v 1.700000 1.850000 -0.800000
v 1.700000 2.350000 -0.800000
v 1.700000 3.000000 -0.800000
v 1.800000 0.400000 -0.800000
v 1.800000 0.800000 -0.800000
v 1.800000 0.900000 -0.800000
v 1.800000 1.300000 -0.800000
v 1.800000 1.400000 -0.800000
v 1.800000 1.800000 -0.800000
v 1.800000 1.900000 -0.800000
v 1.800000 2.300000 -0.800000
v 1.800000 2.400000 -0.800000
v 1.800000 2.800000 -0.800000
v 1.900000 0.400000 -0.800000
v 1.900000 0.800000 -0.800000
v 1.900000 0.900000 -0.800000
v 1.900000 1.300000 -0.800000
v 1.900000 1.400000 -0.800000
v 1.900000 1.800000 -0.800000
v 1.900000 1.900000 -0.800000
v 1.900000 2.300000 -0.800000
v 1.900000 2.400000 -0.800000
v 1.900000 2.800000 -0.800000
v 2.000000 3.000000 -0.800000
v 2.100000 0.400000 -0.800000
v 2.100000 0.800000 -0.800000
v 2.100000 0.900000 -0.800000
v 2.100000 1.300000 -0.800000
v 2.100000 1.400000 -0.800000
v 2.100000 1.800000 -0.800000
v 2.100000 1.900000 -0.800000
v 2.100000 2.300000 -0.800000
v 2.100000 2.400000 -0.800000
v 2.100000 2.800000 -0.800000
v 2.200000 0.200000 -0.800000
v 2.200000 0.400000 -0.800000
v 2.200000 0.800000 -0.800000
v 2.200000 0.900000 -0.800000
v 2.200000 1.300000 -0.800000
v 2.200000 1.400000 -0.800000
v 2.200000 1.800000 -0.800000
v 2.200000 1.900000 -0.800000
v 2.200000 2.300000 -0.800000
v 2.200000 2.400000 -0.800000
v 2.200000 2.800000 -0.800000
v 2.300000 0.100000 -0.800000
v 2.300000 3.000000 -0.800000
v 2.450000 0.950000 -0.800000
v 2.575000 2.187500 -0.800000
v 2.650000 2.375000 -0.800000
v 2.750000 0.450000 -0.800000
v 2.950000 2.550000 -0.800000
v 3.050000 0.350000 -0.800000
v 3.050000 0.950000 -0.800000
v 3.050000 1.750000 -0.800000
v 3.250000 0.100000 -0.800000
v 3.250000 0.200000 -0.800000
v 3.350000 1.050000 -0.800000
v 3.350000 2.350000 -0.800000
v 3.450000 0.250000 -0.800000
v 3.800000 3.900000 -0.800000
v 3.800000 4.000000 -0.800000
v 3.900000 0.100000 -0.800000
v 3.900000 1.100000 -0.800000
v 3.900000 2.550000 -0.800000
v 3.900000 3.000000 -0.800000
v -4.200000 0.600000 -0.900000
v -4.200000 0.800000 -0.900000
v -4.100000 0.600000 -0.900000
v -4.100000 0.800000 -0.900000
v -3.900000 4.000000 -0.900000
v -3.900000 4.100000 -0.900000
v -1.700000 0.100000 -0.900000
v -1.700000 0.300000 -0.900000
v -1.700000 0.850000 -0.900000
v -1.700000 1.100000 -0.900000
v -1.700000 1.350000 -0.900000
v -1.700000 1.850000 -0.900000
v -1.700000 2.350000 -0.900000
v -1.700000 3.000000 -0.900000
v -1.600000 0.100000 -0.900000
v -1.600000 1.100000 -0.900000
v -1.450000 0.650000 -0.900000
v -1.450000 2.050000 -0.900000
v -1.400000 2.300000 -0.900000
v -1.400000 2.500000 -0.900000
v -1.150000 2.850000 -0.900000
v -1.100000 2.300000 -0.900000
v -1.037500 2.575000 -0.900000
v -0.850000 0.550000 -0.900000
v -0.731250 2.834375 -0.900000
v -0.750000 0.350000 -0.900000
v -0.675000 1.050000 -0.900000
v -0.575000 1.400000 -0.900000
v -0.600000 3.000000 -0.900000
v -0.450000 0.575000 -0.900000
v -0.400000 3.000000 -0.900000
v -0.400000 0.800000 -0.900000
v 0.450000 0.450000 -0.900000
v 0.400000 0.800000 -0.900000
v 0.400000 3.000000 -0.900000
v 0.575000 1.062500 -0.900000
v 0.575000 1.400000 -0.900000
v 0.650000 0.100000 -0.900000
v 0.600000 2.900000 -0.900000
v 0.600000 3.000000 -0.900000
v 0.750000 1.525000 -0.900000
v 0.912500 2.875000 -0.900000
v 0.950000 2.675000 -0.900000
v 1.100000 1.400000 -0.900000
v 1.100000 1.600000 -0.900000
v 1.200000 2.850000 -0.900000
v 1.350000 0.550000 -0.900000
v 1.450000 2.750000 -0.900000
v 1.700000 0.100000 -0.900000
v 1.600000 1.100000 -0.900000
v 1.600000 2.900000 -0.900000
v 1.700000 3.000000 -0.900000
v 1.700000 0.300000 -0.900000
v 1.700000 0.850000 -0.900000
v 1.700000 1.100000 -0.900000
v 1.700000 1.350000 -0.900000
v 1.700000 1.850000 -0.900000
v 1.700000 2.350000 -0.900000
v 3.900000 4.000000 -0.900000
v 3.900000 4.100000 -0.900000
v -0.500000 1.400000 -1.300000
v -0.500000 1.650000 -1.300000
v -0.500000 2.600000 -1.300000
v -0.500000 3.000000 -1.300000
v -0.400000 0.800000 -1.300000
v -0.400000 1.400000 -1.300000
v -0.400000 1.500000 -1.300000
v -0.400000 1.600000 -1.300000
v -0.400000 1.700000 -1.300000
v -0.400000 1.800000 -1.300000
v -0.400000 2.500000 -1.300000
v -0.400000 2.600000 -1.300000
v -0.400000 2.700000 -1.300000
v -0.400000 2.800000 -1.300000
v -0.400000 3.000000 -1.300000
v -0.300000 1.400000 -1.300000
v -0.300000 1.500000 -1.300000
v -0.300000 1.600000 -1.300000
v -0.300000 1.700000 -1.300000
v -0.300000 1.800000 -1.300000
v -0.300000 2.500000 -1.300000
v -0.300000 2.600000 -1.300000
v -0.300000 2.700000 -1.300000
v -0.300000 2.800000 -1.300000
v -0.300000 3.000000 -1.300000
v -0.200000 1.400000 -1.300000
v -0.200000 1.700000 -1.300000
v -0.200000 2.675000 -1.300000
v -0.200000 3.000000 -1.300000
v 0.200000 1.400000 -1.300000
v 0.200000 1.700000 -1.300000
v 0.200000 2.675000 -1.300000
v 0.200000 3.000000 -1.300000
v 0.300000 1.400000 -1.300000
v 0.300000 1.500000 -1.300000
v 0.300000 1.600000 -1.300000
v 0.300000 1.700000 -1.300000
v 0.300000 1.800000 -1.300000
v 0.300000 2.500000 -1.300000
v 0.300000 2.600000 -1.300000
v 0.300000 2.700000 -1.300000
v 0.300000 2.800000 -1.300000
v 0.300000 3.000000 -1.300000
v 0.400000 0.800000 -1.300000
v 0.400000 1.400000 -1.300000
v 0.400000 1.500000 -1.300000
v 0.400000 1.600000 -1.300000
v 0.400000 1.700000 -1.300000
v 0.400000 1.800000 -1.300000
v 0.400000 2.500000 -1.300000
v 0.400000 2.600000 -1.300000
v 0.400000 2.700000 -1.300000
v 0.400000 2.800000 -1.300000
v 0.400000 3.000000 -1.300000
v 0.500000 1.400000 -1.300000
v 0.500000 1.650000 -1.300000
v 0.500000 2.600000 -1.300000
v 0.500000 3.000000 -1.300000
v -0.500000 1.400000 1.300000
v -0.500000 1.650000 1.300000
v -0.500000 2.600000 1.300000
v -0.500000 3.000000 1.300000
v -0.400000 0.800000 1.300000
v -0.400000 1.400000 1.300000
v -0.400000 1.500000 1.300000
v -0.400000 1.600000 1.300000
v -0.400000 1.700000 1.300000
v -0.400000 1.800000 1.300000
v -0.400000 2.500000 1.300000
v -0.400000 2.600000 1.300000
v -0.400000 2.700000 1.300000
v -0.400000 2.800000 1.300000
v -0.400000 3.000000 1.300000
v -0.300000 1.400000 1.300000
v -0.300000 1.500000 1.300000
v -0.300000 1.600000 1.300000
v -0.300000 1.700000 1.300000
v -0.300000 1.800000 1.300000
v -0.300000 2.500000 1.300000
v -0.300000 2.600000 1.300000
v -0.300000 2.700000 1.300000
v -0.300000 2.800000 1.300000
v -0.300000 3.000000 1.300000
v -0.200000 1.400000 1.300000
v -0.200000 1.650000 1.300000
v -0.200000 2.675000 1.300000
v -0.200000 3.000000 1.300000
v 0.200000 1.400000 1.300000
v 0.200000 1.650000 1.300000
v 0.200000 2.675000 1.300000
v 0.200000 3.000000 1.300000
v 0.300000 1.400000 1.300000
v 0.300000 1.500000 1.300000
v 0.300000 1.600000 1.300000
v 0.300000 1.700000 1.300000
v 0.300000 1.800000 1.300000
v 0.300000 2.500000 1.300000
v 0.300000 2.600000 1.300000
v 0.300000 2.700000 1.300000
v 0.300000 2.800000 1.300000
v 0.300000 3.000000 1.300000
v 0.400000 0.800000 1.300000
v 0.400000 1.400000 1.300000
v 0.400000 1.500000 1.300000
v 0.400000 1.600000 1.300000
v 0.400000 1.700000 1.300000
v 0.400000 1.800000 1.300000
v 0.400000 2.500000 1.300000
v 0.400000 2.600000 1.300000
v 0.400000 2.700000 1.300000
v 0.400000 2.800000 1.300000
v 0.400000 3.000000 1.300000
v 0.500000 1.400000 1.300000
v 0.500000 1.650000 1.300000
v 0.500000 2.600000 1.300000
v 0.500000 3.000000 1.300000
v 4.100000 3.300000 1.000000
v 4.100000 3.500000 1.000000
v 4.200000 3.300000 1.000000
v 4.200000 3.500000 1.000000
v -4.100000 2.300000 0.900000
v -4.100000 2.700000 0.900000
v -4.000000 2.300000 0.900000
v -4.000000 2.700000 0.900000
v -3.900000 4.000000 0.900000
v -3.900000 4.100000 0.900000
v -2.550000 4.000000 0.900000
v -2.550000 4.100000 0.900000
v -1.950000 4.000000 0.900000
v -1.950000 4.100000 0.900000
v -1.700000 0.100000 0.900000
v -1.700000 0.300000 0.900000
v -1.700000 0.850000 0.900000
v -1.700000 1.100000 0.900000
v -1.700000 1.350000 0.900000
v -1.700000 1.850000 0.900000
v -1.700000 2.350000 0.900000
v -1.700000 3.000000 0.900000
v -1.600000 0.100000 0.900000
v -1.600000 1.100000 0.900000
v -1.550000 1.850000 0.900000
v -1.450000 4.000000 0.900000
v -1.450000 4.100000 0.900000
v -1.300000 1.100000 0.900000
v -1.200000 1.362500 0.900000
v -1.100000 0.787500 0.900000
v -1.150000 2.850000 0.900000
v -1.100000 2.050000 0.900000
v -1.000000 1.100000 0.900000
v -1.000000 1.400000 0.900000
v -1.000000 1.600000 0.900000
v -0.950000 2.600000 0.900000
v -0.925000 2.825000 0.900000
v -0.850000 0.750000 0.900000
v -0.900000 2.050000 0.900000
v -0.675000 1.050000 0.900000
v -0.575000 1.400000 0.900000
v -0.700000 1.600000 0.900000
v -0.600000 2.900000 0.900000
v -0.400000 3.000000 0.900000
v -0.400000 0.800000 0.900000
v -0.350000 0.100000 0.900000
v -0.350000 0.200000 0.900000
v 0.400000 0.800000 0.900000
v 0.400000 3.000000 0.900000
v 0.575000 1.400000 0.900000
v 0.675000 1.050000 0.900000
v 0.650000 1.750000 0.900000
v 0.600000 2.900000 0.900000
v 0.600000 3.000000 0.900000
v 0.750000 0.250000 0.900000
v 0.850000 1.350000 0.900000
v 0.850000 2.837500 0.900000
v 0.900000 2.100000 0.900000
v 0.900000 2.300000 0.900000
v 0.950000 2.600000 0.900000
v 1.112500 2.800000 0.900000
v 1.100000 2.400000 0.900000
v 1.250000 1.350000 0.900000
v 1.200000 2.100000 0.900000
v 1.200000 2.300000 0.900000
v 1.300000 0.400000 0.900000
v 1.300000 0.600000 0.900000
v 1.700000 0.100000 0.900000
v 1.600000 0.400000 0.900000
v 1.600000 0.600000 0.900000
v 1.600000 1.100000 0.900000
v 1.600000 2.400000 0.900000
v 1.600000 2.850000 0.900000
v 1.700000 3.000000 0.900000
v 1.700000 0.300000 0.900000
v 1.700000 0.850000 0.900000
v 1.700000 1.100000 0.900000
v 1.700000 1.350000 0.900000
v 1.700000 1.850000 0.900000
v 1.700000 2.350000 0.900000
v 3.900000 4.000000 0.900000
v 3.900000 4.100000 0.900000
v -4.200000 0.200000 0.800000
v -4.200000 0.600000 0.800000
v -4.100000 0.200000 0.800000
v -4.100000 0.600000 0.800000
v -3.900000 0.100000 0.800000
v -3.900000 0.850000 0.800000
v -3.900000 1.100000 0.800000
v -3.900000 1.650000 0.800000
v -3.900000 3.000000 0.800000
v -3.800000 0.850000 0.800000
v -3.750000 1.150000 0.800000
v -3.800000 1.650000 0.800000
v -3.750000 2.550000 0.800000
v -3.800000 3.000000 0.800000
v -3.800000 3.900000 0.800000
v -3.800000 4.000000 0.800000
v -3.550000 0.650000 0.800000
v -3.550000 2.850000 0.800000
v -3.350000 2.050000 0.800000
v -3.050000 1.650000 0.800000
v -3.050000 2.150000 0.800000
v -2.750000 0.350000 0.800000
v -2.650000 1.850000 0.800000
v -2.650000 2.650000 0.800000
v -2.450000 1.450000 0.800000
v -2.300000 0.100000 0.800000
v -2.225000 0.250000 0.800000
v -2.300000 0.800000 0.800000
v -2.200000 0.900000 0.800000
v -2.200000 1.300000 0.800000
v -2.200000 1.400000 0.800000
v -2.200000 1.800000 0.800000
v -2.200000 1.900000 0.800000
v -2.200000 2.300000 0.800000
v -2.200000 2.400000 0.800000
v -2.200000 2.800000 0.800000
v -2.300000 3.000000 0.800000
v -2.200000 0.400000 0.800000
v -2.200000 0.800000 0.800000
v -2.100000 0.400000 0.800000
v -2.100000 0.800000 0.800000
v -2.100000 0.900000 0.800000
v -2.100000 1.300000 0.800000
v -2.100000 1.400000 0.800000
v -2.100000 1.800000 0.800000
v -2.100000 1.900000 0.800000
v -2.100000 2.300000 0.800000
v -2.100000 2.400000 0.800000
v -2.100000 2.800000 0.800000
v -2.000000 3.000000 0.800000
v -1.900000 0.400000 0.800000
v -1.900000 0.800000 0.800000
v -1.900000 0.900000 0.800000
v -1.900000 1.300000 0.800000
v -1.900000 1.400000 0.800000
v -1.900000 1.800000 0.800000
v -1.900000 1.900000 0.800000
v -1.900000 2.300000 0.800000
v -1.900000 2.400000 0.800000
v -1.900000 2.800000 0.800000
v -1.700000 0.100000 0.800000
v -1.800000 0.400000 0.800000
v -1.800000 0.800000 0.800000
v -1.800000 0.900000 0.800000
v -1.800000 1.300000 0.800000
v -1.800000 1.400000 0.800000
v -1.800000 1.800000 0.800000
v -1.800000 1.900000 0.800000
v -1.800000 2.300000 0.800000
v -1.800000 2.400000 0.800000
v -1.800000 2.800000 0.800000
v -1.700000 0.300000 0.800000
v -1.700000 0.850000 0.800000
v -1.700000 1.350000 0.800000
v -1.700000 1.850000 0.800000
v -1.700000 2.350000 0.800000
v -1.700000 3.000000 0.800000
v 1.700000 0.100000 0.800000
v 1.700000 0.300000 0.800000
v 1.700000 0.850000 0.800000
v 1.700000 1.350000 0.800000
v 1.700000 1.850000 0.800000
v 1.700000 2.350000 0.800000
v 1.700000 3.000000 0.800000
v 1.800000 0.400000 0.800000
v 1.800000 0.800000 0.800000
v 1.800000 0.900000 0.800000
v 1.800000 1.300000 0.800000
v 1.800000 1.400000 0.800000
v 1.800000 1.800000 0.800000
v 1.800000 1.900000 0.800000
v 1.800000 2.300000 0.800000
v 1.800000 2.400000 0.800000
v 1.800000 2.800000 0.800000
v 1.900000 0.400000 0.800000
v 1.900000 0.800000 0.800000
v 1.900000 0.900000 0.800000
v 1.900000 1.300000 0.800000
v 1.900000 1.400000 0.800000
v 1.900000 1.800000 0.800000
v 1.900000 1.900000 0.800000
v 1.900000 2.300000 0.800000
v 1.900000 2.400000 0.800000
v 1.900000 2.800000 0.800000
v 2.000000 3.000000 0.800000
v 2.100000 0.400000 0.800000
v 2.100000 0.800000 0.800000
v 2.100000 0.900000 0.800000
v 2.100000 1.300000 0.800000
v 2.100000 1.400000 0.800000
v 2.100000 1.800000 0.800000
v 2.100000 1.900000 0.800000
v 2.100000 2.300000 0.800000
v 2.100000 2.400000 0.800000
v 2.100000 2.800000 0.800000
v 2.200000 0.200000 0.800000
v 2.200000 0.400000 0.800000
v 2.200000 0.800000 0.800000
v 2.200000 0.900000 0.800000
v 2.200000 1.300000 0.800000
v 2.200000 1.400000 0.800000
v 2.200000 1.800000 0.800000
v 2.200000 1.900000 0.800000
v 2.200000 2.300000 0.800000
v 2.200000 2.400000 0.800000
v 2.200000 2.800000 0.800000
v 2.300000 0.100000 0.800000
v 2.362500 0.650000 0.800000
v 2.300000 3.000000 0.800000
v 2.450000 2.850000 0.800000
v 2.550000 0.775000 0.800000
v 2.650000 0.350000 0.800000
v 2.650000 2.450000 0.800000
v 2.850000 1.850000 0.800000
v 2.950000 0.450000 0.800000
v 3.012500 2.000000 0.800000
v 3.350000 1.950000 0.800000
v 3.450000 1.450000 0.800000
v 3.550000 1.150000 0.800000
v 3.650000 0.550000 0.800000
v 3.650000 0.850000 0.800000
v 3.750000 3.000000 0.800000
v 3.800000 1.300000 0.800000
v 3.800000 1.700000 0.800000
v 3.800000 3.900000 0.800000
v 3.800000 4.000000 0.800000
v 3.900000 0.100000 0.800000
v 3.900000 1.100000 0.800000
v 3.900000 1.300000 0.800000
v 3.900000 1.700000 0.800000
v 3.900000 2.550000 0.800000
v 3.900000 3.000000 0.800000
v -4.300000 3.600000 0.600000
v -4.300000 3.800000 0.600000
v -4.100000 3.600000 0.600000
v -4.100000 3.800000 0.600000
v 4.100000 3.600000 0.600000
v 4.100000 3.800000 0.600000
v 4.300000 3.600000 0.600000
v 4.300000 3.800000 0.600000
v 3.800000 1.300000 0.500000
v 3.800000 1.700000 0.500000
v 3.900000 1.300000 0.500000
v 3.900000 1.700000 0.500000
v 4.000000 1.300000 0.500000
v 4.000000 1.700000 0.500000
v 4.100000 1.300000 0.500000
v 4.100000 1.700000 0.500000
v -4.100000 3.000000 0.200000
v -4.100000 3.100000 0.200000
v -4.000000 3.000000 0.200000
v -4.000000 3.100000 0.200000
v -3.900000 3.000000 0.200000
v -3.900000 3.100000 0.200000
v -2.450000 3.100000 0.200000
v -1.850000 3.100000 0.200000
v -0.550000 3.100000 0.200000
v 2.250000 3.100000 0.200000
v 3.900000 3.000000 0.200000
v 3.900000 3.100000 0.200000
v 4.000000 3.000000 0.200000
v 4.000000 3.100000 0.200000
v 4.100000 3.000000 0.200000
v 4.100000 3.100000 0.200000
v -4.100000 0.600000 0.100000
v -4.100000 1.000000 0.100000
v -4.100000 3.100000 0.100000
v -4.100000 3.400000 0.100000
v -4.000000 0.700000 0.100000
v -4.000000 0.800000 0.100000
v -4.000000 0.900000 0.100000
v -4.000000 1.000000 0.100000
v -4.000000 1.100000 0.100000
v -4.000000 1.200000 0.100000
v -4.000000 1.300000 0.100000
v -4.000000 1.400000 0.100000
v -4.000000 1.500000 0.100000
v -4.000000 1.600000 0.100000
v -4.000000 1.700000 0.100000
v -4.000000 1.800000 0.100000
v -4.000000 1.900000 0.100000
v -4.000000 2.100000 0.100000
v -4.000000 2.200000 0.100000
v -4.000000 2.300000 0.100000
v -4.000000 2.400000 0.100000
v -4.000000 2.500000 0.100000
v -4.000000 2.600000 0.100000
v -4.000000 2.700000 0.100000
v -4.000000 2.800000 0.100000
v -4.000000 2.900000 0.100000
v -4.000000 3.000000 0.100000
v -4.000000 3.200000 0.100000
v -4.000000 3.300000 0.100000
v -3.900000 0.600000 0.100000
v -3.900000 0.700000 0.100000
v -3.900000 0.800000 0.100000
v -3.900000 0.900000 0.100000
v -3.900000 1.000000 0.100000
v -3.900000 1.100000 0.100000
v -3.900000 1.200000 0.100000
v -3.900000 1.300000 0.100000
v -3.900000 1.400000 0.100000
v -3.900000 1.500000 0.100000
v -3.900000 1.600000 0.100000
v -3.900000 1.700000 0.100000
v -3.900000 1.800000 0.100000
v -3.900000 1.900000 0.100000
v -3.900000 2.100000 0.100000
v -3.900000 2.200000 0.100000
v -3.900000 2.300000 0.100000
v -3.900000 2.400000 0.100000
v -3.900000 2.500000 0.100000
v -3.900000 2.600000 0.100000
v -3.900000 2.700000 0.100000
v -3.900000 2.800000 0.100000
v -3.900000 2.900000 0.100000
v -3.900000 3.000000 0.100000
v -3.900000 3.200000 0.100000
v -3.900000 3.300000 0.100000
v -2.650000 3.250000 0.100000
v -2.450000 3.100000 0.100000
v -2.450000 3.200000 0.100000
v -1.850000 3.100000 0.100000
v -1.850000 3.200000 0.100000
v -1.550000 3.400000 0.100000
v -1.450000 3.250000 0.100000
v -1.350000 3.400000 0.100000
v -0.550000 3.100000 0.100000
v -0.550000 3.200000 0.100000
v 0.500000 3.250000 0.100000
v 0.700000 3.250000 0.100000
v 0.950000 3.300000 0.100000
v 0.950000 3.400000 0.100000
v 2.050000 3.250000 0.100000
v 2.250000 3.100000 0.100000
v 2.250000 3.200000 0.100000
v 2.650000 3.400000 0.100000
v 3.450000 3.300000 0.100000
v 3.450000 3.400000 0.100000
v 3.900000 0.600000 0.100000
v 3.900000 0.700000 0.100000
v 3.900000 0.800000 0.100000
v 3.900000 0.900000 0.100000
v 3.900000 1.000000 0.100000
v 3.900000 1.100000 0.100000
v 3.900000 1.200000 0.100000
v 3.900000 1.300000 0.100000
v 3.900000 1.400000 0.100000
v 3.900000 1.500000 0.100000
v 3.900000 1.600000 0.100000
v 3.900000 1.700000 0.100000
v 3.900000 1.800000 0.100000
v 3.900000 1.900000 0.100000
v 3.900000 2.100000 0.100000
v 3.900000 2.200000 0.100000
v 3.900000 2.300000 0.100000
v 3.900000 2.400000 0.100000
v 3.900000 2.500000 0.100000
v 3.900000 2.600000 0.100000
v 3.900000 2.700000 0.100000
v 3.900000 2.800000 0.100000
v 3.900000 2.900000 0.100000
v 3.900000 3.000000 0.100000
v 4.100000 3.100000 0.100000
v 3.900000 3.200000 0.100000
v 3.900000 3.300000 0.100000
v 4.100000 3.400000 0.100000
v 4.100000 0.600000 0.100000
v 4.000000 0.700000 0.100000
v 4.000000 0.800000 0.100000
v 4.000000 0.900000 0.100000
v 4.000000 1.000000 0.100000
v 4.000000 1.100000 0.100000
v 4.000000 1.200000 0.100000
v 4.000000 1.300000 0.100000
v 4.000000 1.400000 0.100000
v 4.000000 1.500000 0.100000
v 4.000000 1.600000 0.100000
v 4.000000 1.700000 0.100000
v 4.000000 1.800000 0.100000
v 4.000000 1.900000 0.100000
v 4.000000 2.100000 0.100000
v 4.000000 2.200000 0.100000
v 4.000000 2.300000 0.100000
v 4.000000 2.400000 0.100000
v 4.000000 2.500000 0.100000
v 4.000000 2.600000 0.100000
v 4.000000 2.700000 0.100000
v 4.000000 2.800000 0.100000
v 4.000000 2.900000 0.100000
v 4.000000 3.000000 0.100000
v 4.000000 3.200000 0.100000
v 4.000000 3.300000 0.100000
v 4.100000 1.000000 0.100000
v -4.300000 3.600000 -0.100000
v -4.300000 3.800000 -0.100000
v -4.100000 3.600000 -0.100000
v -4.100000 3.800000 -0.100000
v 4.100000 3.600000 -0.100000
v 4.100000 3.800000 -0.100000
v 4.300000 3.600000 -0.100000
v 4.300000 3.800000 -0.100000
v 4.100000 3.500000 -0.500000
v 4.100000 3.700000 -0.500000
v 4.200000 3.500000 -0.500000
v 4.200000 3.700000 -0.500000
v -4.100000 1.300000 -0.700000
v -4.100000 1.500000 -0.700000
v -4.000000 1.300000 -0.700000
v -4.000000 1.500000 -0.700000
v -4.300000 3.600000 -0.800000
v -4.300000 3.800000 -0.800000
v -4.100000 3.800000 -0.800000
v -4.100000 3.600000 -0.800000
v 4.100000 3.600000 -0.800000
v 4.100000 3.800000 -0.800000
v 4.300000 3.600000 -0.800000
v 4.300000 3.800000 -0.800000
v -2.300000 0.100000 -0.900000
v -2.300000 0.300000 -0.900000
v -2.300000 0.850000 -0.900000
v -2.300000 1.100000 -0.900000
v -2.300000 1.350000 -0.900000
v -2.300000 1.850000 -0.900000
v -2.300000 2.350000 -0.900000
v -2.300000 3.000000 -0.900000
v -2.200000 0.400000 -0.900000
v -2.200000 0.800000 -0.900000
v -2.200000 0.900000 -0.900000
v -2.200000 1.300000 -0.900000
v -2.200000 1.400000 -0.900000
v -2.200000 1.800000 -0.900000
v -2.200000 1.900000 -0.900000
v -2.200000 2.300000 -0.900000
v -2.200000 2.400000 -0.900000
v -2.200000 2.800000 -0.900000
v -2.100000 0.400000 -0.900000
v -2.100000 0.800000 -0.900000
v -2.100000 0.900000 -0.900000
v -2.100000 1.300000 -0.900000
v -2.100000 1.400000 -0.900000
v -2.100000 1.800000 -0.900000
v -2.100000 1.900000 -0.900000
v -2.100000 2.300000 -0.900000
v -2.100000 2.400000 -0.900000
v -2.100000 2.800000 -0.900000
v -2.100000 3.000000 -0.900000
v -2.100000 3.300000 -0.900000
v -1.900000 0.400000 -0.900000
v -1.900000 0.800000 -0.900000
v -1.900000 0.900000 -0.900000
v -1.900000 1.300000 -0.900000
v -1.900000 1.400000 -0.900000
v -1.900000 1.800000 -0.900000
v -1.900000 1.900000 -0.900000
v -1.900000 2.300000 -0.900000
v -1.900000 2.400000 -0.900000
v -1.900000 2.800000 -0.900000
v -1.900000 3.000000 -0.900000
v -1.900000 3.300000 -0.900000
v -1.700000 0.100000 -0.900000
v -1.800000 0.400000 -0.900000
v -1.800000 0.800000 -0.900000
v -1.800000 0.900000 -0.900000
v -1.800000 1.300000 -0.900000
v -1.800000 1.400000 -0.900000
v -1.800000 1.800000 -0.900000
v -1.800000 1.900000 -0.900000
v -1.800000 2.300000 -0.900000
v -1.800000 2.400000 -0.900000
v -1.800000 2.800000 -0.900000
v -1.700000 0.300000 -0.900000
v -1.700000 0.850000 -0.900000
v -1.700000 1.100000 -0.900000
v -1.700000 1.350000 -0.900000
v -1.700000 1.850000 -0.900000
v -1.700000 2.350000 -0.900000
v -1.700000 3.000000 -0.900000
v 1.700000 0.100000 -0.900000
v 1.700000 0.300000 -0.900000
v 1.700000 0.850000 -0.900000
v 1.700000 1.100000 -0.900000
v 1.700000 1.350000 -0.900000
v 1.700000 1.850000 -0.900000
v 1.700000 2.350000 -0.900000
v 1.700000 3.000000 -0.900000
v 1.800000 0.400000 -0.900000
v 1.800000 0.800000 -0.900000
v 1.800000 0.900000 -0.900000
v 1.800000 1.300000 -0.900000
v 1.800000 1.400000 -0.900000
v 1.800000 1.800000 -0.900000
v 1.800000 1.900000 -0.900000
v 1.800000 2.300000 -0.900000
v 1.800000 2.400000 -0.900000
v 1.800000 2.800000 -0.900000
v 1.900000 0.400000 -0.900000
v 1.900000 0.800000 -0.900000
v 1.900000 0.900000 -0.900000
v 1.900000 1.300000 -0.900000
v 1.900000 1.400000 -0.900000
v 1.900000 1.800000 -0.900000
v 1.900000 1.900000 -0.900000
v 1.900000 2.300000 -0.900000
v 1.900000 2.400000 -0.900000
v 1.900000 2.800000 -0.900000
v 1.900000 3.000000 -0.900000
v 1.900000 3.300000 -0.900000
v 2.100000 0.400000 -0.900000
v 2.100000 0.800000 -0.900000
v 2.100000 0.900000 -0.900000
v 2.100000 1.300000 -0.900000
v 2.100000 1.400000 -0.900000
v 2.100000 1.800000 -0.900000
v 2.100000 1.900000 -0.900000
v 2.100000 2.300000 -0.900000
v 2.100000 2.400000 -0.900000
v 2.100000 2.800000 -0.900000
v 2.100000 3.000000 -0.900000
v 2.100000 3.300000 -0.900000
v 2.300000 0.100000 -0.900000
v 2.200000 0.400000 -0.900000
v 2.200000 0.800000 -0.900000
v 2.200000 0.900000 -0.900000
v 2.200000 1.300000 -0.900000
v 2.200000 1.400000 -0.900000
v 2.200000 1.800000 -0.900000
v 2.200000 1.900000 -0.900000
v 2.200000 2.300000 -0.900000
v 2.200000 2.400000 -0.900000
v 2.200000 2.800000 -0.900000
v 2.300000 0.300000 -0.900000
v 2.300000 0.850000 -0.900000
v 2.300000 1.100000 -0.900000
v 2.300000 1.350000 -0.900000
v 2.300000 1.850000 -0.900000
v 2.300000 2.350000 -0.900000
v 2.300000 3.000000 -0.900000
v 4.100000 0.300000 -0.900000
v 4.100000 0.500000 -0.900000
v 4.200000 0.300000 -0.900000
v 4.200000 0.500000 -0.900000
v -4.000000 1.000000 -1.000000
v -4.000000 1.250000 -1.000000
v -4.000000 1.600000 -1.000000
v -4.000000 2.000000 -1.000000
v -4.000000 2.250000 -1.000000
v -4.000000 2.800000 -1.000000
v -4.000000 3.000000 -1.000000
v -3.900000 1.250000 -1.000000
v -3.825000 2.300000 -1.000000
v -3.600000 1.600000 -1.000000
v -3.600000 2.000000 -1.000000
v -3.500000 2.400000 -1.000000
v -3.450000 1.750000 -1.000000
v -3.500000 2.600000 -1.000000
v -3.300000 2.300000 -1.000000
v -3.300000 2.400000 -1.000000
v -3.250000 2.850000 -1.000000
v -3.150000 2.000000 -1.000000
v -3.200000 2.200000 -1.000000
v -3.200000 2.400000 -1.000000
v -3.200000 2.600000 -1.000000
v -3.100000 2.200000 -1.000000
v -2.800000 1.850000 -1.000000
v -2.750000 2.850000 -1.000000
v -2.650000 2.350000 -1.000000
v -2.600000 1.850000 -1.000000
v -2.550000 2.750000 -1.000000
v -2.300000 1.000000 -1.000000
v -2.300000 3.000000 -1.000000
v -1.700000 1.000000 -1.000000
v -1.700000 3.000000 -1.000000
v -1.450000 2.050000 -1.000000
v -1.300000 2.400000 -1.000000
v -1.300000 2.600000 -1.000000
v -1.150000 2.850000 -1.000000
v -1.000000 2.400000 -1.000000
v -1.000000 2.600000 -1.000000
v -0.731250 2.834375 -1.000000
v -0.600000 1.000000 -1.000000
v -0.600000 1.400000 -1.000000
v -0.650000 3.000000 -1.000000
v -0.400000 1.400000 -1.000000
v -0.400000 3.000000 -1.000000
v 0.400000 1.400000 -1.000000
v 0.400000 3.000000 -1.000000
v 0.600000 1.000000 -1.000000
v 0.600000 1.400000 -1.000000
v 0.600000 2.900000 -1.000000
v 0.650000 3.000000 -1.000000
v 0.700000 1.100000 -1.000000
v 0.900000 1.500000 -1.000000
v 0.825000 2.850000 -1.000000
v 0.900000 1.700000 -1.000000
v 0.950000 2.675000 -1.000000
v 1.050000 1.000000 -1.000000
v 1.000000 2.900000 -1.000000
v 1.200000 1.500000 -1.000000
v 1.200000 1.700000 -1.000000
v 1.200000 2.850000 -1.000000
v 1.450000 2.750000 -1.000000
v 1.700000 1.000000 -1.000000
v 1.700000 3.000000 -1.000000
v 2.300000 1.000000 -1.000000
v 2.300000 3.000000 -1.000000
v 2.450000 2.750000 -1.000000
v 2.750000 2.850000 -1.000000
v 2.850000 1.250000 -1.000000
v 3.000000 1.600000 -1.000000
v 3.000000 1.800000 -1.000000
v 3.050000 1.150000 -1.000000
v 3.100000 2.300000 -1.000000
v 3.175000 1.387500 -1.000000
v 3.100000 1.900000 -1.000000
v 3.150000 2.850000 -1.000000
v 3.300000 1.600000 -1.000000
v 3.350000 1.150000 -1.000000
v 3.300000 1.800000 -1.000000
v 3.350000 2.750000 -1.000000
v 3.700000 1.900000 -1.000000
v 3.700000 2.300000 -1.000000
v 3.825000 2.550000 -1.000000
v 3.900000 2.150000 -1.000000
v 3.900000 2.850000 -1.000000
v 4.000000 1.000000 -1.000000
v 4.000000 2.150000 -1.000000
v 4.000000 2.550000 -1.000000
v 4.000000 2.800000 -1.000000
v 4.000000 3.000000 -1.000000
v -4.100000 0.100000 -1.100000
v -4.100000 0.600000 -1.100000
v -4.100000 0.800000 -1.100000
v -4.100000 1.000000 -1.100000
v -4.100000 1.600000 -1.100000
v -4.100000 2.000000 -1.100000
v -4.100000 3.000000 -1.100000
v -4.100000 4.100000 -1.100000
v -3.925000 3.187500 -1.100000
v -3.800000 0.300000 -1.100000
v -3.800000 0.500000 -1.100000
v -3.900000 0.600000 -1.100000
v -3.900000 0.800000 -1.100000
v -3.850000 3.375000 -1.100000
v -3.600000 3.800000 -1.100000
v -3.700000 3.950000 -1.100000
v -3.500000 0.300000 -1.100000
v -3.600000 1.600000 -1.100000
v -3.600000 2.000000 -1.100000
v -3.600000 3.600000 -1.100000
v -3.500000 0.500000 -1.100000
v -3.500000 2.400000 -1.100000
v -3.500000 2.600000 -1.100000
v -3.400000 3.600000 -1.100000
v -3.500000 3.950000 -1.100000
v -3.400000 3.800000 -1.100000
v -3.250000 0.250000 -1.100000
v -3.250000 0.650000 -1.100000
v -3.200000 2.400000 -1.100000
v -3.200000 2.600000 -1.100000
v -3.150000 3.950000 -1.100000
v -3.050000 0.350000 -1.100000
v -2.900000 0.250000 -1.100000
v -2.837500 3.750000 -1.100000
v -2.631250 0.275000 -1.100000
v -2.600000 3.800000 -1.100000
v -2.600000 3.600000 -1.100000
v -2.550000 4.000000 -1.100000
v -2.550000 4.100000 -1.100000
v -2.400000 3.600000 -1.100000
v -2.300000 0.100000 -1.100000
v -2.300000 1.000000 -1.100000
v -2.400000 3.000000 -1.100000
v -2.400000 3.100000 -1.100000
v -2.400000 3.800000 -1.100000
v -2.100000 3.000000 -1.100000
v -2.100000 3.300000 -1.100000
v -2.050000 3.650000 -1.100000
v -1.900000 3.000000 -1.100000
v -1.900000 3.300000 -1.100000
v -1.700000 0.100000 -1.100000
v -1.700000 1.000000 -1.100000
v -1.600000 3.600000 -1.100000
v -1.400000 0.300000 -1.100000
v -1.600000 3.000000 -1.100000
v -1.600000 3.100000 -1.100000
v -1.600000 3.800000 -1.100000
v -1.400000 0.700000 -1.100000
v -1.400000 3.600000 -1.100000
v -1.400000 3.800000 -1.100000
v -1.300000 2.400000 -1.100000
v -1.300000 2.600000 -1.100000
v -1.200000 3.650000 -1.100000
v -1.000000 2.400000 -1.100000
v -1.000000 2.600000 -1.100000
v -0.950000 3.150000 -1.100000
v -0.800000 0.300000 -1.100000
v -0.800000 0.700000 -1.100000
v -0.750000 3.750000 -1.100000
v -0.600000 0.900000 -1.100000
v -0.600000 1.000000 -1.100000
v -0.600000 3.000000 -1.100000
v -0.600000 3.200000 -1.100000
v -0.600000 3.600000 -1.100000
v -0.600000 3.800000 -1.100000
v -0.500000 0.700000 -1.100000
v -0.400000 0.300000 -1.100000
v -0.500000 0.900000 -1.100000
v -0.400000 3.600000 -1.100000
v -0.400000 0.700000 -1.100000
v -0.400000 3.800000 -1.100000
v -0.350000 3.950000 -1.100000
v -0.200000 0.300000 -1.100000
v -0.200000 0.700000 -1.100000
v 0.037500 0.525000 -1.100000
v 0.200000 0.300000 -1.100000
v 0.200000 0.700000 -1.100000
v 0.400000 0.300000 -1.100000
v 0.400000 0.700000 -1.100000
v 0.400000 3.600000 -1.100000
v 0.400000 3.800000 -1.100000
v 0.500000 0.700000 -1.100000
v 0.500000 0.900000 -1.100000
v 0.600000 0.900000 -1.100000
v 0.600000 1.000000 -1.100000
v 0.600000 3.000000 -1.100000
v 0.600000 3.200000 -1.100000
v 0.600000 3.600000 -1.100000
v 0.600000 3.800000 -1.100000
v 0.650000 3.900000 -1.100000
v 0.800000 3.400000 -1.100000
v 0.931250 0.275000 -1.100000
v 0.800000 3.600000 -1.100000
v 0.900000 1.500000 -1.100000
v 0.900000 1.700000 -1.100000
v 0.900000 3.700000 -1.100000
v 1.050000 0.900000 -1.100000
v 1.050000 1.000000 -1.100000
v 1.100000 3.400000 -1.100000
v 1.100000 3.600000 -1.100000
v 1.250000 0.200000 -1.100000
v 1.250000 0.300000 -1.100000
v 1.200000 1.500000 -1.100000
v 1.200000 1.700000 -1.100000
v 1.350000 0.650000 -1.100000
v 1.350000 3.362500 -1.100000
v 1.400000 3.600000 -1.100000
v 1.400000 3.800000 -1.100000
v 1.450000 0.450000 -1.100000
v 1.700000 0.100000 -1.100000
v 1.700000 1.000000 -1.100000
v 1.600000 3.000000 -1.100000
v 1.600000 3.100000 -1.100000
v 1.600000 3.600000 -1.100000
v 1.600000 3.800000 -1.100000
v 1.900000 3.000000 -1.100000
v 1.900000 3.300000 -1.100000
v 1.950000 3.950000 -1.100000
v 2.100000 3.000000 -1.100000
v 2.100000 3.300000 -1.100000
v 2.300000 0.100000 -1.100000
v 2.300000 1.000000 -1.100000
v 2.475000 0.306250 -1.100000
v 2.400000 3.000000 -1.100000
v 2.400000 3.100000 -1.100000
v 2.400000 3.600000 -1.100000
v 2.400000 3.800000 -1.100000
v 2.675000 0.450000 -1.100000
v 2.600000 3.600000 -1.100000
v 2.600000 3.800000 -1.100000
v 2.750000 0.200000 -1.100000
v 2.800000 3.400000 -1.100000
v 2.750000 3.950000 -1.100000
v 2.800000 3.600000 -1.100000
v 2.950000 3.150000 -1.100000
v 3.000000 1.600000 -1.100000
v 3.000000 1.800000 -1.100000
v 3.100000 3.400000 -1.100000
v 3.100000 1.900000 -1.100000
v 3.100000 2.300000 -1.100000
v 3.100000 3.600000 -1.100000
v 3.250000 3.150000 -1.100000
v 3.300000 1.600000 -1.100000
v 3.300000 1.800000 -1.100000
v 3.450000 0.350000 -1.100000
v 3.450000 3.250000 -1.100000
v 3.400000 3.600000 -1.100000
v 3.400000 3.800000 -1.100000
v 3.600000 0.600000 -1.100000
v 3.600000 3.600000 -1.100000
v 3.600000 0.800000 -1.100000
v 3.600000 3.800000 -1.100000
v 3.700000 1.900000 -1.100000
v 3.700000 2.300000 -1.100000
v 3.850000 0.350000 -1.100000
v 3.900000 0.600000 -1.100000
v 3.800000 3.700000 -1.100000
v 3.800000 3.800000 -1.100000
v 3.900000 0.800000 -1.100000
v 3.900000 3.100000 -1.100000
v 3.900000 3.500000 -1.100000
v 3.950000 3.700000 -1.100000
v 3.950000 3.800000 -1.100000
v 4.100000 3.000000 -1.100000
v 4.100000 3.100000 -1.100000
v 4.100000 0.100000 -1.100000
v 4.100000 0.650000 -1.100000
v 4.100000 1.000000 -1.100000
v 4.100000 3.500000 -1.100000
v 4.100000 4.100000 -1.100000
v -4.200000 0.600000 -1.200000
v -4.200000 0.800000 -1.200000
v -3.900000 0.600000 -1.200000
v -3.900000 0.800000 -1.200000
v -3.800000 0.300000 -1.200000
v -3.800000 0.500000 -1.200000
v -3.500000 0.300000 -1.200000
v -3.500000 0.500000 -1.200000
v -1.400000 0.300000 -1.200000
v -1.400000 0.700000 -1.200000
v -0.800000 0.300000 -1.200000
v -0.800000 0.700000 -1.200000
v -0.400000 0.300000 -1.200000
v -0.400000 0.600000 -1.200000
v -0.200000 0.300000 -1.200000
v -0.200000 0.600000 -1.200000
v 0.200000 0.300000 -1.200000
v 0.200000 0.600000 -1.200000
v 0.400000 0.300000 -1.200000
v 0.400000 0.600000 -1.200000
v 0.800000 3.400000 -1.200000
v 0.800000 3.600000 -1.200000
v 1.100000 3.400000 -1.200000
v 1.100000 3.600000 -1.200000
v 2.800000 3.400000 -1.200000
v 2.800000 3.600000 -1.200000
v 3.100000 3.400000 -1.200000
v 3.100000 3.600000 -1.200000
v 3.600000 0.600000 -1.200000
v 3.600000 0.800000 -1.200000
v 3.900000 0.600000 -1.200000
v 3.900000 0.800000 -1.200000
v 3.900000 3.100000 -1.200000
v 3.900000 3.500000 -1.200000
v 4.200000 3.100000 -1.200000
v 4.200000 3.500000 -1.200000
v -3.600000 3.600000 -1.300000
v -3.600000 3.800000 -1.300000
v -3.400000 3.600000 -1.300000
v -3.400000 3.800000 -1.300000
v -2.600000 3.600000 -1.300000
v -2.600000 3.800000 -1.300000
v -2.400000 3.600000 -1.300000
v -2.400000 3.800000 -1.300000
v -1.600000 3.600000 -1.300000
v -1.600000 3.800000 -1.300000
v -1.400000 3.600000 -1.300000
v -1.400000 3.800000 -1.300000
v -0.600000 3.600000 -1.300000
v -0.600000 3.800000 -1.300000
v -0.400000 0.600000 -1.300000
v -0.400000 0.700000 -1.300000
v -0.400000 3.600000 -1.300000
v -0.400000 3.800000 -1.300000
v -0.200000 0.600000 -1.300000
v -0.200000 0.700000 -1.300000
v 0.200000 0.600000 -1.300000
v 0.200000 0.700000 -1.300000
v 0.400000 0.600000 -1.300000
v 0.400000 0.700000 -1.300000
v 0.400000 3.600000 -1.300000
v 0.400000 3.800000 -1.300000
v 0.600000 3.600000 -1.300000
v 0.600000 3.800000 -1.300000
v 1.400000 3.600000 -1.300000
v 1.400000 3.800000 -1.300000
v 1.600000 3.600000 -1.300000
v 1.600000 3.800000 -1.300000
v 2.400000 3.600000 -1.300000
v 2.400000 3.800000 -1.300000
v 2.600000 3.600000 -1.300000
v 2.600000 3.800000 -1.300000
v 3.400000 3.600000 -1.300000
v 3.400000 3.800000 -1.300000
v 3.600000 3.600000 -1.300000
v 3.600000 3.800000 -1.300000
v -4.400000 -0.000000 -1.400000
v -4.400000 0.100000 -1.400000
v -3.750000 -0.000000 -1.400000
v -3.750000 0.100000 -1.400000
v -2.300000 -0.000000 -1.400000
v -2.300000 0.100000 -1.400000
v -1.700000 -0.000000 -1.400000
v -1.700000 0.100000 -1.400000
v -0.500000 0.700000 -1.400000
v -0.500000 0.900000 -1.400000
v -0.500000 1.400000 -1.400000
v -0.500000 1.500000 -1.400000
v -0.500000 1.600000 -1.400000
v -0.500000 1.700000 -1.400000
v -0.500000 1.800000 -1.400000
v -0.500000 2.500000 -1.400000
v -0.500000 2.600000 -1.400000
v -0.500000 2.700000 -1.400000
v -0.500000 2.800000 -1.400000
v -0.500000 3.000000 -1.400000
v -0.400000 1.400000 -1.400000
v -0.400000 1.500000 -1.400000
v -0.400000 1.600000 -1.400000
v -0.400000 1.700000 -1.400000
v -0.400000 1.800000 -1.400000
v -0.400000 2.500000 -1.400000
v -0.400000 2.600000 -1.400000
v -0.400000 2.700000 -1.400000
v -0.400000 2.800000 -1.400000
v -0.400000 3.000000 -1.400000
v -0.300000 1.400000 -1.400000
v -0.300000 1.500000 -1.400000
v -0.300000 1.600000 -1.400000
v -0.300000 1.700000 -1.400000
v -0.300000 1.800000 -1.400000
v -0.300000 2.500000 -1.400000
v -0.300000 2.600000 -1.400000
v -0.300000 2.700000 -1.400000
v -0.300000 2.800000 -1.400000
v -0.300000 3.000000 -1.400000
v -0.200000 1.400000 -1.400000
v -0.200000 1.500000 -1.400000
v -0.200000 1.600000 -1.400000
v -0.200000 1.700000 -1.400000
v -0.200000 1.800000 -1.400000
v -0.200000 2.500000 -1.400000
v -0.200000 2.600000 -1.400000
v -0.200000 2.700000 -1.400000
v -0.200000 2.800000 -1.400000
v -0.200000 3.000000 -1.400000
v 0.050000 -0.000000 -1.400000
v 0.050000 0.100000 -1.400000
v 0.200000 1.400000 -1.400000
v 0.200000 1.500000 -1.400000
v 0.200000 1.600000 -1.400000
v 0.200000 1.700000 -1.400000
v 0.200000 1.800000 -1.400000
v 0.200000 2.500000 -1.400000
v 0.200000 2.600000 -1.400000
v 0.200000 2.700000 -1.400000
v 0.200000 2.800000 -1.400000
v 0.200000 3.000000 -1.400000
v 0.300000 1.400000 -1.400000
v 0.300000 1.500000 -1.400000
v 0.300000 1.600000 -1.400000
v 0.300000 1.700000 -1.400000
v 0.300000 1.800000 -1.400000
v 0.300000 2.500000 -1.400000
v 0.300000 2.600000 -1.400000
v 0.300000 2.700000 -1.400000
v 0.300000 2.800000 -1.400000
v 0.300000 3.000000 -1.400000
v 0.450000 -0.000000 -1.400000
v 0.450000 0.100000 -1.400000
v 0.400000 1.400000 -1.400000
v 0.400000 1.500000 -1.400000
v 0.400000 1.600000 -1.400000
v 0.400000 1.700000 -1.400000
v 0.400000 1.800000 -1.400000
v 0.400000 2.500000 -1.400000
v 0.400000 2.600000 -1.400000
v 0.400000 2.700000 -1.400000
v 0.400000 2.800000 -1.400000
v 0.400000 3.000000 -1.400000
v 0.500000 0.700000 -1.400000
v 0.500000 0.900000 -1.400000
v 0.500000 1.400000 -1.400000
v 0.500000 1.500000 -1.400000
v 0.500000 1.600000 -1.400000
v 0.500000 1.700000 -1.400000
v 0.500000 1.800000 -1.400000
v 0.500000 2.500000 -1.400000
v 0.500000 2.600000 -1.400000
v 0.500000 2.700000 -1.400000
v 0.500000 2.800000 -1.400000
v 0.500000 3.000000 -1.400000
v 1.700000 -0.000000 -1.400000
v 1.700000 0.100000 -1.400000
v 2.300000 -0.000000 -1.400000
v 2.300000 0.100000 -1.400000
v 4.400000 -0.000000 -1.400000
v 4.400000 0.100000 -1.400000
v -0.600000 0.900000 -1.500000
v -0.600000 1.400000 -1.500000
v -0.362500 1.150000 -1.500000
v -0.500000 1.500000 -1.500000
v -0.500000 1.600000 -1.500000
v -0.500000 1.700000 -1.500000
v -0.500000 1.800000 -1.500000
v -0.500000 2.500000 -1.500000
v -0.500000 2.600000 -1.500000
v -0.500000 2.700000 -1.500000
v -0.500000 2.800000 -1.500000
v -0.200000 1.500000 -1.500000
v -0.200000 1.600000 -1.500000
v -0.200000 1.700000 -1.500000
v -0.200000 1.800000 -1.500000
v -0.200000 2.500000 -1.500000
v -0.200000 2.600000 -1.500000
v -0.200000 2.700000 -1.500000
v -0.200000 2.800000 -1.500000
v 0.334375 1.087500 -1.500000
v 0.200000 1.500000 -1.500000
v 0.200000 1.600000 -1.500000
v 0.200000 1.700000 -1.500000
v 0.200000 1.800000 -1.500000
v 0.200000 2.500000 -1.500000
v 0.200000 2.600000 -1.500000
v 0.200000 2.700000 -1.500000
v 0.200000 2.800000 -1.500000
v 0.500000 1.500000 -1.500000
v 0.500000 1.600000 -1.500000
v 0.500000 1.700000 -1.500000
v 0.500000 1.800000 -1.500000
v 0.500000 2.500000 -1.500000
v 0.500000 2.600000 -1.500000
v 0.500000 2.700000 -1.500000
v 0.500000 2.800000 -1.500000
v 0.600000 0.900000 -1.500000
v 0.600000 1.400000 -1.500000
v -0.600000 3.000000 -1.800000
v -0.600000 3.200000 -1.800000
v 0.600000 3.000000 -1.800000
v 0.600000 3.200000 -1.800000
v -2.300000 -0.000000 -2.300000
v -2.300000 0.100000 -2.300000
v -1.700000 -0.000000 -2.300000
v -1.700000 0.100000 -2.300000
v 1.700000 -0.000000 -2.300000
v 1.700000 0.100000 -2.300000
v 2.300000 -0.000000 -2.300000
v 2.300000 0.100000 -2.300000
v -2.300000 0.000000 2.300000
v -1.950000 0.000000 2.300000
v -1.700000 0.000000 2.300000
v 1.700000 0.000000 2.300000
v 2.050000 0.000000 2.300000
v 2.300000 0.000000 2.300000
v -1.875000 0.000000 2.175000
v 2.050000 0.000000 2.200000
v -1.700000 0.000000 2.100000
v 1.950000 0.000000 1.850000
v 2.200000 0.000000 1.750000
v 2.300000 0.000000 1.750000
v -4.400000 0.000000 1.400000
v -2.300000 0.000000 1.400000
v -1.700000 0.000000 1.400000
v -0.150000 0.000000 1.400000
v 1.700000 0.000000 1.400000
v 2.300000 0.000000 1.400000
v 4.400000 0.000000 1.400000
v -3.850000 0.000000 1.250000
v -2.850000 0.000000 1.250000
v 1.350000 0.000000 1.300000
v 1.950000 0.000000 1.300000
v 3.650000 0.000000 1.300000
v -4.100000 0.000000 1.150000
v -0.150000 0.000000 1.200000
v 1.350000 0.000000 1.200000
v 1.950000 0.000000 1.200000
v 3.650000 0.000000 1.200000
v 4.125000 0.000000 1.150000
v -4.225000 0.000000 1.025000
v -3.650000 0.000000 1.100000
v -2.300000 0.000000 1.100000
v -1.700000 0.000000 1.100000
v 1.700000 0.000000 1.100000
v 2.300000 0.000000 1.100000
v 3.050000 0.000000 1.050000
v -3.925000 0.000000 0.950000
v -3.650000 0.000000 1.000000
v -2.650000 0.000000 0.950000
v -0.550000 0.000000 0.950000
v 4.050000 0.000000 1.000000
v -2.300000 0.000000 0.900000
v -1.700000 0.000000 0.900000
v 1.700000 0.000000 0.900000
v 2.300000 0.000000 0.900000
v -3.050000 0.000000 0.650000
v 3.150000 0.000000 0.650000
v -3.550000 0.000000 0.550000
v 2.350000 0.000000 0.550000
v 4.250000 0.000000 0.450000
v 3.650000 0.000000 0.250000
v -1.250000 0.000000 0.150000
v 1.950000 0.000000 0.150000
v -1.875000 0.000000 0.050000
v 0.150000 0.000000 0.037500
v 0.650000 -0.000000 -0.000000
v 4.300000 0.000000 0.050000
v 4.400000 0.000000 0.050000
v -1.687500 -0.000000 -0.025000
v 3.000000 -0.000000 -0.050000
v 3.200000 -0.000000 -0.050000
v -2.850000 -0.000000 -0.150000
v -1.950000 -0.000000 -0.150000
v 0.150000 -0.000000 -0.175000
v -3.250000 -0.000000 -0.350000
v -4.250000 -0.000000 -0.450000
v -1.487500 -0.000000 -0.525000
v 0.950000 -0.000000 -0.450000
v -3.650000 -0.000000 -0.550000
v -0.950000 -0.000000 -0.650000
v 1.150000 -0.000000 -0.650000
v 2.350000 -0.000000 -0.650000
v -1.250000 -0.000000 -0.750000
v 0.650000 -0.000000 -0.850000
v 3.650000 -0.000000 -0.850000
v 3.962500 -0.000000 -0.925000
v -3.950000 -0.000000 -0.900000
v -2.300000 -0.000000 -0.900000
v -1.700000 -0.000000 -0.900000
v -0.150000 -0.000000 -0.950000
v 1.625000 -0.000000 -0.900000
v 2.300000 -0.000000 -0.900000
v 2.650000 -0.000000 -0.950000
v -3.875000 -0.000000 -1.050000
v 1.625000 -0.000000 -1.050000
v 2.950000 -0.000000 -1.000000
v -4.125000 -0.000000 -1.150000
v -2.300000 -0.000000 -1.100000
v -1.700000 -0.000000 -1.100000
v 2.300000 -0.000000 -1.100000
v 2.950000 -0.000000 -1.100000
v 4.037500 -0.000000 -1.125000
v -0.850000 -0.000000 -1.250000
v -3.750000 -0.000000 -1.300000
v -2.300000 -0.000000 -1.400000
v -1.700000 -0.000000 -1.400000
v 0.050000 -0.000000 -1.300000
v 0.450000 -0.000000 -1.300000
v 1.700000 -0.000000 -1.400000
v 2.300000 -0.000000 -1.400000
v -4.400000 -0.000000 -1.400000
v -3.750000 -0.000000 -1.400000
v 0.050000 -0.000000 -1.400000
v 0.450000 -0.000000 -1.400000
v 4.400000 -0.000000 -1.400000
v -2.175000 -0.000000 -1.825000
v -2.300000 -0.000000 -1.850000
v -2.300000 -0.000000 -2.300000
v -1.700000 -0.000000 -2.300000
v 1.700000 -0.000000 -2.300000
v 2.300000 -0.000000 -2.300000
v -4.200000 0.200000 1.200000
v -3.600000 0.200000 1.200000
v -4.100000 0.200000 1.100000
v -3.600000 0.200000 1.100000
v -4.200000 0.200000 0.800000
v -4.100000 0.200000 0.800000
v -0.400000 0.300000 1.200000
v -0.200000 0.300000 1.200000
v 0.200000 0.300000 1.200000
v 0.400000 0.300000 1.200000
v -0.400000 0.300000 1.100000
v -0.200000 0.300000 1.100000
v 0.200000 0.300000 1.100000
v 0.400000 0.300000 1.100000
v 4.100000 0.300000 -0.600000
v 4.200000 0.300000 -0.600000
v 4.100000 0.300000 -0.900000
v 4.200000 0.300000 -0.900000
v -3.800000 0.300000 -1.100000
v -3.500000 0.300000 -1.100000
v -1.400000 0.300000 -1.100000
v -0.800000 0.300000 -1.100000
v -0.400000 0.300000 -1.100000
v -0.200000 0.300000 -1.100000
v 0.200000 0.300000 -1.100000
v 0.400000 0.300000 -1.100000
v -3.800000 0.300000 -1.200000
v -3.500000 0.300000 -1.200000
v -1.400000 0.300000 -1.200000
v -0.800000 0.300000 -1.200000
v -0.400000 0.300000 -1.200000
v -0.200000 0.300000 -1.200000
v 0.200000 0.300000 -1.200000
v 0.400000 0.300000 -1.200000
v 1.200000 0.500000 1.200000
v 1.500000 0.500000 1.200000
v 1.200000 0.500000 1.100000
v 1.500000 0.500000 1.100000
v -0.400000 0.600000 1.300000
v -0.200000 0.600000 1.300000
v 0.200000 0.600000 1.300000
v 0.400000 0.600000 1.300000
v -3.600000 0.600000 1.200000
v -3.300000 0.600000 1.200000
v -0.400000 0.600000 1.200000
v -0.200000 0.600000 1.200000
v 0.200000 0.600000 1.200000
v 0.400000 0.600000 1.200000
v -3.600000 0.600000 1.100000
v -3.300000 0.600000 1.100000
v -4.200000 0.600000 -0.900000
v -4.100000 0.600000 -0.900000
v -4.100000 0.600000 -1.100000
v -3.900000 0.600000 -1.100000
v 3.600000 0.600000 -1.100000
v 3.900000 0.600000 -1.100000
v -4.200000 0.600000 -1.200000
v -3.900000 0.600000 -1.200000
v -0.400000 0.600000 -1.200000
v -0.200000 0.600000 -1.200000
v 0.200000 0.600000 -1.200000
v 0.400000 0.600000 -1.200000
v 3.600000 0.600000 -1.200000
v 3.900000 0.600000 -1.200000
v -0.400000 0.600000 -1.300000
v -0.200000 0.600000 -1.300000
v 0.200000 0.600000 -1.300000
v 0.400000 0.600000 -1.300000
v -0.500000 0.700000 1.400000
v 0.500000 0.700000 1.400000
v -0.400000 0.700000 1.300000
v -0.200000 0.700000 1.300000
v 0.200000 0.700000 1.300000
v 0.400000 0.700000 1.300000
v -0.500000 0.700000 1.100000
v -0.400000 0.700000 1.100000
v -0.200000 0.700000 1.100000
v 0.200000 0.700000 1.100000
v 0.400000 0.700000 1.100000
v 0.500000 0.700000 1.100000
v -4.000000 0.700000 0.100000
v -3.900000 0.700000 0.100000
v 3.900000 0.700000 0.100000
v 4.000000 0.700000 0.100000
v -4.000000 0.700000 -0.100000
v -3.900000 0.700000 -0.100000
v 3.900000 0.700000 -0.100000
v 4.000000 0.700000 -0.100000
v -0.500000 0.700000 -1.100000
v -0.400000 0.700000 -1.100000
v -0.200000 0.700000 -1.100000
v 0.200000 0.700000 -1.100000
v 0.400000 0.700000 -1.100000
v 0.500000 0.700000 -1.100000
v -0.400000 0.700000 -1.300000
v -0.200000 0.700000 -1.300000
v 0.200000 0.700000 -1.300000
v 0.400000 0.700000 -1.300000
v -0.500000 0.700000 -1.400000
v 0.500000 0.700000 -1.400000
v -2.200000 0.800000 0.900000
v -2.100000 0.800000 0.900000
v -1.900000 0.800000 0.900000
v -1.800000 0.800000 0.900000
v 1.800000 0.800000 0.900000
v 1.900000 0.800000 0.900000
v 2.100000 0.800000 0.900000
v 2.200000 0.800000 0.900000
v -2.200000 0.800000 0.800000
v -2.100000 0.800000 0.800000
v -1.900000 0.800000 0.800000
v -1.800000 0.800000 0.800000
v 1.800000 0.800000 0.800000
v 1.900000 0.800000 0.800000
v 2.100000 0.800000 0.800000
v 2.200000 0.800000 0.800000
v -2.200000 0.800000 -0.800000
v -2.100000 0.800000 -0.800000
v -1.900000 0.800000 -0.800000
v -1.800000 0.800000 -0.800000
v 1.800000 0.800000 -0.800000
v 1.900000 0.800000 -0.800000
v 2.100000 0.800000 -0.800000
v 2.200000 0.800000 -0.800000
v -2.200000 0.800000 -0.900000
v -2.100000 0.800000 -0.900000
v -1.900000 0.800000 -0.900000
v -1.800000 0.800000 -0.900000
v 1.800000 0.800000 -0.900000
v 1.900000 0.800000 -0.900000
v 2.100000 0.800000 -0.900000
v 2.200000 0.800000 -0.900000
v -0.600000 0.900000 1.500000
v 0.600000 0.900000 1.500000
v -0.500000 0.900000 1.400000
v 0.500000 0.900000 1.400000
v -0.600000 0.900000 1.100000
v -0.500000 0.900000 1.100000
v 0.500000 0.900000 1.100000
v 0.600000 0.900000 1.100000
v -4.000000 0.900000 0.100000
v -3.900000 0.900000 0.100000
v 3.900000 0.900000 0.100000
v 4.000000 0.900000 0.100000
v -4.000000 0.900000 -0.100000
v -3.900000 0.900000 -0.100000
v 3.900000 0.900000 -0.100000
v 4.000000 0.900000 -0.100000
v -0.600000 0.900000 -1.100000
v -0.500000 0.900000 -1.100000
v 0.500000 0.900000 -1.100000
v 0.600000 0.900000 -1.100000
v -0.500000 0.900000 -1.400000
v 0.500000 0.900000 -1.400000
v -0.600000 0.900000 -1.500000
v 0.600000 0.900000 -1.500000
v -4.000000 1.100000 0.100000
v -3.900000 1.100000 0.100000
v 3.900000 1.100000 0.100000
v 4.000000 1.100000 0.100000
v -4.000000 1.100000 -0.100000
v -3.900000 1.100000 -0.100000
v 3.900000 1.100000 -0.100000
v 4.000000 1.100000 -0.100000
v -1.400000 1.200000 1.100000
v -1.100000 1.200000 1.100000
v -1.400000 1.200000 1.000000
v -1.100000 1.200000 1.000000
v 3.800000 1.300000 1.100000
v 4.100000 1.300000 1.100000
v 3.800000 1.300000 1.000000
v 4.000000 1.300000 1.000000
v -2.200000 1.300000 0.900000
v -2.100000 1.300000 0.900000
v -1.900000 1.300000 0.900000
v -1.800000 1.300000 0.900000
v 1.800000 1.300000 0.900000
v 1.900000 1.300000 0.900000
v 2.100000 1.300000 0.900000
v 2.200000 1.300000 0.900000
v -2.200000 1.300000 0.800000
v -2.100000 1.300000 0.800000
v -1.900000 1.300000 0.800000
v -1.800000 1.300000 0.800000
v 1.800000 1.300000 0.800000
v 1.900000 1.300000 0.800000
v 2.100000 1.300000 0.800000
v 2.200000 1.300000 0.800000
v 3.800000 1.300000 0.800000
v 3.900000 1.300000 0.800000
v 3.800000 1.300000 0.500000
v 3.900000 1.300000 0.500000
v 4.000000 1.300000 0.500000
v 4.100000 1.300000 0.500000
v -4.000000 1.300000 0.100000
v -3.900000 1.300000 0.100000
v 3.900000 1.300000 0.100000
v 4.000000 1.300000 0.100000
v -4.000000 1.300000 -0.100000
v -3.900000 1.300000 -0.100000
v 3.900000 1.300000 -0.100000
v 4.000000 1.300000 -0.100000
v -4.100000 1.300000 -0.400000
v -4.000000 1.300000 -0.400000
v -4.100000 1.300000 -0.700000
v -4.000000 1.300000 -0.700000
v -2.200000 1.300000 -0.800000
v -2.100000 1.300000 -0.800000
v -1.900000 1.300000 -0.800000
v -1.800000 1.300000 -0.800000
v 1.800000 1.300000 -0.800000
v 1.900000 1.300000 -0.800000
v 2.100000 1.300000 -0.800000
v 2.200000 1.300000 -0.800000
v -2.200000 1.300000 -0.900000
v -2.100000 1.300000 -0.900000
v -1.900000 1.300000 -0.900000
v -1.800000 1.300000 -0.900000
v 1.800000 1.300000 -0.900000
v 1.900000 1.300000 -0.900000
v 2.100000 1.300000 -0.900000
v 2.200000 1.300000 -0.900000
v -0.500000 1.500000 1.500000
v -0.200000 1.500000 1.500000
v 0.200000 1.500000 1.500000
v 0.500000 1.500000 1.500000
v -0.500000 1.500000 1.400000
v -0.400000 1.500000 1.400000
v -0.300000 1.500000 1.400000
v -0.200000 1.500000 1.400000
v 0.200000 1.500000 1.400000
v 0.300000 1.500000 1.400000
v 0.400000 1.500000 1.400000
v 0.500000 1.500000 1.400000
v -0.400000 1.500000 1.300000
v -0.300000 1.500000 1.300000
v 0.300000 1.500000 1.300000
v 0.400000 1.500000 1.300000
v -1.100000 1.500000 1.100000
v -0.800000 1.500000 1.100000
v -1.100000 1.500000 1.000000
v -0.800000 1.500000 1.000000
v -4.000000 1.500000 0.100000
v -3.900000 1.500000 0.100000
v 3.900000 1.500000 0.100000
v 4.000000 1.500000 0.100000
v -4.000000 1.500000 -0.100000
v -3.900000 1.500000 -0.100000
v 3.900000 1.500000 -0.100000
v 4.000000 1.500000 -0.100000
v 0.900000 1.500000 -1.000000
v 1.200000 1.500000 -1.000000
v 0.900000 1.500000 -1.100000
v 1.200000 1.500000 -1.100000
v -0.400000 1.500000 -1.300000
v -0.300000 1.500000 -1.300000
v 0.300000 1.500000 -1.300000
v 0.400000 1.500000 -1.300000
v -0.500000 1.500000 -1.400000
v -0.400000 1.500000 -1.400000
v -0.300000 1.500000 -1.400000
v -0.200000 1.500000 -1.400000
v 0.200000 1.500000 -1.400000
v 0.300000 1.500000 -1.400000
v 0.400000 1.500000 -1.400000
v 0.500000 1.500000 -1.400000
v -0.500000 1.500000 -1.500000
v -0.200000 1.500000 -1.500000
v 0.200000 1.500000 -1.500000
v 0.500000 1.500000 -1.500000
v -4.100000 1.600000 -0.500000
v -4.000000 1.600000 -0.500000
v -3.900000 1.600000 -0.500000
v -3.600000 1.600000 -0.500000
v -3.900000 1.600000 -0.800000
v -3.600000 1.600000 -0.800000
v -4.000000 1.600000 -1.000000
v -3.600000 1.600000 -1.000000
v 3.000000 1.600000 -1.000000
v 3.300000 1.600000 -1.000000
v -4.100000 1.600000 -1.100000
v -3.600000 1.600000 -1.100000
v 3.000000 1.600000 -1.100000
v 3.300000 1.600000 -1.100000
v -0.500000 1.700000 1.500000
v -0.200000 1.700000 1.500000
v 0.200000 1.700000 1.500000
v 0.500000 1.700000 1.500000
v -0.500000 1.700000 1.400000
v -0.400000 1.700000 1.400000
v -0.300000 1.700000 1.400000
v -0.200000 1.700000 1.400000
v 0.200000 1.700000 1.400000
v 0.300000 1.700000 1.400000
v 0.400000 1.700000 1.400000
v 0.500000 1.700000 1.400000
v -0.400000 1.700000 1.300000
v -0.300000 1.700000 1.300000
v 0.300000 1.700000 1.300000
v 0.400000 1.700000 1.300000
v -4.000000 1.700000 0.100000
v -3.900000 1.700000 0.100000
v 3.900000 1.700000 0.100000
v 4.000000 1.700000 0.100000
v -4.000000 1.700000 -0.100000
v -3.900000 1.700000 -0.100000
v 3.900000 1.700000 -0.100000
v 4.000000 1.700000 -0.100000
v -0.400000 1.700000 -1.300000
v -0.300000 1.700000 -1.300000
v 0.300000 1.700000 -1.300000
v 0.400000 1.700000 -1.300000
v -0.500000 1.700000 -1.400000
v -0.400000 1.700000 -1.400000
v -0.300000 1.700000 -1.400000
v -0.200000 1.700000 -1.400000
v 0.200000 1.700000 -1.400000
v 0.300000 1.700000 -1.400000
v 0.400000 1.700000 -1.400000
v 0.500000 1.700000 -1.400000
v -0.500000 1.700000 -1.500000
v -0.200000 1.700000 -1.500000
v 0.200000 1.700000 -1.500000
v 0.500000 1.700000 -1.500000
v 3.400000 1.800000 1.100000
v 3.700000 1.800000 1.100000
v 3.400000 1.800000 1.000000
v 3.700000 1.800000 1.000000
v -2.200000 1.800000 0.900000
v -2.100000 1.800000 0.900000
v -1.900000 1.800000 0.900000
v -1.800000 1.800000 0.900000
v 1.800000 1.800000 0.900000
v 1.900000 1.800000 0.900000
v 2.100000 1.800000 0.900000
v 2.200000 1.800000 0.900000
v -2.200000 1.800000 0.800000
v -2.100000 1.800000 0.800000
v -1.900000 1.800000 0.800000
v -1.800000 1.800000 0.800000
v 1.800000 1.800000 0.800000
v 1.900000 1.800000 0.800000
v 2.100000 1.800000 0.800000
v 2.200000 1.800000 0.800000
v -2.200000 1.800000 -0.800000
v -2.100000 1.800000 -0.800000
v -1.900000 1.800000 -0.800000
v -1.800000 1.800000 -0.800000
v 1.800000 1.800000 -0.800000
v 1.900000 1.800000 -0.800000
v 2.100000 1.800000 -0.800000
v 2.200000 1.800000 -0.800000
v -2.200000 1.800000 -0.900000
v -2.100000 1.800000 -0.900000
v -1.900000 1.800000 -0.900000
v -1.800000 1.800000 -0.900000
v 1.800000 1.800000 -0.900000
v 1.900000 1.800000 -0.900000
v 2.100000 1.800000 -0.900000
v 2.200000 1.800000 -0.900000
v -4.000000 1.900000 0.100000
v -3.900000 1.900000 0.100000
v 3.900000 1.900000 0.100000
v 4.000000 1.900000 0.100000
v -4.000000 1.900000 -0.100000
v -3.900000 1.900000 -0.100000
v 3.900000 1.900000 -0.100000
v 4.000000 1.900000 -0.100000
v 3.100000 1.900000 -1.000000
v 3.700000 1.900000 -1.000000
v 3.100000 1.900000 -1.100000
v 3.700000 1.900000 -1.100000
v -3.600000 2.000000 1.100000
v -3.300000 2.000000 1.100000
v -3.600000 2.000000 1.000000
v -3.300000 2.000000 1.000000
v 0.800000 2.200000 1.100000
v 1.100000 2.200000 1.100000
v 0.800000 2.200000 1.000000
v 1.100000 2.200000 1.000000
v -4.000000 2.200000 0.100000
v -3.900000 2.200000 0.100000
v 3.900000 2.200000 0.100000
v 4.000000 2.200000 0.100000
v -4.000000 2.200000 -0.100000
v -3.900000 2.200000 -0.100000
v 3.900000 2.200000 -0.100000
v 4.000000 2.200000 -0.100000
v -4.100000 2.300000 1.100000
v -3.500000 2.300000 1.100000
v -4.000000 2.300000 1.000000
v -3.500000 2.300000 1.000000
v -4.100000 2.300000 0.900000
v -4.000000 2.300000 0.900000
v -2.200000 2.300000 0.900000
v -2.100000 2.300000 0.900000
v -1.900000 2.300000 0.900000
v -1.800000 2.300000 0.900000
v 1.800000 2.300000 0.900000
v 1.900000 2.300000 0.900000
v 2.100000 2.300000 0.900000
v 2.200000 2.300000 0.900000
v -2.200000 2.300000 0.800000
v -2.100000 2.300000 0.800000
v -1.900000 2.300000 0.800000
v -1.800000 2.300000 0.800000
v 1.800000 2.300000 0.800000
v 1.900000 2.300000 0.800000
v 2.100000 2.300000 0.800000
v 2.200000 2.300000 0.800000
v -2.200000 2.300000 -0.800000
v -2.100000 2.300000 -0.800000
v -1.900000 2.300000 -0.800000
v -1.800000 2.300000 -0.800000
v 1.800000 2.300000 -0.800000
v 1.900000 2.300000 -0.800000
v 2.100000 2.300000 -0.800000
v 2.200000 2.300000 -0.800000
v -2.200000 2.300000 -0.900000
v -2.100000 2.300000 -0.900000
v -1.900000 2.300000 -0.900000
v -1.800000 2.300000 -0.900000
v 1.800000 2.300000 -0.900000
v 1.900000 2.300000 -0.900000
v 2.100000 2.300000 -0.900000
v 2.200000 2.300000 -0.900000
v -3.200000 2.400000 1.100000
v -2.900000 2.400000 1.100000
v -3.200000 2.400000 1.000000
v -2.900000 2.400000 1.000000
v -4.000000 2.400000 0.100000
v -3.900000 2.400000 0.100000
v 3.900000 2.400000 0.100000
v 4.000000 2.400000 0.100000
v -4.000000 2.400000 -0.100000
v -3.900000 2.400000 -0.100000
v 3.900000 2.400000 -0.100000
v 4.000000 2.400000 -0.100000
v -3.500000 2.400000 -1.000000
v -3.200000 2.400000 -1.000000
v -1.300000 2.400000 -1.000000
v -1.000000 2.400000 -1.000000
v -3.500000 2.400000 -1.100000
v -3.200000 2.400000 -1.100000
v -1.300000 2.400000 -1.100000
v -1.000000 2.400000 -1.100000
v -0.500000 2.500000 1.500000
v -0.200000 2.500000 1.500000
v 0.200000 2.500000 1.500000
v 0.500000 2.500000 1.500000
v -0.500000 2.500000 1.400000
v -0.400000 2.500000 1.400000
v -0.300000 2.500000 1.400000
v -0.200000 2.500000 1.400000
v 0.200000 2.500000 1.400000
v 0.300000 2.500000 1.400000
v 0.400000 2.500000 1.400000
v 0.500000 2.500000 1.400000
v -0.400000 2.500000 1.300000
v -0.300000 2.500000 1.300000
v 0.300000 2.500000 1.300000
v 0.400000 2.500000 1.300000
v 1.000000 2.500000 1.100000
v 1.500000 2.500000 1.100000
v 1.000000 2.500000 1.000000
v 1.500000 2.500000 1.000000
v -0.400000 2.500000 -1.300000
v -0.300000 2.500000 -1.300000
v 0.300000 2.500000 -1.300000
v 0.400000 2.500000 -1.300000
v -0.500000 2.500000 -1.400000
v -0.400000 2.500000 -1.400000
v -0.300000 2.500000 -1.400000
v -0.200000 2.500000 -1.400000
v 0.200000 2.500000 -1.400000
v 0.300000 2.500000 -1.400000
v 0.400000 2.500000 -1.400000
v 0.500000 2.500000 -1.400000
v -0.500000 2.500000 -1.500000
v -0.200000 2.500000 -1.500000
v 0.200000 2.500000 -1.500000
v 0.500000 2.500000 -1.500000
v -4.000000 2.600000 0.100000
v -3.900000 2.600000 0.100000
v 3.900000 2.600000 0.100000
v 4.000000 2.600000 0.100000
v -4.000000 2.600000 -0.100000
v -3.900000 2.600000 -0.100000
v 3.900000 2.600000 -0.100000
v 4.000000 2.600000 -0.100000
v -0.500000 2.700000 1.500000
v -0.200000 2.700000 1.500000
v 0.200000 2.700000 1.500000
v 0.500000 2.700000 1.500000
v -0.500000 2.700000 1.400000
v -0.400000 2.700000 1.400000
v -0.300000 2.700000 1.400000
v -0.200000 2.700000 1.400000
v 0.200000 2.700000 1.400000
v 0.300000 2.700000 1.400000
v 0.400000 2.700000 1.400000
v 0.500000 2.700000 1.400000
v -0.400000 2.700000 1.300000
v -0.300000 2.700000 1.300000
v 0.300000 2.700000 1.300000
v 0.400000 2.700000 1.300000
v -0.400000 2.700000 -1.300000
v -0.300000 2.700000 -1.300000
v 0.300000 2.700000 -1.300000
v 0.400000 2.700000 -1.300000
v -0.500000 2.700000 -1.400000
v -0.400000 2.700000 -1.400000
v -0.300000 2.700000 -1.400000
v -0.200000 2.700000 -1.400000
v 0.200000 2.700000 -1.400000
v 0.300000 2.700000 -1.400000
v 0.400000 2.700000 -1.400000
v 0.500000 2.700000 -1.400000
v -0.500000 2.700000 -1.500000
v -0.200000 2.700000 -1.500000
v 0.200000 2.700000 -1.500000
v 0.500000 2.700000 -1.500000
v -2.200000 2.800000 0.900000
v -2.100000 2.800000 0.900000
v -1.900000 2.800000 0.900000
v -1.800000 2.800000 0.900000
v 1.800000 2.800000 0.900000
v 1.900000 2.800000 0.900000
v 2.100000 2.800000 0.900000
v 2.200000 2.800000 0.900000
v -2.200000 2.800000 0.800000
v -2.100000 2.800000 0.800000
v -1.900000 2.800000 0.800000
v -1.800000 2.800000 0.800000
v 1.800000 2.800000 0.800000
v 1.900000 2.800000 0.800000
v 2.100000 2.800000 0.800000
v 2.200000 2.800000 0.800000
v -4.000000 2.800000 0.100000
v -3.900000 2.800000 0.100000
v 3.900000 2.800000 0.100000
v 4.000000 2.800000 0.100000
v -4.000000 2.800000 -0.100000
v -3.900000 2.800000 -0.100000
v 3.900000 2.800000 -0.100000
v 4.000000 2.800000 -0.100000
v -2.200000 2.800000 -0.800000
v -2.100000 2.800000 -0.800000
v -1.900000 2.800000 -0.800000
v -1.800000 2.800000 -0.800000
v 1.800000 2.800000 -0.800000
v 1.900000 2.800000 -0.800000
v 2.100000 2.800000 -0.800000
v 2.200000 2.800000 -0.800000
v -2.200000 2.800000 -0.900000
v -2.100000 2.800000 -0.900000
v -1.900000 2.800000 -0.900000
v -1.800000 2.800000 -0.900000
v 1.800000 2.800000 -0.900000
v 1.900000 2.800000 -0.900000
v 2.100000 2.800000 -0.900000
v 2.200000 2.800000 -0.900000
v -0.600000 3.000000 1.800000
v 0.600000 3.000000 1.800000
v -0.500000 3.000000 1.400000
v -0.400000 3.000000 1.400000
v -0.300000 3.000000 1.400000
v -0.200000 3.000000 1.400000
v 0.200000 3.000000 1.400000
v 0.300000 3.000000 1.400000
v 0.400000 3.000000 1.400000
v 0.500000 3.000000 1.400000
v -0.500000 3.000000 1.300000
v -0.400000 3.000000 1.300000
v -0.300000 3.000000 1.300000
v -0.200000 3.000000 1.300000
v 0.200000 3.000000 1.300000
v 0.300000 3.000000 1.300000
v 0.400000 3.000000 1.300000
v 0.500000 3.000000 1.300000
v -4.100000 3.000000 1.100000
v -2.400000 3.000000 1.100000
v -2.100000 3.000000 1.100000
v -1.900000 3.000000 1.100000
v -1.600000 3.000000 1.100000
v -0.600000 3.000000 1.100000
v 0.600000 3.000000 1.100000
v 1.600000 3.000000 1.100000
v 1.900000 3.000000 1.100000
v 2.100000 3.000000 1.100000
v 2.400000 3.000000 1.100000
v 3.400000 3.000000 1.100000
v 3.800000 3.000000 1.100000
v 4.100000 3.000000 1.100000
v -4.000000 3.000000 1.000000
v -2.300000 3.000000 1.000000
v -1.700000 3.000000 1.000000
v -0.650000 3.000000 1.000000
v -0.400000 3.000000 1.000000
v 0.400000 3.000000 1.000000
v 0.650000 3.000000 1.000000
v 1.700000 3.000000 1.000000
v 1.900000 3.000000 0.900000
v 2.100000 3.000000 0.900000
v 2.300000 3.000000 1.000000
v 3.400000 3.000000 1.000000
v 3.800000 3.000000 1.000000
v 4.000000 3.000000 1.000000
v -2.300000 3.000000 0.900000
v -2.100000 3.000000 0.900000
v -1.900000 3.000000 0.900000
v -1.700000 3.000000 0.900000
v -0.600000 3.000000 0.900000
v -0.400000 3.000000 0.900000
v 0.400000 3.000000 0.900000
v 0.600000 3.000000 0.900000
v 1.700000 3.000000 0.900000
v 2.300000 3.000000 0.900000
v -3.900000 3.000000 0.800000
v -2.300000 3.000000 0.800000
v -2.100000 3.000000 0.800000
v -1.700000 3.000000 0.800000
v 1.350000 3.000000 0.750000
v 1.700000 3.000000 0.800000
v 2.000000 3.000000 0.800000
v 2.300000 3.000000 0.800000
v 3.900000 3.000000 0.800000
v -3.900000 3.000000 0.700000
v -3.800000 3.000000 0.700000
v -0.012500 3.000000 0.600000
v 2.050000 3.000000 0.650000
v 2.750000 3.000000 0.650000
v -3.000000 3.000000 0.450000
v -2.800000 3.000000 0.450000
v 1.850000 3.000000 0.450000
v -1.850000 3.000000 0.350000
v -0.650000 3.000000 0.350000
v -4.100000 3.000000 0.200000
v -4.000000 3.000000 0.200000
v -3.900000 3.000000 0.200000
v 3.900000 3.000000 0.200000
v 4.000000 3.000000 0.200000
v 4.100000 3.000000 0.200000
v -4.000000 3.000000 0.100000
v -3.900000 3.000000 0.100000
v 3.900000 3.000000 0.100000
v 4.000000 3.000000 0.100000
v -4.000000 3.000000 -0.100000
v -3.900000 3.000000 -0.100000
v 3.900000 3.000000 -0.100000
v 4.000000 3.000000 -0.100000
v -4.100000 3.000000 -0.200000
v -4.000000 3.000000 -0.200000
v -3.900000 3.000000 -0.200000
v -0.650000 3.000000 -0.200000
v 2.450000 3.000000 -0.200000
v 3.900000 3.000000 -0.200000
v 4.000000 3.000000 -0.200000
v 4.100000 3.000000 -0.200000
v -3.550000 3.000000 -0.350000
v -1.250000 3.000000 -0.350000
v -0.650000 3.000000 -0.300000
v 0.050000 3.000000 -0.300000
v 0.650000 3.000000 -0.300000
v 0.950000 3.000000 -0.300000
v 1.350000 3.000000 -0.300000
v 2.450000 3.000000 -0.300000
v -0.750000 3.000000 -0.450000
v -0.150000 3.000000 -0.450000
v 0.050000 3.000000 -0.400000
v 0.650000 3.000000 -0.400000
v 0.950000 3.000000 -0.400000
v 1.350000 3.000000 -0.400000
v 1.950000 3.000000 -0.500000
v 3.150000 3.000000 -0.550000
v -2.550000 3.000000 -0.650000
v -1.600000 3.000000 -0.650000
v -1.400000 3.000000 -0.650000
v -1.150000 3.000000 -0.650000
v 0.350000 3.000000 -0.600000
v 0.850000 3.000000 -0.600000
v 1.950000 3.000000 -0.600000
v -3.750000 3.000000 -0.700000
v -3.250000 3.000000 -0.700000
v -1.850000 3.000000 -0.700000
v -1.025000 3.000000 -0.750000
v 0.350000 3.000000 -0.700000
v 0.850000 3.000000 -0.700000
v -3.900000 3.000000 -0.800000
v -3.250000 3.000000 -0.800000
v -2.300000 3.000000 -0.800000
v -2.000000 3.000000 -0.800000
v -1.700000 3.000000 -0.800000
v 1.700000 3.000000 -0.800000
v 2.000000 3.000000 -0.800000
v 2.300000 3.000000 -0.800000
v 3.900000 3.000000 -0.800000
v -2.300000 3.000000 -0.900000
v -2.100000 3.000000 -0.900000
v -1.900000 3.000000 -0.900000
v -1.700000 3.000000 -0.900000
v -0.600000 3.000000 -0.900000
v -0.400000 3.000000 -0.900000
v 0.400000 3.000000 -0.900000
v 0.600000 3.000000 -0.900000
v 1.700000 3.000000 -0.900000
v 1.900000 3.000000 -0.900000
v 2.100000 3.000000 -0.900000
v 2.300000 3.000000 -0.900000
v -4.000000 3.000000 -1.000000
v -2.300000 3.000000 -1.000000
v -2.100000 3.000000 -1.100000
v -1.700000 3.000000 -1.000000
v -0.650000 3.000000 -1.000000
v -0.400000 3.000000 -1.000000
v 0.400000 3.000000 -1.000000
v 0.650000 3.000000 -1.000000
v 1.700000 3.000000 -1.000000
v 1.900000 3.000000 -1.100000
v 2.300000 3.000000 -1.000000
v 4.000000 3.000000 -1.000000
v 4.100000 3.000000 -1.100000
v -4.100000 3.000000 -1.100000
v -2.400000 3.000000 -1.100000
v -1.900000 3.000000 -1.100000
v -1.600000 3.000000 -1.100000
v -0.600000 3.000000 -1.100000
v 0.600000 3.000000 -1.100000
v 1.600000 3.000000 -1.100000
v 2.100000 3.000000 -1.100000
v 2.400000 3.000000 -1.100000
v -0.500000 3.000000 -1.300000
v -0.400000 3.000000 -1.300000
v -0.300000 3.000000 -1.300000
v -0.200000 3.000000 -1.300000
v 0.200000 3.000000 -1.300000
v 0.300000 3.000000 -1.300000
v 0.400000 3.000000 -1.300000
v 0.500000 3.000000 -1.300000
v -0.500000 3.000000 -1.400000
v -0.400000 3.000000 -1.400000
v -0.300000 3.000000 -1.400000
v -0.200000 3.000000 -1.400000
v 0.200000 3.000000 -1.400000
v 0.300000 3.000000 -1.400000
v 0.400000 3.000000 -1.400000
v 0.500000 3.000000 -1.400000
v -0.600000 3.000000 -1.800000
v 0.600000 3.000000 -1.800000
v 3.300000 3.100000 1.200000
v 3.700000 3.100000 1.200000
v 3.300000 3.100000 1.100000
v 3.700000 3.100000 1.100000
v -4.100000 3.100000 0.200000
v -4.000000 3.100000 0.200000
v -3.900000 3.100000 0.200000
v -2.450000 3.100000 0.200000
v -1.850000 3.100000 0.200000
v -0.550000 3.100000 0.200000
v 2.250000 3.100000 0.200000
v 3.900000 3.100000 0.200000
v 4.000000 3.100000 0.200000
v 4.100000 3.100000 0.200000
v -4.100000 3.100000 0.100000
v -4.000000 3.100000 0.100000
v -3.900000 3.100000 0.100000
v -2.450000 3.100000 0.100000
v -1.850000 3.100000 0.100000
v -0.550000 3.100000 0.100000
v 2.250000 3.100000 0.100000
v 3.900000 3.100000 0.100000
v 4.000000 3.100000 0.100000
v 4.100000 3.100000 0.100000
v -4.100000 3.100000 -0.100000
v -4.000000 3.100000 -0.100000
v -3.900000 3.100000 -0.100000
v 0.750000 3.100000 -0.100000
v 3.900000 3.100000 -0.100000
v 4.000000 3.100000 -0.100000
v 4.100000 3.100000 -0.100000
v -4.100000 3.100000 -0.200000
v -4.000000 3.100000 -0.200000
v -3.900000 3.100000 -0.200000
v -0.650000 3.100000 -0.200000
v 0.750000 3.100000 -0.200000
v 2.450000 3.100000 -0.200000
v 3.900000 3.100000 -0.200000
v 4.000000 3.100000 -0.200000
v 4.100000 3.100000 -0.200000
v 4.100000 3.100000 -0.600000
v 4.200000 3.100000 -0.600000
v 4.100000 3.100000 -1.100000
v 3.900000 3.100000 -1.100000
v 3.900000 3.100000 -1.200000
v 4.200000 3.100000 -1.200000
v -4.000000 3.200000 0.100000
v -3.900000 3.200000 0.100000
v 3.900000 3.200000 0.100000
v 4.000000 3.200000 0.100000
v -4.000000 3.200000 -0.100000
v -3.900000 3.200000 -0.100000
v 3.900000 3.200000 -0.100000
v 4.000000 3.200000 -0.100000
v 3.800000 3.300000 1.200000
v 4.200000 3.300000 1.200000
v -2.100000 3.300000 1.100000
v -1.900000 3.300000 1.100000
v 1.900000 3.300000 1.100000
v 2.100000 3.300000 1.100000
v 3.800000 3.300000 1.100000
v 4.100000 3.300000 1.100000
v -2.100000 3.300000 0.900000
v -1.900000 3.300000 0.900000
v 1.900000 3.300000 0.900000
v 2.100000 3.300000 0.900000
v 4.100000 3.300000 1.000000
v 4.200000 3.300000 1.000000
v -2.100000 3.300000 -0.900000
v -1.900000 3.300000 -0.900000
v 1.900000 3.300000 -0.900000
v 2.100000 3.300000 -0.900000
v -1.900000 3.300000 -1.100000
v -2.100000 3.300000 -1.100000
v 1.900000 3.300000 -1.100000
v 2.100000 3.300000 -1.100000
v 0.700000 3.400000 1.200000
v 1.000000 3.400000 1.200000
v 0.700000 3.400000 1.100000
v 1.000000 3.400000 1.100000
v -4.100000 3.400000 0.100000
v -1.550000 3.400000 0.100000
v -1.350000 3.400000 0.100000
v 0.950000 3.400000 0.100000
v 2.650000 3.400000 0.100000
v 3.450000 3.400000 0.100000
v 4.100000 3.400000 0.100000
v -1.550000 3.400000 -0.000000
v -1.350000 3.400000 -0.000000
v 0.950000 3.400000 -0.000000
v 1.450000 3.400000 -0.000000
v 2.650000 3.400000 -0.000000
v -4.100000 3.400000 -0.100000
v -2.750000 3.400000 -0.100000
v 1.450000 3.400000 -0.100000
v 4.100000 3.400000 -0.100000
v 0.800000 3.400000 -1.100000
v 1.100000 3.400000 -1.100000
v 2.800000 3.400000 -1.100000
v 3.100000 3.400000 -1.100000
v 0.800000 3.400000 -1.200000
v 1.100000 3.400000 -1.200000
v 2.800000 3.400000 -1.200000
v 3.100000 3.400000 -1.200000
v 4.100000 3.500000 -0.200000
v 4.200000 3.500000 -0.200000
v 4.100000 3.500000 -0.500000
v 4.200000 3.500000 -0.500000
v -3.600000 3.600000 1.300000
v -3.400000 3.600000 1.300000
v -2.600000 3.600000 1.300000
v -2.400000 3.600000 1.300000
v -1.600000 3.600000 1.300000
v -1.400000 3.600000 1.300000
v -0.600000 3.600000 1.300000
v -0.400000 3.600000 1.300000
v 0.400000 3.600000 1.300000
v 0.600000 3.600000 1.300000
v 1.400000 3.600000 1.300000
v 1.600000 3.600000 1.300000
v 2.400000 3.600000 1.300000
v 2.600000 3.600000 1.300000
v 3.400000 3.600000 1.300000
v 3.600000 3.600000 1.300000
v 2.600000 3.600000 1.100000
v -3.600000 3.600000 1.100000
v -3.400000 3.600000 1.100000
v -2.600000 3.600000 1.100000
v -2.400000 3.600000 1.100000
v -1.600000 3.600000 1.100000
v -1.400000 3.600000 1.100000
v -0.600000 3.600000 1.100000
v -0.400000 3.600000 1.100000
v 0.400000 3.600000 1.100000
v 0.600000 3.600000 1.100000
v 1.400000 3.600000 1.100000
v 1.600000 3.600000 1.100000
v 2.400000 3.600000 1.100000
v 3.400000 3.600000 1.100000
v 3.600000 3.600000 1.100000
v -4.300000 3.600000 0.800000
v -4.100000 3.600000 0.800000
v 4.100000 3.600000 0.800000
v 4.300000 3.600000 0.800000
v -4.100000 3.600000 0.600000
v 4.100000 3.600000 0.600000
v -4.300000 3.600000 0.600000
v 4.300000 3.600000 0.600000
v -4.300000 3.600000 0.100000
v -4.100000 3.600000 0.100000
v 4.100000 3.600000 0.100000
v 4.300000 3.600000 0.100000
v -4.300000 3.600000 -0.100000
v -4.100000 3.600000 -0.100000
v 4.100000 3.600000 -0.100000
v 4.300000 3.600000 -0.100000
v -4.300000 3.600000 -0.600000
v -4.100000 3.600000 -0.600000
v 4.100000 3.600000 -0.600000
v 4.300000 3.600000 -0.600000
v -4.300000 3.600000 -0.800000
v -4.100000 3.600000 -0.800000
v 4.100000 3.600000 -0.800000
v 4.300000 3.600000 -0.800000
v -3.600000 3.600000 -1.100000
v -3.400000 3.600000 -1.100000
v -2.600000 3.600000 -1.100000
v -2.400000 3.600000 -1.100000
v -1.600000 3.600000 -1.100000
v -1.400000 3.600000 -1.100000
v -0.600000 3.600000 -1.100000
v -0.400000 3.600000 -1.100000
v 0.400000 3.600000 -1.100000
v 0.600000 3.600000 -1.100000
v 1.400000 3.600000 -1.100000
v 1.600000 3.600000 -1.100000
v 2.400000 3.600000 -1.100000
v 2.600000 3.600000 -1.100000
v 3.400000 3.600000 -1.100000
v 3.600000 3.600000 -1.100000
v -3.600000 3.600000 -1.300000
v -3.400000 3.600000 -1.300000
v -2.600000 3.600000 -1.300000
v -1.600000 3.600000 -1.300000
v -1.400000 3.600000 -1.300000
v -0.600000 3.600000 -1.300000
v -0.400000 3.600000 -1.300000
v 0.400000 3.600000 -1.300000
v 0.600000 3.600000 -1.300000
v 1.400000 3.600000 -1.300000
v 2.400000 3.600000 -1.300000
v 2.600000 3.600000 -1.300000
v 3.600000 3.600000 -1.300000
v -2.400000 3.600000 -1.300000
v 1.600000 3.600000 -1.300000
v 3.400000 3.600000 -1.300000
v 0.800000 3.700000 1.200000
v 1.100000 3.700000 1.200000
v 0.800000 3.700000 1.100000
v 1.100000 3.700000 1.100000
v -0.100000 3.800000 1.200000
v 0.200000 3.800000 1.200000
v -0.100000 3.800000 1.100000
v 0.200000 3.800000 1.100000
v -2.300000 0.100000 2.300000
v -1.950000 0.100000 2.300000
v -1.700000 0.100000 2.300000
v 1.700000 0.100000 2.300000
v 2.050000 0.100000 2.300000
v 2.300000 0.100000 2.300000
v -1.875000 0.100000 2.175000
v 2.050000 0.100000 2.200000
v -1.700000 0.100000 2.100000
v 1.950000 0.100000 1.850000
v 2.200000 0.100000 1.750000
v 2.300000 0.100000 1.750000
v -4.400000 0.100000 1.400000
v -2.300000 0.100000 1.400000
v -1.700000 0.100000 1.400000
v -0.150000 0.100000 1.400000
v 1.700000 0.100000 1.400000
v 2.300000 0.100000 1.400000
v 4.400000 0.100000 1.400000
v -3.850000 0.100000 1.250000
v -2.850000 0.100000 1.250000
v 1.350000 0.100000 1.300000
v 1.950000 0.100000 1.300000
v 3.650000 0.100000 1.300000
v -4.100000 0.100000 1.100000
v -0.150000 0.100000 1.200000
v 1.350000 0.100000 1.200000
v 1.950000 0.100000 1.200000
v 3.650000 0.100000 1.200000
v 4.100000 0.100000 1.200000
v -2.300000 0.100000 1.100000
v -1.700000 0.100000 1.100000
v 1.700000 0.100000 1.100000
v 2.300000 0.100000 1.100000
v 4.100000 0.100000 1.100000
v -1.700000 0.100000 0.900000
v -2.300000 0.100000 0.900000
v -0.350000 0.100000 0.900000
v 1.700000 0.100000 0.900000
v 2.300000 0.100000 0.900000
v -3.900000 0.100000 0.800000
v -2.300000 0.100000 0.800000
v -1.700000 0.100000 0.800000
v 1.700000 0.100000 0.800000
v 2.300000 0.100000 0.800000
v 3.900000 0.100000 0.800000
v -3.050000 0.100000 0.650000
v 3.150000 0.100000 0.650000
v -3.550000 0.100000 0.550000
v 2.350000 0.100000 0.550000
v 4.250000 0.100000 0.450000
v 3.650000 0.100000 0.250000
v -1.250000 0.100000 0.150000
v 1.950000 0.100000 0.150000
v -1.875000 0.100000 0.050000
v 0.150000 0.100000 0.037500
v 0.650000 0.100000 -0.000000
v 4.300000 0.100000 0.050000
v 4.400000 0.100000 0.050000
v -1.687500 0.100000 -0.025000
v 3.000000 0.100000 -0.050000
v 3.200000 0.100000 -0.050000
v -2.850000 0.100000 -0.150000
v -1.950000 0.100000 -0.150000
v 0.150000 0.100000 -0.175000
v -3.250000 0.100000 -0.350000
v -4.250000 0.100000 -0.450000
v -1.487500 0.100000 -0.525000
v 0.950000 0.100000 -0.450000
v -3.650000 0.100000 -0.550000
v -0.950000 0.100000 -0.650000
v 1.150000 0.100000 -0.650000
v 2.350000 0.100000 -0.650000
v -1.250000 0.100000 -0.750000
v -3.900000 0.100000 -0.800000
v -2.300000 0.100000 -0.800000
v -1.700000 0.100000 -0.800000
v 0.650000 0.100000 -0.800000
v 1.700000 0.100000 -0.800000
v 2.300000 0.100000 -0.800000
v 3.250000 0.100000 -0.800000
v 3.900000 0.100000 -0.800000
v -2.300000 0.100000 -0.900000
v -1.700000 0.100000 -0.900000
v 0.650000 0.100000 -0.900000
v 1.700000 0.100000 -0.900000
v 2.300000 0.100000 -0.900000
v -4.100000 0.100000 -1.100000
v -2.300000 0.100000 -1.100000
v -1.700000 0.100000 -1.100000
v 1.700000 0.100000 -1.100000
v 2.300000 0.100000 -1.100000
v 4.100000 0.100000 -1.100000
v -4.100000 0.100000 -1.200000
v -0.850000 0.100000 -1.250000
v -3.750000 0.100000 -1.300000
v -2.300000 0.100000 -1.400000
v -1.700000 0.100000 -1.400000
v 0.050000 0.100000 -1.300000
v 0.450000 0.100000 -1.300000
v 1.700000 0.100000 -1.400000
v 2.300000 0.100000 -1.400000
v -4.400000 0.100000 -1.400000
v -3.750000 0.100000 -1.400000
v 0.050000 0.100000 -1.400000
v 0.450000 0.100000 -1.400000
v 4.400000 0.100000 -1.400000
v -2.175000 0.100000 -1.825000
v -2.300000 0.100000 -1.850000
v -2.300000 0.100000 -2.300000
v -1.700000 0.100000 -2.300000
v 1.700000 0.100000 -2.300000
v 2.300000 0.100000 -2.300000
v -2.200000 0.400000 0.900000
v -2.100000 0.400000 0.900000
v -1.900000 0.400000 0.900000
v -1.800000 0.400000 0.900000
v 1.800000 0.400000 0.900000
v 1.900000 0.400000 0.900000
v 2.100000 0.400000 0.900000
v 2.200000 0.400000 0.900000
v -2.200000 0.400000 0.800000
v -2.100000 0.400000 0.800000
v -1.900000 0.400000 0.800000
v -1.800000 0.400000 0.800000
v 1.800000 0.400000 0.800000
v 1.900000 0.400000 0.800000
v 2.100000 0.400000 0.800000
v 2.200000 0.400000 0.800000
v -2.200000 0.400000 -0.800000
v -2.100000 0.400000 -0.800000
v -1.900000 0.400000 -0.800000
v -1.800000 0.400000 -0.800000
v 1.800000 0.400000 -0.800000
v 1.900000 0.400000 -0.800000
v 2.100000 0.400000 -0.800000
v 2.200000 0.400000 -0.800000
v -2.200000 0.400000 -0.900000
v -2.100000 0.400000 -0.900000
v -1.900000 0.400000 -0.900000
v -1.800000 0.400000 -0.900000
v 1.800000 0.400000 -0.900000
v 1.900000 0.400000 -0.900000
v 2.100000 0.400000 -0.900000
v 2.200000 0.400000 -0.900000
v 4.100000 0.500000 -0.600000
v 4.200000 0.500000 -0.600000
v 4.100000 0.500000 -0.900000
v 4.200000 0.500000 -0.900000
v -3.800000 0.500000 -1.100000
v -3.500000 0.500000 -1.100000
v -3.800000 0.500000 -1.200000
v -3.500000 0.500000 -1.200000
v -4.200000 0.600000 1.200000
v -3.600000 0.600000 1.200000
v -4.100000 0.600000 1.100000
v -3.600000 0.600000 1.100000
v -4.200000 0.600000 0.800000
v -4.100000 0.600000 0.800000
v -4.100000 0.600000 0.100000
v -3.900000 0.600000 0.100000
v 3.900000 0.600000 0.100000
v 4.100000 0.600000 0.100000
v -4.100000 0.600000 -0.100000
v -3.900000 0.600000 -0.100000
v 3.900000 0.600000 -0.100000
v 4.100000 0.600000 -0.100000
v 1.200000 0.700000 1.200000
v 1.500000 0.700000 1.200000
v 1.200000 0.700000 1.100000
v 1.500000 0.700000 1.100000
v -1.400000 0.700000 -1.100000
v -0.800000 0.700000 -1.100000
v -1.400000 0.700000 -1.200000
v -0.800000 0.700000 -1.200000
v -0.400000 0.800000 1.300000
v 0.400000 0.800000 1.300000
v -3.600000 0.800000 1.200000
v -3.300000 0.800000 1.200000
v -3.600000 0.800000 1.100000
v -3.300000 0.800000 1.100000
v -0.400000 0.800000 0.900000
v 0.400000 0.800000 0.900000
v -4.000000 0.800000 0.100000
v -3.900000 0.800000 0.100000
v 3.900000 0.800000 0.100000
v 4.000000 0.800000 0.100000
v -4.000000 0.800000 -0.100000
v -3.900000 0.800000 -0.100000
v 3.900000 0.800000 -0.100000
v 4.000000 0.800000 -0.100000
v -4.200000 0.800000 -0.900000
v -4.100000 0.800000 -0.900000
v -0.400000 0.800000 -0.900000
v 0.400000 0.800000 -0.900000
v -4.100000 0.800000 -1.100000
v -3.900000 0.800000 -1.100000
v -0.400000 0.800000 -1.300000
v 0.400000 0.800000 -1.300000
v 3.600000 0.800000 -1.100000
v 3.900000 0.800000 -1.100000
v -4.200000 0.800000 -1.200000
v -3.900000 0.800000 -1.200000
v 3.600000 0.800000 -1.200000
v 3.900000 0.800000 -1.200000
v -2.200000 0.900000 0.900000
v -2.100000 0.900000 0.900000
v -1.900000 0.900000 0.900000
v -1.800000 0.900000 0.900000
v 1.800000 0.900000 0.900000
v 1.900000 0.900000 0.900000
v 2.100000 0.900000 0.900000
v 2.200000 0.900000 0.900000
v -2.200000 0.900000 0.800000
v -2.100000 0.900000 0.800000
v -1.900000 0.900000 0.800000
v -1.800000 0.900000 0.800000
v 1.800000 0.900000 0.800000
v 1.900000 0.900000 0.800000
v 2.100000 0.900000 0.800000
v 2.200000 0.900000 0.800000
v -2.200000 0.900000 -0.800000
v -2.100000 0.900000 -0.800000
v -1.900000 0.900000 -0.800000
v -1.800000 0.900000 -0.800000
v 1.800000 0.900000 -0.800000
v 1.900000 0.900000 -0.800000
v 2.100000 0.900000 -0.800000
v 2.200000 0.900000 -0.800000
v -2.200000 0.900000 -0.900000
v -2.100000 0.900000 -0.900000
v -1.900000 0.900000 -0.900000
v -1.800000 0.900000 -0.900000
v 1.800000 0.900000 -0.900000
v 1.900000 0.900000 -0.900000
v 2.100000 0.900000 -0.900000
v 2.200000 0.900000 -0.900000
v -4.100000 1.000000 1.100000
v -2.300000 1.000000 1.100000
v -1.700000 1.000000 1.100000
v -1.450000 1.000000 1.100000
v -0.600000 1.000000 1.100000
v 0.600000 1.000000 1.100000
v 1.700000 1.000000 1.100000
v 2.300000 1.000000 1.100000
v 3.250000 1.000000 1.100000
v 4.100000 1.000000 1.100000
v -4.000000 1.000000 1.000000
v -2.300000 1.000000 1.000000
v -1.700000 1.000000 1.000000
v -1.475000 1.000000 1.000000
v -0.600000 1.000000 1.000000
v 0.600000 1.000000 1.000000
v 1.700000 1.000000 1.000000
v 2.300000 1.000000 1.000000
v 3.250000 1.000000 1.000000
v 4.000000 1.000000 1.000000
v -4.100000 1.000000 0.100000
v -4.000000 1.000000 0.100000
v 4.000000 1.000000 0.100000
v 4.100000 1.000000 0.100000
v -3.900000 1.000000 0.100000
v 3.900000 1.000000 0.100000
v -4.100000 1.000000 -0.100000
v -4.000000 1.000000 -0.100000
v -3.900000 1.000000 -0.100000
v 3.900000 1.000000 -0.100000
v 4.000000 1.000000 -0.100000
v 4.100000 1.000000 -0.100000
v -4.000000 1.000000 -1.000000
v -2.300000 1.000000 -1.000000
v -1.700000 1.000000 -1.000000
v -0.600000 1.000000 -1.000000
v 0.600000 1.000000 -1.000000
v 1.050000 1.000000 -1.000000
v 1.700000 1.000000 -1.000000
v 2.300000 1.000000 -1.000000
v 4.000000 1.000000 -1.000000
v -4.100000 1.000000 -1.100000
v -2.300000 1.000000 -1.100000
v -1.700000 1.000000 -1.100000
v -0.600000 1.000000 -1.100000
v 0.600000 1.000000 -1.100000
v 1.050000 1.000000 -1.100000
v 1.700000 1.000000 -1.100000
v 2.300000 1.000000 -1.100000
v 4.100000 1.000000 -1.100000
v -4.000000 1.200000 0.100000
v -3.900000 1.200000 0.100000
v 3.900000 1.200000 0.100000
v 4.000000 1.200000 0.100000
v -4.000000 1.200000 -0.100000
v -3.900000 1.200000 -0.100000
v 3.900000 1.200000 -0.100000
v 4.000000 1.200000 -0.100000
v -0.600000 1.400000 1.500000
v 0.600000 1.400000 1.500000
v -0.500000 1.400000 1.400000
v -0.400000 1.400000 1.400000
v -0.300000 1.400000 1.400000
v -0.200000 1.400000 1.400000
v 0.200000 1.400000 1.400000
v 0.300000 1.400000 1.400000
v 0.400000 1.400000 1.400000
v 0.500000 1.400000 1.400000
v -0.500000 1.400000 1.300000
v -0.400000 1.400000 1.300000
v -0.300000 1.400000 1.300000
v -0.200000 1.400000 1.300000
v 0.200000 1.400000 1.300000
v 0.300000 1.400000 1.300000
v 0.400000 1.400000 1.300000
v 0.500000 1.400000 1.300000
v -1.400000 1.400000 1.100000
v -1.100000 1.400000 1.100000
v -0.600000 1.400000 1.000000
v -0.400000 1.400000 1.000000
v 0.400000 1.400000 1.000000
v 0.600000 1.400000 1.000000
v -1.400000 1.400000 1.000000
v -1.100000 1.400000 1.000000
v -2.200000 1.400000 0.900000
v -2.100000 1.400000 0.900000
v -1.900000 1.400000 0.900000
v -1.800000 1.400000 0.900000
v 1.800000 1.400000 0.900000
v 1.900000 1.400000 0.900000
v 2.100000 1.400000 0.900000
v 2.200000 1.400000 0.900000
v -2.200000 1.400000 0.800000
v -2.100000 1.400000 0.800000
v -1.900000 1.400000 0.800000
v -1.800000 1.400000 0.800000
v 1.800000 1.400000 0.800000
v 1.900000 1.400000 0.800000
v 2.100000 1.400000 0.800000
v 2.200000 1.400000 0.800000
v -4.000000 1.400000 0.100000
v -3.900000 1.400000 0.100000
v 3.900000 1.400000 0.100000
v 4.000000 1.400000 0.100000
v -4.000000 1.400000 -0.100000
v -3.900000 1.400000 -0.100000
v 3.900000 1.400000 -0.100000
v 4.000000 1.400000 -0.100000
v -2.200000 1.400000 -0.800000
v -2.100000 1.400000 -0.800000
v -1.900000 1.400000 -0.800000
v -1.800000 1.400000 -0.800000
v 1.800000 1.400000 -0.800000
v 1.900000 1.400000 -0.800000
v 2.100000 1.400000 -0.800000
v 2.200000 1.400000 -0.800000
v -2.200000 1.400000 -0.900000
v -2.100000 1.400000 -0.900000
v -1.900000 1.400000 -0.900000
v -1.800000 1.400000 -0.900000
v 1.800000 1.400000 -0.900000
v 1.900000 1.400000 -0.900000
v 2.100000 1.400000 -0.900000
v 2.200000 1.400000 -0.900000
v -0.600000 1.400000 -1.000000
v -0.400000 1.400000 -1.000000
v 0.400000 1.400000 -1.000000
v 0.600000 1.400000 -1.000000
v -0.500000 1.400000 -1.300000
v -0.400000 1.400000 -1.300000
v -0.300000 1.400000 -1.300000
v -0.200000 1.400000 -1.300000
v 0.200000 1.400000 -1.300000
v 0.300000 1.400000 -1.300000
v 0.400000 1.400000 -1.300000
v 0.500000 1.400000 -1.300000
v -0.500000 1.400000 -1.400000
v -0.400000 1.400000 -1.400000
v -0.300000 1.400000 -1.400000
v -0.200000 1.400000 -1.400000
v 0.200000 1.400000 -1.400000
v 0.300000 1.400000 -1.400000
v 0.400000 1.400000 -1.400000
v 0.500000 1.400000 -1.400000
v -0.600000 1.400000 -1.500000
v 0.600000 1.400000 -1.500000
v -4.100000 1.500000 -0.400000
v -4.000000 1.500000 -0.400000
v -4.100000 1.500000 -0.700000
v -4.000000 1.500000 -0.700000
v -0.500000 1.600000 1.500000
v -0.200000 1.600000 1.500000
v 0.200000 1.600000 1.500000
v 0.500000 1.600000 1.500000
v -0.500000 1.600000 1.400000
v -0.400000 1.600000 1.400000
v -0.300000 1.600000 1.400000
v -0.200000 1.600000 1.400000
v 0.200000 1.600000 1.400000
v 0.300000 1.600000 1.400000
v 0.400000 1.600000 1.400000
v 0.500000 1.600000 1.400000
v -0.400000 1.600000 1.300000
v -0.300000 1.600000 1.300000
v 0.300000 1.600000 1.300000
v 0.400000 1.600000 1.300000
v -4.000000 1.600000 0.100000
v -3.900000 1.600000 0.100000
v 3.900000 1.600000 0.100000
v 4.000000 1.600000 0.100000
v -4.000000 1.600000 -0.100000
v -3.900000 1.600000 -0.100000
v 3.900000 1.600000 -0.100000
v 4.000000 1.600000 -0.100000
v -0.400000 1.600000 -1.300000
v -0.300000 1.600000 -1.300000
v 0.300000 1.600000 -1.300000
v 0.400000 1.600000 -1.300000
v -0.500000 1.600000 -1.400000
v -0.400000 1.600000 -1.400000
v -0.300000 1.600000 -1.400000
v -0.200000 1.600000 -1.400000
v 0.200000 1.600000 -1.400000
v 0.300000 1.600000 -1.400000
v 0.400000 1.600000 -1.400000
v 0.500000 1.600000 -1.400000
v -0.500000 1.600000 -1.500000
v -0.200000 1.600000 -1.500000
v 0.200000 1.600000 -1.500000
v 0.500000 1.600000 -1.500000
v -1.100000 1.700000 1.100000
v -0.800000 1.700000 1.100000
v 3.800000 1.700000 1.100000
v 4.100000 1.700000 1.100000
v -1.100000 1.700000 1.000000
v -0.800000 1.700000 1.000000
v 3.800000 1.700000 1.000000
v 4.000000 1.700000 1.000000
v 3.800000 1.700000 0.800000
v 3.900000 1.700000 0.800000
v 3.800000 1.700000 0.500000
v 3.900000 1.700000 0.500000
v 4.000000 1.700000 0.500000
v 4.100000 1.700000 0.500000
v 0.900000 1.700000 -1.000000
v 1.200000 1.700000 -1.000000
v 0.900000 1.700000 -1.100000
v 1.200000 1.700000 -1.100000
v -0.500000 1.800000 1.500000
v -0.200000 1.800000 1.500000
v 0.200000 1.800000 1.500000
v 0.500000 1.800000 1.500000
v -0.500000 1.800000 1.400000
v -0.400000 1.800000 1.400000
v -0.300000 1.800000 1.400000
v -0.200000 1.800000 1.400000
v 0.200000 1.800000 1.400000
v 0.300000 1.800000 1.400000
v 0.400000 1.800000 1.400000
v 0.500000 1.800000 1.400000
v -0.400000 1.800000 1.300000
v -0.300000 1.800000 1.300000
v 0.300000 1.800000 1.300000
v 0.400000 1.800000 1.300000
v -4.000000 1.800000 0.100000
v -3.900000 1.800000 0.100000
v 3.900000 1.800000 0.100000
v 4.000000 1.800000 0.100000
v -4.000000 1.800000 -0.100000
v -3.900000 1.800000 -0.100000
v 3.900000 1.800000 -0.100000
v 4.000000 1.800000 -0.100000
v 3.000000 1.800000 -1.000000
v 3.300000 1.800000 -1.000000
v 3.000000 1.800000 -1.100000
v 3.300000 1.800000 -1.100000
v -0.400000 1.800000 -1.300000
v -0.300000 1.800000 -1.300000
v 0.300000 1.800000 -1.300000
v 0.400000 1.800000 -1.300000
v -0.500000 1.800000 -1.400000
v -0.400000 1.800000 -1.400000
v -0.300000 1.800000 -1.400000
v -0.200000 1.800000 -1.400000
v 0.200000 1.800000 -1.400000
v 0.300000 1.800000 -1.400000
v 0.400000 1.800000 -1.400000
v 0.500000 1.800000 -1.400000
v -0.500000 1.800000 -1.500000
v -0.200000 1.800000 -1.500000
v 0.200000 1.800000 -1.500000
v 0.500000 1.800000 -1.500000
v -2.200000 1.900000 0.900000
v -2.100000 1.900000 0.900000
v -1.900000 1.900000 0.900000
v -1.800000 1.900000 0.900000
v 1.800000 1.900000 0.900000
v 1.900000 1.900000 0.900000
v 2.100000 1.900000 0.900000
v 2.200000 1.900000 0.900000
v -2.200000 1.900000 0.800000
v -2.100000 1.900000 0.800000
v -1.900000 1.900000 0.800000
v -1.800000 1.900000 0.800000
v 1.800000 1.900000 0.800000
v 1.900000 1.900000 0.800000
v 2.100000 1.900000 0.800000
v 2.200000 1.900000 0.800000
v -2.200000 1.900000 -0.800000
v -2.100000 1.900000 -0.800000
v -1.900000 1.900000 -0.800000
v -1.800000 1.900000 -0.800000
v 1.800000 1.900000 -0.800000
v 1.900000 1.900000 -0.800000
v 2.100000 1.900000 -0.800000
v 2.200000 1.900000 -0.800000
v -2.200000 1.900000 -0.900000
v -2.100000 1.900000 -0.900000
v -1.900000 1.900000 -0.900000
v -1.800000 1.900000 -0.900000
v 1.800000 1.900000 -0.900000
v 1.900000 1.900000 -0.900000
v 2.100000 1.900000 -0.900000
v 2.200000 1.900000 -0.900000
v 3.400000 2.000000 1.100000
v 3.700000 2.000000 1.100000
v 3.400000 2.000000 1.000000
v 3.700000 2.000000 1.000000
v -4.100000 2.000000 -0.500000
v -4.000000 2.000000 -0.500000
v -3.900000 2.000000 -0.500000
v -3.600000 2.000000 -0.500000
v -4.000000 2.000000 -0.750000
v -3.900000 2.000000 -0.800000
v -3.600000 2.000000 -0.800000
v -4.000000 2.000000 -1.000000
v -3.600000 2.000000 -1.000000
v -4.100000 2.000000 -1.100000
v -3.600000 2.000000 -1.100000
v -4.000000 2.100000 0.100000
v -3.900000 2.100000 0.100000
v 3.900000 2.100000 0.100000
v 4.000000 2.100000 0.100000
v -4.000000 2.100000 -0.100000
v -3.900000 2.100000 -0.100000
v 3.900000 2.100000 -0.100000
v 4.000000 2.100000 -0.100000
v -3.600000 2.200000 1.100000
v -3.300000 2.200000 1.100000
v -3.600000 2.200000 1.000000
v -3.300000 2.200000 1.000000
v -4.000000 2.300000 0.100000
v -3.900000 2.300000 0.100000
v 3.900000 2.300000 0.100000
v 4.000000 2.300000 0.100000
v -4.000000 2.300000 -0.100000
v -3.900000 2.300000 -0.100000
v 3.900000 2.300000 -0.100000
v 4.000000 2.300000 -0.100000
v 3.100000 2.300000 -1.000000
v 3.700000 2.300000 -1.000000
v 3.100000 2.300000 -1.100000
v 3.700000 2.300000 -1.100000
v 0.800000 2.400000 1.100000
v 1.100000 2.400000 1.100000
v 0.800000 2.400000 1.000000
v 1.100000 2.400000 1.000000
v -2.200000 2.400000 0.900000
v -2.100000 2.400000 0.900000
v -1.900000 2.400000 0.900000
v -1.800000 2.400000 0.900000
v 1.800000 2.400000 0.900000
v 1.900000 2.400000 0.900000
v 2.100000 2.400000 0.900000
v 2.200000 2.400000 0.900000
v -2.200000 2.400000 0.800000
v -2.100000 2.400000 0.800000
v -1.900000 2.400000 0.800000
v -1.800000 2.400000 0.800000
v 1.800000 2.400000 0.800000
v 1.900000 2.400000 0.800000
v 2.100000 2.400000 0.800000
v 2.200000 2.400000 0.800000
v -2.200000 2.400000 -0.800000
v -2.100000 2.400000 -0.800000
v -1.900000 2.400000 -0.800000
v -1.800000 2.400000 -0.800000
v 1.800000 2.400000 -0.800000
v 1.900000 2.400000 -0.800000
v 2.100000 2.400000 -0.800000
v 2.200000 2.400000 -0.800000
v -2.200000 2.400000 -0.900000
v -2.100000 2.400000 -0.900000
v -1.900000 2.400000 -0.900000
v -1.800000 2.400000 -0.900000
v 1.800000 2.400000 -0.900000
v 1.900000 2.400000 -0.900000
v 2.100000 2.400000 -0.900000
v 2.200000 2.400000 -0.900000
v -4.000000 2.500000 0.100000
v -3.900000 2.500000 0.100000
v 3.900000 2.500000 0.100000
v 4.000000 2.500000 0.100000
v -4.000000 2.500000 -0.100000
v -3.900000 2.500000 -0.100000
v 3.900000 2.500000 -0.100000
v 4.000000 2.500000 -0.100000
v -0.500000 2.600000 1.500000
v -0.200000 2.600000 1.500000
v 0.200000 2.600000 1.500000
v 0.500000 2.600000 1.500000
v -0.500000 2.600000 1.400000
v -0.400000 2.600000 1.400000
v -0.300000 2.600000 1.400000
v -0.200000 2.600000 1.400000
v 0.200000 2.600000 1.400000
v 0.300000 2.600000 1.400000
v 0.400000 2.600000 1.400000
v 0.500000 2.600000 1.400000
v -0.400000 2.600000 1.300000
v -0.300000 2.600000 1.300000
v 0.300000 2.600000 1.300000
v 0.400000 2.600000 1.300000
v -3.200000 2.600000 1.100000
v -2.900000 2.600000 1.100000
v -3.200000 2.600000 1.000000
v -2.900000 2.600000 1.000000
v -3.500000 2.600000 -1.000000
v -3.200000 2.600000 -1.000000
v -1.300000 2.600000 -1.000000
v -1.000000 2.600000 -1.000000
v -3.500000 2.600000 -1.100000
v -3.200000 2.600000 -1.100000
v -1.300000 2.600000 -1.100000
v -1.000000 2.600000 -1.100000
v -0.400000 2.600000 -1.300000
v -0.300000 2.600000 -1.300000
v 0.300000 2.600000 -1.300000
v 0.400000 2.600000 -1.300000
v -0.500000 2.600000 -1.400000
v -0.400000 2.600000 -1.400000
v -0.300000 2.600000 -1.400000
v -0.200000 2.600000 -1.400000
v 0.200000 2.600000 -1.400000
v 0.300000 2.600000 -1.400000
v 0.400000 2.600000 -1.400000
v 0.500000 2.600000 -1.400000
v -0.500000 2.600000 -1.500000
v -0.200000 2.600000 -1.500000
v 0.200000 2.600000 -1.500000
v 0.500000 2.600000 -1.500000
v -4.100000 2.700000 1.100000
v -3.500000 2.700000 1.100000
v -4.000000 2.700000 1.000000
v -3.800000 2.700000 1.000000
v -3.500000 2.700000 1.000000
v -4.100000 2.700000 0.900000
v -4.000000 2.700000 0.900000
v -4.000000 2.700000 0.100000
v -3.900000 2.700000 0.100000
v 3.900000 2.700000 0.100000
v 4.000000 2.700000 0.100000
v -4.000000 2.700000 -0.100000
v -3.900000 2.700000 -0.100000
v 3.900000 2.700000 -0.100000
v 4.000000 2.700000 -0.100000
v -0.500000 2.800000 1.500000
v -0.200000 2.800000 1.500000
v 0.200000 2.800000 1.500000
v 0.500000 2.800000 1.500000
v -0.500000 2.800000 1.400000
v -0.400000 2.800000 1.400000
v -0.300000 2.800000 1.400000
v -0.200000 2.800000 1.400000
v 0.200000 2.800000 1.400000
v 0.300000 2.800000 1.400000
v 0.400000 2.800000 1.400000
v 0.500000 2.800000 1.400000
v -0.400000 2.800000 1.300000
v -0.300000 2.800000 1.300000
v 0.300000 2.800000 1.300000
v 0.400000 2.800000 1.300000
v -0.400000 2.800000 -1.300000
v -0.300000 2.800000 -1.300000
v 0.300000 2.800000 -1.300000
v 0.400000 2.800000 -1.300000
v -0.500000 2.800000 -1.400000
v -0.400000 2.800000 -1.400000
v -0.300000 2.800000 -1.400000
v -0.200000 2.800000 -1.400000
v 0.200000 2.800000 -1.400000
v 0.300000 2.800000 -1.400000
v 0.400000 2.800000 -1.400000
v 0.500000 2.800000 -1.400000
v -0.500000 2.800000 -1.500000
v -0.200000 2.800000 -1.500000
v 0.200000 2.800000 -1.500000
v 0.500000 2.800000 -1.500000
v 1.000000 2.900000 1.100000
v 1.500000 2.900000 1.100000
v 1.000000 2.900000 1.000000
v 1.500000 2.900000 1.000000
v -4.000000 2.900000 0.100000
v -3.900000 2.900000 0.100000
v 3.900000 2.900000 0.100000
v 4.000000 2.900000 0.100000
v -4.000000 2.900000 -0.100000
v -3.900000 2.900000 -0.100000
v 3.900000 2.900000 -0.100000
v 4.000000 2.900000 -0.100000
v -4.000000 3.100000 0.100000
v -3.900000 3.100000 0.100000
v 3.900000 3.100000 0.100000
v 4.000000 3.100000 0.100000
v -4.000000 3.100000 -0.100000
v -3.900000 3.100000 -0.100000
v 3.900000 3.100000 -0.100000
v 4.000000 3.100000 -0.100000
v -0.600000 3.200000 1.800000
v 0.600000 3.200000 1.800000
v -0.600000 3.200000 1.100000
v 0.600000 3.200000 1.100000
v -0.600000 3.200000 -1.100000
v 0.600000 3.200000 -1.100000
v -0.600000 3.200000 -1.800000
v 0.600000 3.200000 -1.800000
v 3.300000 3.300000 1.200000
v 3.700000 3.300000 1.200000
v 3.300000 3.300000 1.100000
v 3.700000 3.300000 1.100000
v -4.000000 3.300000 0.100000
v -3.900000 3.300000 0.100000
v 3.900000 3.300000 0.100000
v 4.000000 3.300000 0.100000
v -4.000000 3.300000 -0.100000
v -3.900000 3.300000 -0.100000
v 3.900000 3.300000 -0.100000
v 4.000000 3.300000 -0.100000
v 3.800000 3.500000 1.200000
v 4.200000 3.500000 1.200000
v 3.800000 3.500000 1.100000
v 4.100000 3.500000 1.100000
v 4.100000 3.500000 1.000000
v 4.200000 3.500000 1.000000
v 4.100000 3.500000 -0.600000
v 4.200000 3.500000 -0.600000
v 4.100000 3.500000 -0.800000
v 3.900000 3.500000 -1.100000
v 4.100000 3.500000 -1.100000
v 3.900000 3.500000 -1.200000
v 4.200000 3.500000 -1.200000
v 0.700000 3.600000 1.200000
v 1.000000 3.600000 1.200000
v 0.700000 3.600000 1.100000
v 1.000000 3.600000 1.100000
v 0.800000 3.600000 -1.100000
v 1.100000 3.600000 -1.100000
v 2.800000 3.600000 -1.100000
v 3.100000 3.600000 -1.100000
v 0.800000 3.600000 -1.200000
v 1.100000 3.600000 -1.200000
v 2.800000 3.600000 -1.200000
v 3.100000 3.600000 -1.200000
v 4.100000 3.700000 -0.200000
v 4.200000 3.700000 -0.200000
v 4.100000 3.700000 -0.500000
v 4.200000 3.700000 -0.500000
v -3.600000 3.800000 1.300000
v -3.400000 3.800000 1.300000
v -2.600000 3.800000 1.300000
v -2.400000 3.800000 1.300000
v -1.600000 3.800000 1.300000
v -1.400000 3.800000 1.300000
v -0.600000 3.800000 1.300000
v -0.400000 3.800000 1.300000
v 0.400000 3.800000 1.300000
v 0.600000 3.800000 1.300000
v 1.400000 3.800000 1.300000
v 1.600000 3.800000 1.300000
v 2.400000 3.800000 1.300000
v 2.600000 3.800000 1.300000
v 3.400000 3.800000 1.300000
v 3.600000 3.800000 1.300000
v -3.600000 3.800000 1.100000
v -3.400000 3.800000 1.100000
v -2.600000 3.800000 1.100000
v -2.400000 3.800000 1.100000
v -1.600000 3.800000 1.100000
v -1.400000 3.800000 1.100000
v -0.600000 3.800000 1.100000
v -0.400000 3.800000 1.100000
v 0.400000 3.800000 1.100000
v 0.600000 3.800000 1.100000
v 1.400000 3.800000 1.100000
v 1.600000 3.800000 1.100000
v 2.400000 3.800000 1.100000
v 2.600000 3.800000 1.100000
v 3.400000 3.800000 1.100000
v 3.600000 3.800000 1.100000
v -4.300000 3.800000 0.800000
v -4.100000 3.800000 0.800000
v 4.100000 3.800000 0.800000
v 4.300000 3.800000 0.800000
v -4.300000 3.800000 0.600000
v -4.100000 3.800000 0.600000
v 4.100000 3.800000 0.600000
v 4.300000 3.800000 0.600000
v -4.300000 3.800000 0.100000
v -4.100000 3.800000 0.100000
v 4.100000 3.800000 0.100000
v 4.300000 3.800000 0.100000
v -4.300000 3.800000 -0.100000
v -4.100000 3.800000 -0.100000
v 4.100000 3.800000 -0.100000
v 4.300000 3.800000 -0.100000
v -4.300000 3.800000 -0.600000
v -4.100000 3.800000 -0.600000
v 4.100000 3.800000 -0.600000
v 4.300000 3.800000 -0.600000
v -4.300000 3.800000 -0.800000
v -4.100000 3.800000 -0.800000
v 4.100000 3.800000 -0.800000
v 4.300000 3.800000 -0.800000
v -3.600000 3.800000 -1.100000
v -3.400000 3.800000 -1.100000
v -2.600000 3.800000 -1.100000
v -2.400000 3.800000 -1.100000
v -1.600000 3.800000 -1.100000
v -1.400000 3.800000 -1.100000
v -0.600000 3.800000 -1.100000
v -0.400000 3.800000 -1.100000
v 0.400000 3.800000 -1.100000
v 0.600000 3.800000 -1.100000
v 1.400000 3.800000 -1.100000
v 1.600000 3.800000 -1.100000
v 2.400000 3.800000 -1.100000
v 2.600000 3.800000 -1.100000
v 3.400000 3.800000 -1.100000
v 3.600000 3.800000 -1.100000
v -3.600000 3.800000 -1.300000
v -3.400000 3.800000 -1.300000
v -2.600000 3.800000 -1.300000
v -2.400000 3.800000 -1.300000
v -1.600000 3.800000 -1.300000
v -1.400000 3.800000 -1.300000
v -0.600000 3.800000 -1.300000
v -0.400000 3.800000 -1.300000
v 0.400000 3.800000 -1.300000
v 0.600000 3.800000 -1.300000
v 1.400000 3.800000 -1.300000
v 1.600000 3.800000 -1.300000
v 2.400000 3.800000 -1.300000
v 2.600000 3.800000 -1.300000
v 3.400000 3.800000 -1.300000
v 3.600000 3.800000 -1.300000
v 0.800000 3.900000 1.200000
v 1.100000 3.900000 1.200000
v 0.800000 3.900000 1.100000
v 1.100000 3.900000 1.100000
v -3.800000 3.900000 0.800000
v 3.800000 3.900000 0.800000
v 2.000000 3.900000 0.650000
v 2.600000 3.900000 0.575000
v -2.700000 3.900000 0.600000
v -2.100000 3.900000 0.600000
v -1.500000 3.900000 0.600000
v -0.600000 3.900000 0.600000
v -0.400000 3.900000 0.600000
v 0.400000 3.900000 0.550000
v 0.900000 3.900000 0.525000
v 2.900000 3.900000 0.550000
v -3.700000 3.900000 0.500000
v -2.650000 3.900000 0.475000
v -2.100000 3.900000 0.450000
v -1.500000 3.900000 0.500000
v -0.600000 3.900000 0.500000
v -0.350000 3.900000 0.500000
v 1.500000 3.900000 0.450000
v 3.400000 3.900000 0.450000
v 3.700000 3.900000 0.450000
v -1.500000 3.900000 0.350000
v -1.000000 3.900000 0.350000
v -0.650000 3.900000 0.400000
v -0.350000 3.900000 0.400000
v 3.100000 3.900000 0.350000
v -3.400000 3.900000 0.250000
v -3.200000 3.900000 0.250000
v -0.650000 3.900000 0.300000
v 1.000000 3.900000 0.250000
v 1.800000 3.900000 0.250000
v 3.400000 3.900000 0.300000
v -2.000000 3.900000 0.150000
v -1.300000 3.900000 0.150000
v 0.100000 3.900000 0.150000
v 2.000000 3.900000 0.150000
v 2.500000 3.900000 0.150000
v -2.600000 3.900000 0.050000
v 1.000000 3.900000 0.100000
v 1.500000 3.900000 0.050000
v 3.500000 3.900000 0.100000
v 3.700000 3.900000 0.100000
v -2.000000 3.900000 -0.000001
v 2.000000 3.900000 -0.000001
v 3.500000 3.900000 -0.000001
v 3.700000 3.900000 -0.000001
v -3.500000 3.900000 -0.100000
v -3.075000 3.900000 -0.150000
v -3.500000 3.900000 -0.200000
v -3.400000 3.900000 -0.250000
v -3.200000 3.900000 -0.250000
v -1.800000 3.900000 -0.250000
v 2.400000 3.900000 -0.250000
v 2.700000 3.900000 -0.250000
v -3.000000 3.900000 -0.300000
v -0.400000 3.900000 -0.300000
v -0.300000 3.900000 -0.300000
v 0.200000 3.900000 -0.350000
v 1.500000 3.900000 -0.350000
v 3.400000 3.900000 -0.425000
v 3.700000 3.900000 -0.350000
v -2.700000 3.900000 -0.400000
v -2.475000 3.900000 -0.450000
v 2.800000 3.900000 -0.450000
v -3.400000 3.900000 -0.550000
v -3.200000 3.900000 -0.550000
v -2.900000 3.900000 -0.550000
v -2.700000 3.900000 -0.550000
v -2.000000 3.900000 -0.575000
v -1.300000 3.900000 -0.550000
v -0.900000 3.900000 -0.550000
v -0.600000 3.900000 -0.550000
v -0.350000 3.900000 -0.500000
v 1.000000 3.900000 -0.500000
v 1.800000 3.900000 -0.550000
v 2.400000 3.900000 -0.550000
v -2.400000 3.900000 -0.600000
v -1.500000 3.900000 -0.650000
v -0.400000 3.900000 -0.600000
v 0.100000 3.900000 -0.650000
v 1.000000 3.900000 -0.650000
v 2.800000 3.900000 -0.600000
v -3.800000 3.900000 -0.800000
v 3.800000 3.900000 -0.800000
v -0.100000 4.000000 1.200000
v 0.200000 4.000000 1.200000
v -0.100000 4.000000 1.100000
v 0.200000 4.000000 1.100000
v -3.900000 4.000000 0.900000
v -2.550000 4.000000 0.900000
v -1.950000 4.000000 0.900000
v -1.450000 4.000000 0.900000
v 3.900000 4.000000 0.900000
v -3.800000 4.000000 0.800000
v 3.800000 4.000000 0.800000
v -3.800000 4.000000 -0.800000
v 3.800000 4.000000 -0.800000
v -3.900000 4.000000 -0.900000
v 3.900000 4.000000 -0.900000
v -4.100000 4.100000 1.100000
v -0.850000 4.100000 1.100000
v -0.400000 4.100000 1.100000
v 2.050000 4.100000 1.100000
v 4.100000 4.100000 1.100000
v -2.550000 4.100000 1.000000
v -1.950000 4.100000 1.000000
v -1.450000 4.100000 1.000000
v -0.850000 4.100000 1.000000
v -0.500000 4.100000 1.000000
v -0.300000 4.100000 1.000000
v 2.050000 4.100000 1.000000
v -3.900000 4.100000 0.900000
v -2.550000 4.100000 0.900000
v -1.950000 4.100000 0.900000
v -1.450000 4.100000 0.900000
v 3.900000 4.100000 0.900000
v -3.900000 4.100000 -0.900000
v 3.900000 4.100000 -0.900000
v -2.550000 4.100000 -1.000000
v -4.100000 4.100000 -1.100000
v -2.550000 4.100000 -1.100000
v 4.100000 4.100000 -1.100000
vn -1.0000 -0.0000 -0.0000
vn -1.0000 -0.0001 -0.0000
vn 1.0000 -0.0000 -0.0000
vn -0.0000 -0.0000 1.0000
vn -0.0000 -0.0000 -1.0000
vn -0.0000 -1.0000 -0.0000
vn -0.0000 -1.0000 -0.0001
vn -0.0000 1.0000 -0.0000
vn -0.0000 1.0000 -0.0001
vt 0.943359 0.500000
vt 0.912109 0.500000
vt 0.939453 0.500000
vt 0.759766 0.500000
vt 0.908203 0.500000
vt 0.755859 0.500000
vt 0.947266 0.500000
s 1
usemtl palette.003
f 3/1/1 2/1/1 1/1/1
f 4/1/1 2/1/1 3/1/1
f 11/2/1 6/2/1 5/2/1
f 12/2/1 6/2/1 11/2/1
f 13/2/1 8/2/1 7/2/1
f 14/2/1 8/2/1 13/2/1
f 15/2/1 10/2/1 9/2/1
f 16/2/1 10/2/1 15/2/1
f 19/3/1 18/3/1 17/3/1
f 20/3/1 18/3/1 19/3/1
f 23/3/1 22/3/1 21/3/1
f 24/3/1 22/3/1 23/3/1
f 27/3/1 26/3/1 25/3/1
f 28/3/1 26/3/1 27/3/1
f 29/3/1 26/3/1 28/3/1
f 30/3/1 26/3/1 29/3/1
f 31/3/1 26/3/1 30/3/1
f 32/3/1 26/3/1 31/3/1
f 33/1/1 31/1/1 30/1/1
f 33/1/1 30/1/1 29/1/1
f 34/1/1 31/1/1 33/1/1
f 35/1/1 32/1/1 31/1/1
f 35/1/1 31/1/1 34/1/1
f 35/1/1 26/1/1 32/1/1
f 36/1/1 26/1/1 35/1/1
f 38/1/1 33/1/1 29/1/1
f 38/1/1 29/1/1 28/1/1
f 39/1/1 38/1/1 37/1/1
f 39/1/1 33/1/1 38/1/1
f 40/1/1 33/1/1 39/1/1
f 41/1/1 35/1/1 34/1/1
f 44/4/1 33/4/1 40/4/1
f 45/1/1 41/1/1 34/1/1
f 42/1/1 35/1/1 41/1/1
f 46/1/1 39/1/1 37/1/1
f 46/1/1 40/1/1 39/1/1
f 44/1/1 40/1/1 46/1/1
f 45/1/1 42/1/1 41/1/1
f 47/1/1 43/1/1 42/1/1
f 47/1/1 42/1/1 45/1/1
f 50/3/1 49/3/1 48/3/1
f 51/3/1 49/3/1 50/3/1
f 54/3/1 53/3/1 52/3/1
f 55/3/1 53/3/1 54/3/1
f 58/3/1 57/3/1 56/3/1
f 59/3/1 57/3/1 58/3/1
f 64/1/1 61/1/1 60/1/1
f 67/1/1 63/1/1 62/1/1
f 68/4/1 65/4/1 64/4/1
f 69/4/1 67/4/1 66/4/1
f 70/1/1 64/1/1 60/1/1
f 71/1/1 64/1/1 70/1/1
f 72/1/1 64/1/1 71/1/1
f 68/1/1 64/1/1 72/1/1
f 73/4/1 69/4/1 68/4/1
f 74/4/1 67/4/1 69/4/1
f 74/4/1 69/4/1 73/4/1
f 74/1/1 63/1/1 67/1/1
f 75/1/1 63/1/1 74/1/1
f 76/1/1 63/1/1 75/1/1
f 72/1/1 73/1/1 68/1/1
f 77/1/1 70/1/1 60/1/1
f 78/1/1 72/1/1 71/1/1
f 78/1/1 73/1/1 72/1/1
f 79/1/1 75/1/1 74/1/1
f 80/1/1 63/1/1 76/1/1
f 81/1/2 78/1/1 71/1/1
f 82/1/1 75/1/1 79/1/1
f 83/1/1 75/1/1 82/1/1
f 82/1/1 78/1/1 81/1/2
f 82/1/1 81/1/2 77/1/1
f 82/1/1 79/1/1 78/1/1
f 82/1/1 80/1/1 83/1/1
f 84/1/1 82/1/1 77/1/1
f 84/1/1 77/1/1 60/1/1
f 85/1/1 80/1/1 82/1/1
f 85/1/1 82/1/1 84/1/1
f 85/1/1 63/1/1 80/1/1
f 88/5/1 87/5/1 86/5/1
f 89/5/1 87/5/1 88/5/1
f 93/5/1 91/5/1 90/5/1
f 94/5/1 91/5/1 93/5/1
f 96/1/1 93/1/1 92/1/1
f 97/6/1 93/6/1 96/6/1
f 99/1/1 95/1/1 94/1/1
f 99/6/1 94/6/1 98/6/1
f 100/5/1 98/5/1 97/5/1
f 100/4/1 97/4/1 96/4/1
f 101/4/1 99/4/1 98/4/1
f 101/5/1 98/5/1 100/5/1
f 102/7/1 95/7/1 99/7/1
f 103/7/1 95/7/1 102/7/1
f 104/7/1 95/7/1 103/7/1
f 105/7/1 95/7/1 104/7/1
f 107/7/1 96/7/1 92/7/1
f 107/1/1 92/1/1 106/1/1
f 108/7/1 96/7/1 107/7/1
f 109/4/1 100/4/1 96/4/1
f 110/4/1 99/4/1 101/4/1
f 111/4/1 109/4/1 96/4/1
f 111/5/1 110/5/1 109/5/1
f 112/4/1 99/4/1 110/4/1
f 112/5/1 110/5/1 111/5/1
f 113/4/1 111/4/1 96/4/1
f 114/4/1 99/4/1 112/4/1
f 115/7/1 102/7/1 99/7/1
f 116/7/1 105/7/1 104/7/1
f 116/7/1 104/7/1 103/7/1
f 117/7/1 105/7/1 116/7/1
f 118/7/1 96/7/1 108/7/1
f 118/7/1 108/7/1 107/7/1
f 119/5/1 114/5/1 113/5/1
f 119/4/1 113/4/1 96/4/1
f 120/4/1 99/4/1 114/4/1
f 120/5/1 114/5/1 119/5/1
f 121/1/1 117/1/1 116/1/1
f 121/1/1 116/1/1 115/1/1
f 122/4/1 119/4/1 96/4/1
f 123/4/1 99/4/1 120/4/1
f 124/4/1 122/4/1 96/4/1
f 124/5/1 123/5/1 122/5/1
f 125/4/1 99/4/1 123/4/1
f 125/5/1 123/5/1 124/5/1
f 126/4/1 124/4/1 96/4/1
f 127/4/1 99/4/1 125/4/1
f 128/1/1 121/1/1 115/1/1
f 131/7/1 118/7/1 107/7/1
f 131/7/1 107/7/1 106/7/1
f 132/4/1 126/4/1 96/4/1
f 132/4/1 127/4/1 126/4/1
f 133/4/1 99/4/1 127/4/1
f 133/4/1 127/4/1 132/4/1
f 134/7/1 129/7/1 128/7/1
f 134/7/1 130/7/1 129/7/1
f 135/7/1 131/7/1 106/7/1
f 136/4/1 132/4/1 96/4/1
f 137/4/1 99/4/1 133/4/1
f 138/7/1 130/7/1 134/7/1
f 139/7/1 130/7/1 138/7/1
f 140/4/1 136/4/1 96/4/1
f 140/5/1 137/5/1 136/5/1
f 141/4/1 99/4/1 137/4/1
f 141/5/1 137/5/1 140/5/1
f 142/4/1 140/4/1 96/4/1
f 143/4/1 99/4/1 141/4/1
f 144/4/1 142/4/1 96/4/1
f 144/5/1 143/5/1 142/5/1
f 145/4/1 99/4/1 143/4/1
f 145/5/1 143/5/1 144/5/1
f 146/4/1 144/4/1 96/4/1
f 147/4/1 99/4/1 145/4/1
f 150/5/1 147/5/1 146/5/1
f 150/4/1 146/4/1 96/4/1
f 151/4/1 99/4/1 147/4/1
f 151/5/1 147/5/1 150/5/1
f 149/7/1 118/7/1 131/7/1
f 152/7/1 118/7/1 149/7/1
f 153/4/1 150/4/1 96/4/1
f 154/4/1 99/4/1 151/4/1
f 155/7/1 134/7/1 128/7/1
f 155/7/1 128/7/1 115/7/1
f 155/7/1 139/7/1 138/7/1
f 155/7/1 138/7/1 134/7/1
f 156/7/1 139/7/1 155/7/1
f 157/7/1 139/7/1 156/7/1
f 158/7/1 96/7/1 118/7/1
f 158/7/1 118/7/1 152/7/1
f 158/4/1 153/4/1 96/4/1
f 159/5/1 154/5/1 153/5/1
f 159/4/1 153/4/1 158/4/1
f 160/4/1 99/4/1 154/4/1
f 160/5/1 154/5/1 159/5/1
f 161/7/1 115/7/1 99/7/1
f 161/4/1 99/4/1 160/4/1
f 161/7/1 155/7/1 115/7/1
f 162/1/1 158/1/1 152/1/1
f 162/1/1 149/1/1 148/1/1
f 162/1/1 152/1/1 149/1/1
f 163/4/1 159/4/1 158/4/1
f 164/4/1 161/4/1 160/4/1
f 161/1/1 156/1/1 155/1/1
f 165/1/1 157/1/1 156/1/1
f 165/1/1 156/1/1 161/1/1
f 166/6/1 163/6/1 158/6/1
f 166/5/1 164/5/1 163/5/1
f 167/6/1 161/6/1 164/6/1
f 167/5/1 164/5/1 166/5/1
f 170/5/1 169/5/1 168/5/1
f 171/5/1 169/5/1 170/5/1
f 174/3/1 173/3/1 172/3/1
f 175/3/1 173/3/1 174/3/1
f 178/3/1 177/3/1 176/3/1
f 179/3/1 177/3/1 178/3/1
f 182/3/1 181/3/1 180/3/1
f 183/3/1 181/3/1 182/3/1
f 188/5/1 185/5/1 184/5/1
f 189/5/1 185/5/1 188/5/1
f 190/5/1 187/5/1 186/5/1
f 191/2/1 190/2/1 186/2/1
f 194/3/1 193/3/1 192/3/1
f 195/3/1 193/3/1 194/3/1
f 198/3/1 197/3/1 196/3/1
f 199/3/1 197/3/1 198/3/1
f 204/5/1 201/5/1 200/5/1
f 205/5/1 201/5/1 204/5/1
f 206/5/1 203/5/1 202/5/1
f 207/2/1 206/2/1 202/2/1
f 213/1/1 209/1/1 208/1/1
f 214/1/1 209/1/1 213/1/1
f 215/1/1 211/1/1 210/1/1
f 216/1/1 211/1/1 215/1/1
f 216/1/1 212/1/1 211/1/1
f 217/1/1 212/1/1 216/1/1
f 222/2/1 219/2/1 218/2/1
f 223/2/1 219/2/1 222/2/1
f 224/2/1 221/2/1 220/2/1
f 225/2/1 221/2/1 224/2/1
f 230/2/1 227/2/1 226/2/1
f 231/2/1 227/2/1 230/2/1
f 232/2/1 229/2/1 228/2/1
f 233/2/1 229/2/1 232/2/1
f 238/2/1 235/2/1 234/2/1
f 239/2/1 235/2/1 238/2/1
f 240/2/1 237/2/1 236/2/1
f 241/2/1 237/2/1 240/2/1
f 246/2/1 243/2/1 242/2/1
f 247/2/1 243/2/1 246/2/1
f 248/2/1 245/2/1 244/2/1
f 249/2/1 245/2/1 248/2/1
f 254/2/1 251/2/1 250/2/1
f 255/2/1 251/2/1 254/2/1
f 256/2/1 253/2/1 252/2/1
f 257/2/1 253/2/1 256/2/1
f 264/4/1 259/4/1 258/4/1
f 262/4/1 259/4/1 264/4/1
f 265/4/1 261/4/1 260/4/1
f 265/6/1 260/6/1 263/6/1
f 270/2/1 267/2/1 266/2/1
f 271/2/1 267/2/1 270/2/1
f 272/2/1 269/2/1 268/2/1
f 273/2/1 269/2/1 272/2/1
f 278/2/1 275/2/1 274/2/1
f 279/2/1 275/2/1 278/2/1
f 280/2/1 277/2/1 276/2/1
f 281/2/1 277/2/1 280/2/1
f 286/2/1 283/2/1 282/2/1
f 287/2/1 283/2/1 286/2/1
f 288/2/1 285/2/1 284/2/1
f 289/2/1 285/2/1 288/2/1
f 294/2/1 291/2/1 290/2/1
f 295/2/1 291/2/1 294/2/1
f 296/2/1 293/2/1 292/2/1
f 297/2/1 293/2/1 296/2/1
f 302/2/1 299/2/1 298/2/1
f 303/2/1 299/2/1 302/2/1
f 304/2/1 301/2/1 300/2/1
f 305/2/1 301/2/1 304/2/1
f 310/6/1 307/6/1 306/6/1
f 311/6/1 309/6/1 308/6/1
f 312/6/1 310/6/1 306/6/1
f 313/6/1 309/6/1 311/6/1
f 315/6/1 312/6/1 306/6/1
f 315/4/1 306/4/1 314/4/1
f 316/6/1 309/6/1 313/6/1
f 317/4/1 309/4/1 316/4/1
f 318/6/1 312/6/1 315/6/1
f 319/6/1 316/6/1 313/6/1
f 320/4/1 318/4/1 315/4/1
f 321/4/1 316/4/1 319/4/1
f 322/4/1 320/4/1 315/4/1
f 323/4/1 316/4/1 321/4/1
f 324/4/1 322/4/1 315/4/1
f 325/4/1 316/4/1 323/4/1
f 326/4/1 324/4/1 315/4/1
f 327/4/1 324/4/1 326/4/1
f 328/4/1 316/4/1 325/4/1
f 329/4/1 316/4/1 328/4/1
f 334/2/1 331/2/1 330/2/1
f 335/2/1 333/2/1 332/2/1
f 336/2/1 334/2/1 330/2/1
f 337/2/1 333/2/1 335/2/1
f 340/3/1 339/3/1 338/3/1
f 341/3/1 339/3/1 340/3/1
f 344/3/1 343/3/1 342/3/1
f 345/3/1 343/3/1 344/3/1
f 348/3/1 347/3/1 346/3/1
f 349/3/1 347/3/1 348/3/1
f 352/3/1 351/3/1 350/3/1
f 353/3/1 351/3/1 352/3/1
f 358/2/1 355/2/1 354/2/1
f 361/2/1 357/2/1 356/2/1
f 362/2/1 358/2/1 354/2/1
f 363/5/1 359/5/1 358/5/1
f 363/2/1 358/2/1 362/2/1
f 364/5/1 361/5/1 360/5/1
f 365/2/1 357/2/1 361/2/1
f 365/2/1 361/2/1 364/2/1
f 370/2/1 367/2/1 366/2/1
f 371/2/1 367/2/1 370/2/1
f 372/2/1 369/2/1 368/2/1
f 373/2/1 369/2/1 372/2/1
f 378/5/1 375/5/1 374/5/1
f 379/5/1 375/5/1 378/5/1
f 381/2/1 377/2/1 376/2/1
f 381/5/1 376/5/1 380/5/1
f 386/2/1 383/2/1 382/2/1
f 387/2/1 385/2/1 384/2/1
f 388/5/1 383/5/1 386/5/1
f 389/5/1 385/5/1 387/5/1
f 395/5/1 391/5/1 390/5/1
f 396/5/1 391/5/1 395/5/1
f 397/5/1 393/5/1 392/5/1
f 398/5/1 393/5/1 397/5/1
f 400/2/1 396/2/1 395/2/1
f 400/2/1 395/2/1 394/2/1
f 401/2/1 396/2/1 400/2/1
f 397/2/1 399/2/1 398/2/1
f 402/2/1 399/2/1 397/2/1
f 403/2/1 399/2/1 402/2/1
f 405/5/1 396/5/1 401/5/1
f 406/5/1 396/5/1 405/5/1
f 407/5/1 402/5/1 397/5/1
f 409/2/1 406/2/1 405/2/1
f 409/2/1 405/2/1 404/2/1
f 410/2/1 406/2/1 409/2/1
f 411/2/1 408/2/1 407/2/1
f 411/2/1 407/2/1 397/2/1
f 412/2/1 408/2/1 411/2/1
f 414/2/1 406/2/1 410/2/1
f 415/2/1 411/2/1 397/2/1
f 417/2/1 414/2/1 413/2/1
f 418/2/1 406/2/1 414/2/1
f 418/2/1 414/2/1 417/2/1
f 419/2/1 406/2/1 418/2/1
f 420/2/1 416/2/1 415/2/1
f 420/2/1 415/2/1 397/2/1
f 421/2/1 416/2/1 420/2/1
f 422/2/1 416/2/1 421/2/1
f 424/5/1 419/5/1 418/5/1
f 425/5/1 421/5/1 420/5/1
f 427/2/1 424/2/1 423/2/1
f 428/5/1 419/5/1 424/5/1
f 428/2/1 424/2/1 427/2/1
f 429/2/1 426/2/1 425/2/1
f 429/5/1 425/5/1 420/5/1
f 430/2/1 426/2/1 429/2/1
f 431/5/1 419/5/1 428/5/1
f 432/5/1 419/5/1 431/5/1
f 433/5/1 429/5/1 420/5/1
f 434/5/1 429/5/1 433/5/1
f 440/5/1 436/5/1 435/5/1
f 441/5/1 438/5/1 437/5/1
f 443/5/1 440/5/1 439/5/1
f 444/5/1 436/5/1 440/5/1
f 444/5/1 440/5/1 443/5/1
f 445/5/1 441/5/1 437/5/1
f 445/5/1 442/5/1 441/5/1
f 446/5/1 442/5/1 445/5/1
f 451/5/1 448/5/1 447/5/1
f 452/5/1 448/5/1 451/5/1
f 453/5/1 450/5/1 449/5/1
f 454/5/1 450/5/1 453/5/1
f 459/5/1 456/5/1 455/5/1
f 460/5/1 456/5/1 459/5/1
f 461/5/1 458/5/1 457/5/1
f 462/5/1 458/5/1 461/5/1
f 467/2/1 464/2/1 463/2/1
f 468/2/1 464/2/1 467/2/1
f 469/2/1 466/2/1 465/2/1
f 470/2/1 466/2/1 469/2/1
f 475/5/1 472/5/1 471/5/1
f 476/5/1 472/5/1 475/5/1
f 477/5/1 474/5/1 473/5/1
f 478/5/1 474/5/1 477/5/1
f 483/5/1 480/5/1 479/5/1
f 484/5/1 480/5/1 483/5/1
f 485/5/1 482/5/1 481/5/1
f 486/5/1 482/5/1 485/5/1
f 489/3/1 488/3/1 487/3/1
f 490/3/1 488/3/1 489/3/1
f 496/5/1 492/5/1 491/5/1
f 497/5/1 494/5/1 493/5/1
f 499/5/1 496/5/1 495/5/1
f 500/5/1 492/5/1 496/5/1
f 500/5/1 496/5/1 499/5/1
f 501/5/1 497/5/1 493/5/1
f 501/5/1 498/5/1 497/5/1
f 502/5/1 498/5/1 501/5/1
f 508/5/1 504/5/1 503/5/1
f 509/5/1 504/5/1 508/5/1
f 510/5/1 506/5/1 505/5/1
f 512/2/1 509/2/1 508/2/1
f 512/2/1 508/2/1 507/2/1
f 513/2/1 509/2/1 512/2/1
f 514/2/1 509/2/1 513/2/1
f 515/2/1 511/2/1 510/2/1
f 515/2/1 510/2/1 505/2/1
f 516/2/1 511/2/1 515/2/1
f 517/2/1 511/2/1 516/2/1
f 519/5/1 514/5/1 513/5/1
f 520/5/1 516/5/1 515/5/1
f 522/2/1 514/2/1 519/2/1
f 522/2/1 519/2/1 518/2/1
f 523/2/1 514/2/1 522/2/1
f 524/2/1 521/2/1 520/2/1
f 524/2/1 520/2/1 515/2/1
f 525/2/1 521/2/1 524/2/1
f 527/2/1 514/2/1 523/2/1
f 528/2/1 524/2/1 515/2/1
f 530/2/1 527/2/1 526/2/1
f 531/2/1 514/2/1 527/2/1
f 531/2/1 527/2/1 530/2/1
f 532/2/1 514/2/1 531/2/1
f 533/2/1 529/2/1 528/2/1
f 533/2/1 528/2/1 515/2/1
f 534/2/1 529/2/1 533/2/1
f 535/2/1 529/2/1 534/2/1
f 537/5/1 532/5/1 531/5/1
f 538/5/1 534/5/1 533/5/1
f 539/5/1 534/5/1 538/5/1
f 541/2/1 532/2/1 537/2/1
f 541/2/1 537/2/1 536/2/1
f 542/2/1 532/2/1 541/2/1
f 538/2/1 540/2/1 539/2/1
f 543/2/1 540/2/1 538/2/1
f 544/2/1 540/2/1 543/2/1
f 545/5/1 532/5/1 542/5/1
f 546/5/1 532/5/1 545/5/1
f 547/5/1 543/5/1 538/5/1
f 548/5/1 543/5/1 547/5/1
f 553/2/1 550/2/1 549/2/1
f 554/2/1 552/2/1 551/2/1
f 556/2/1 553/2/1 549/2/1
f 557/2/1 550/2/1 553/2/1
f 557/2/1 553/2/1 556/2/1
f 558/2/1 554/2/1 551/2/1
f 558/2/1 552/2/1 554/2/1
f 559/2/1 552/2/1 558/2/1
f 561/5/1 556/5/1 555/5/1
f 562/5/1 556/5/1 561/5/1
f 563/5/1 560/5/1 559/5/1
f 564/5/1 560/5/1 563/5/1
f 569/5/1 566/5/1 565/5/1
f 570/5/1 566/5/1 569/5/1
f 571/5/1 568/5/1 567/5/1
f 572/5/1 568/5/1 571/5/1
f 577/2/1 574/2/1 573/2/1
f 578/2/1 574/2/1 577/2/1
f 579/2/1 576/2/1 575/2/1
f 580/2/1 576/2/1 579/2/1
f 585/5/1 582/5/1 581/5/1
f 586/5/1 582/5/1 585/5/1
f 587/5/1 584/5/1 583/5/1
f 588/5/1 584/5/1 587/5/1
f 593/5/1 590/5/1 589/5/1
f 594/5/1 590/5/1 593/5/1
f 595/2/1 550/2/1 557/2/1
f 596/2/1 550/2/1 595/2/1
f 597/2/1 558/2/1 551/2/1
f 598/2/1 558/2/1 597/2/1
f 599/5/1 592/5/1 591/5/1
f 600/5/1 592/5/1 599/5/1
f 605/2/1 602/2/1 601/2/1
f 606/2/1 602/2/1 605/2/1
f 607/2/1 604/2/1 603/2/1
f 608/2/1 604/2/1 607/2/1
f 611/3/1 610/3/1 609/3/1
f 612/3/1 610/3/1 611/3/1
f 615/3/1 614/3/1 613/3/1
f 616/3/1 614/3/1 615/3/1
f 619/3/1 618/3/1 617/3/1
f 620/3/1 618/3/1 619/3/1
f 623/3/1 622/3/1 621/3/1
f 624/3/1 622/3/1 623/3/1
f 627/3/1 626/3/1 625/3/1
f 628/3/1 626/3/1 627/3/1
f 631/3/1 630/3/1 629/3/1
f 632/3/1 631/3/1 629/3/1
f 633/3/1 631/3/1 632/3/1
f 636/3/1 635/3/1 634/3/1
f 637/3/1 635/3/1 636/3/1
f 642/5/1 639/5/1 638/5/1
f 643/5/1 639/5/1 642/5/1
f 645/2/1 641/2/1 640/2/1
f 645/5/1 640/5/1 644/5/1
f 650/1/1 647/1/1 646/1/1
f 651/1/1 647/1/1 650/1/1
f 656/1/1 649/1/1 648/1/1
f 657/1/1 649/1/1 656/1/1
f 658/5/1 653/5/1 652/5/1
f 659/5/1 653/5/1 658/5/1
f 660/5/1 655/5/1 654/5/1
f 661/5/1 655/5/1 660/5/1
f 662/2/1 659/2/1 658/2/1
f 663/2/1 659/2/1 662/2/1
f 664/2/1 661/2/1 660/2/1
f 665/2/1 661/2/1 664/2/1
f 666/2/1 663/2/1 662/2/1
f 667/2/1 665/2/1 664/2/1
f 668/2/1 663/2/1 666/2/1
f 669/2/1 663/2/1 668/2/1
f 670/2/1 667/2/1 664/2/1
f 671/2/1 667/2/1 670/2/1
f 672/2/1 669/2/1 668/2/1
f 673/2/1 669/2/1 672/2/1
f 674/2/1 671/2/1 670/2/1
f 675/2/1 671/2/1 674/2/1
f 676/2/1 673/2/1 672/2/1
f 677/2/1 673/2/1 676/2/1
f 678/2/1 675/2/1 674/2/1
f 679/2/1 675/2/1 678/2/1
f 680/2/1 677/2/1 676/2/1
f 681/2/1 677/2/1 680/2/1
f 682/2/1 679/2/1 678/2/1
f 683/2/1 679/2/1 682/2/1
f 688/2/1 685/2/1 684/2/1
f 689/2/1 685/2/1 688/2/1
f 690/2/1 687/2/1 686/2/1
f 691/2/1 687/2/1 690/2/1
f 696/2/1 693/2/1 692/2/1
f 697/2/1 693/2/1 696/2/1
f 698/2/1 695/2/1 694/2/1
f 699/2/1 695/2/1 698/2/1
f 704/2/1 701/2/1 700/2/1
f 705/2/1 701/2/1 704/2/1
f 706/2/1 703/2/1 702/2/1
f 707/2/1 703/2/1 706/2/1
f 712/2/1 709/2/1 708/2/1
f 713/2/1 709/2/1 712/2/1
f 714/2/1 711/2/1 710/2/1
f 715/2/1 711/2/1 714/2/1
f 720/2/1 717/2/1 716/2/1
f 721/2/1 717/2/1 720/2/1
f 722/2/1 719/2/1 718/2/1
f 723/2/1 719/2/1 722/2/1
f 729/6/1 727/6/1 726/6/1
f 730/4/1 725/4/1 724/4/1
f 730/6/1 728/6/1 725/6/1
f 731/6/1 727/6/1 729/6/1
f 736/2/1 733/2/1 732/2/1
f 737/2/1 733/2/1 736/2/1
f 738/2/1 735/2/1 734/2/1
f 739/2/1 735/2/1 738/2/1
f 744/2/1 741/2/1 740/2/1
f 745/2/1 741/2/1 744/2/1
f 746/2/1 743/2/1 742/2/1
f 747/2/1 743/2/1 746/2/1
f 752/2/1 749/2/1 748/2/1
f 753/2/1 749/2/1 752/2/1
f 754/2/1 751/2/1 750/2/1
f 755/2/1 751/2/1 754/2/1
f 760/2/1 757/2/1 756/2/1
f 761/2/1 757/2/1 760/2/1
f 762/2/1 759/2/1 758/2/1
f 763/2/1 759/2/1 762/2/1
f 768/2/1 765/2/1 764/2/1
f 769/2/1 765/2/1 768/2/1
f 770/2/1 767/2/1 766/2/1
f 771/2/1 767/2/1 770/2/1
f 776/6/1 773/6/1 772/6/1
f 777/6/1 775/6/1 774/6/1
f 778/6/1 776/6/1 772/6/1
f 779/6/1 775/6/1 777/6/1
f 781/6/1 778/6/1 772/6/1
f 781/4/1 772/4/1 780/4/1
f 782/6/1 775/6/1 779/6/1
f 783/4/1 775/4/1 782/4/1
f 784/6/1 778/6/1 781/6/1
f 785/6/1 782/6/1 779/6/1
f 786/4/1 784/4/1 781/4/1
f 787/4/1 782/4/1 785/4/1
f 788/4/1 786/4/1 781/4/1
f 789/4/1 782/4/1 787/4/1
f 790/4/1 788/4/1 781/4/1
f 791/4/1 782/4/1 789/4/1
f 792/4/1 790/4/1 781/4/1
f 793/4/1 790/4/1 792/4/1
f 794/4/1 782/4/1 791/4/1
f 795/4/1 782/4/1 794/4/1
f 800/2/1 797/2/1 796/2/1
f 801/2/1 797/2/1 800/2/1
f 802/2/1 799/2/1 798/2/1
f 803/2/1 799/2/1 802/2/1
f 806/3/1 805/3/1 804/3/1
f 807/3/1 805/3/1 806/3/1
f 810/3/1 809/3/1 808/3/1
f 811/3/1 809/3/1 810/3/1
f 814/3/1 813/3/1 812/3/1
f 815/3/1 813/3/1 814/3/1
f 818/3/1 817/3/1 816/3/1
f 819/3/1 817/3/1 818/3/1
f 822/3/1 821/3/1 820/3/1
f 823/3/1 821/3/1 822/3/1
f 828/2/1 825/2/1 824/2/1
f 829/2/1 825/2/1 828/2/1
f 830/2/1 827/2/1 826/2/1
f 831/2/1 827/2/1 830/2/1
f 834/3/1 833/3/1 832/3/1
f 835/3/1 833/3/1 834/3/1
f 840/3/1 837/3/1 836/3/1
f 841/3/1 837/3/1 840/3/1
f 842/3/1 839/3/1 838/3/1
f 843/3/1 839/3/1 842/3/1
f 846/3/1 845/3/1 844/3/1
f 847/3/1 845/3/1 846/3/1
f 850/3/1 849/3/1 848/3/1
f 851/3/1 849/3/1 850/3/1
f 854/1/1 853/1/1 852/1/1
f 855/1/1 853/1/1 854/1/1
f 856/1/1 854/1/1 852/1/1
f 856/1/1 855/1/1 854/1/1
f 857/1/1 855/1/1 856/1/1
f 858/1/1 855/1/1 857/1/1
f 858/1/1 853/1/1 855/1/1
f 859/1/1 857/1/1 856/1/1
f 860/1/1 857/1/1 859/1/1
f 861/1/1 857/1/1 860/1/1
f 861/1/1 858/1/1 857/1/1
f 862/1/1 858/1/1 861/1/1
f 863/1/1 859/1/1 856/1/1
f 863/1/1 860/1/1 859/1/1
f 864/4/1 862/4/1 861/4/1
f 865/4/1 861/4/1 860/4/1
f 866/4/1 862/4/1 864/4/1
f 867/4/1 865/4/1 860/4/1
f 867/5/1 866/5/1 865/5/1
f 868/4/1 862/4/1 866/4/1
f 868/5/1 866/5/1 867/5/1
f 869/1/1 860/1/1 863/1/1
f 869/4/1 867/4/1 860/4/1
f 870/4/1 862/4/1 868/4/1
f 871/1/1 858/1/1 862/1/1
f 871/4/1 862/4/1 870/4/1
f 872/5/1 870/5/1 869/5/1
f 871/5/1 870/5/1 872/5/1
f 873/1/1 856/1/1 852/1/1
f 873/1/1 863/1/1 856/1/1
f 873/1/1 869/1/1 863/1/1
f 874/1/1 869/1/1 873/1/1
f 875/6/1 872/6/1 869/6/1
f 875/1/1 869/1/1 874/1/1
f 876/6/1 872/6/1 875/6/1
f 878/1/1 858/1/1 871/1/1
f 878/6/1 871/6/1 877/6/1
f 879/1/1 858/1/1 878/1/1
f 880/1/1 853/1/1 858/1/1
f 880/1/1 858/1/1 879/1/1
f 881/1/1 853/1/1 880/1/1
f 882/5/1 877/5/1 876/5/1
f 882/4/1 876/4/1 875/4/1
f 883/4/1 878/4/1 877/4/1
f 883/5/1 877/5/1 882/5/1
f 884/7/1 879/7/1 878/7/1
f 884/7/1 880/7/1 879/7/1
f 885/7/1 880/7/1 884/7/1
f 885/7/1 881/7/1 880/7/1
f 886/4/1 882/4/1 875/4/1
f 887/4/1 878/4/1 883/4/1
f 888/4/1 886/4/1 875/4/1
f 888/5/1 887/5/1 886/5/1
f 889/4/1 878/4/1 887/4/1
f 889/5/1 887/5/1 888/5/1
f 890/4/1 888/4/1 875/4/1
f 891/4/1 878/4/1 889/4/1
f 892/7/1 875/7/1 874/7/1
f 893/4/1 890/4/1 875/4/1
f 893/5/1 891/5/1 890/5/1
f 894/4/1 878/4/1 891/4/1
f 894/5/1 891/5/1 893/5/1
f 896/4/1 893/4/1 875/4/1
f 897/4/1 878/4/1 894/4/1
f 898/4/1 896/4/1 875/4/1
f 898/5/1 897/5/1 896/5/1
f 899/4/1 878/4/1 897/4/1
f 899/5/1 897/5/1 898/5/1
f 900/4/1 898/4/1 875/4/1
f 901/4/1 878/4/1 899/4/1
f 902/4/1 900/4/1 875/4/1
f 902/4/1 901/4/1 900/4/1
f 903/4/1 878/4/1 901/4/1
f 903/4/1 901/4/1 902/4/1
f 904/4/1 902/4/1 875/4/1
f 905/4/1 878/4/1 903/4/1
f 906/4/1 904/4/1 875/4/1
f 906/5/1 905/5/1 904/5/1
f 907/4/1 878/4/1 905/4/1
f 907/5/1 905/5/1 906/5/1
f 908/4/1 906/4/1 875/4/1
f 909/4/1 878/4/1 907/4/1
f 910/7/1 892/7/1 895/7/1
f 911/7/1 892/7/1 910/7/1
f 912/4/1 908/4/1 875/4/1
f 912/5/1 909/5/1 908/5/1
f 913/4/1 878/4/1 909/4/1
f 913/5/1 909/5/1 912/5/1
f 914/7/1 881/7/1 885/7/1
f 914/7/1 885/7/1 884/7/1
f 915/7/1 881/7/1 914/7/1
f 916/4/1 912/4/1 875/4/1
f 917/4/1 878/4/1 913/4/1
f 918/7/1 884/7/1 878/7/1
f 918/7/1 914/7/1 884/7/1
f 919/4/1 916/4/1 875/4/1
f 919/5/1 917/5/1 916/5/1
f 920/4/1 878/4/1 917/4/1
f 920/5/1 917/5/1 919/5/1
f 921/7/1 915/7/1 914/7/1
f 921/7/1 914/7/1 918/7/1
f 922/7/1 892/7/1 911/7/1
f 922/7/1 911/7/1 910/7/1
f 922/7/1 875/7/1 892/7/1
f 923/4/1 919/4/1 875/4/1
f 924/4/1 878/4/1 920/4/1
f 925/7/1 922/7/1 910/7/1
f 926/7/1 922/7/1 925/7/1
f 926/7/1 875/7/1 922/7/1
f 927/4/1 923/4/1 875/4/1
f 927/7/1 875/7/1 926/7/1
f 928/5/1 924/5/1 923/5/1
f 928/4/1 923/4/1 927/4/1
f 929/4/1 878/4/1 924/4/1
f 929/5/1 924/5/1 928/5/1
f 930/7/1 918/7/1 878/7/1
f 930/4/1 878/4/1 929/4/1
f 930/7/1 921/7/1 918/7/1
f 931/7/1 921/7/1 930/7/1
f 931/7/1 915/7/1 921/7/1
f 932/7/1 915/7/1 931/7/1
f 925/1/1 927/1/1 926/1/1
f 933/4/1 928/4/1 927/4/1
f 934/4/1 930/4/1 929/4/1
f 930/1/1 932/1/1 931/1/1
f 935/6/1 933/6/1 927/6/1
f 935/5/1 934/5/1 933/5/1
f 936/6/1 930/6/1 934/6/1
f 936/5/1 934/5/1 935/5/1
f 941/5/1 940/5/1 939/5/1
f 942/5/1 940/5/1 941/5/1
f 943/3/1 938/3/1 937/3/1
f 944/3/1 938/3/1 943/3/1
f 947/1/1 946/1/1 945/1/1
f 948/1/1 946/1/1 947/1/1
f 949/1/3 950/1/3 951/1/3
f 949/1/3 951/1/3 952/1/3
f 951/1/3 950/1/3 952/1/3
f 949/1/3 952/1/3 953/1/3
f 953/1/3 952/1/3 954/1/3
f 954/1/3 952/1/3 955/1/3
f 955/1/3 952/1/3 956/1/3
f 949/1/3 953/1/3 957/1/3
f 957/1/3 953/1/3 958/1/3
f 953/4/3 954/4/3 961/4/3
f 955/4/3 956/4/3 962/4/3
f 949/1/3 957/1/3 963/1/3
f 957/1/3 958/1/3 963/1/3
f 953/4/3 961/4/3 964/4/3
f 961/5/3 962/5/3 964/5/3
f 962/4/3 956/4/3 965/4/3
f 964/5/3 962/5/3 965/5/3
f 959/3/3 960/3/3 966/3/3
f 966/3/3 960/3/3 967/3/3
f 958/1/3 953/1/3 968/1/3
f 963/1/3 958/1/3 968/1/3
f 953/4/3 964/4/3 968/4/3
f 965/4/3 956/4/3 969/4/3
f 969/4/3 956/4/3 970/4/3
f 952/1/3 950/1/3 971/1/3
f 970/1/3 956/1/3 971/1/3
f 956/1/3 952/1/3 971/1/3
f 968/5/3 969/5/3 972/5/3
f 972/5/3 969/5/3 970/5/3
f 970/1/3 971/1/3 973/1/3
f 971/1/3 950/1/3 973/1/3
f 963/1/3 968/1/3 974/1/3
f 968/6/3 972/6/3 975/6/3
f 974/1/3 968/1/3 975/1/3
f 975/6/3 972/6/3 976/6/3
f 970/1/3 973/1/3 978/1/3
f 977/6/3 970/6/3 978/6/3
f 973/1/3 950/1/3 979/1/3
f 978/1/3 973/1/3 979/1/3
f 976/5/3 977/5/3 980/5/3
f 975/4/3 976/4/3 980/4/3
f 977/4/3 978/4/3 981/4/3
f 980/5/3 977/5/3 981/5/3
f 978/7/3 979/7/3 982/7/3
f 982/7/3 979/7/3 983/7/3
f 974/7/3 975/7/3 984/7/3
f 984/7/3 975/7/3 985/7/3
f 975/4/3 980/4/3 986/4/3
f 981/4/3 978/4/3 987/4/3
f 975/4/3 986/4/3 988/4/3
f 986/5/3 987/5/3 988/5/3
f 987/4/3 978/4/3 989/4/3
f 988/5/3 987/5/3 989/5/3
f 975/4/3 988/4/3 990/4/3
f 989/4/3 978/4/3 991/4/3
f 982/1/3 983/1/3 992/1/3
f 978/7/3 982/7/3 992/7/3
f 983/7/3 979/7/3 993/7/3
f 992/1/3 983/1/3 993/1/3
f 974/7/3 984/7/3 994/7/3
f 984/7/3 985/7/3 994/7/3
f 985/7/3 975/7/3 995/7/3
f 994/7/3 985/7/3 995/7/3
f 990/5/3 991/5/3 996/5/3
f 975/4/3 990/4/3 996/4/3
f 991/4/3 978/4/3 997/4/3
f 996/5/3 991/5/3 997/5/3
f 994/7/3 995/7/3 998/7/3
f 995/7/3 975/7/3 998/7/3
f 975/4/3 996/4/3 999/4/3
f 997/4/3 978/4/3 1000/4/3
f 975/4/3 999/4/3 1001/4/3
f 999/5/3 1000/5/3 1001/5/3
f 1000/4/3 978/4/3 1002/4/3
f 1001/5/3 1000/5/3 1002/5/3
f 975/4/3 1001/4/3 1003/4/3
f 1002/4/3 978/4/3 1004/4/3
f 1003/4/3 1004/4/3 1007/4/3
f 975/4/3 1003/4/3 1007/4/3
f 1004/4/3 978/4/3 1008/4/3
f 1007/4/3 1004/4/3 1008/4/3
f 975/4/3 1007/4/3 1009/4/3
f 1008/4/3 978/4/3 1010/4/3
f 975/4/3 1009/4/3 1011/4/3
f 1009/5/3 1010/5/3 1011/5/3
f 1010/4/3 978/4/3 1012/4/3
f 1011/5/3 1010/5/3 1012/5/3
f 975/4/3 1011/4/3 1013/4/3
f 1012/4/3 978/4/3 1014/4/3
f 975/4/3 1013/4/3 1015/4/3
f 1013/5/3 1014/5/3 1015/5/3
f 1014/4/3 978/4/3 1016/4/3
f 1015/5/3 1014/5/3 1016/5/3
f 975/4/3 1015/4/3 1017/4/3
f 1016/4/3 978/4/3 1018/4/3
f 975/4/3 1017/4/3 1019/4/3
f 1017/5/3 1018/5/3 1019/5/3
f 1018/4/3 978/4/3 1020/4/3
f 1019/5/3 1018/5/3 1020/5/3
f 994/7/3 998/7/3 1021/7/3
f 975/4/3 1019/4/3 1022/4/3
f 1020/4/3 978/4/3 1023/4/3
f 992/7/3 1005/7/3 1024/7/3
f 1005/7/3 1006/7/3 1024/7/3
f 994/7/3 1021/7/3 1025/7/3
f 1025/7/3 1021/7/3 1026/7/3
f 1021/7/3 998/7/3 1026/7/3
f 975/4/3 1022/4/3 1027/4/3
f 1026/7/3 998/7/3 1027/7/3
f 998/7/3 975/7/3 1027/7/3
f 1022/5/3 1023/5/3 1028/5/3
f 1027/4/3 1022/4/3 1028/4/3
f 1023/4/3 978/4/3 1029/4/3
f 1028/5/3 1023/5/3 1029/5/3
f 978/7/3 992/7/3 1030/7/3
f 1029/4/3 978/4/3 1030/4/3
f 992/7/3 1024/7/3 1030/7/3
f 1030/7/3 1024/7/3 1031/7/3
f 1024/7/3 1006/7/3 1031/7/3
f 1031/7/3 1006/7/3 1032/7/3
f 1026/1/3 1027/1/3 1025/1/3
f 1027/4/3 1028/4/3 1033/4/3
f 1029/4/3 1030/4/3 1034/4/3
f 1031/1/3 1032/1/3 1030/1/3
f 1027/6/3 1033/6/3 1035/6/3
f 1033/5/3 1034/5/3 1035/5/3
f 1034/6/3 1030/6/3 1036/6/3
f 1035/5/3 1034/5/3 1036/5/3
f 1037/5/3 1038/5/3 1039/5/3
f 1039/5/3 1038/5/3 1040/5/3
f 1041/1/3 1042/1/3 1043/1/3
f 1043/1/3 1042/1/3 1044/1/3
f 1045/3/3 1046/3/3 1047/3/3
f 1047/3/3 1046/3/3 1048/3/3
f 1049/3/3 1050/3/3 1051/3/3
f 1049/3/3 1051/3/3 1052/3/3
f 1053/3/3 1054/3/3 1057/3/3
f 1057/3/3 1054/3/3 1058/3/3
f 1055/3/3 1056/3/3 1059/3/3
f 1059/3/3 1056/3/3 1060/3/3
f 1061/3/3 1062/3/3 1063/3/3
f 1063/3/3 1062/3/3 1064/3/3
f 1065/3/3 1066/3/3 1067/3/3
f 1065/3/3 1067/3/3 1068/3/3
f 1069/2/3 1070/2/3 1073/2/3
f 1073/2/3 1070/2/3 1074/2/3
f 1071/2/3 1072/2/3 1075/2/3
f 1075/2/3 1072/2/3 1076/2/3
f 1077/3/3 1078/3/3 1079/3/3
f 1079/3/3 1078/3/3 1080/3/3
f 1081/3/3 1082/3/3 1083/3/3
f 1083/3/3 1082/3/3 1084/3/3
f 1085/3/3 1086/3/3 1087/3/3
f 1087/3/3 1086/3/3 1088/3/3
f 1089/3/3 1090/3/3 1091/3/3
f 1091/3/3 1090/3/3 1092/3/3
f 1093/2/3 1094/2/3 1097/2/3
f 1093/2/3 1097/2/3 1098/2/3
f 1095/2/3 1096/2/3 1099/2/3
f 1099/2/3 1096/2/3 1100/2/3
f 1101/6/3 1102/6/3 1105/6/3
f 1103/6/3 1104/6/3 1106/6/3
f 1101/6/3 1105/6/3 1107/6/3
f 1106/6/3 1104/6/3 1108/6/3
f 1101/6/3 1107/6/3 1110/6/3
f 1109/4/3 1101/4/3 1110/4/3
f 1108/6/3 1104/6/3 1111/6/3
f 1111/4/3 1104/4/3 1112/4/3
f 1110/6/3 1107/6/3 1113/6/3
f 1108/6/3 1111/6/3 1114/6/3
f 1110/4/3 1113/4/3 1115/4/3
f 1114/4/3 1111/4/3 1116/4/3
f 1110/4/3 1115/4/3 1117/4/3
f 1116/4/3 1111/4/3 1118/4/3
f 1110/4/3 1117/4/3 1119/4/3
f 1118/4/3 1111/4/3 1120/4/3
f 1110/4/3 1119/4/3 1121/4/3
f 1121/4/3 1119/4/3 1122/4/3
f 1120/4/3 1111/4/3 1123/4/3
f 1123/4/3 1111/4/3 1124/4/3
f 1125/2/3 1126/2/3 1129/2/3
f 1129/2/3 1126/2/3 1130/2/3
f 1127/2/3 1128/2/3 1131/2/3
f 1131/2/3 1128/2/3 1132/2/3
f 1133/2/3 1134/2/3 1137/2/3
f 1137/2/3 1134/2/3 1138/2/3
f 1135/2/3 1136/2/3 1139/2/3
f 1139/2/3 1136/2/3 1140/2/3
f 1141/2/3 1142/2/3 1145/2/3
f 1145/2/3 1142/2/3 1146/2/3
f 1143/2/3 1144/2/3 1147/2/3
f 1147/2/3 1144/2/3 1148/2/3
f 1149/2/3 1150/2/3 1153/2/3
f 1153/2/3 1150/2/3 1154/2/3
f 1151/2/3 1152/2/3 1155/2/3
f 1155/2/3 1152/2/3 1156/2/3
f 1157/2/3 1158/2/3 1161/2/3
f 1161/2/3 1158/2/3 1162/2/3
f 1159/2/3 1160/2/3 1163/2/3
f 1163/2/3 1160/2/3 1164/2/3
f 1165/6/3 1166/6/3 1169/6/3
f 1165/6/3 1169/6/3 1171/6/3
f 1167/4/3 1168/4/3 1172/4/3
f 1170/6/3 1167/6/3 1172/6/3
f 1173/2/3 1174/2/3 1177/2/3
f 1177/2/3 1174/2/3 1178/2/3
f 1175/2/3 1176/2/3 1179/2/3
f 1179/2/3 1176/2/3 1180/2/3
f 1181/2/3 1182/2/3 1185/2/3
f 1185/2/3 1182/2/3 1186/2/3
f 1183/2/3 1184/2/3 1187/2/3
f 1187/2/3 1184/2/3 1188/2/3
f 1189/2/3 1190/2/3 1193/2/3
f 1193/2/3 1190/2/3 1194/2/3
f 1191/2/3 1192/2/3 1195/2/3
f 1195/2/3 1192/2/3 1196/2/3
f 1197/2/3 1198/2/3 1201/2/3
f 1201/2/3 1198/2/3 1202/2/3
f 1199/2/3 1200/2/3 1203/2/3
f 1203/2/3 1200/2/3 1204/2/3
f 1205/2/3 1206/2/3 1209/2/3
f 1209/2/3 1206/2/3 1210/2/3
f 1207/2/3 1208/2/3 1211/2/3
f 1211/2/3 1208/2/3 1212/2/3
f 1213/3/3 1214/3/3 1218/3/3
f 1214/1/3 1215/1/3 1219/1/3
f 1218/3/3 1214/3/3 1219/3/3
f 1219/1/3 1215/1/3 1220/1/3
f 1216/1/3 1217/1/3 1225/1/3
f 1225/1/3 1217/1/3 1226/1/3
f 1221/5/3 1222/5/3 1227/5/3
f 1227/5/3 1222/5/3 1228/5/3
f 1223/5/3 1224/5/3 1229/5/3
f 1229/5/3 1224/5/3 1230/5/3
f 1227/2/3 1228/2/3 1231/2/3
f 1231/2/3 1228/2/3 1232/2/3
f 1229/2/3 1230/2/3 1233/2/3
f 1233/2/3 1230/2/3 1234/2/3
f 1231/2/3 1232/2/3 1235/2/3
f 1233/2/3 1234/2/3 1236/2/3
f 1235/2/3 1232/2/3 1237/2/3
f 1237/2/3 1232/2/3 1238/2/3
f 1233/2/3 1236/2/3 1239/2/3
f 1239/2/3 1236/2/3 1240/2/3
f 1237/2/3 1238/2/3 1241/2/3
f 1241/2/3 1238/2/3 1242/2/3
f 1239/2/3 1240/2/3 1243/2/3
f 1243/2/3 1240/2/3 1244/2/3
f 1241/2/3 1242/2/3 1245/2/3
f 1245/2/3 1242/2/3 1246/2/3
f 1243/2/3 1244/2/3 1247/2/3
f 1247/2/3 1244/2/3 1248/2/3
f 1245/2/3 1246/2/3 1249/2/3
f 1249/2/3 1246/2/3 1250/2/3
f 1247/2/3 1248/2/3 1251/2/3
f 1251/2/3 1248/2/3 1252/2/3
f 1253/5/3 1254/5/3 1257/5/3
f 1257/5/3 1254/5/3 1258/5/3
f 1255/5/3 1256/5/3 1259/5/3
f 1255/2/3 1259/2/3 1260/2/3
f 1261/3/3 1262/3/3 1263/3/3
f 1263/3/3 1262/3/3 1264/3/3
f 1265/3/3 1266/3/3 1267/3/3
f 1267/3/3 1266/3/3 1268/3/3
f 1269/3/3 1270/3/3 1271/3/3
f 1271/3/3 1270/3/3 1272/3/3
f 1273/3/3 1274/3/3 1275/3/3
f 1273/3/3 1275/3/3 1276/3/3
f 1277/2/3 1278/2/3 1281/2/3
f 1279/2/3 1280/2/3 1282/2/3
f 1277/2/3 1281/2/3 1284/2/3
f 1281/2/3 1278/2/3 1285/2/3
f 1284/2/3 1281/2/3 1285/2/3
f 1279/2/3 1282/2/3 1286/2/3
f 1282/2/3 1280/2/3 1286/2/3
f 1286/2/3 1280/2/3 1287/2/3
f 1283/5/3 1284/5/3 1289/5/3
f 1289/5/3 1284/5/3 1290/5/3
f 1287/5/3 1288/5/3 1291/5/3
f 1291/5/3 1288/5/3 1292/5/3
f 1293/5/3 1294/5/3 1297/5/3
f 1297/5/3 1294/5/3 1298/5/3
f 1295/5/3 1296/5/3 1299/5/3
f 1299/5/3 1296/5/3 1300/5/3
f 1301/2/3 1302/2/3 1305/2/3
f 1305/2/3 1302/2/3 1306/2/3
f 1303/2/3 1304/2/3 1307/2/3
f 1307/2/3 1304/2/3 1308/2/3
f 1309/5/3 1310/5/3 1313/5/3
f 1313/5/3 1310/5/3 1314/5/3
f 1311/5/3 1312/5/3 1315/5/3
f 1315/5/3 1312/5/3 1316/5/3
f 1317/5/3 1318/5/3 1321/5/3
f 1321/5/3 1318/5/3 1322/5/3
f 1285/2/3 1278/2/3 1323/2/3
f 1323/2/3 1278/2/3 1324/2/3
f 1279/2/3 1286/2/3 1325/2/3
f 1325/2/3 1286/2/3 1326/2/3
f 1319/5/3 1320/5/3 1327/5/3
f 1327/5/3 1320/5/3 1328/5/3
f 1329/2/3 1330/2/3 1333/2/3
f 1333/2/3 1330/2/3 1334/2/3
f 1331/2/3 1332/2/3 1335/2/3
f 1335/2/3 1332/2/3 1336/2/3
f 1337/5/3 1338/5/3 1342/5/3
f 1339/5/3 1340/5/3 1343/5/3
f 1341/5/3 1342/5/3 1345/5/3
f 1342/5/3 1338/5/3 1346/5/3
f 1345/5/3 1342/5/3 1346/5/3
f 1339/5/3 1343/5/3 1347/5/3
f 1343/5/3 1344/5/3 1347/5/3
f 1347/5/3 1344/5/3 1348/5/3
f 1349/5/3 1350/5/3 1354/5/3
f 1354/5/3 1350/5/3 1355/5/3
f 1351/5/3 1352/5/3 1356/5/3
f 1354/2/3 1355/2/3 1358/2/3
f 1353/2/3 1354/2/3 1358/2/3
f 1358/2/3 1355/2/3 1359/2/3
f 1359/2/3 1355/2/3 1360/2/3
f 1356/2/3 1357/2/3 1361/2/3
f 1351/2/3 1356/2/3 1361/2/3
f 1361/2/3 1357/2/3 1362/2/3
f 1362/2/3 1357/2/3 1363/2/3
f 1359/5/3 1360/5/3 1365/5/3
f 1361/5/3 1362/5/3 1366/5/3
f 1365/2/3 1360/2/3 1368/2/3
f 1364/2/3 1365/2/3 1368/2/3
f 1368/2/3 1360/2/3 1369/2/3
f 1366/2/3 1367/2/3 1370/2/3
f 1361/2/3 1366/2/3 1370/2/3
f 1370/2/3 1367/2/3 1371/2/3
f 1369/2/3 1360/2/3 1373/2/3
f 1361/2/3 1370/2/3 1374/2/3
f 1372/2/3 1373/2/3 1376/2/3
f 1373/2/3 1360/2/3 1377/2/3
f 1376/2/3 1373/2/3 1377/2/3
f 1377/2/3 1360/2/3 1378/2/3
f 1374/2/3 1375/2/3 1379/2/3
f 1361/2/3 1374/2/3 1379/2/3
f 1379/2/3 1375/2/3 1380/2/3
f 1380/2/3 1375/2/3 1381/2/3
f 1377/5/3 1378/5/3 1383/5/3
f 1379/5/3 1380/5/3 1384/5/3
f 1384/5/3 1380/5/3 1385/5/3
f 1383/2/3 1378/2/3 1387/2/3
f 1382/2/3 1383/2/3 1387/2/3
f 1387/2/3 1378/2/3 1388/2/3
f 1385/2/3 1386/2/3 1384/2/3
f 1384/2/3 1386/2/3 1389/2/3
f 1389/2/3 1386/2/3 1390/2/3
f 1388/5/3 1378/5/3 1391/5/3
f 1391/5/3 1378/5/3 1392/5/3
f 1384/5/3 1389/5/3 1393/5/3
f 1393/5/3 1389/5/3 1394/5/3
f 1395/3/3 1396/3/3 1397/3/3
f 1395/3/3 1397/3/3 1398/3/3
f 1399/5/3 1400/5/3 1403/5/3
f 1403/5/3 1400/5/3 1404/5/3
f 1401/5/3 1402/5/3 1405/5/3
f 1405/5/3 1402/5/3 1406/5/3
f 1407/5/3 1408/5/3 1411/5/3
f 1411/5/3 1408/5/3 1412/5/3
f 1409/5/3 1410/5/3 1413/5/3
f 1413/5/3 1410/5/3 1414/5/3
f 1415/2/3 1416/2/3 1419/2/3
f 1419/2/3 1416/2/3 1420/2/3
f 1417/2/3 1418/2/3 1421/2/3
f 1421/2/3 1418/2/3 1422/2/3
f 1423/5/3 1424/5/3 1427/5/3
f 1427/5/3 1424/5/3 1428/5/3
f 1425/5/3 1426/5/3 1429/5/3
f 1429/5/3 1426/5/3 1430/5/3
f 1431/5/3 1432/5/3 1435/5/3
f 1435/5/3 1432/5/3 1436/5/3
f 1433/5/3 1434/5/3 1437/5/3
f 1437/5/3 1434/5/3 1438/5/3
f 1439/5/3 1440/5/3 1444/5/3
f 1441/5/3 1442/5/3 1445/5/3
f 1443/5/3 1444/5/3 1447/5/3
f 1444/5/3 1440/5/3 1448/5/3
f 1447/5/3 1444/5/3 1448/5/3
f 1441/5/3 1445/5/3 1449/5/3
f 1445/5/3 1446/5/3 1449/5/3
f 1449/5/3 1446/5/3 1450/5/3
f 1451/2/3 1452/2/3 1455/2/3
f 1455/2/3 1452/2/3 1456/2/3
f 1453/2/3 1454/2/3 1457/2/3
f 1457/2/3 1454/2/3 1458/2/3
f 1459/5/3 1460/5/3 1464/5/3
f 1464/5/3 1460/5/3 1465/5/3
f 1461/5/3 1462/5/3 1466/5/3
f 1464/2/3 1465/2/3 1468/2/3
f 1463/2/3 1464/2/3 1468/2/3
f 1468/2/3 1465/2/3 1469/2/3
f 1461/2/3 1466/2/3 1470/2/3
f 1466/2/3 1467/2/3 1470/2/3
f 1470/2/3 1467/2/3 1471/2/3
f 1471/2/3 1467/2/3 1472/2/3
f 1469/5/3 1465/5/3 1474/5/3
f 1474/5/3 1465/5/3 1475/5/3
f 1470/5/3 1471/5/3 1476/5/3
f 1474/2/3 1475/2/3 1478/2/3
f 1473/2/3 1474/2/3 1478/2/3
f 1478/2/3 1475/2/3 1479/2/3
f 1476/2/3 1477/2/3 1480/2/3
f 1470/2/3 1476/2/3 1480/2/3
f 1480/2/3 1477/2/3 1481/2/3
f 1479/2/3 1475/2/3 1483/2/3
f 1470/2/3 1480/2/3 1484/2/3
f 1482/2/3 1483/2/3 1486/2/3
f 1483/2/3 1475/2/3 1487/2/3
f 1486/2/3 1483/2/3 1487/2/3
f 1487/2/3 1475/2/3 1488/2/3
f 1484/2/3 1485/2/3 1489/2/3
f 1470/2/3 1484/2/3 1489/2/3
f 1489/2/3 1485/2/3 1490/2/3
f 1490/2/3 1485/2/3 1491/2/3
f 1487/5/3 1488/5/3 1493/5/3
f 1489/5/3 1490/5/3 1494/5/3
f 1492/2/3 1493/2/3 1496/2/3
f 1493/5/3 1488/5/3 1497/5/3
f 1496/2/3 1493/2/3 1497/2/3
f 1494/2/3 1495/2/3 1498/2/3
f 1489/5/3 1494/5/3 1498/5/3
f 1498/2/3 1495/2/3 1499/2/3
f 1497/5/3 1488/5/3 1500/5/3
f 1500/5/3 1488/5/3 1501/5/3
f 1489/5/3 1498/5/3 1502/5/3
f 1502/5/3 1498/5/3 1503/5/3
f 1504/2/3 1505/2/3 1508/2/3
f 1506/2/3 1507/2/3 1511/2/3
f 1504/2/3 1508/2/3 1512/2/3
f 1508/5/3 1509/5/3 1513/5/3
f 1512/2/3 1508/2/3 1513/2/3
f 1510/5/3 1511/5/3 1514/5/3
f 1511/2/3 1507/2/3 1515/2/3
f 1514/2/3 1511/2/3 1515/2/3
f 1516/2/3 1517/2/3 1520/2/3
f 1520/2/3 1517/2/3 1521/2/3
f 1518/2/3 1519/2/3 1522/2/3
f 1522/2/3 1519/2/3 1523/2/3
f 1524/5/3 1525/5/3 1528/5/3
f 1528/5/3 1525/5/3 1529/5/3
f 1526/5/3 1527/5/3 1530/5/3
f 1526/2/3 1530/2/3 1531/2/3
f 1532/3/3 1533/3/3 1534/3/3
f 1534/3/3 1533/3/3 1535/3/3
f 1536/3/3 1537/3/3 1538/3/3
f 1538/3/3 1537/3/3 1539/3/3
f 1540/3/3 1541/3/3 1542/3/3
f 1542/3/3 1541/3/3 1543/3/3
f 1544/3/3 1545/3/3 1546/3/3
f 1546/3/3 1545/3/3 1547/3/3
f 1548/3/3 1549/3/3 1550/3/3
f 1550/3/3 1549/3/3 1551/3/3
f 1552/3/3 1553/3/3 1554/3/3
f 1552/3/3 1554/3/3 1555/3/3
f 1556/3/3 1557/3/3 1558/3/3
f 1556/3/3 1558/3/3 1559/3/3
f 1560/2/3 1561/2/3 1564/2/3
f 1562/2/3 1563/2/3 1565/2/3
f 1560/2/3 1564/2/3 1566/2/3
f 1565/2/3 1563/2/3 1567/2/3
f 1568/6/3 1569/6/3 1572/6/3
f 1570/6/3 1571/6/3 1573/6/3
f 1568/6/3 1572/6/3 1574/6/3
f 1573/6/3 1571/6/3 1575/6/3
f 1568/6/3 1574/6/3 1577/6/3
f 1576/4/3 1568/4/3 1577/4/3
f 1575/6/3 1571/6/3 1578/6/3
f 1578/4/3 1571/4/3 1579/4/3
f 1577/6/3 1574/6/3 1580/6/3
f 1575/6/3 1578/6/3 1581/6/3
f 1577/4/3 1580/4/3 1582/4/3
f 1581/4/3 1578/4/3 1583/4/3
f 1577/4/3 1582/4/3 1584/4/3
f 1583/4/3 1578/4/3 1585/4/3
f 1577/4/3 1584/4/3 1586/4/3
f 1585/4/3 1578/4/3 1587/4/3
f 1577/4/3 1586/4/3 1588/4/3
f 1588/4/3 1586/4/3 1589/4/3
f 1587/4/3 1578/4/3 1590/4/3
f 1590/4/3 1578/4/3 1591/4/3
f 1592/2/3 1593/2/3 1596/2/3
f 1596/2/3 1593/2/3 1597/2/3
f 1594/2/3 1595/2/3 1598/2/3
f 1598/2/3 1595/2/3 1599/2/3
f 1600/2/3 1601/2/3 1604/2/3
f 1604/2/3 1601/2/3 1605/2/3
f 1602/2/3 1603/2/3 1606/2/3
f 1606/2/3 1603/2/3 1607/2/3
f 1608/2/3 1609/2/3 1612/2/3
f 1612/2/3 1609/2/3 1613/2/3
f 1610/2/3 1611/2/3 1614/2/3
f 1614/2/3 1611/2/3 1615/2/3
f 1616/2/3 1617/2/3 1620/2/3
f 1620/2/3 1617/2/3 1621/2/3
f 1618/2/3 1619/2/3 1622/2/3
f 1622/2/3 1619/2/3 1623/2/3
f 1624/2/3 1625/2/3 1628/2/3
f 1628/2/3 1625/2/3 1629/2/3
f 1626/2/3 1627/2/3 1630/2/3
f 1630/2/3 1627/2/3 1631/2/3
f 1632/6/3 1633/6/3 1636/6/3
f 1638/4/3 1632/4/3 1636/4/3
f 1634/4/3 1635/4/3 1639/4/3
f 1637/6/3 1634/6/3 1639/6/3
f 1640/2/3 1641/2/3 1644/2/3
f 1644/2/3 1641/2/3 1645/2/3
f 1642/2/3 1643/2/3 1646/2/3
f 1646/2/3 1643/2/3 1647/2/3
f 1648/2/3 1649/2/3 1652/2/3
f 1652/2/3 1649/2/3 1653/2/3
f 1650/2/3 1651/2/3 1654/2/3
f 1654/2/3 1651/2/3 1655/2/3
f 1656/2/3 1657/2/3 1660/2/3
f 1660/2/3 1657/2/3 1661/2/3
f 1658/2/3 1659/2/3 1662/2/3
f 1662/2/3 1659/2/3 1663/2/3
f 1664/2/3 1665/2/3 1668/2/3
f 1668/2/3 1665/2/3 1669/2/3
f 1666/2/3 1667/2/3 1670/2/3
f 1670/2/3 1667/2/3 1671/2/3
f 1672/2/3 1673/2/3 1676/2/3
f 1676/2/3 1673/2/3 1677/2/3
f 1674/2/3 1675/2/3 1678/2/3
f 1678/2/3 1675/2/3 1679/2/3
f 1680/1/3 1681/1/3 1685/1/3
f 1685/1/3 1681/1/3 1686/1/3
f 1681/1/3 1682/1/3 1686/1/3
f 1686/1/3 1682/1/3 1687/1/3
f 1683/1/3 1684/1/3 1688/1/3
f 1688/1/3 1684/1/3 1689/1/3
f 1690/5/3 1691/5/3 1694/5/3
f 1694/5/3 1691/5/3 1695/5/3
f 1692/5/3 1693/5/3 1696/5/3
f 1692/2/3 1696/2/3 1697/2/3
f 1698/3/3 1699/3/3 1700/3/3
f 1700/3/3 1699/3/3 1701/3/3
f 1702/3/3 1703/3/3 1704/3/3
f 1704/3/3 1703/3/3 1705/3/3
f 1706/5/3 1707/5/3 1710/5/3
f 1710/5/3 1707/5/3 1711/5/3
f 1708/2/3 1709/2/3 1713/2/3
f 1712/5/3 1708/5/3 1713/5/3
f 1714/3/3 1715/3/3 1716/3/3
f 1714/3/3 1716/3/3 1719/3/3
f 1717/3/3 1718/3/3 1720/3/3
f 1720/3/3 1718/3/3 1721/3/3
f 1722/3/3 1723/3/3 1724/3/3
f 1722/3/3 1724/3/3 1725/3/3
f 1726/3/3 1727/3/3 1728/3/3
f 1728/3/3 1727/3/3 1729/3/3
f 1730/5/3 1731/5/3 1732/5/3
f 1732/5/3 1731/5/3 1733/5/3
f 1734/5/3 1735/5/3 1737/5/3
f 1737/5/3 1735/5/3 1738/5/3
f 1736/1/3 1737/1/3 1740/1/3
f 1740/1/3 1737/1/3 1741/1/3
f 1741/6/3 1737/6/3 1742/6/3
f 1738/1/3 1739/1/3 1744/1/3
f 1743/6/3 1738/6/3 1744/6/3
f 1744/1/3 1739/1/3 1745/1/3
f 1745/1/3 1739/1/3 1746/1/3
f 1736/7/3 1740/7/3 1747/7/3
f 1742/5/3 1743/5/3 1748/5/3
f 1741/4/3 1742/4/3 1748/4/3
f 1743/4/3 1744/4/3 1749/4/3
f 1748/5/3 1743/5/3 1749/5/3
f 1741/4/3 1748/4/3 1750/4/3
f 1749/4/3 1744/4/3 1751/4/3
f 1741/4/3 1750/4/3 1752/4/3
f 1750/5/3 1751/5/3 1752/5/3
f 1751/4/3 1744/4/3 1753/4/3
f 1752/5/3 1751/5/3 1753/5/3
f 1741/4/3 1752/4/3 1754/4/3
f 1753/4/3 1744/4/3 1755/4/3
f 1740/7/3 1741/7/3 1756/7/3
f 1754/5/3 1755/5/3 1757/5/3
f 1741/4/3 1754/4/3 1757/4/3
f 1755/4/3 1744/4/3 1758/4/3
f 1757/5/3 1755/5/3 1758/5/3
f 1741/4/3 1757/4/3 1760/4/3
f 1758/4/3 1744/4/3 1761/4/3
f 1741/4/3 1760/4/3 1762/4/3
f 1760/5/3 1761/5/3 1762/5/3
f 1761/4/3 1744/4/3 1763/4/3
f 1762/5/3 1761/5/3 1763/5/3
f 1741/4/3 1762/4/3 1764/4/3
f 1763/4/3 1744/4/3 1765/4/3
f 1741/4/3 1764/4/3 1766/4/3
f 1764/4/3 1765/4/3 1766/4/3
f 1765/4/3 1744/4/3 1767/4/3
f 1766/4/3 1765/4/3 1767/4/3
f 1746/7/3 1739/7/3 1768/7/3
f 1745/7/3 1746/7/3 1768/7/3
f 1744/7/3 1745/7/3 1768/7/3
f 1768/7/3 1739/7/3 1769/7/3
f 1741/4/3 1766/4/3 1770/4/3
f 1767/4/3 1744/4/3 1771/4/3
f 1741/4/3 1770/4/3 1772/4/3
f 1770/5/3 1771/5/3 1772/5/3
f 1771/4/3 1744/4/3 1773/4/3
f 1772/5/3 1771/5/3 1773/5/3
f 1741/4/3 1772/4/3 1774/4/3
f 1773/4/3 1744/4/3 1775/4/3
f 1759/7/3 1756/7/3 1776/7/3
f 1774/5/3 1775/5/3 1777/5/3
f 1741/4/3 1774/4/3 1777/4/3
f 1775/4/3 1744/4/3 1778/4/3
f 1777/5/3 1775/5/3 1778/5/3
f 1768/7/3 1769/7/3 1779/7/3
f 1744/7/3 1768/7/3 1779/7/3
f 1779/7/3 1769/7/3 1780/7/3
f 1741/4/3 1777/4/3 1781/4/3
f 1778/4/3 1744/4/3 1782/4/3
f 1744/7/3 1779/7/3 1783/7/3
f 1741/4/3 1781/4/3 1784/4/3
f 1781/5/3 1782/5/3 1784/5/3
f 1782/4/3 1744/4/3 1785/4/3
f 1784/5/3 1782/5/3 1785/5/3
f 1779/7/3 1780/7/3 1786/7/3
f 1783/7/3 1779/7/3 1786/7/3
f 1759/7/3 1776/7/3 1787/7/3
f 1787/7/3 1776/7/3 1788/7/3
f 1788/7/3 1776/7/3 1789/7/3
f 1776/7/3 1756/7/3 1789/7/3
f 1756/7/3 1741/7/3 1789/7/3
f 1741/4/3 1784/4/3 1790/4/3
f 1785/4/3 1744/4/3 1791/4/3
f 1786/7/3 1780/7/3 1792/7/3
f 1792/7/3 1780/7/3 1793/7/3
f 1741/4/3 1790/4/3 1794/4/3
f 1789/7/3 1741/7/3 1794/7/3
f 1790/5/3 1791/5/3 1795/5/3
f 1794/4/3 1790/4/3 1795/4/3
f 1791/4/3 1744/4/3 1796/4/3
f 1795/5/3 1791/5/3 1796/5/3
f 1744/7/3 1783/7/3 1797/7/3
f 1796/4/3 1744/4/3 1797/4/3
f 1783/7/3 1786/7/3 1797/7/3
f 1789/1/3 1794/1/3 1798/1/3
f 1788/1/3 1789/1/3 1798/1/3
f 1787/1/3 1788/1/3 1798/1/3
f 1794/4/3 1795/4/3 1799/4/3
f 1796/4/3 1797/4/3 1800/4/3
f 1786/1/3 1792/1/3 1797/1/3
f 1792/1/3 1793/1/3 1801/1/3
f 1797/1/3 1792/1/3 1801/1/3
f 1794/6/3 1799/6/3 1802/6/3
f 1799/5/3 1800/5/3 1802/5/3
f 1800/6/3 1797/6/3 1803/6/3
f 1802/5/3 1800/5/3 1803/5/3
f 1804/5/3 1805/5/3 1806/5/3
f 1806/5/3 1805/5/3 1807/5/3
f 1808/3/3 1809/3/3 1810/3/3
f 1810/3/3 1809/3/3 1811/3/3
f 1811/3/3 1809/3/3 1812/3/3
f 1808/1/3 1810/1/3 1813/1/3
f 1813/1/3 1810/1/3 1814/1/3
f 1814/1/3 1810/1/3 1815/1/3
f 1814/1/3 1815/1/3 1812/1/3
f 1812/1/3 1809/1/3 1816/1/3
f 1808/1/3 1813/1/3 1817/1/3
f 1814/1/3 1812/1/3 1818/1/3
f 1817/3/3 1813/3/3 1819/3/3
f 1812/1/3 1816/1/3 1818/1/3
f 1814/4/3 1818/4/3 1820/4/3
f 1808/1/3 1817/1/3 1821/1/3
f 1817/1/3 1819/1/3 1821/1/3
f 1818/1/3 1816/1/3 1822/1/3
f 1820/1/3 1818/1/3 1822/1/3
f 1823/3/3 1824/3/3 1825/3/3
f 1825/3/3 1824/3/3 1826/3/3
f 1827/1/3 1828/1/3 1831/1/3
f 1829/1/3 1830/1/3 1834/1/3
f 1834/1/3 1830/1/3 1835/1/3
f 1835/1/3 1830/1/3 1836/1/3
f 1827/1/3 1831/1/3 1837/1/3
f 1837/1/3 1831/1/3 1838/1/3
f 1838/1/3 1831/1/3 1839/1/3
f 1831/4/3 1832/4/3 1839/4/3
f 1833/4/3 1834/4/3 1840/4/3
f 1834/1/3 1835/1/3 1841/1/3
f 1841/1/3 1835/1/3 1842/1/3
f 1838/1/3 1839/1/3 1844/1/3
f 1844/1/3 1839/1/3 1845/1/3
f 1845/1/3 1839/1/3 1846/1/3
f 1846/1/3 1839/1/3 1847/1/3
f 1839/4/3 1840/4/3 1848/4/3
f 1840/4/3 1834/4/3 1849/4/3
f 1848/4/3 1840/4/3 1849/4/3
f 1849/4/3 1834/4/3 1841/4/3
f 1841/3/3 1842/3/3 1850/3/3
f 1850/3/3 1842/3/3 1851/3/3
f 1843/1/3 1844/1/3 1845/1/3
f 1839/1/3 1848/1/3 1847/1/3
f 1850/3/3 1851/3/3 1853/3/3
f 1851/1/3 1852/1/3 1854/1/3
f 1853/3/3 1851/3/3 1854/3/3
f 1843/1/3 1845/1/3 1855/1/3
f 1846/1/3 1847/1/3 1856/1/3
f 1847/1/3 1848/1/3 1856/1/3
f 1849/1/3 1841/1/3 1857/1/3
f 1857/1/3 1841/1/3 1858/1/3
f 1850/1/3 1853/1/3 1859/1/3
f 1854/1/3 1852/1/3 1860/1/3
f 1846/1/3 1856/1/3 1861/1/3
f 1858/1/3 1859/1/3 1857/1/3
f 1859/1/3 1853/1/3 1862/1/3
f 1857/1/3 1859/1/3 1862/1/3
f 1861/1/3 1856/1/3 1863/1/3
f 1862/1/3 1860/1/3 1863/1/3
f 1843/1/3 1855/1/3 1863/1/3
f 1855/1/3 1861/1/3 1863/1/3
f 1857/1/3 1862/1/3 1863/1/3
f 1856/1/3 1857/1/3 1863/1/3
f 1860/1/3 1852/1/3 1864/1/3
f 1863/1/3 1860/1/3 1864/1/3
f 1865/3/3 1866/3/3 1867/3/3
f 1867/3/3 1866/3/3 1868/3/3
f 1871/3/3 1872/3/3 1873/3/3
f 1873/3/3 1872/3/3 1874/3/3
f 1869/3/3 1870/3/3 1877/3/3
f 1877/3/3 1870/3/3 1878/3/3
f 1875/3/3 1876/3/3 1879/3/3
f 1879/3/3 1876/3/3 1880/3/3
f 1881/2/3 1882/2/3 1887/2/3
f 1887/2/3 1882/2/3 1888/2/3
f 1883/2/3 1884/2/3 1889/2/3
f 1889/2/3 1884/2/3 1890/2/3
f 1885/2/3 1886/2/3 1891/2/3
f 1891/2/3 1886/2/3 1892/2/3
f 1893/1/3 1894/1/3 1897/1/3
f 1894/3/3 1895/3/3 1898/3/3
f 1897/1/3 1894/1/3 1898/1/3
f 1895/1/3 1896/1/3 1899/1/3
f 1898/3/3 1895/3/3 1899/3/3
f 1899/1/3 1896/1/3 1900/1/3
f 1903/1/4 1902/1/4 1901/1/4
f 1904/1/4 1902/1/4 1903/1/4
f 1905/1/4 1904/1/4 1903/1/4
f 1906/1/4 1904/1/4 1905/1/4
f 1909/1/4 1908/1/4 1907/1/4
f 1910/1/4 1908/1/4 1909/1/4
f 1911/1/4 1910/1/4 1909/1/4
f 1912/1/4 1910/1/4 1911/1/4
f 1915/2/4 1914/2/4 1913/2/4
f 1916/2/4 1914/2/4 1915/2/4
f 1919/2/4 1918/2/4 1917/2/4
f 1928/2/4 1921/2/4 1920/2/4
f 1929/2/4 1921/2/4 1928/2/4
f 1930/2/4 1923/2/4 1922/2/4
f 1931/2/4 1923/2/4 1930/2/4
f 1932/2/4 1925/2/4 1924/2/4
f 1933/2/4 1925/2/4 1932/2/4
f 1934/2/4 1927/2/4 1926/2/4
f 1935/2/4 1927/2/4 1934/2/4
f 1936/2/4 1919/2/4 1917/2/4
f 1936/2/4 1918/2/4 1919/2/4
f 1945/2/4 1938/2/4 1937/2/4
f 1946/2/4 1938/2/4 1945/2/4
f 1947/2/4 1940/2/4 1939/2/4
f 1948/2/4 1940/2/4 1947/2/4
f 1949/2/4 1942/2/4 1941/2/4
f 1950/2/4 1942/2/4 1949/2/4
f 1951/2/4 1944/2/4 1943/2/4
f 1952/2/4 1944/2/4 1951/2/4
f 1953/2/4 1936/2/4 1917/2/4
f 1954/2/4 1918/2/4 1936/2/4
f 1954/2/4 1936/2/4 1953/2/4
f 1957/1/4 1956/1/4 1955/1/4
f 1958/1/4 1956/1/4 1957/1/4
f 1973/5/4 1964/5/4 1963/5/4
f 1974/5/4 1964/5/4 1973/5/4
f 1975/5/4 1966/5/4 1965/5/4
f 1976/5/4 1966/5/4 1975/5/4
f 1977/2/4 1968/2/4 1967/2/4
f 1978/2/4 1968/2/4 1977/2/4
f 1979/5/4 1970/5/4 1969/5/4
f 1980/5/4 1970/5/4 1979/5/4
f 1981/5/4 1972/5/4 1971/5/4
f 1982/5/4 1972/5/4 1981/5/4
f 1993/1/4 1960/1/4 1959/1/4
f 1994/1/4 1960/1/4 1993/1/4
f 1995/5/4 1984/5/4 1983/5/4
f 1996/5/4 1984/5/4 1995/5/4
f 1997/5/4 1986/5/4 1985/5/4
f 1998/5/4 1986/5/4 1997/5/4
f 1999/2/4 1988/2/4 1987/2/4
f 2000/2/4 1988/2/4 1999/2/4
f 2001/5/4 1990/5/4 1989/5/4
f 2002/5/4 1990/5/4 2001/5/4
f 2003/5/4 1992/5/4 1991/5/4
f 2004/5/4 1992/5/4 2003/5/4
f 2015/5/4 2006/5/4 2005/5/4
f 2016/5/4 2006/5/4 2015/5/4
f 2017/5/4 2008/5/4 2007/5/4
f 2018/5/4 2008/5/4 2017/5/4
f 2019/2/4 2010/2/4 2009/2/4
f 2020/2/4 2010/2/4 2019/2/4
f 2021/5/4 2012/5/4 2011/5/4
f 2022/5/4 2012/5/4 2021/5/4
f 2023/5/4 2014/5/4 2013/5/4
f 2024/5/4 2014/5/4 2023/5/4
f 2035/2/4 1962/2/4 1961/2/4
f 2036/2/4 1962/2/4 2035/2/4
f 2037/5/4 2026/5/4 2025/5/4
f 2038/5/4 2026/5/4 2037/5/4
f 2039/5/4 2028/5/4 2027/5/4
f 2040/5/4 2028/5/4 2039/5/4
f 2041/2/4 2030/2/4 2029/2/4
f 2042/2/4 2030/2/4 2041/2/4
f 2043/5/4 2032/5/4 2031/5/4
f 2044/5/4 2032/5/4 2043/5/4
f 2045/5/4 2034/5/4 2033/5/4
f 2046/5/4 2034/5/4 2045/5/4
f 2047/1/4 1994/1/4 1993/1/4
f 2048/1/4 1994/1/4 2047/1/4
f 2051/1/4 2050/1/4 2049/1/4
f 2052/1/4 2050/1/4 2051/1/4
f 2055/2/4 2054/2/4 2053/2/4
f 2056/2/4 2054/2/4 2055/2/4
f 2059/2/4 2058/2/4 2057/2/4
f 2060/2/4 2058/2/4 2059/2/4
f 2063/2/4 2062/2/4 2061/2/4
f 2064/2/4 2062/2/4 2063/2/4
f 2069/2/4 2066/2/4 2065/2/4
f 2070/2/4 2066/2/4 2069/2/4
f 2071/5/4 2068/5/4 2067/5/4
f 2072/5/4 2068/5/4 2071/5/4
f 2075/5/4 2074/5/4 2073/5/4
f 2076/5/4 2074/5/4 2075/5/4
f 2079/2/4 2078/2/4 2077/2/4
f 2080/2/4 2078/2/4 2079/2/4
f 2083/2/4 2082/2/4 2081/2/4
f 2084/2/4 2082/2/4 2083/2/4
f 2087/2/4 2086/2/4 2085/2/4
f 2088/2/4 2086/2/4 2087/2/4
f 2091/2/4 2090/2/4 2089/2/4
f 2092/2/4 2090/2/4 2091/2/4
f 2095/3/4 2094/3/4 2093/3/4
f 2096/3/4 2094/3/4 2095/3/4
f 2098/3/4 2097/3/4 2096/3/4
f 2099/3/4 2097/3/4 2098/3/4
f 2102/5/4 2101/5/4 2100/5/4
f 2103/5/4 2101/5/4 2102/5/4
f 2108/3/4 2105/3/4 2104/3/4
f 2109/3/4 2105/3/4 2108/3/4
f 2110/5/4 2107/5/4 2106/5/4
f 2111/5/4 2107/5/4 2110/5/4
f 2116/3/4 2113/3/4 2112/3/4
f 2117/3/4 2113/3/4 2116/3/4
f 2118/3/4 2115/3/4 2114/3/4
f 2119/3/4 2115/3/4 2118/3/4
f 2122/3/4 2121/3/4 2120/3/4
f 2123/3/4 2121/3/4 2122/3/4
f 2126/3/4 2125/3/4 2124/3/4
f 2127/3/4 2125/3/4 2126/3/4
f 2130/3/4 2129/3/4 2128/3/4
f 2131/3/4 2129/3/4 2130/3/4
f 2140/1/4 2139/1/4 2138/1/4
f 2141/1/4 2135/1/4 2134/1/4
f 2142/1/4 2140/1/4 2138/1/4
f 2143/3/4 2133/3/4 2132/3/4
f 2144/1/4 2141/1/4 2134/1/4
f 2147/1/4 2142/1/4 2138/1/4
f 2148/3/4 2137/3/4 2136/3/4
f 2149/3/4 2137/3/4 2148/3/4
f 2150/1/4 2147/1/4 2138/1/4
f 2151/1/4 2140/1/4 2142/1/4
f 2154/3/4 2146/3/4 2145/3/4
f 2155/3/4 2146/3/4 2154/3/4
f 2156/1/4 2140/1/4 2151/1/4
f 2157/3/4 2143/3/4 2132/3/4
f 2157/1/4 2144/1/4 2143/1/4
f 2152/1/4 2144/1/4 2157/1/4
f 2160/1/4 2151/1/4 2150/1/4
f 2160/1/4 2150/1/4 2138/1/4
f 2160/1/4 2156/1/4 2151/1/4
f 2161/1/4 2152/1/4 2157/1/4
f 2162/3/4 2159/3/4 2158/3/4
f 2163/3/4 2159/3/4 2162/3/4
f 2164/1/4 2161/1/4 2157/1/4
f 2164/3/4 2157/3/4 2132/3/4
f 2165/1/4 2156/1/4 2160/1/4
f 2166/1/4 2156/1/4 2165/1/4
f 2167/1/4 2160/1/4 2138/1/4
f 2167/1/4 2165/1/4 2160/1/4
f 2168/3/4 2164/3/4 2132/3/4
f 2169/1/4 2135/1/4 2141/1/4
f 2169/1/4 2164/1/4 2168/1/4
f 2169/1/4 2161/1/4 2164/1/4
f 2169/1/4 2152/1/4 2161/1/4
f 2169/1/4 2153/1/4 2152/1/4
f 2169/1/4 2141/1/4 2153/1/4
f 2170/1/4 2167/1/4 2138/1/4
f 2171/1/4 2165/1/4 2167/1/4
f 2172/1/4 2156/1/4 2166/1/4
f 2173/4/4 2167/4/4 2170/4/4
f 2173/1/4 2172/1/4 2171/1/4
f 2173/1/4 2171/1/4 2167/1/4
f 2174/1/4 2172/1/4 2173/1/4
f 2176/1/4 2172/1/4 2174/1/4
f 2179/1/4 2172/1/4 2176/1/4
f 2179/1/4 2156/1/4 2172/1/4
f 2180/4/4 2178/4/4 2177/4/4
f 2181/4/4 2178/4/4 2180/4/4
f 2182/4/4 2176/4/4 2175/4/4
f 2183/1/4 2179/1/4 2176/1/4
f 2183/4/4 2176/4/4 2182/4/4
f 2184/1/4 2179/1/4 2183/1/4
f 2185/1/4 2179/1/4 2184/1/4
f 2185/1/4 2156/1/4 2179/1/4
f 2186/1/4 2181/1/4 2180/1/4
f 2190/1/4 2156/1/4 2185/1/4
f 2191/1/4 2181/1/4 2186/1/4
f 2191/1/4 2186/1/4 2180/1/4
f 2192/1/4 2184/1/4 2183/1/4
f 2189/1/4 2184/1/4 2192/1/4
f 2193/3/4 2180/3/4 2177/3/4
f 2193/1/4 2191/1/4 2180/1/4
f 2192/1/4 2190/1/4 2189/1/4
f 2194/3/4 2188/3/4 2187/3/4
f 2195/3/4 2188/3/4 2194/3/4
f 2198/1/4 2192/1/4 2183/1/4
f 2198/1/4 2190/1/4 2192/1/4
f 2199/1/4 2191/1/4 2193/1/4
f 2199/1/4 2181/1/4 2191/1/4
f 2200/1/4 2139/1/4 2140/1/4
f 2200/1/4 2140/1/4 2156/1/4
f 2200/1/4 2190/1/4 2198/1/4
f 2200/1/4 2156/1/4 2190/1/4
f 2201/1/4 2139/1/4 2200/1/4
f 2202/3/4 2193/3/4 2177/3/4
f 2202/1/4 2199/1/4 2193/1/4
f 2203/3/4 2197/3/4 2196/3/4
f 2204/3/4 2197/3/4 2203/3/4
f 2205/1/4 2200/1/4 2198/1/4
f 2206/1/4 2181/1/4 2199/1/4
f 2206/1/4 2199/1/4 2202/1/4
f 2207/1/4 2181/1/4 2206/1/4
f 2208/1/4 2198/1/4 2183/1/4
f 2208/1/4 2183/1/4 2182/1/4
f 2208/1/4 2205/1/4 2198/1/4
f 2209/1/4 2205/1/4 2208/1/4
f 2205/1/4 2201/1/4 2200/1/4
f 2210/1/4 2201/1/4 2205/1/4
f 2211/1/4 2206/1/4 2202/1/4
f 2212/1/4 2206/1/4 2211/1/4
f 2213/1/4 2205/1/4 2209/1/4
f 2210/1/4 2205/1/4 2213/1/4
f 2214/1/4 2211/1/4 2202/1/4
f 2215/3/4 2206/3/4 2212/3/4
f 2217/1/4 2201/1/4 2210/1/4
f 2218/1/4 2201/1/4 2217/1/4
f 2214/3/4 2202/3/4 2177/3/4
f 2214/3/4 2212/3/4 2211/3/4
f 2219/3/4 2212/3/4 2214/3/4
f 2216/1/4 2213/1/4 2209/1/4
f 2220/1/4 2217/1/4 2210/1/4
f 2221/1/4 2220/1/4 2216/1/4
f 2217/1/4 2220/1/4 2221/1/4
f 2222/3/4 2218/3/4 2217/3/4
f 2223/3/4 2214/3/4 2177/3/4
f 2221/1/4 2222/1/4 2217/1/4
f 2225/1/4 2216/1/4 2209/1/4
f 2225/1/4 2221/1/4 2216/1/4
f 2226/1/4 2222/1/4 2221/1/4
f 2227/1/4 2224/1/4 2223/1/4
f 2228/1/4 2224/1/4 2227/1/4
f 2227/3/4 2223/3/4 2177/3/4
f 2230/1/4 2222/1/4 2226/1/4
f 2231/1/4 2225/1/4 2209/1/4
f 2231/1/4 2221/1/4 2225/1/4
f 2229/1/4 2221/1/4 2231/1/4
f 2232/3/4 2227/3/4 2177/3/4
f 2231/1/4 2230/1/4 2229/1/4
f 2234/1/4 2230/1/4 2231/1/4
f 2235/1/4 2230/1/4 2234/1/4
f 2236/3/4 2233/3/4 2232/3/4
f 2238/3/4 2237/3/4 2236/3/4
f 2241/3/4 2231/3/4 2209/3/4
f 2241/1/4 2234/1/4 2231/1/4
f 2242/1/4 2234/1/4 2241/1/4
f 2243/1/4 2230/1/4 2235/1/4
f 2244/1/4 2243/1/4 2242/1/4
f 2244/1/4 2242/1/4 2241/1/4
f 2245/1/4 2243/1/4 2244/1/4
f 2248/1/4 2243/1/4 2245/1/4
f 2249/1/4 2230/1/4 2243/1/4
f 2249/1/4 2243/1/4 2248/1/4
f 2250/1/4 2239/1/4 2238/1/4
f 2250/1/4 2238/1/4 2236/1/4
f 2250/1/4 2236/1/4 2232/1/4
f 2251/1/4 2248/1/4 2245/1/4
f 2250/3/4 2232/3/4 2177/3/4
f 2254/3/4 2244/3/4 2241/3/4
f 2255/1/4 2230/1/4 2249/1/4
f 2255/1/4 2222/1/4 2230/1/4
f 2256/3/4 2247/3/4 2246/3/4
f 2257/3/4 2247/3/4 2256/3/4
f 2258/3/4 2248/3/4 2251/3/4
f 2259/3/4 2250/3/4 2177/3/4
f 2260/1/4 2239/1/4 2250/1/4
f 2260/3/4 2250/3/4 2259/3/4
f 2261/1/4 2239/1/4 2260/1/4
f 2262/1/4 2251/1/4 2254/1/4
f 2262/3/4 2258/3/4 2251/3/4
f 2263/1/4 2255/1/4 2258/1/4
f 2263/3/4 2258/3/4 2262/3/4
f 2264/1/4 2239/1/4 2261/1/4
f 2265/1/4 2254/1/4 2241/1/4
f 2265/1/4 2262/1/4 2254/1/4
f 2267/3/4 2260/3/4 2259/3/4
f 2267/1/4 2259/1/4 2266/1/4
f 2268/1/4 2264/1/4 2261/1/4
f 2269/1/4 2239/1/4 2264/1/4
f 2269/1/4 2264/1/4 2268/1/4
f 2270/1/4 2239/1/4 2269/1/4
f 2271/3/4 2253/3/4 2252/3/4
f 2272/3/4 2253/3/4 2271/3/4
f 2274/3/4 2259/3/4 2177/3/4
f 2266/3/4 2259/3/4 2274/3/4
f 2266/3/4 2268/3/4 2267/3/4
f 2275/3/4 2270/3/4 2269/3/4
f 2276/1/4 2265/1/4 2241/1/4
f 2276/1/4 2241/1/4 2240/1/4
f 2277/1/4 2265/1/4 2276/1/4
f 2273/1/4 2265/1/4 2277/1/4
f 2273/1/4 2262/1/4 2265/1/4
f 2278/1/4 2255/1/4 2263/1/4
f 2274/4/4 2275/4/4 2269/4/4
f 2274/4/4 2269/4/4 2268/4/4
f 2274/4/4 2268/4/4 2266/4/4
f 2279/4/4 2277/4/4 2276/4/4
f 2279/1/4 2273/1/4 2277/1/4
f 2280/1/4 2273/1/4 2279/1/4
f 2281/1/4 2278/1/4 2273/1/4
f 2281/1/4 2273/1/4 2280/1/4
f 2281/1/4 2255/1/4 2278/1/4
f 2282/1/4 2222/1/4 2255/1/4
f 2282/1/4 2255/1/4 2281/1/4
f 2283/1/4 2222/1/4 2282/1/4
f 2285/1/4 2281/1/4 2280/1/4
f 2286/1/4 2281/1/4 2285/1/4
f 2286/1/4 2283/1/4 2282/1/4
f 2286/1/4 2282/1/4 2281/1/4
f 2289/1/4 2285/1/4 2284/1/4
f 2289/1/4 2286/1/4 2285/1/4
f 2290/1/4 2283/1/4 2286/1/4
f 2292/1/4 2289/1/4 2284/1/4
f 2292/4/4 2284/4/4 2291/4/4
f 2293/1/4 2288/1/4 2287/1/4
f 2294/1/4 2289/1/4 2292/1/4
f 2294/1/4 2292/1/4 2291/1/4
f 2295/1/4 2290/1/4 2286/1/4
f 2296/1/4 2288/1/4 2293/1/4
f 2297/3/4 2293/3/4 2287/3/4
f 2297/1/4 2296/1/4 2293/1/4
f 2298/1/4 2296/1/4 2297/1/4
f 2298/1/4 2288/1/4 2296/1/4
f 2299/3/4 2297/3/4 2287/3/4
f 2299/1/4 2298/1/4 2297/1/4
f 2300/1/4 2295/1/4 2294/1/4
f 2301/1/4 2288/1/4 2298/1/4
f 2301/1/4 2298/1/4 2299/1/4
f 2302/1/4 2288/1/4 2301/1/4
f 2303/1/4 2300/1/4 2294/1/4
f 2303/1/4 2294/1/4 2291/1/4
f 2304/1/4 2300/1/4 2303/1/4
f 2305/3/4 2299/3/4 2287/3/4
f 2305/1/4 2302/1/4 2301/1/4
f 2305/1/4 2301/1/4 2299/1/4
f 2308/1/4 2303/1/4 2291/1/4
f 2309/1/4 2300/1/4 2304/1/4
f 2310/1/4 2295/1/4 2300/1/4
f 2310/1/4 2300/1/4 2309/1/4
f 2310/1/4 2290/1/4 2295/1/4
f 2311/1/4 2309/1/4 2304/1/4
f 2312/1/4 2290/1/4 2310/1/4
f 2313/3/4 2307/3/4 2306/3/4
f 2314/3/4 2307/3/4 2313/3/4
f 2315/3/4 2303/3/4 2308/3/4
f 2316/1/4 2312/1/4 2311/1/4
f 2316/1/4 2311/1/4 2304/1/4
f 2317/1/4 2290/1/4 2312/1/4
f 2320/3/4 2316/3/4 2315/3/4
f 2320/3/4 2315/3/4 2308/3/4
f 2321/3/4 2316/3/4 2320/3/4
f 2321/1/4 2317/1/4 2312/1/4
f 2321/1/4 2312/1/4 2316/1/4
f 2322/1/4 2317/1/4 2321/1/4
f 2323/1/4 2302/1/4 2305/1/4
f 2324/3/4 2305/3/4 2287/3/4
f 2324/1/4 2323/1/4 2305/1/4
f 2325/1/4 2302/1/4 2323/1/4
f 2325/1/4 2323/1/4 2324/1/4
f 2326/3/4 2319/3/4 2318/3/4
f 2327/3/4 2319/3/4 2326/3/4
f 2328/1/4 2321/1/4 2320/1/4
f 2329/1/4 2321/1/4 2328/1/4
f 2330/1/4 2317/1/4 2322/1/4
f 2331/1/4 2283/1/4 2290/1/4
f 2331/1/4 2317/1/4 2330/1/4
f 2331/1/4 2290/1/4 2317/1/4
f 2337/1/4 2333/1/4 2332/1/4
f 2337/7/4 2334/7/4 2333/7/4
f 2338/1/4 2336/1/4 2335/1/4
f 2339/7/4 2334/7/4 2337/7/4
f 2340/7/4 2334/7/4 2339/7/4
f 2341/7/4 2339/7/4 2337/7/4
f 2342/1/4 2334/1/4 2340/1/4
f 2343/7/4 2336/7/4 2338/7/4
f 2344/1/4 2343/1/4 2342/1/4
f 2344/1/4 2342/1/4 2340/1/4
f 2345/7/4 2339/7/4 2341/7/4
f 2346/7/4 2339/7/4 2345/7/4
f 2347/7/4 2343/7/4 2344/7/4
f 2347/7/4 2344/7/4 2346/7/4
f 2348/7/4 2343/7/4 2347/7/4
f 2347/7/4 2346/7/4 2345/7/4
f 2349/7/4 2347/7/4 2345/7/4
f 2351/7/4 2343/7/4 2348/7/4
f 2350/7/4 2347/7/4 2349/7/4
f 2352/7/4 2345/7/4 2341/7/4
f 2352/7/4 2351/7/4 2350/7/4
f 2352/7/4 2349/7/4 2345/7/4
f 2352/7/4 2350/7/4 2349/7/4
f 2353/7/4 2351/7/4 2352/7/4
f 2353/7/4 2343/7/4 2351/7/4
f 2353/7/4 2336/7/4 2343/7/4
f 2354/1/4 2337/1/4 2332/1/4
f 2354/7/4 2341/7/4 2337/7/4
f 2354/7/4 2352/7/4 2341/7/4
f 2355/1/4 2336/1/4 2353/1/4
f 2355/7/4 2353/7/4 2352/7/4
f 2354/4/4 2355/4/4 2352/4/4
f 2358/4/4 2357/4/4 2356/4/4
f 2360/7/4 2358/7/4 2356/7/4
f 2361/7/4 2358/7/4 2360/7/4
f 2360/1/4 2356/1/4 2359/1/4
f 2362/7/4 2357/7/4 2358/7/4
f 2362/7/4 2358/7/4 2361/7/4
f 2364/7/4 2362/7/4 2361/7/4
f 2365/7/4 2362/7/4 2364/7/4
f 2366/7/4 2362/7/4 2365/7/4
f 2367/7/4 2362/7/4 2366/7/4
f 2363/1/4 2360/1/4 2359/1/4
f 2368/7/4 2362/7/4 2367/7/4
f 2369/7/4 2362/7/4 2368/7/4
f 2370/7/4 2367/7/4 2366/7/4
f 2370/7/4 2368/7/4 2367/7/4
f 2369/1/4 2357/1/4 2362/1/4
f 2371/1/4 2365/1/4 2364/1/4
f 2372/7/4 2369/7/4 2368/7/4
f 2372/7/4 2368/7/4 2370/7/4
f 2372/7/4 2370/7/4 2366/7/4
f 2373/1/4 2363/1/4 2359/1/4
f 2373/7/4 2364/7/4 2363/7/4
f 2374/7/4 2364/7/4 2373/7/4
f 2374/1/4 2371/1/4 2364/1/4
f 2372/1/4 2371/1/4 2374/1/4
f 2375/1/4 2357/1/4 2369/1/4
f 2376/1/4 2375/1/4 2369/1/4
f 2376/7/4 2372/7/4 2374/7/4
f 2376/7/4 2369/7/4 2372/7/4
f 2377/1/4 2375/1/4 2376/1/4
f 2378/3/4 2376/3/4 2374/3/4
f 2378/3/4 2377/3/4 2376/3/4
f 2379/3/4 2377/3/4 2378/3/4
f 2383/3/4 2381/3/4 2380/3/4
f 2384/3/4 2381/3/4 2383/3/4
f 2385/3/4 2381/3/4 2384/3/4
f 2386/3/4 2381/3/4 2385/3/4
f 2387/3/4 2383/3/4 2382/3/4
f 2388/7/4 2383/7/4 2387/7/4
f 2388/7/4 2384/7/4 2383/7/4
f 2389/7/4 2385/7/4 2384/7/4
f 2389/7/4 2384/7/4 2388/7/4
f 2390/7/4 2385/7/4 2389/7/4
f 2391/7/4 2385/7/4 2390/7/4
f 2391/1/4 2386/1/4 2385/1/4
f 2392/7/4 2391/7/4 2390/7/4
f 2393/1/4 2391/1/4 2392/1/4
f 2394/1/4 2386/1/4 2391/1/4
f 2394/7/4 2391/7/4 2393/7/4
f 2396/7/4 2392/7/4 2390/7/4
f 2397/7/4 2389/7/4 2388/7/4
f 2397/7/4 2388/7/4 2387/7/4
f 2395/7/4 2389/7/4 2397/7/4
f 2398/1/4 2387/1/4 2382/1/4
f 2399/1/4 2392/1/4 2396/1/4
f 2400/1/4 2386/1/4 2394/1/4
f 2401/1/4 2387/1/4 2398/1/4
f 2401/7/4 2397/7/4 2387/7/4
f 2399/7/4 2395/7/4 2397/7/4
f 2399/7/4 2397/7/4 2401/7/4
f 2399/7/4 2396/7/4 2395/7/4
f 2402/1/4 2386/1/4 2400/1/4
f 2401/4/4 2400/4/4 2399/4/4
f 2401/4/4 2402/4/4 2400/4/4
f 2405/4/4 2404/4/4 2403/4/4
f 2406/4/4 2404/4/4 2405/4/4
f 2407/7/4 2405/7/4 2403/7/4
f 2408/7/4 2405/7/4 2407/7/4
f 2409/1/4 2407/1/4 2403/1/4
f 2410/1/4 2407/1/4 2409/1/4
f 2410/7/4 2408/7/4 2407/7/4
f 2411/7/4 2408/7/4 2410/7/4
f 2412/7/4 2405/7/4 2408/7/4
f 2412/7/4 2408/7/4 2411/7/4
f 2413/7/4 2406/7/4 2405/7/4
f 2413/7/4 2405/7/4 2412/7/4
f 2414/1/4 2404/1/4 2406/1/4
f 2416/7/4 2406/7/4 2413/7/4
f 2417/7/4 2411/7/4 2410/7/4
f 2417/1/4 2410/1/4 2409/1/4
f 2417/7/4 2412/7/4 2411/7/4
f 2418/7/4 2412/7/4 2417/7/4
f 2418/1/4 2415/1/4 2412/1/4
f 2419/1/4 2414/1/4 2406/1/4
f 2420/7/4 2406/7/4 2416/7/4
f 2420/7/4 2416/7/4 2415/7/4
f 2420/7/4 2415/7/4 2418/7/4
f 2420/1/4 2419/1/4 2406/1/4
f 2421/1/4 2417/1/4 2409/1/4
f 2422/7/4 2417/7/4 2421/7/4
f 2423/7/4 2420/7/4 2418/7/4
f 2424/7/4 2420/7/4 2423/7/4
f 2425/1/4 2419/1/4 2420/1/4
f 2425/1/4 2420/1/4 2424/1/4
f 2434/2/4 2428/2/4 2427/2/4
f 2434/5/4 2427/5/4 2426/5/4
f 2435/2/4 2428/2/4 2434/2/4
f 2436/2/4 2429/2/4 2428/2/4
f 2436/5/4 2428/5/4 2435/5/4
f 2436/2/4 2430/2/4 2429/2/4
f 2437/2/4 2430/2/4 2436/2/4
f 2438/2/4 2431/2/4 2430/2/4
f 2438/5/4 2430/5/4 2437/5/4
f 2439/2/4 2431/2/4 2438/2/4
f 2440/2/4 2432/2/4 2431/2/4
f 2440/5/4 2431/5/4 2439/5/4
f 2441/2/4 2432/2/4 2440/2/4
f 2442/2/4 2433/2/4 2432/2/4
f 2442/5/4 2432/5/4 2441/5/4
f 2443/2/4 2433/2/4 2442/2/4
f 2444/2/4 2434/2/4 2426/2/4
f 2445/2/4 2436/2/4 2435/2/4
f 2446/2/4 2436/2/4 2445/2/4
f 2447/2/4 2438/2/4 2437/2/4
f 2448/2/4 2438/2/4 2447/2/4
f 2449/2/4 2440/2/4 2439/2/4
f 2450/2/4 2440/2/4 2449/2/4
f 2451/2/4 2442/2/4 2441/2/4
f 2452/2/4 2442/2/4 2451/2/4
f 2453/2/4 2433/2/4 2443/2/4
f 2454/2/4 2433/2/4 2453/2/4
f 2456/2/4 2444/2/4 2426/2/4
f 2456/2/4 2445/2/4 2444/2/4
f 2457/5/4 2446/5/4 2445/5/4
f 2457/2/4 2445/2/4 2456/2/4
f 2458/2/4 2447/2/4 2446/2/4
f 2458/5/4 2446/5/4 2457/5/4
f 2459/5/4 2448/5/4 2447/5/4
f 2459/2/4 2447/2/4 2458/2/4
f 2460/2/4 2449/2/4 2448/2/4
f 2460/5/4 2448/5/4 2459/5/4
f 2461/5/4 2450/5/4 2449/5/4
f 2461/2/4 2449/2/4 2460/2/4
f 2462/2/4 2451/2/4 2450/2/4
f 2462/5/4 2450/5/4 2461/5/4
f 2463/5/4 2452/5/4 2451/5/4
f 2463/2/4 2451/2/4 2462/2/4
f 2464/2/4 2453/2/4 2452/2/4
f 2464/5/4 2452/5/4 2463/5/4
f 2464/2/4 2455/2/4 2454/2/4
f 2464/2/4 2454/2/4 2453/2/4
f 2465/2/4 2455/2/4 2464/2/4
f 2466/2/4 2455/2/4 2465/2/4
f 2467/2/4 2455/2/4 2466/2/4
f 2468/2/4 2456/2/4 2426/2/4
f 2469/2/4 2456/2/4 2468/2/4
f 2470/2/4 2458/2/4 2457/2/4
f 2471/2/4 2458/2/4 2470/2/4
f 2472/2/4 2460/2/4 2459/2/4
f 2473/2/4 2460/2/4 2472/2/4
f 2474/2/4 2462/2/4 2461/2/4
f 2475/2/4 2462/2/4 2474/2/4
f 2476/2/4 2464/2/4 2463/2/4
f 2477/2/4 2464/2/4 2476/2/4
f 2478/2/4 2466/2/4 2465/2/4
f 2479/5/4 2469/5/4 2468/5/4
f 2479/2/4 2470/2/4 2469/2/4
f 2480/5/4 2471/5/4 2470/5/4
f 2480/2/4 2470/2/4 2479/2/4
f 2480/2/4 2472/2/4 2471/2/4
f 2481/2/4 2472/2/4 2480/2/4
f 2482/5/4 2473/5/4 2472/5/4
f 2482/2/4 2472/2/4 2481/2/4
f 2482/2/4 2474/2/4 2473/2/4
f 2483/5/4 2475/5/4 2474/5/4
f 2483/2/4 2474/2/4 2482/2/4
f 2483/2/4 2476/2/4 2475/2/4
f 2484/5/4 2477/5/4 2476/5/4
f 2484/2/4 2476/2/4 2483/2/4
f 2484/2/4 2478/2/4 2477/2/4
f 2485/2/4 2478/2/4 2484/2/4
f 2485/2/4 2466/2/4 2478/2/4
f 2494/2/4 2488/2/4 2487/2/4
f 2494/5/4 2487/5/4 2486/5/4
f 2495/2/4 2488/2/4 2494/2/4
f 2496/2/4 2489/2/4 2488/2/4
f 2496/5/4 2488/5/4 2495/5/4
f 2496/2/4 2490/2/4 2489/2/4
f 2497/2/4 2490/2/4 2496/2/4
f 2498/2/4 2491/2/4 2490/2/4
f 2498/5/4 2490/5/4 2497/5/4
f 2499/2/4 2491/2/4 2498/2/4
f 2500/2/4 2492/2/4 2491/2/4
f 2500/5/4 2491/5/4 2499/5/4
f 2501/2/4 2492/2/4 2500/2/4
f 2502/2/4 2493/2/4 2492/2/4
f 2502/5/4 2492/5/4 2501/5/4
f 2503/2/4 2493/2/4 2502/2/4
f 2504/2/4 2494/2/4 2486/2/4
f 2505/2/4 2496/2/4 2495/2/4
f 2506/2/4 2496/2/4 2505/2/4
f 2507/2/4 2498/2/4 2497/2/4
f 2508/2/4 2498/2/4 2507/2/4
f 2509/2/4 2500/2/4 2499/2/4
f 2510/2/4 2500/2/4 2509/2/4
f 2511/2/4 2502/2/4 2501/2/4
f 2512/2/4 2502/2/4 2511/2/4
f 2513/2/4 2493/2/4 2503/2/4
f 2514/2/4 2493/2/4 2513/2/4
f 2516/2/4 2504/2/4 2486/2/4
f 2516/2/4 2505/2/4 2504/2/4
f 2517/5/4 2506/5/4 2505/5/4
f 2517/2/4 2505/2/4 2516/2/4
f 2518/2/4 2507/2/4 2506/2/4
f 2518/5/4 2506/5/4 2517/5/4
f 2519/5/4 2508/5/4 2507/5/4
f 2519/2/4 2507/2/4 2518/2/4
f 2520/2/4 2509/2/4 2508/2/4
f 2520/5/4 2508/5/4 2519/5/4
f 2521/5/4 2510/5/4 2509/5/4
f 2521/2/4 2509/2/4 2520/2/4
f 2522/2/4 2511/2/4 2510/2/4
f 2522/5/4 2510/5/4 2521/5/4
f 2523/5/4 2512/5/4 2511/5/4
f 2523/2/4 2511/2/4 2522/2/4
f 2524/5/4 2512/5/4 2523/5/4
f 2524/2/4 2513/2/4 2512/2/4
f 2524/2/4 2514/2/4 2513/2/4
f 2524/2/4 2515/2/4 2514/2/4
f 2525/2/4 2515/2/4 2524/2/4
f 2526/2/4 2515/2/4 2525/2/4
f 2527/2/4 2515/2/4 2526/2/4
f 2528/2/4 2516/2/4 2486/2/4
f 2529/2/4 2516/2/4 2528/2/4
f 2530/2/4 2518/2/4 2517/2/4
f 2531/2/4 2518/2/4 2530/2/4
f 2532/2/4 2520/2/4 2519/2/4
f 2533/2/4 2520/2/4 2532/2/4
f 2534/2/4 2522/2/4 2521/2/4
f 2535/2/4 2522/2/4 2534/2/4
f 2536/2/4 2524/2/4 2523/2/4
f 2537/2/4 2524/2/4 2536/2/4
f 2538/2/4 2526/2/4 2525/2/4
f 2539/5/4 2529/5/4 2528/5/4
f 2539/2/4 2530/2/4 2529/2/4
f 2540/5/4 2531/5/4 2530/5/4
f 2540/2/4 2530/2/4 2539/2/4
f 2540/2/4 2532/2/4 2531/2/4
f 2541/2/4 2532/2/4 2540/2/4
f 2542/5/4 2533/5/4 2532/5/4
f 2542/2/4 2532/2/4 2541/2/4
f 2542/2/4 2534/2/4 2533/2/4
f 2543/5/4 2535/5/4 2534/5/4
f 2543/2/4 2534/2/4 2542/2/4
f 2543/2/4 2536/2/4 2535/2/4
f 2544/5/4 2537/5/4 2536/5/4
f 2544/2/4 2536/2/4 2543/2/4
f 2544/2/4 2538/2/4 2537/2/4
f 2545/2/4 2538/2/4 2544/2/4
f 2545/2/4 2526/2/4 2538/2/4
f 2548/2/4 2547/2/4 2546/2/4
f 2549/5/4 2548/5/4 2546/5/4
f 2552/2/4 2551/2/4 2550/2/4
f 2553/2/4 2551/2/4 2552/2/4
f 2556/2/4 2555/2/4 2554/2/4
f 2557/2/4 2555/2/4 2556/2/4
f 2561/2/4 2559/2/4 2558/2/4
f 2561/2/4 2558/2/4 2560/2/4
f 2566/4/4 2563/4/4 2562/4/4
f 2567/4/4 2563/4/4 2566/4/4
f 2568/4/4 2563/4/4 2567/4/4
f 2569/6/4 2563/6/4 2568/6/4
f 2589/4/4 2565/4/4 2564/4/4
f 2590/4/4 2565/4/4 2589/4/4
f 2591/4/4 2565/4/4 2590/4/4
f 2592/4/4 2566/4/4 2562/4/4
f 2593/4/4 2566/4/4 2592/4/4
f 2594/4/4 2568/4/4 2567/4/4
f 2595/4/4 2568/4/4 2594/4/4
f 2596/6/4 2570/6/4 2569/6/4
f 2597/6/4 2570/6/4 2596/6/4
f 2598/4/4 2572/4/4 2571/4/4
f 2599/4/4 2572/4/4 2598/4/4
f 2600/4/4 2574/4/4 2573/4/4
f 2601/4/4 2574/4/4 2600/4/4
f 2602/4/4 2576/4/4 2575/4/4
f 2603/4/4 2576/4/4 2602/4/4
f 2604/4/4 2578/4/4 2577/4/4
f 2605/4/4 2578/4/4 2604/4/4
f 2606/4/4 2580/4/4 2579/4/4
f 2607/4/4 2580/4/4 2606/4/4
f 2608/4/4 2582/4/4 2581/4/4
f 2609/4/4 2582/4/4 2608/4/4
f 2610/4/4 2584/4/4 2583/4/4
f 2611/4/4 2584/4/4 2610/4/4
f 2612/4/4 2586/4/4 2585/4/4
f 2613/4/4 2586/4/4 2612/4/4
f 2614/4/4 2588/4/4 2587/4/4
f 2615/4/4 2588/4/4 2614/4/4
f 2616/4/4 2589/4/4 2564/4/4
f 2617/4/4 2591/4/4 2590/4/4
f 2618/1/4 2616/1/4 2564/1/4
f 2618/1/4 2591/1/4 2617/1/4
f 2618/1/4 2617/1/4 2616/1/4
f 2619/1/4 2591/1/4 2618/1/4
f 2620/1/4 2618/1/4 2564/1/4
f 2620/1/4 2619/1/4 2618/1/4
f 2621/1/4 2620/1/4 2564/1/4
f 2622/1/4 2620/1/4 2621/1/4
f 2623/1/4 2622/1/4 2621/1/4
f 2623/1/4 2620/1/4 2622/1/4
f 2623/1/4 2619/1/4 2620/1/4
f 2624/1/4 2619/1/4 2623/1/4
f 2649/1/4 2623/1/4 2621/1/4
f 2649/1/4 2624/1/4 2623/1/4
f 2650/1/4 2624/1/4 2649/1/4
f 2651/1/4 2624/1/4 2650/1/4
f 2652/1/4 2624/1/4 2651/1/4
f 2653/4/4 2626/4/4 2625/4/4
f 2654/4/4 2626/4/4 2653/4/4
f 2655/4/4 2628/4/4 2627/4/4
f 2656/4/4 2628/4/4 2655/4/4
f 2657/6/4 2630/6/4 2629/6/4
f 2658/6/4 2630/6/4 2657/6/4
f 2659/4/4 2632/4/4 2631/4/4
f 2660/4/4 2632/4/4 2659/4/4
f 2661/4/4 2634/4/4 2633/4/4
f 2662/4/4 2634/4/4 2661/4/4
f 2663/4/4 2636/4/4 2635/4/4
f 2664/4/4 2636/4/4 2663/4/4
f 2665/4/4 2638/4/4 2637/4/4
f 2666/4/4 2638/4/4 2665/4/4
f 2667/4/4 2640/4/4 2639/4/4
f 2668/4/4 2640/4/4 2667/4/4
f 2669/4/4 2642/4/4 2641/4/4
f 2670/4/4 2642/4/4 2669/4/4
f 2671/4/4 2644/4/4 2643/4/4
f 2672/4/4 2644/4/4 2671/4/4
f 2673/4/4 2646/4/4 2645/4/4
f 2674/4/4 2646/4/4 2673/4/4
f 2675/4/4 2648/4/4 2647/4/4
f 2676/4/4 2648/4/4 2675/4/4
f 2677/4/4 2650/4/4 2649/4/4
f 2678/4/4 2652/4/4 2651/4/4
f 2653/4/4 2656/4/4 2655/4/4
f 2653/4/4 2655/4/4 2654/4/4
f 2679/6/4 2657/6/4 2656/6/4
f 2679/4/4 2656/4/4 2653/4/4
f 2680/4/4 2652/4/4 2678/4/4
f 2680/6/4 2677/6/4 2649/6/4
f 2680/4/4 2678/4/4 2677/4/4
f 2683/1/4 2682/1/4 2681/1/4
f 2684/1/4 2682/1/4 2683/1/4
f 2687/1/4 2686/1/4 2685/1/4
f 2688/1/4 2686/1/4 2687/1/4
f 2689/1/4 2688/1/4 2687/1/4
f 2690/1/4 2689/1/4 2687/1/4
f 2691/1/4 2689/1/4 2690/1/4
f 2692/1/4 2691/1/4 2690/1/4
f 2693/1/4 2691/1/4 2692/1/4
f 2696/1/4 2695/1/4 2694/1/4
f 2697/1/4 2695/1/4 2696/1/4
f 2700/3/4 2699/3/4 2698/3/4
f 2701/3/4 2699/3/4 2700/3/4
f 2704/3/4 2703/3/4 2702/3/4
f 2705/3/4 2703/3/4 2704/3/4
f 2708/3/4 2707/3/4 2706/3/4
f 2709/3/4 2707/3/4 2708/3/4
f 2712/3/4 2711/3/4 2710/3/4
f 2713/3/4 2711/3/4 2712/3/4
f 2716/2/4 2715/2/4 2714/2/4
f 2717/2/4 2715/2/4 2716/2/4
f 2724/3/4 2719/3/4 2718/3/4
f 2725/3/4 2719/3/4 2724/3/4
f 2726/3/4 2721/3/4 2720/3/4
f 2727/3/4 2721/3/4 2726/3/4
f 2728/2/4 2723/2/4 2722/2/4
f 2729/2/4 2723/2/4 2728/2/4
f 2735/1/4 2731/1/4 2730/1/4
f 2735/1/4 2732/1/4 2731/1/4
f 2736/1/4 2734/1/4 2733/1/4
f 2739/1/4 2732/1/4 2735/1/4
f 2740/1/4 2736/1/4 2733/1/4
f 2741/1/4 2735/1/4 2730/1/4
f 2741/1/4 2740/1/4 2739/1/4
f 2741/1/4 2739/1/4 2735/1/4
f 2742/1/4 2740/1/4 2741/1/4
f 2743/1/4 2741/1/4 2730/1/4
f 2744/1/4 2736/1/4 2740/1/4
f 2744/1/4 2740/1/4 2742/1/4
f 2743/1/4 2742/1/4 2741/1/4
f 2743/1/4 2744/1/4 2742/1/4
f 2745/1/4 2736/1/4 2744/1/4
f 2743/1/4 2745/1/4 2744/1/4
f 2746/1/4 2745/1/4 2743/1/4
f 2747/1/4 2746/1/4 2743/1/4
f 2748/1/4 2747/1/4 2743/1/4
f 2749/1/4 2746/1/4 2747/1/4
f 2749/1/4 2745/1/4 2746/1/4
f 2748/1/4 2749/1/4 2747/1/4
f 2750/1/4 2743/1/4 2730/1/4
f 2750/1/4 2748/1/4 2743/1/4
f 2751/1/4 2748/1/4 2750/1/4
f 2752/1/4 2748/1/4 2751/1/4
f 2753/1/4 2748/1/4 2752/1/4
f 2754/1/4 2748/1/4 2753/1/4
f 2755/1/4 2748/1/4 2754/1/4
f 2756/1/4 2749/1/4 2748/1/4
f 2756/1/4 2748/1/4 2755/1/4
f 2757/1/4 2749/1/4 2756/1/4
f 2758/1/4 2749/1/4 2757/1/4
f 2759/1/4 2749/1/4 2758/1/4
f 2760/1/4 2745/1/4 2749/1/4
f 2760/1/4 2749/1/4 2759/1/4
f 2761/1/4 2745/1/4 2760/1/4
f 2762/5/4 2751/5/4 2750/5/4
f 2763/2/4 2751/2/4 2762/2/4
f 2764/2/4 2753/2/4 2752/2/4
f 2765/2/4 2753/2/4 2764/2/4
f 2766/2/4 2755/2/4 2754/2/4
f 2767/2/4 2755/2/4 2766/2/4
f 2768/2/4 2757/2/4 2756/2/4
f 2769/2/4 2757/2/4 2768/2/4
f 2770/2/4 2759/2/4 2758/2/4
f 2771/2/4 2759/2/4 2770/2/4
f 2772/5/4 2761/5/4 2760/5/4
f 2773/5/4 2761/5/4 2772/5/4
f 2774/2/4 2763/2/4 2762/2/4
f 2774/2/4 2764/2/4 2763/2/4
f 2775/5/4 2765/5/4 2764/5/4
f 2775/2/4 2764/2/4 2774/2/4
f 2776/2/4 2766/2/4 2765/2/4
f 2776/5/4 2765/5/4 2775/5/4
f 2777/5/4 2767/5/4 2766/5/4
f 2777/2/4 2766/2/4 2776/2/4
f 2778/2/4 2768/2/4 2767/2/4
f 2778/5/4 2767/5/4 2777/5/4
f 2779/5/4 2769/5/4 2768/5/4
f 2779/2/4 2768/2/4 2778/2/4
f 2780/2/4 2770/2/4 2769/2/4
f 2780/5/4 2769/5/4 2779/5/4
f 2781/5/4 2771/5/4 2770/5/4
f 2781/2/4 2770/2/4 2780/2/4
f 2782/2/4 2772/2/4 2771/2/4
f 2782/5/4 2771/5/4 2781/5/4
f 2782/2/4 2773/2/4 2772/2/4
f 2783/2/4 2773/2/4 2782/2/4
f 2784/5/4 2762/5/4 2750/5/4
f 2784/2/4 2774/2/4 2762/2/4
f 2785/2/4 2774/2/4 2784/2/4
f 2786/2/4 2776/2/4 2775/2/4
f 2787/2/4 2776/2/4 2786/2/4
f 2788/2/4 2778/2/4 2777/2/4
f 2789/2/4 2778/2/4 2788/2/4
f 2790/2/4 2780/2/4 2779/2/4
f 2791/2/4 2780/2/4 2790/2/4
f 2792/2/4 2782/2/4 2781/2/4
f 2793/2/4 2782/2/4 2792/2/4
f 2795/5/4 2773/5/4 2783/5/4
f 2796/5/4 2785/5/4 2784/5/4
f 2796/2/4 2786/2/4 2785/2/4
f 2797/5/4 2787/5/4 2786/5/4
f 2797/2/4 2786/2/4 2796/2/4
f 2797/2/4 2788/2/4 2787/2/4
f 2798/5/4 2789/5/4 2788/5/4
f 2798/2/4 2788/2/4 2797/2/4
f 2798/2/4 2790/2/4 2789/2/4
f 2799/5/4 2791/5/4 2790/5/4
f 2799/2/4 2790/2/4 2798/2/4
f 2799/2/4 2792/2/4 2791/2/4
f 2800/5/4 2793/5/4 2792/5/4
f 2800/2/4 2792/2/4 2799/2/4
f 2800/2/4 2794/2/4 2793/2/4
f 2795/2/4 2794/2/4 2800/2/4
f 2795/2/4 2783/2/4 2794/2/4
f 2808/2/4 2803/2/4 2802/2/4
f 2808/5/4 2802/5/4 2801/5/4
f 2809/2/4 2803/2/4 2808/2/4
f 2810/2/4 2804/2/4 2803/2/4
f 2810/5/4 2803/5/4 2809/5/4
f 2811/2/4 2804/2/4 2810/2/4
f 2812/2/4 2805/2/4 2804/2/4
f 2812/5/4 2804/5/4 2811/5/4
f 2813/2/4 2805/2/4 2812/2/4
f 2814/2/4 2806/2/4 2805/2/4
f 2814/5/4 2805/5/4 2813/5/4
f 2815/2/4 2806/2/4 2814/2/4
f 2816/2/4 2807/2/4 2806/2/4
f 2816/5/4 2806/5/4 2815/5/4
f 2817/2/4 2807/2/4 2816/2/4
f 2818/2/4 2808/2/4 2801/2/4
f 2819/2/4 2810/2/4 2809/2/4
f 2820/2/4 2810/2/4 2819/2/4
f 2821/2/4 2812/2/4 2811/2/4
f 2822/2/4 2812/2/4 2821/2/4
f 2823/2/4 2814/2/4 2813/2/4
f 2824/2/4 2814/2/4 2823/2/4
f 2825/2/4 2816/2/4 2815/2/4
f 2826/2/4 2816/2/4 2825/2/4
f 2827/2/4 2807/2/4 2817/2/4
f 2828/5/4 2807/5/4 2827/5/4
f 2829/2/4 2818/2/4 2801/2/4
f 2829/2/4 2819/2/4 2818/2/4
f 2830/5/4 2820/5/4 2819/5/4
f 2830/2/4 2819/2/4 2829/2/4
f 2831/2/4 2821/2/4 2820/2/4
f 2831/5/4 2820/5/4 2830/5/4
f 2832/5/4 2822/5/4 2821/5/4
f 2832/2/4 2821/2/4 2831/2/4
f 2833/2/4 2823/2/4 2822/2/4
f 2833/5/4 2822/5/4 2832/5/4
f 2834/5/4 2824/5/4 2823/5/4
f 2834/2/4 2823/2/4 2833/2/4
f 2835/2/4 2825/2/4 2824/2/4
f 2835/5/4 2824/5/4 2834/5/4
f 2836/5/4 2826/5/4 2825/5/4
f 2836/2/4 2825/2/4 2835/2/4
f 2837/2/4 2827/2/4 2826/2/4
f 2837/5/4 2826/5/4 2836/5/4
f 2837/2/4 2828/2/4 2827/2/4
f 2838/2/4 2828/2/4 2837/2/4
f 2839/2/4 2829/2/4 2801/2/4
f 2840/2/4 2829/2/4 2839/2/4
f 2841/2/4 2831/2/4 2830/2/4
f 2842/2/4 2831/2/4 2841/2/4
f 2843/2/4 2833/2/4 2832/2/4
f 2844/2/4 2833/2/4 2843/2/4
f 2845/2/4 2835/2/4 2834/2/4
f 2846/2/4 2835/2/4 2845/2/4
f 2847/2/4 2837/2/4 2836/2/4
f 2848/2/4 2837/2/4 2847/2/4
f 2850/5/4 2839/5/4 2801/5/4
f 2850/5/4 2840/5/4 2839/5/4
f 2849/5/4 2828/5/4 2838/5/4
f 2851/5/4 2828/5/4 2849/5/4
f 2852/1/4 2848/1/4 2847/1/4
f 2852/1/4 2842/1/4 2841/1/4
f 2852/1/4 2851/1/4 2849/1/4
f 2852/1/4 2849/1/4 2848/1/4
f 2852/1/4 2840/1/4 2850/1/4
f 2852/1/4 2843/1/4 2842/1/4
f 2852/1/4 2846/1/4 2845/1/4
f 2852/1/4 2841/1/4 2840/1/4
f 2852/1/4 2844/1/4 2843/1/4
f 2852/1/4 2847/1/4 2846/1/4
f 2852/1/4 2845/1/4 2844/1/4
f 2853/1/4 2851/1/4 2852/1/4
f 2854/1/4 2851/1/4 2853/1/4
f 2855/1/4 2852/1/4 2850/1/4
f 2855/1/4 2853/1/4 2852/1/4
f 2854/1/4 2853/1/4 2855/1/4
f 2856/1/4 2851/1/4 2854/1/4
f 2856/1/4 2854/1/4 2855/1/4
f 2857/1/4 2855/1/4 2850/1/4
f 2857/1/4 2856/1/4 2855/1/4
f 2858/1/4 2856/1/4 2857/1/4
f 2859/1/4 2856/1/4 2858/1/4
f 2860/1/4 2859/1/4 2858/1/4
f 2860/1/4 2857/1/4 2850/1/4
f 2860/1/4 2858/1/4 2857/1/4
f 2861/1/4 2859/1/4 2860/1/4
f 2862/1/4 2859/1/4 2861/1/4
f 2863/1/4 2856/1/4 2859/1/4
f 2863/1/4 2859/1/4 2862/1/4
f 2864/1/4 2861/1/4 2860/1/4
f 2864/1/4 2862/1/4 2861/1/4
f 2864/1/4 2863/1/4 2862/1/4
f 2865/3/4 2738/3/4 2737/3/4
f 2866/3/4 2738/3/4 2865/3/4
f 2867/1/4 2864/1/4 2860/1/4
f 2868/1/4 2863/1/4 2864/1/4
f 2868/1/4 2864/1/4 2867/1/4
f 2869/1/4 2856/1/4 2863/1/4
f 2869/1/4 2863/1/4 2868/1/4
f 2869/1/4 2851/1/4 2856/1/4
f 2870/1/4 2851/1/4 2869/1/4
f 2873/3/4 2872/3/4 2871/3/4
f 2874/3/4 2872/3/4 2873/3/4
f 2885/6/4 2878/6/4 2877/6/4
f 2885/6/4 2879/6/4 2878/6/4
f 2885/6/4 2880/6/4 2879/6/4
f 2886/4/4 2884/4/4 2883/4/4
f 2886/6/4 2880/6/4 2885/6/4
f 2886/4/4 2882/4/4 2881/4/4
f 2886/4/4 2881/4/4 2880/4/4
f 2886/4/4 2883/4/4 2882/4/4
f 2887/1/4 2886/1/4 2885/1/4
f 2888/7/4 2884/7/4 2886/7/4
f 2889/7/4 2884/7/4 2888/7/4
f 2890/7/4 2884/7/4 2889/7/4
f 2891/7/4 2884/7/4 2890/7/4
f 2892/7/4 2889/7/4 2888/7/4
f 2892/1/4 2890/1/4 2889/1/4
f 2893/7/4 2891/7/4 2890/7/4
f 2893/1/4 2890/1/4 2892/1/4
f 2894/1/4 2887/1/4 2885/1/4
f 2895/7/4 2891/7/4 2893/7/4
f 2895/1/4 2884/1/4 2891/1/4
f 2896/1/4 2894/1/4 2885/1/4
f 2897/1/4 2886/1/4 2887/1/4
f 2897/1/4 2894/1/4 2896/1/4
f 2897/1/4 2887/1/4 2894/1/4
f 2897/7/4 2893/7/4 2892/7/4
f 2897/7/4 2892/7/4 2888/7/4
f 2897/7/4 2895/7/4 2893/7/4
f 2897/7/4 2888/7/4 2886/7/4
f 2898/7/4 2895/7/4 2897/7/4
f 2899/1/4 2884/1/4 2895/1/4
f 2900/1/4 2897/1/4 2896/1/4
f 2900/1/4 2898/1/4 2897/1/4
f 2898/3/4 2899/3/4 2895/3/4
f 2901/3/4 2899/3/4 2898/3/4
f 2900/2/4 2901/2/4 2898/2/4
f 2902/2/4 2901/2/4 2900/2/4
f 2903/1/4 2900/1/4 2896/1/4
f 2904/5/4 2902/5/4 2900/5/4
f 2904/1/4 2900/1/4 2903/1/4
f 2906/2/4 2905/2/4 2904/2/4
f 2907/2/4 2905/2/4 2906/2/4
f 2908/1/4 2896/1/4 2885/1/4
f 2908/1/4 2903/1/4 2896/1/4
f 2908/1/4 2904/1/4 2903/1/4
f 2908/1/4 2906/1/4 2904/1/4
f 2909/3/4 2905/3/4 2907/3/4
f 2910/3/4 2905/3/4 2909/3/4
f 2911/7/4 2909/7/4 2907/7/4
f 2912/7/4 2909/7/4 2911/7/4
f 2912/1/4 2910/1/4 2909/1/4
f 2913/7/4 2912/7/4 2911/7/4
f 2914/7/4 2907/7/4 2906/7/4
f 2914/1/4 2911/1/4 2907/1/4
f 2915/7/4 2913/7/4 2911/7/4
f 2915/1/4 2911/1/4 2914/1/4
f 2916/1/4 2912/1/4 2913/1/4
f 2916/7/4 2913/7/4 2915/7/4
f 2916/7/4 2915/7/4 2914/7/4
f 2916/1/4 2910/1/4 2912/1/4
f 2917/1/4 2906/1/4 2908/1/4
f 2918/7/4 2916/7/4 2914/7/4
f 2919/1/4 2917/1/4 2908/1/4
f 2920/7/4 2914/7/4 2906/7/4
f 2920/1/4 2917/1/4 2919/1/4
f 2920/1/4 2906/1/4 2917/1/4
f 2920/7/4 2918/7/4 2914/7/4
f 2921/1/4 2910/1/4 2916/1/4
f 2921/7/4 2918/7/4 2920/7/4
f 2921/7/4 2916/7/4 2918/7/4
f 2922/1/4 2910/1/4 2921/1/4
f 2923/6/4 2920/6/4 2919/6/4
f 2924/6/4 2920/6/4 2923/6/4
f 2925/4/4 2921/4/4 2920/4/4
f 2925/6/4 2920/6/4 2924/6/4
f 2926/4/4 2921/4/4 2925/4/4
f 2927/4/4 2921/4/4 2926/4/4
f 2928/4/4 2921/4/4 2927/4/4
f 2922/4/4 2921/4/4 2928/4/4
f 2929/1/4 2876/1/4 2875/1/4
f 2930/1/4 2876/1/4 2929/1/4
f 2937/2/4 2932/2/4 2931/2/4
f 2937/5/4 2931/5/4 2936/5/4
f 2938/2/4 2932/2/4 2937/2/4
f 2939/2/4 2933/2/4 2932/2/4
f 2939/5/4 2932/5/4 2938/5/4
f 2940/2/4 2933/2/4 2939/2/4
f 2941/2/4 2933/2/4 2940/2/4
f 2942/5/4 2934/5/4 2933/5/4
f 2942/2/4 2933/2/4 2941/2/4
f 2943/5/4 2934/5/4 2942/5/4
f 2944/5/4 2934/5/4 2943/5/4
f 2945/5/4 2934/5/4 2944/5/4
f 2946/2/4 2936/2/4 2935/2/4
f 2947/2/4 2938/2/4 2937/2/4
f 2948/2/4 2938/2/4 2947/2/4
f 2949/2/4 2940/2/4 2939/2/4
f 2950/2/4 2940/2/4 2949/2/4
f 2951/2/4 2942/2/4 2941/2/4
f 2952/2/4 2942/2/4 2951/2/4
f 2953/5/4 2944/5/4 2943/5/4
f 2954/5/4 2944/5/4 2953/5/4
f 2956/2/4 2946/2/4 2935/2/4
f 2956/5/4 2947/5/4 2946/5/4
f 2956/2/4 2948/2/4 2947/2/4
f 2956/5/4 2949/5/4 2948/5/4
f 2957/2/4 2952/2/4 2951/2/4
f 2957/5/4 2949/5/4 2956/5/4
f 2957/2/4 2950/2/4 2949/2/4
f 2957/2/4 2951/2/4 2950/2/4
f 2958/5/4 2953/5/4 2952/5/4
f 2958/2/4 2952/2/4 2957/2/4
f 2958/2/4 2954/2/4 2953/2/4
f 2958/5/4 2955/5/4 2954/5/4
f 2959/5/4 2955/5/4 2958/5/4
f 2960/2/4 2956/2/4 2935/2/4
f 2964/2/4 2960/2/4 2935/2/4
f 2965/5/4 2960/5/4 2964/5/4
f 2966/5/4 2961/5/4 2960/5/4
f 2966/2/4 2960/2/4 2965/2/4
f 2967/2/4 2962/2/4 2961/2/4
f 2967/5/4 2961/5/4 2966/5/4
f 2968/2/4 2962/2/4 2967/2/4
f 2969/2/4 2962/2/4 2968/2/4
f 2970/2/4 2962/2/4 2969/2/4
f 2971/5/4 2962/5/4 2970/5/4
f 2972/5/4 2963/5/4 2962/5/4
f 2972/2/4 2962/2/4 2971/2/4
f 2973/5/4 2963/5/4 2972/5/4
f 2974/2/4 2964/2/4 2935/2/4
f 2975/2/4 2964/2/4 2974/2/4
f 2976/2/4 2966/2/4 2965/2/4
f 2977/2/4 2966/2/4 2976/2/4
f 2978/2/4 2968/2/4 2967/2/4
f 2979/2/4 2968/2/4 2978/2/4
f 2980/2/4 2970/2/4 2969/2/4
f 2981/2/4 2970/2/4 2980/2/4
f 2982/5/4 2972/5/4 2971/5/4
f 2983/5/4 2972/5/4 2982/5/4
f 2985/5/4 2976/5/4 2975/5/4
f 2985/2/4 2977/2/4 2976/2/4
f 2986/5/4 2978/5/4 2977/5/4
f 2986/2/4 2977/2/4 2985/2/4
f 2986/2/4 2981/2/4 2980/2/4
f 2986/2/4 2979/2/4 2978/2/4
f 2986/2/4 2980/2/4 2979/2/4
f 2987/5/4 2984/5/4 2983/5/4
f 2987/2/4 2981/2/4 2986/2/4
f 2987/5/4 2983/5/4 2982/5/4
f 2987/5/4 2982/5/4 2981/5/4
f 2988/5/4 2984/5/4 2987/5/4
f 2989/2/5 2990/2/5 2995/2/5
f 2994/5/5 2989/5/5 2995/5/5
f 2995/2/5 2990/2/5 2996/2/5
f 2990/2/5 2991/2/5 2997/2/5
f 2996/5/5 2990/5/5 2997/5/5
f 2997/2/5 2991/2/5 2998/2/5
f 2998/2/5 2991/2/5 2999/2/5
f 2991/5/5 2992/5/5 3000/5/5
f 2999/2/5 2991/2/5 3000/2/5
f 3000/5/5 2992/5/5 3001/5/5
f 3001/5/5 2992/5/5 3002/5/5
f 3002/5/5 2992/5/5 3003/5/5
f 2993/2/5 2994/2/5 3004/2/5
f 2995/2/5 2996/2/5 3005/2/5
f 3005/2/5 2996/2/5 3006/2/5
f 2997/2/5 2998/2/5 3007/2/5
f 3007/2/5 2998/2/5 3008/2/5
f 2999/2/5 3000/2/5 3009/2/5
f 3009/2/5 3000/2/5 3010/2/5
f 3001/5/5 3002/5/5 3011/5/5
f 3011/5/5 3002/5/5 3012/5/5
f 2993/2/5 3004/2/5 3014/2/5
f 3004/5/5 3005/5/5 3014/5/5
f 3005/2/5 3006/2/5 3014/2/5
f 3006/5/5 3007/5/5 3015/5/5
f 3014/2/5 3006/2/5 3015/2/5
f 3009/2/5 3010/2/5 3015/2/5
f 3007/2/5 3008/2/5 3015/2/5
f 3008/2/5 3009/2/5 3015/2/5
f 3010/5/5 3011/5/5 3016/5/5
f 3015/2/5 3010/2/5 3016/2/5
f 3011/2/5 3012/2/5 3016/2/5
f 3012/5/5 3013/5/5 3016/5/5
f 3016/5/5 3013/5/5 3017/5/5
f 2993/2/5 3014/2/5 3018/2/5
f 2993/2/5 3018/2/5 3022/2/5
f 3018/2/5 3019/2/5 3023/2/5
f 3022/5/5 3018/5/5 3023/5/5
f 3023/2/5 3019/2/5 3024/2/5
f 3019/2/5 3020/2/5 3025/2/5
f 3024/5/5 3019/5/5 3025/5/5
f 3025/2/5 3020/2/5 3026/2/5
f 3026/2/5 3020/2/5 3027/2/5
f 3027/2/5 3020/2/5 3028/2/5
f 3028/5/5 3020/5/5 3029/5/5
f 3020/5/5 3021/5/5 3030/5/5
f 3029/2/5 3020/2/5 3030/2/5
f 3030/5/5 3021/5/5 3031/5/5
f 2993/2/5 3022/2/5 3032/2/5
f 3032/2/5 3022/2/5 3033/2/5
f 3023/2/5 3024/2/5 3034/2/5
f 3034/2/5 3024/2/5 3035/2/5
f 3025/2/5 3026/2/5 3036/2/5
f 3036/2/5 3026/2/5 3037/2/5
f 3027/2/5 3028/2/5 3038/2/5
f 3038/2/5 3028/2/5 3039/2/5
f 3029/5/5 3030/5/5 3040/5/5
f 3040/5/5 3030/5/5 3041/5/5
f 3033/5/5 3034/5/5 3043/5/5
f 3034/2/5 3035/2/5 3043/2/5
f 3035/5/5 3036/5/5 3044/5/5
f 3043/2/5 3035/2/5 3044/2/5
f 3038/2/5 3039/2/5 3044/2/5
f 3036/2/5 3037/2/5 3044/2/5
f 3037/2/5 3038/2/5 3044/2/5
f 3041/5/5 3042/5/5 3045/5/5
f 3044/2/5 3039/2/5 3045/2/5
f 3040/5/5 3041/5/5 3045/5/5
f 3039/5/5 3040/5/5 3045/5/5
f 3045/5/5 3042/5/5 3046/5/5
f 3047/3/5 3048/3/5 3049/3/5
f 3049/3/5 3048/3/5 3050/3/5
f 3051/3/5 3052/3/5 3053/3/5
f 3053/3/5 3052/3/5 3054/3/5
f 3055/1/5 3056/1/5 3057/1/5
f 3057/1/5 3056/1/5 3058/1/5
f 3057/1/5 3058/1/5 3059/1/5
f 3059/1/5 3058/1/5 3060/1/5
f 3061/6/5 3062/6/5 3069/6/5
f 3062/6/5 3063/6/5 3069/6/5
f 3063/6/5 3064/6/5 3069/6/5
f 3067/4/5 3068/4/5 3070/4/5
f 3069/6/5 3064/6/5 3070/6/5
f 3065/4/5 3066/4/5 3070/4/5
f 3064/4/5 3065/4/5 3070/4/5
f 3066/4/5 3067/4/5 3070/4/5
f 3070/4/5 3068/4/5 3071/4/5
f 3059/1/5 3060/1/5 3072/1/5
f 3072/1/5 3060/1/5 3073/1/5
f 3069/1/5 3070/1/5 3074/1/5
f 3070/7/5 3071/7/5 3074/7/5
f 3074/7/5 3071/7/5 3075/7/5
f 3069/1/5 3074/1/5 3076/1/5
f 3074/1/5 3075/1/5 3076/1/5
f 3071/7/5 3068/7/5 3077/7/5
f 3075/7/5 3071/7/5 3077/7/5
f 3075/7/5 3077/7/5 3078/7/5
f 3076/1/5 3075/1/5 3079/1/5
f 3075/7/5 3078/7/5 3080/7/5
f 3079/1/5 3075/1/5 3080/1/5
f 3080/7/5 3078/7/5 3081/7/5
f 3078/7/5 3077/7/5 3082/7/5
f 3082/7/5 3077/7/5 3083/7/5
f 3069/1/5 3076/1/5 3084/1/5
f 3076/1/5 3079/1/5 3084/1/5
f 3081/7/5 3078/7/5 3085/7/5
f 3078/7/5 3082/7/5 3085/7/5
f 3077/1/5 3068/1/5 3083/1/5
f 3085/7/5 3082/7/5 3083/7/5
f 3084/1/5 3079/1/5 3086/1/5
f 3079/7/5 3080/7/5 3086/7/5
f 3080/1/5 3081/1/5 3087/1/5
f 3086/7/5 3080/7/5 3087/7/5
f 3087/1/5 3081/1/5 3088/1/5
f 3085/7/5 3083/7/5 3088/7/5
f 3081/7/5 3085/7/5 3088/7/5
f 3083/1/5 3068/1/5 3089/1/5
f 3087/7/5 3088/7/5 3089/7/5
f 3088/7/5 3083/7/5 3089/7/5
f 3089/1/5 3068/1/5 3090/1/5
f 3086/1/5 3087/1/5 3091/1/5
f 3069/1/5 3084/1/5 3091/1/5
f 3084/1/5 3086/1/5 3091/1/5
f 3089/3/5 3090/3/5 3087/3/5
f 3069/1/5 3091/1/5 3092/1/5
f 3092/1/5 3091/1/5 3093/1/5
f 3087/2/5 3090/2/5 3091/2/5
f 3093/1/5 3091/1/5 3094/1/5
f 3092/1/5 3093/1/5 3094/1/5
f 3094/2/5 3095/2/5 3096/2/5
f 3094/1/5 3096/1/5 3097/1/5
f 3096/3/5 3095/3/5 3098/3/5
f 3098/3/5 3095/3/5 3099/3/5
f 3099/3/5 3095/3/5 3100/3/5
f 3092/1/5 3094/1/5 3101/1/5
f 3094/1/5 3097/1/5 3101/1/5
f 3097/7/5 3096/7/5 3102/7/5
f 3096/7/5 3098/7/5 3102/7/5
f 3098/7/5 3099/7/5 3103/7/5
f 3102/7/5 3098/7/5 3103/7/5
f 3099/1/5 3100/1/5 3103/1/5
f 3102/7/5 3103/7/5 3104/7/5
f 3104/7/5 3103/7/5 3105/7/5
f 3105/7/5 3103/7/5 3106/7/5
f 3106/1/5 3103/1/5 3107/1/5
f 3105/7/5 3106/7/5 3108/7/5
f 3106/7/5 3107/7/5 3108/7/5
f 3103/1/5 3100/1/5 3107/1/5
f 3097/7/5 3102/7/5 3109/7/5
f 3102/7/5 3104/7/5 3109/7/5
f 3104/1/5 3105/1/5 3110/1/5
f 3109/7/5 3104/7/5 3110/7/5
f 3105/7/5 3108/7/5 3111/7/5
f 3110/1/5 3105/1/5 3111/1/5
f 3101/1/5 3097/1/5 3112/1/5
f 3112/1/5 3097/1/5 3113/1/5
f 3110/7/5 3111/7/5 3109/7/5
f 3092/1/5 3101/1/5 3114/1/5
f 3101/1/5 3112/1/5 3114/1/5
f 3112/3/5 3113/3/5 3115/3/5
f 3114/1/5 3112/1/5 3115/1/5
f 3113/1/5 3097/1/5 3116/1/5
f 3115/3/5 3113/3/5 3116/3/5
f 3097/7/5 3109/7/5 3117/7/5
f 3116/1/5 3097/1/5 3117/1/5
f 3108/1/5 3107/1/5 3118/1/5
f 3117/7/5 3109/7/5 3118/7/5
f 3111/7/5 3108/7/5 3118/7/5
f 3109/7/5 3111/7/5 3118/7/5
f 3118/1/5 3107/1/5 3119/1/5
f 3107/1/5 3100/1/5 3119/1/5
f 3119/1/5 3100/1/5 3120/1/5
f 3116/6/5 3117/6/5 3114/6/5
f 3115/6/5 3116/6/5 3114/6/5
f 3114/6/5 3117/6/5 3121/6/5
f 3121/6/5 3117/6/5 3122/6/5
f 3118/4/5 3119/4/5 3123/4/5
f 3122/6/5 3117/6/5 3123/6/5
f 3117/4/5 3118/4/5 3123/4/5
f 3123/4/5 3119/4/5 3124/4/5
f 3124/4/5 3119/4/5 3125/4/5
f 3125/4/5 3119/4/5 3126/4/5
f 3126/4/5 3119/4/5 3120/4/5
f 3072/1/5 3073/1/5 3127/1/5
f 3127/1/5 3073/1/5 3128/1/5
f 3129/3/5 3130/3/5 3131/3/5
f 3131/3/5 3130/3/5 3132/3/5
f 3133/1/5 3134/1/5 3138/1/5
f 3134/1/5 3135/1/5 3138/1/5
f 3135/1/5 3136/1/5 3138/1/5
f 3138/1/5 3136/1/5 3139/1/5
f 3139/1/5 3136/1/5 3140/1/5
f 3136/1/5 3137/1/5 3140/1/5
f 3140/1/5 3137/1/5 3141/1/5
f 3141/1/5 3137/1/5 3142/1/5
f 3140/1/5 3141/1/5 3139/1/5
f 3138/1/5 3139/1/5 3145/1/5
f 3133/1/5 3138/1/5 3145/1/5
f 3139/1/5 3141/1/5 3145/1/5
f 3141/1/5 3142/1/5 3146/1/5
f 3145/1/5 3141/1/5 3146/1/5
f 3145/1/5 3146/1/5 3147/1/5
f 3145/1/5 3147/1/5 3148/1/5
f 3147/1/5 3146/1/5 3149/1/5
f 3148/1/5 3147/1/5 3149/1/5
f 3133/1/5 3145/1/5 3150/1/5
f 3148/1/5 3149/1/5 3150/1/5
f 3145/1/5 3148/1/5 3150/1/5
f 3150/1/5 3149/1/5 3151/1/5
f 3149/1/5 3146/1/5 3152/1/5
f 3151/1/5 3149/1/5 3152/1/5
f 3151/1/5 3152/1/5 3153/1/5
f 3150/1/5 3151/1/5 3153/1/5
f 3133/1/5 3150/1/5 3154/1/5
f 3150/1/5 3153/1/5 3154/1/5
f 3154/1/5 3153/1/5 3155/1/5
f 3155/1/5 3153/1/5 3156/1/5
f 3156/1/5 3153/1/5 3157/1/5
f 3157/1/5 3153/1/5 3158/1/5
f 3158/1/5 3153/1/5 3159/1/5
f 3153/1/5 3152/1/5 3160/1/5
f 3159/1/5 3153/1/5 3160/1/5
f 3160/1/5 3152/1/5 3161/1/5
f 3161/1/5 3152/1/5 3162/1/5
f 3162/1/5 3152/1/5 3163/1/5
f 3146/1/5 3142/1/5 3164/1/5
f 3163/1/5 3152/1/5 3164/1/5
f 3152/1/5 3146/1/5 3164/1/5
f 3164/1/5 3142/1/5 3165/1/5
f 3155/2/5 3156/2/5 3166/2/5
f 3156/5/5 3157/5/5 3167/5/5
f 3166/2/5 3156/2/5 3167/2/5
f 3155/2/5 3166/2/5 3168/2/5
f 3167/2/5 3157/2/5 3169/2/5
f 3169/2/5 3157/2/5 3170/2/5
f 3158/2/5 3159/2/5 3171/2/5
f 3171/2/5 3159/2/5 3172/2/5
f 3160/2/5 3161/2/5 3173/2/5
f 3173/2/5 3161/2/5 3174/2/5
f 3162/2/5 3163/2/5 3175/2/5
f 3175/2/5 3163/2/5 3176/2/5
f 3164/5/5 3165/5/5 3177/5/5
f 3177/5/5 3165/5/5 3178/5/5
f 3155/2/5 3168/2/5 3179/2/5
f 3168/2/5 3169/2/5 3179/2/5
f 3169/5/5 3170/5/5 3180/5/5
f 3179/2/5 3169/2/5 3180/2/5
f 3170/2/5 3171/2/5 3181/2/5
f 3180/5/5 3170/5/5 3181/5/5
f 3171/5/5 3172/5/5 3182/5/5
f 3181/2/5 3171/2/5 3182/2/5
f 3172/2/5 3173/2/5 3183/2/5
f 3182/5/5 3172/5/5 3183/5/5
f 3173/5/5 3174/5/5 3184/5/5
f 3183/2/5 3173/2/5 3184/2/5
f 3174/2/5 3175/2/5 3185/2/5
f 3184/5/5 3174/5/5 3185/5/5
f 3175/5/5 3176/5/5 3186/5/5
f 3185/2/5 3175/2/5 3186/2/5
f 3176/2/5 3177/2/5 3187/2/5
f 3186/5/5 3176/5/5 3187/5/5
f 3177/2/5 3178/2/5 3187/2/5
f 3187/2/5 3178/2/5 3188/2/5
f 3154/5/5 3155/5/5 3189/5/5
f 3155/2/5 3179/2/5 3189/2/5
f 3189/2/5 3179/2/5 3190/2/5
f 3180/2/5 3181/2/5 3191/2/5
f 3191/2/5 3181/2/5 3192/2/5
f 3182/2/5 3183/2/5 3193/2/5
f 3193/2/5 3183/2/5 3194/2/5
f 3184/2/5 3185/2/5 3195/2/5
f 3195/2/5 3185/2/5 3196/2/5
f 3186/2/5 3187/2/5 3197/2/5
f 3197/2/5 3187/2/5 3198/2/5
f 3189/5/5 3190/5/5 3200/5/5
f 3190/2/5 3191/2/5 3200/2/5
f 3191/5/5 3192/5/5 3201/5/5
f 3200/2/5 3191/2/5 3201/2/5
f 3192/2/5 3193/2/5 3201/2/5
f 3193/5/5 3194/5/5 3202/5/5
f 3201/2/5 3193/2/5 3202/2/5
f 3194/2/5 3195/2/5 3202/2/5
f 3195/5/5 3196/5/5 3203/5/5
f 3202/2/5 3195/2/5 3203/2/5
f 3196/2/5 3197/2/5 3203/2/5
f 3197/5/5 3198/5/5 3204/5/5
f 3203/2/5 3197/2/5 3204/2/5
f 3198/2/5 3199/2/5 3204/2/5
f 3188/5/5 3178/5/5 3205/5/5
f 3204/2/5 3199/2/5 3205/2/5
f 3199/2/5 3188/2/5 3205/2/5
f 3207/2/5 3208/2/5 3213/2/5
f 3206/5/5 3207/5/5 3213/5/5
f 3213/2/5 3208/2/5 3214/2/5
f 3208/2/5 3209/2/5 3215/2/5
f 3214/5/5 3208/5/5 3215/5/5
f 3215/2/5 3209/2/5 3216/2/5
f 3209/2/5 3210/2/5 3217/2/5
f 3216/5/5 3209/5/5 3217/5/5
f 3217/2/5 3210/2/5 3218/2/5
f 3210/2/5 3211/2/5 3219/2/5
f 3218/5/5 3210/5/5 3219/5/5
f 3219/2/5 3211/2/5 3220/2/5
f 3211/2/5 3212/2/5 3221/2/5
f 3220/5/5 3211/5/5 3221/5/5
f 3221/2/5 3212/2/5 3222/2/5
f 3206/2/5 3213/2/5 3223/2/5
f 3214/2/5 3215/2/5 3224/2/5
f 3224/2/5 3215/2/5 3225/2/5
f 3216/2/5 3217/2/5 3226/2/5
f 3226/2/5 3217/2/5 3227/2/5
f 3218/2/5 3219/2/5 3228/2/5
f 3228/2/5 3219/2/5 3229/2/5
f 3220/2/5 3221/2/5 3230/2/5
f 3230/2/5 3221/2/5 3231/2/5
f 3222/2/5 3212/2/5 3232/2/5
f 3232/5/5 3212/5/5 3233/5/5
f 3206/2/5 3223/2/5 3234/2/5
f 3223/2/5 3224/2/5 3234/2/5
f 3224/5/5 3225/5/5 3235/5/5
f 3234/2/5 3224/2/5 3235/2/5
f 3225/2/5 3226/2/5 3236/2/5
f 3235/5/5 3225/5/5 3236/5/5
f 3226/5/5 3227/5/5 3237/5/5
f 3236/2/5 3226/2/5 3237/2/5
f 3227/2/5 3228/2/5 3238/2/5
f 3237/5/5 3227/5/5 3238/5/5
f 3228/5/5 3229/5/5 3239/5/5
f 3238/2/5 3228/2/5 3239/2/5
f 3229/2/5 3230/2/5 3240/2/5
f 3239/5/5 3229/5/5 3240/5/5
f 3230/5/5 3231/5/5 3241/5/5
f 3240/2/5 3230/2/5 3241/2/5
f 3231/2/5 3232/2/5 3242/2/5
f 3241/5/5 3231/5/5 3242/5/5
f 3232/2/5 3233/2/5 3242/2/5
f 3242/2/5 3233/2/5 3243/2/5
f 3206/2/5 3234/2/5 3244/2/5
f 3244/2/5 3234/2/5 3245/2/5
f 3235/2/5 3236/2/5 3246/2/5
f 3246/2/5 3236/2/5 3247/2/5
f 3237/2/5 3238/2/5 3248/2/5
f 3248/2/5 3238/2/5 3249/2/5
f 3239/2/5 3240/2/5 3250/2/5
f 3250/2/5 3240/2/5 3251/2/5
f 3241/2/5 3242/2/5 3252/2/5
f 3252/2/5 3242/2/5 3253/2/5
f 3206/5/5 3244/5/5 3255/5/5
f 3244/5/5 3245/5/5 3255/5/5
f 3245/2/5 3246/2/5 3256/2/5
f 3243/5/5 3233/5/5 3254/5/5
f 3254/5/5 3233/5/5 3257/5/5
f 3255/1/5 3245/1/5 3256/1/5
f 3246/1/5 3247/1/5 3256/1/5
f 3250/1/5 3251/1/5 3256/1/5
f 3248/1/5 3249/1/5 3256/1/5
f 3251/1/5 3252/1/5 3256/1/5
f 3249/1/5 3250/1/5 3256/1/5
f 3252/1/5 3253/1/5 3256/1/5
f 3247/1/5 3248/1/5 3256/1/5
f 3254/1/5 3257/1/5 3253/1/5
f 3253/1/5 3257/1/5 3258/1/5
f 3253/1/5 3258/1/5 3256/1/5
f 3256/1/5 3258/1/5 3259/1/5
f 3255/1/5 3256/1/5 3260/1/5
f 3260/1/5 3256/1/5 3259/1/5
f 3259/1/5 3258/1/5 3261/1/5
f 3259/1/5 3261/1/5 3260/1/5
f 3260/1/5 3261/1/5 3262/1/5
f 3260/1/5 3262/1/5 3263/1/5
f 3262/1/5 3261/1/5 3264/1/5
f 3262/1/5 3264/1/5 3263/1/5
f 3263/1/5 3264/1/5 3265/1/5
f 3263/1/5 3265/1/5 3266/1/5
f 3263/1/5 3266/1/5 3267/1/5
f 3263/1/5 3267/1/5 3268/1/5
f 3268/1/5 3267/1/5 3269/1/5
f 3258/1/5 3257/1/5 3270/1/5
f 3269/1/5 3267/1/5 3270/1/5
f 3261/1/5 3258/1/5 3270/1/5
f 3267/1/5 3266/1/5 3270/1/5
f 3264/1/5 3261/1/5 3270/1/5
f 3266/1/5 3265/1/5 3270/1/5
f 3265/1/5 3264/1/5 3270/1/5
f 3269/1/5 3270/1/5 3271/1/5
f 3268/1/5 3269/1/5 3271/1/5
f 3271/1/5 3270/1/5 3272/1/5
f 3143/3/5 3144/3/5 3273/3/5
f 3273/3/5 3144/3/5 3274/3/5
f 3268/1/5 3271/1/5 3275/1/5
f 3260/1/5 3263/1/5 3275/1/5
f 3255/1/5 3260/1/5 3275/1/5
f 3263/1/5 3268/1/5 3275/1/5
f 3275/1/5 3271/1/5 3276/1/5
f 3276/1/5 3271/1/5 3277/1/5
f 3272/1/5 3270/1/5 3278/1/5
f 3278/1/5 3270/1/5 3279/1/5
f 3279/1/5 3270/1/5 3280/1/5
f 3281/2/5 3282/2/5 3283/2/5
f 3283/2/5 3282/2/5 3284/2/5
f 3285/2/5 3286/2/5 3287/2/5
f 3287/2/5 3286/2/5 3288/2/5
f 3289/3/5 3290/3/5 3291/3/5
f 3291/3/5 3290/3/5 3292/3/5
f 3293/3/5 3294/3/5 3295/3/5
f 3295/3/5 3294/3/5 3296/3/5
f 3297/1/5 3298/1/5 3299/1/5
f 3299/1/5 3298/1/5 3300/1/5
f 3301/1/5 3302/1/5 3303/1/5
f 3301/1/5 3303/1/5 3304/1/5
f 3301/1/5 3304/1/5 3305/1/5
f 3301/1/5 3305/1/5 3306/1/5
f 3301/1/5 3306/1/5 3307/1/5
f 3307/1/5 3306/1/5 3308/1/5
f 3309/1/5 3310/1/5 3311/1/5
f 3311/1/5 3310/1/5 3312/1/5
f 3313/4/5 3314/4/5 3317/4/5
f 3317/4/5 3314/4/5 3318/4/5
f 3318/4/5 3314/4/5 3319/4/5
f 3319/6/5 3314/6/5 3320/6/5
f 3315/4/5 3316/4/5 3340/4/5
f 3340/4/5 3316/4/5 3341/4/5
f 3313/4/5 3317/4/5 3342/4/5
f 3342/4/5 3317/4/5 3343/4/5
f 3318/4/5 3319/4/5 3344/4/5
f 3344/4/5 3319/4/5 3345/4/5
f 3320/6/5 3321/6/5 3346/6/5
f 3346/6/5 3321/6/5 3347/6/5
f 3322/4/5 3323/4/5 3348/4/5
f 3348/4/5 3323/4/5 3349/4/5
f 3324/4/5 3325/4/5 3350/4/5
f 3350/4/5 3325/4/5 3351/4/5
f 3326/4/5 3327/4/5 3352/4/5
f 3352/4/5 3327/4/5 3353/4/5
f 3328/4/5 3329/4/5 3354/4/5
f 3354/4/5 3329/4/5 3355/4/5
f 3330/4/5 3331/4/5 3356/4/5
f 3356/4/5 3331/4/5 3357/4/5
f 3332/4/5 3333/4/5 3358/4/5
f 3358/4/5 3333/4/5 3359/4/5
f 3334/4/5 3335/4/5 3360/4/5
f 3360/4/5 3335/4/5 3361/4/5
f 3336/4/5 3337/4/5 3362/4/5
f 3362/4/5 3337/4/5 3363/4/5
f 3338/4/5 3339/4/5 3364/4/5
f 3364/4/5 3339/4/5 3365/4/5
f 3315/4/5 3340/4/5 3366/4/5
f 3341/4/5 3316/4/5 3367/4/5
f 3315/1/5 3366/1/5 3368/1/5
f 3367/1/5 3316/1/5 3368/1/5
f 3366/1/5 3367/1/5 3368/1/5
f 3315/1/5 3368/1/5 3369/1/5
f 3369/1/5 3368/1/5 3370/1/5
f 3369/1/5 3370/1/5 3371/1/5
f 3370/1/5 3368/1/5 3372/1/5
f 3371/1/5 3370/1/5 3372/1/5
f 3368/1/5 3316/1/5 3373/1/5
f 3372/1/5 3368/1/5 3373/1/5
f 3371/1/5 3372/1/5 3373/1/5
f 3371/1/5 3373/1/5 3374/1/5
f 3374/1/5 3373/1/5 3375/1/5
f 3371/1/5 3374/1/5 3376/1/5
f 3374/1/5 3375/1/5 3376/1/5
f 3376/1/5 3375/1/5 3377/1/5
f 3376/1/5 3377/1/5 3378/1/5
f 3377/1/5 3375/1/5 3378/1/5
f 3376/1/5 3378/1/5 3379/1/5
f 3378/1/5 3375/1/5 3379/1/5
f 3379/1/5 3375/1/5 3380/1/5
f 3380/1/5 3375/1/5 3381/1/5
f 3376/1/5 3379/1/5 3382/1/5
f 3379/1/5 3380/1/5 3382/1/5
f 3380/1/5 3381/1/5 3382/1/5
f 3376/1/5 3382/1/5 3383/1/5
f 3383/1/5 3382/1/5 3384/1/5
f 3382/1/5 3381/1/5 3385/1/5
f 3384/1/5 3382/1/5 3385/1/5
f 3383/1/5 3384/1/5 3385/1/5
f 3383/1/5 3385/1/5 3386/1/5
f 3386/1/5 3385/1/5 3387/1/5
f 3383/1/5 3386/1/5 3412/1/5
f 3386/1/5 3387/1/5 3412/1/5
f 3412/1/5 3387/1/5 3413/1/5
f 3413/1/5 3387/1/5 3414/1/5
f 3414/1/5 3387/1/5 3415/1/5
f 3388/4/5 3389/4/5 3416/4/5
f 3416/4/5 3389/4/5 3417/4/5
f 3390/4/5 3391/4/5 3418/4/5
f 3418/4/5 3391/4/5 3419/4/5
f 3392/6/5 3393/6/5 3420/6/5
f 3420/6/5 3393/6/5 3421/6/5
f 3394/4/5 3395/4/5 3422/4/5
f 3422/4/5 3395/4/5 3423/4/5
f 3396/4/5 3397/4/5 3424/4/5
f 3424/4/5 3397/4/5 3425/4/5
f 3398/4/5 3399/4/5 3426/4/5
f 3426/4/5 3399/4/5 3427/4/5
f 3400/4/5 3401/4/5 3428/4/5
f 3428/4/5 3401/4/5 3429/4/5
f 3402/4/5 3403/4/5 3430/4/5
f 3430/4/5 3403/4/5 3431/4/5
f 3404/4/5 3405/4/5 3432/4/5
f 3432/4/5 3405/4/5 3433/4/5
f 3406/4/5 3407/4/5 3434/4/5
f 3434/4/5 3407/4/5 3435/4/5
f 3408/4/5 3409/4/5 3436/4/5
f 3436/4/5 3409/4/5 3437/4/5
f 3410/4/5 3411/4/5 3438/4/5
f 3438/4/5 3411/4/5 3439/4/5
f 3412/4/5 3413/4/5 3440/4/5
f 3414/4/5 3415/4/5 3441/4/5
f 3418/4/5 3419/4/5 3416/4/5
f 3417/4/5 3418/4/5 3416/4/5
f 3419/6/5 3420/6/5 3442/6/5
f 3416/4/5 3419/4/5 3442/4/5
f 3441/4/5 3415/4/5 3412/4/5
f 3440/4/5 3441/4/5 3412/4/5
f 3443/2/5 3444/2/5 3445/2/5
f 3445/2/5 3444/2/5 3446/2/5
f 3447/2/5 3448/2/5 3449/2/5
f 3449/2/5 3448/2/5 3450/2/5
f 3451/3/5 3452/3/5 3453/3/5
f 3453/3/5 3452/3/5 3454/3/5
f 3455/3/5 3456/3/5 3457/3/5
f 3457/3/5 3456/3/5 3458/3/5
f 3459/2/5 3460/2/5 3461/2/5
f 3459/5/5 3461/5/5 3462/5/5
f 3463/2/5 3464/2/5 3465/2/5
f 3465/2/5 3464/2/5 3466/2/5
f 3468/2/5 3469/2/5 3475/2/5
f 3467/5/5 3468/5/5 3475/5/5
f 3475/2/5 3469/2/5 3476/2/5
f 3469/2/5 3470/2/5 3477/2/5
f 3476/5/5 3469/5/5 3477/5/5
f 3470/2/5 3471/2/5 3477/2/5
f 3477/2/5 3471/2/5 3478/2/5
f 3471/2/5 3472/2/5 3479/2/5
f 3478/5/5 3471/5/5 3479/5/5
f 3479/2/5 3472/2/5 3480/2/5
f 3472/2/5 3473/2/5 3481/2/5
f 3480/5/5 3472/5/5 3481/5/5
f 3481/2/5 3473/2/5 3482/2/5
f 3473/2/5 3474/2/5 3483/2/5
f 3482/5/5 3473/5/5 3483/5/5
f 3483/2/5 3474/2/5 3484/2/5
f 3467/2/5 3475/2/5 3485/2/5
f 3476/2/5 3477/2/5 3486/2/5
f 3486/2/5 3477/2/5 3487/2/5
f 3478/2/5 3479/2/5 3488/2/5
f 3488/2/5 3479/2/5 3489/2/5
f 3480/2/5 3481/2/5 3490/2/5
f 3490/2/5 3481/2/5 3491/2/5
f 3482/2/5 3483/2/5 3492/2/5
f 3492/2/5 3483/2/5 3493/2/5
f 3484/2/5 3474/2/5 3494/2/5
f 3494/2/5 3474/2/5 3495/2/5
f 3467/2/5 3485/2/5 3497/2/5
f 3485/2/5 3486/2/5 3497/2/5
f 3486/5/5 3487/5/5 3498/5/5
f 3497/2/5 3486/2/5 3498/2/5
f 3487/2/5 3488/2/5 3499/2/5
f 3498/5/5 3487/5/5 3499/5/5
f 3488/5/5 3489/5/5 3500/5/5
f 3499/2/5 3488/2/5 3500/2/5
f 3489/2/5 3490/2/5 3501/2/5
f 3500/5/5 3489/5/5 3501/5/5
f 3490/5/5 3491/5/5 3502/5/5
f 3501/2/5 3490/2/5 3502/2/5
f 3491/2/5 3492/2/5 3503/2/5
f 3502/5/5 3491/5/5 3503/5/5
f 3492/5/5 3493/5/5 3504/5/5
f 3503/2/5 3492/2/5 3504/2/5
f 3493/2/5 3494/2/5 3505/2/5
f 3504/5/5 3493/5/5 3505/5/5
f 3495/2/5 3496/2/5 3505/2/5
f 3494/2/5 3495/2/5 3505/2/5
f 3505/2/5 3496/2/5 3506/2/5
f 3506/2/5 3496/2/5 3507/2/5
f 3507/2/5 3496/2/5 3508/2/5
f 3467/2/5 3497/2/5 3509/2/5
f 3509/2/5 3497/2/5 3510/2/5
f 3498/2/5 3499/2/5 3511/2/5
f 3511/2/5 3499/2/5 3512/2/5
f 3500/2/5 3501/2/5 3513/2/5
f 3513/2/5 3501/2/5 3514/2/5
f 3502/2/5 3503/2/5 3515/2/5
f 3515/2/5 3503/2/5 3516/2/5
f 3504/2/5 3505/2/5 3517/2/5
f 3517/2/5 3505/2/5 3518/2/5
f 3506/2/5 3507/2/5 3519/2/5
f 3509/5/5 3510/5/5 3520/5/5
f 3510/2/5 3511/2/5 3520/2/5
f 3511/5/5 3512/5/5 3521/5/5
f 3520/2/5 3511/2/5 3521/2/5
f 3512/2/5 3513/2/5 3521/2/5
f 3521/2/5 3513/2/5 3522/2/5
f 3513/5/5 3514/5/5 3523/5/5
f 3522/2/5 3513/2/5 3523/2/5
f 3514/2/5 3515/2/5 3523/2/5
f 3515/5/5 3516/5/5 3524/5/5
f 3523/2/5 3515/2/5 3524/2/5
f 3516/2/5 3517/2/5 3524/2/5
f 3517/5/5 3518/5/5 3525/5/5
f 3524/2/5 3517/2/5 3525/2/5
f 3518/2/5 3519/2/5 3525/2/5
f 3525/2/5 3519/2/5 3526/2/5
f 3519/2/5 3507/2/5 3526/2/5
f 3528/2/5 3529/2/5 3535/2/5
f 3527/5/5 3528/5/5 3535/5/5
f 3535/2/5 3529/2/5 3536/2/5
f 3529/2/5 3530/2/5 3537/2/5
f 3536/5/5 3529/5/5 3537/5/5
f 3530/2/5 3531/2/5 3537/2/5
f 3537/2/5 3531/2/5 3538/2/5
f 3531/2/5 3532/2/5 3539/2/5
f 3538/5/5 3531/5/5 3539/5/5
f 3539/2/5 3532/2/5 3540/2/5
f 3532/2/5 3533/2/5 3541/2/5
f 3540/5/5 3532/5/5 3541/5/5
f 3541/2/5 3533/2/5 3542/2/5
f 3533/2/5 3534/2/5 3543/2/5
f 3542/5/5 3533/5/5 3543/5/5
f 3543/2/5 3534/2/5 3544/2/5
f 3527/2/5 3535/2/5 3545/2/5
f 3536/2/5 3537/2/5 3546/2/5
f 3546/2/5 3537/2/5 3547/2/5
f 3538/2/5 3539/2/5 3548/2/5
f 3548/2/5 3539/2/5 3549/2/5
f 3540/2/5 3541/2/5 3550/2/5
f 3550/2/5 3541/2/5 3551/2/5
f 3542/2/5 3543/2/5 3552/2/5
f 3552/2/5 3543/2/5 3553/2/5
f 3544/2/5 3534/2/5 3554/2/5
f 3554/2/5 3534/2/5 3555/2/5
f 3527/2/5 3545/2/5 3557/2/5
f 3545/2/5 3546/2/5 3557/2/5
f 3546/5/5 3547/5/5 3558/5/5
f 3557/2/5 3546/2/5 3558/2/5
f 3547/2/5 3548/2/5 3559/2/5
f 3558/5/5 3547/5/5 3559/5/5
f 3548/5/5 3549/5/5 3560/5/5
f 3559/2/5 3548/2/5 3560/2/5
f 3549/2/5 3550/2/5 3561/2/5
f 3560/5/5 3549/5/5 3561/5/5
f 3550/5/5 3551/5/5 3562/5/5
f 3561/2/5 3550/2/5 3562/2/5
f 3551/2/5 3552/2/5 3563/2/5
f 3562/5/5 3551/5/5 3563/5/5
f 3552/5/5 3553/5/5 3564/5/5
f 3563/2/5 3552/2/5 3564/2/5
f 3564/5/5 3553/5/5 3565/5/5
f 3553/2/5 3554/2/5 3565/2/5
f 3554/2/5 3555/2/5 3565/2/5
f 3555/2/5 3556/2/5 3565/2/5
f 3565/2/5 3556/2/5 3566/2/5
f 3566/2/5 3556/2/5 3567/2/5
f 3567/2/5 3556/2/5 3568/2/5
f 3527/2/5 3557/2/5 3569/2/5
f 3569/2/5 3557/2/5 3570/2/5
f 3558/2/5 3559/2/5 3571/2/5
f 3571/2/5 3559/2/5 3572/2/5
f 3560/2/5 3561/2/5 3573/2/5
f 3573/2/5 3561/2/5 3574/2/5
f 3562/2/5 3563/2/5 3575/2/5
f 3575/2/5 3563/2/5 3576/2/5
f 3564/2/5 3565/2/5 3577/2/5
f 3577/2/5 3565/2/5 3578/2/5
f 3566/2/5 3567/2/5 3579/2/5
f 3569/5/5 3570/5/5 3580/5/5
f 3570/2/5 3571/2/5 3580/2/5
f 3571/5/5 3572/5/5 3581/5/5
f 3580/2/5 3571/2/5 3581/2/5
f 3572/2/5 3573/2/5 3581/2/5
f 3581/2/5 3573/2/5 3582/2/5
f 3573/5/5 3574/5/5 3583/5/5
f 3582/2/5 3573/2/5 3583/2/5
f 3574/2/5 3575/2/5 3583/2/5
f 3575/5/5 3576/5/5 3584/5/5
f 3583/2/5 3575/2/5 3584/2/5
f 3576/2/5 3577/2/5 3584/2/5
f 3577/5/5 3578/5/5 3585/5/5
f 3584/2/5 3577/2/5 3585/2/5
f 3578/2/5 3579/2/5 3585/2/5
f 3585/2/5 3579/2/5 3586/2/5
f 3579/2/5 3567/2/5 3586/2/5
f 3587/3/5 3588/3/5 3589/3/5
f 3589/3/5 3588/3/5 3590/3/5
f 3591/7/5 3592/7/5 3598/7/5
f 3592/7/5 3593/7/5 3598/7/5
f 3594/7/5 3595/7/5 3599/7/5
f 3595/7/5 3596/7/5 3599/7/5
f 3599/7/5 3596/7/5 3597/7/5
f 3598/7/5 3593/7/5 3600/7/5
f 3594/7/5 3599/7/5 3601/7/5
f 3601/7/5 3599/7/5 3602/7/5
f 3599/7/5 3597/7/5 3602/7/5
f 3601/7/5 3602/7/5 3603/7/5
f 3600/7/5 3601/7/5 3603/7/5
f 3602/7/5 3597/7/5 3604/7/5
f 3603/7/5 3602/7/5 3605/7/5
f 3605/1/5 3602/1/5 3606/1/5
f 3604/7/5 3597/7/5 3607/7/5
f 3605/7/5 3606/7/5 3608/7/5
f 3603/7/5 3605/7/5 3608/7/5
f 3608/7/5 3606/7/5 3609/7/5
f 3609/7/5 3606/7/5 3610/7/5
f 3604/7/5 3607/7/5 3611/7/5
f 3609/7/5 3610/7/5 3612/7/5
f 3608/1/5 3609/1/5 3612/1/5
f 3611/7/5 3607/7/5 3612/7/5
f 3610/7/5 3611/7/5 3612/7/5
f 3603/7/5 3608/7/5 3613/7/5
f 3608/7/5 3612/7/5 3613/7/5
f 3612/7/5 3607/7/5 3614/7/5
f 3613/7/5 3612/7/5 3614/7/5
f 3607/1/5 3597/1/5 3614/1/5
f 3613/7/5 3614/7/5 3615/7/5
f 3603/7/5 3613/7/5 3616/7/5
f 3613/7/5 3615/7/5 3616/7/5
f 3615/7/5 3614/7/5 3617/7/5
f 3616/7/5 3615/7/5 3617/7/5
f 3591/7/5 3598/7/5 3618/7/5
f 3600/7/5 3603/7/5 3618/7/5
f 3603/7/5 3616/7/5 3618/7/5
f 3616/7/5 3617/7/5 3618/7/5
f 3598/7/5 3600/7/5 3618/7/5
f 3617/7/5 3614/7/5 3619/7/5
f 3618/7/5 3617/7/5 3619/7/5
f 3614/1/5 3597/1/5 3619/1/5
f 3620/7/5 3621/7/5 3622/7/5
f 3622/7/5 3621/7/5 3623/7/5
f 3623/7/5 3621/7/5 3624/7/5
f 3624/7/5 3621/7/5 3625/7/5
f 3622/7/5 3623/7/5 3626/7/5
f 3624/7/5 3625/7/5 3627/7/5
f 3627/7/5 3625/7/5 3628/7/5
f 3625/1/5 3621/1/5 3628/1/5
f 3627/7/5 3628/7/5 3629/7/5
f 3620/7/5 3622/7/5 3629/7/5
f 3626/7/5 3627/7/5 3629/7/5
f 3622/7/5 3626/7/5 3629/7/5
f 3629/7/5 3628/7/5 3630/7/5
f 3628/1/5 3621/1/5 3631/1/5
f 3630/3/5 3628/3/5 3632/3/5
f 3628/3/5 3631/3/5 3632/3/5
f 3632/3/5 3631/3/5 3633/3/5
f 3634/3/5 3635/3/5 3637/3/5
f 3637/3/5 3635/3/5 3638/3/5
f 3638/3/5 3635/3/5 3639/3/5
f 3636/3/5 3637/3/5 3640/3/5
f 3637/7/5 3638/7/5 3641/7/5
f 3641/7/5 3638/7/5 3642/7/5
f 3638/1/5 3639/1/5 3642/1/5
f 3641/7/5 3642/7/5 3643/7/5
f 3643/7/5 3642/7/5 3644/7/5
f 3636/1/5 3640/1/5 3645/1/5
f 3642/1/5 3639/1/5 3646/1/5
f 3644/7/5 3642/7/5 3646/7/5
f 3640/7/5 3637/7/5 3647/7/5
f 3637/1/5 3641/1/5 3647/1/5
f 3643/7/5 3644/7/5 3648/7/5
f 3644/1/5 3646/1/5 3649/1/5
f 3648/7/5 3644/7/5 3649/7/5
f 3646/1/5 3639/1/5 3649/1/5
f 3648/7/5 3649/7/5 3650/7/5
f 3647/7/5 3648/7/5 3650/7/5
f 3645/1/5 3640/1/5 3651/1/5
f 3640/7/5 3647/7/5 3651/7/5
f 3647/7/5 3650/7/5 3651/7/5
f 3650/7/5 3649/7/5 3652/7/5
f 3651/7/5 3650/7/5 3652/7/5
f 3649/1/5 3639/1/5 3652/1/5
f 3653/4/5 3654/4/5 3655/4/5
f 3655/7/5 3654/7/5 3656/7/5
f 3655/7/5 3656/7/5 3657/7/5
f 3653/7/5 3655/7/5 3657/7/5
f 3657/7/5 3656/7/5 3658/7/5
f 3658/7/5 3656/7/5 3659/7/5
f 3653/7/5 3657/7/5 3660/7/5
f 3657/7/5 3658/7/5 3660/7/5
f 3659/7/5 3656/7/5 3661/7/5
f 3660/7/5 3658/7/5 3662/7/5
f 3659/1/5 3661/1/5 3663/1/5
f 3661/7/5 3656/7/5 3664/7/5
f 3656/1/5 3654/1/5 3664/1/5
f 3662/1/5 3658/1/5 3665/1/5
f 3653/1/5 3660/1/5 3666/1/5
f 3662/7/5 3665/7/5 3666/7/5
f 3660/7/5 3662/7/5 3666/7/5
f 3659/1/5 3663/1/5 3667/1/5
f 3661/7/5 3664/7/5 3668/7/5
f 3665/7/5 3667/7/5 3666/7/5
f 3666/7/5 3667/7/5 3669/7/5
f 3667/1/5 3663/1/5 3669/1/5
f 3661/7/5 3668/7/5 3670/7/5
f 3670/7/5 3668/7/5 3671/7/5
f 3669/7/5 3670/7/5 3671/7/5
f 3669/7/5 3671/7/5 3672/7/5
f 3668/7/5 3664/7/5 3673/7/5
f 3671/7/5 3668/7/5 3673/7/5
f 3664/1/5 3654/1/5 3673/1/5
f 3653/1/5 3666/1/5 3674/1/5
f 3666/7/5 3669/7/5 3674/7/5
f 3669/7/5 3672/7/5 3674/7/5
f 3674/7/5 3672/7/5 3675/7/5
f 3672/7/5 3671/7/5 3675/7/5
f 3675/7/5 3671/7/5 3676/7/5
f 3671/7/5 3673/7/5 3676/7/5
f 3676/7/5 3673/7/5 3677/7/5
f 3673/1/5 3654/1/5 3678/1/5
f 3677/1/5 3673/1/5 3678/1/5
f 3685/1/5 3686/1/5 3687/1/5
f 3679/1/5 3680/1/5 3688/1/5
f 3688/1/5 3680/1/5 3689/1/5
f 3689/3/5 3680/3/5 3690/3/5
f 3681/1/5 3682/1/5 3691/1/5
f 3687/1/5 3686/1/5 3692/1/5
f 3690/1/5 3691/1/5 3689/1/5
f 3692/1/5 3686/1/5 3693/1/5
f 3693/1/5 3686/1/5 3694/1/5
f 3679/3/5 3688/3/5 3695/3/5
f 3683/3/5 3684/3/5 3696/3/5
f 3696/3/5 3684/3/5 3697/3/5
f 3692/1/5 3693/1/5 3698/1/5
f 3689/1/5 3691/1/5 3699/1/5
f 3693/1/5 3694/1/5 3703/1/5
f 3694/1/5 3686/1/5 3703/1/5
f 3692/1/5 3698/1/5 3702/1/5
f 3693/1/5 3703/1/5 3704/1/5
f 3695/1/5 3699/1/5 3705/1/5
f 3679/3/5 3695/3/5 3705/3/5
f 3699/1/5 3691/1/5 3706/1/5
f 3705/1/5 3699/1/5 3706/1/5
f 3700/3/5 3701/3/5 3707/3/5
f 3707/3/5 3701/3/5 3708/3/5
f 3702/1/5 3704/1/5 3709/1/5
f 3704/1/5 3703/1/5 3709/1/5
f 3703/1/5 3686/1/5 3709/1/5
f 3705/1/5 3706/1/5 3710/1/5
f 3705/1/5 3710/1/5 3711/1/5
f 3679/3/5 3705/3/5 3711/3/5
f 3702/1/5 3709/1/5 3712/1/5
f 3679/3/5 3711/3/5 3713/3/5
f 3711/1/5 3710/1/5 3713/1/5
f 3710/1/5 3706/1/5 3713/1/5
f 3712/1/5 3709/1/5 3714/1/5
f 3692/1/5 3702/1/5 3715/1/5
f 3702/1/5 3712/1/5 3715/1/5
f 3715/1/5 3712/1/5 3714/1/5
f 3709/1/5 3686/1/5 3716/1/5
f 3714/1/5 3709/1/5 3716/1/5
f 3716/1/5 3686/1/5 3717/1/5
f 3679/3/5 3713/3/5 3719/3/5
f 3691/1/5 3682/1/5 3720/1/5
f 3719/1/5 3713/1/5 3720/1/5
f 3713/1/5 3706/1/5 3720/1/5
f 3706/1/5 3691/1/5 3720/1/5
f 3685/1/5 3687/1/5 3721/1/5
f 3687/1/5 3692/1/5 3721/1/5
f 3692/1/5 3715/1/5 3721/1/5
f 3721/1/5 3715/1/5 3722/1/5
f 3722/1/5 3715/1/5 3718/1/5
f 3716/1/5 3717/1/5 3723/1/5
f 3714/1/5 3716/1/5 3723/1/5
f 3718/1/5 3723/1/5 3724/1/5
f 3721/4/5 3722/4/5 3724/4/5
f 3722/1/5 3718/1/5 3724/1/5
f 3724/1/5 3723/1/5 3725/1/5
f 3725/1/5 3723/1/5 3726/1/5
f 3725/1/5 3726/1/5 3728/1/5
f 3726/1/5 3723/1/5 3731/1/5
f 3727/1/5 3728/1/5 3731/1/5
f 3728/1/5 3726/1/5 3731/1/5
f 3723/1/5 3717/1/5 3731/1/5
f 3729/4/5 3730/4/5 3732/4/5
f 3727/1/5 3731/1/5 3734/1/5
f 3733/4/5 3727/4/5 3734/4/5
f 3731/1/5 3717/1/5 3735/1/5
f 3732/1/5 3730/1/5 3736/1/5
f 3735/1/5 3717/1/5 3738/1/5
f 3734/1/5 3731/1/5 3737/1/5
f 3733/1/5 3734/1/5 3737/1/5
f 3737/3/5 3738/3/5 3741/3/5
f 3739/3/5 3740/3/5 3742/3/5
f 3742/3/5 3740/3/5 3743/3/5
f 3733/1/5 3737/1/5 3744/1/5
f 3737/1/5 3741/1/5 3744/1/5
f 3729/3/5 3732/3/5 3745/3/5
f 3736/1/5 3730/1/5 3746/1/5
f 3741/1/5 3738/1/5 3747/1/5
f 3744/1/5 3741/1/5 3747/1/5
f 3746/1/5 3730/1/5 3748/1/5
f 3745/1/5 3746/1/5 3748/1/5
f 3748/1/5 3730/1/5 3749/1/5
f 3733/1/5 3744/1/5 3750/1/5
f 3744/1/5 3747/1/5 3750/1/5
f 3750/1/5 3747/1/5 3751/1/5
f 3751/1/5 3747/1/5 3752/1/5
f 3747/1/5 3738/1/5 3753/1/5
f 3745/1/5 3748/1/5 3754/1/5
f 3752/1/5 3747/1/5 3753/1/5
f 3745/1/5 3754/1/5 3755/1/5
f 3754/3/5 3748/3/5 3756/3/5
f 3729/3/5 3745/3/5 3755/3/5
f 3755/3/5 3754/3/5 3758/3/5
f 3751/1/5 3752/1/5 3757/1/5
f 3753/1/5 3738/1/5 3760/1/5
f 3759/1/5 3753/1/5 3760/1/5
f 3738/1/5 3717/1/5 3760/1/5
f 3757/1/5 3759/1/5 3760/1/5
f 3729/3/5 3755/3/5 3761/3/5
f 3761/3/5 3762/3/5 3763/3/5
f 3761/3/5 3763/3/5 3764/3/5
f 3729/3/5 3761/3/5 3764/3/5
f 3763/3/5 3762/3/5 3765/3/5
f 3764/3/5 3763/3/5 3765/3/5
f 3729/3/5 3764/3/5 3766/3/5
f 3757/1/5 3760/1/5 3768/1/5
f 3768/1/5 3760/1/5 3769/1/5
f 3766/3/5 3767/3/5 3770/3/5
f 3751/1/5 3757/1/5 3768/1/5
f 3770/3/5 3771/3/5 3772/3/5
f 3751/1/5 3768/1/5 3775/1/5
f 3775/1/5 3768/1/5 3776/1/5
f 3769/1/5 3760/1/5 3777/1/5
f 3777/1/5 3760/1/5 3778/1/5
f 3776/1/5 3777/1/5 3779/1/5
f 3774/3/5 3775/3/5 3779/3/5
f 3775/1/5 3776/1/5 3779/1/5
f 3772/1/5 3773/1/5 3780/1/5
f 3729/3/5 3766/3/5 3780/3/5
f 3770/1/5 3772/1/5 3780/1/5
f 3766/1/5 3770/1/5 3780/1/5
f 3779/1/5 3777/1/5 3781/1/5
f 3781/3/5 3777/3/5 3784/3/5
f 3780/1/5 3773/1/5 3785/1/5
f 3785/1/5 3773/1/5 3786/1/5
f 3774/1/5 3779/1/5 3787/1/5
f 3781/1/5 3784/1/5 3788/1/5
f 3780/1/5 3785/1/5 3789/1/5
f 3729/3/5 3780/3/5 3789/3/5
f 3785/1/5 3786/1/5 3789/1/5
f 3789/1/5 3786/1/5 3790/1/5
f 3782/3/5 3783/3/5 3791/3/5
f 3791/3/5 3783/3/5 3792/3/5
f 3790/1/5 3786/1/5 3793/1/5
f 3787/1/5 3788/1/5 3794/1/5
f 3774/1/5 3787/1/5 3794/1/5
f 3788/1/5 3784/1/5 3795/1/5
f 3794/1/5 3788/1/5 3795/1/5
f 3784/1/5 3777/1/5 3796/1/5
f 3795/1/5 3784/1/5 3796/1/5
f 3777/1/5 3778/1/5 3796/1/5
f 3790/1/5 3793/1/5 3797/1/5
f 3789/1/5 3790/1/5 3797/1/5
f 3729/3/5 3789/3/5 3798/3/5
f 3789/1/5 3797/1/5 3798/1/5
f 3793/1/5 3786/1/5 3799/1/5
f 3798/1/5 3797/1/5 3799/1/5
f 3797/1/5 3793/1/5 3799/1/5
f 3774/1/5 3794/1/5 3800/1/5
f 3800/1/5 3794/1/5 3801/1/5
f 3801/1/5 3794/1/5 3802/1/5
f 3794/3/5 3795/3/5 3802/3/5
f 3796/1/5 3778/1/5 3803/1/5
f 3800/4/5 3801/4/5 3804/4/5
f 3802/1/5 3803/1/5 3804/1/5
f 3801/1/5 3802/1/5 3804/1/5
f 3804/1/5 3803/1/5 3805/1/5
f 3778/1/5 3760/1/5 3806/1/5
f 3803/1/5 3778/1/5 3806/1/5
f 3805/1/5 3803/1/5 3806/1/5
f 3760/1/5 3717/1/5 3806/1/5
f 3805/1/5 3806/1/5 3808/1/5
f 3809/4/5 3810/4/5 3811/4/5
f 3807/1/5 3808/1/5 3813/1/5
f 3812/4/5 3807/4/5 3813/4/5
f 3808/1/5 3806/1/5 3814/1/5
f 3813/1/5 3808/1/5 3814/1/5
f 3814/1/5 3806/1/5 3815/1/5
f 3811/1/5 3810/1/5 3816/1/5
f 3812/1/5 3813/1/5 3817/1/5
f 3813/1/5 3814/1/5 3817/1/5
f 3815/1/5 3806/1/5 3818/1/5
f 3809/3/5 3811/3/5 3819/3/5
f 3811/1/5 3816/1/5 3819/1/5
f 3817/1/5 3818/1/5 3820/1/5
f 3812/1/5 3817/1/5 3820/1/5
f 3818/1/5 3806/1/5 3821/1/5
f 3820/1/5 3818/1/5 3821/1/5
f 3806/1/5 3717/1/5 3821/1/5
f 3820/1/5 3821/1/5 3822/1/5
f 3812/1/5 3820/1/5 3823/1/5
f 3823/1/5 3820/1/5 3826/1/5
f 3822/1/5 3821/1/5 3829/1/5
f 3823/1/5 3826/1/5 3830/1/5
f 3826/1/5 3829/1/5 3830/1/5
f 3812/1/5 3823/1/5 3830/1/5
f 3824/3/5 3825/3/5 3831/3/5
f 3831/3/5 3825/3/5 3832/3/5
f 3819/1/5 3816/1/5 3833/1/5
f 3830/1/5 3829/1/5 3834/1/5
f 3834/1/5 3829/1/5 3835/1/5
f 3829/1/5 3821/1/5 3835/1/5
f 3835/1/5 3821/1/5 3836/1/5
f 3816/1/5 3810/1/5 3837/1/5
f 3833/1/5 3816/1/5 3837/1/5
f 3837/1/5 3810/1/5 3839/1/5
f 3834/1/5 3835/1/5 3838/1/5
f 3836/1/5 3821/1/5 3840/1/5
f 3827/3/5 3828/3/5 3841/3/5
f 3841/3/5 3828/3/5 3842/3/5
f 3819/1/5 3833/1/5 3843/1/5
f 3833/1/5 3837/1/5 3843/1/5
f 3843/1/5 3837/1/5 3844/1/5
f 3838/1/5 3840/1/5 3845/1/5
f 3840/1/5 3821/1/5 3846/1/5
f 3845/3/5 3840/3/5 3846/3/5
f 3839/1/5 3810/1/5 3847/1/5
f 3838/1/5 3845/1/5 3848/1/5
f 3830/1/5 3834/1/5 3848/1/5
f 3812/1/5 3830/1/5 3848/1/5
f 3845/1/5 3846/1/5 3848/1/5
f 3834/1/5 3838/1/5 3848/1/5
f 3848/1/5 3846/1/5 3849/1/5
f 3849/1/5 3846/1/5 3850/1/5
f 3846/1/5 3821/1/5 3851/1/5
f 3850/1/5 3846/1/5 3851/1/5
f 3812/1/5 3848/1/5 3852/1/5
f 3852/1/5 3848/1/5 3853/1/5
f 3809/3/5 3819/3/5 3854/3/5
f 3819/1/5 3843/1/5 3854/1/5
f 3843/1/5 3844/1/5 3854/1/5
f 3854/1/5 3844/1/5 3855/1/5
f 3844/1/5 3847/1/5 3855/1/5
f 3847/1/5 3810/1/5 3856/1/5
f 3855/1/5 3847/1/5 3856/1/5
f 3849/1/5 3850/1/5 3857/1/5
f 3850/1/5 3851/1/5 3857/1/5
f 3851/1/5 3821/1/5 3858/1/5
f 3857/1/5 3851/1/5 3858/1/5
f 3821/1/5 3717/1/5 3858/1/5
f 3859/3/5 3860/3/5 3861/3/5
f 3861/3/5 3860/3/5 3862/3/5
f 3863/3/5 3864/3/5 3865/3/5
f 3865/3/5 3864/3/5 3866/3/5
f 3867/3/5 3868/3/5 3869/3/5
f 3869/3/5 3868/3/5 3870/3/5
f 3871/5/5 3872/5/5 3873/5/5
f 3873/5/5 3872/5/5 3874/5/5
f 3875/5/5 3876/5/5 3877/5/5
f 3877/5/5 3876/5/5 3878/5/5
f 3879/3/5 3880/3/5 3881/3/5
f 3881/3/5 3880/3/5 3882/3/5
f 3883/3/5 3884/3/5 3885/3/5
f 3885/3/5 3884/3/5 3886/3/5
f 3887/3/5 3888/3/5 3889/3/5
f 3889/3/5 3888/3/5 3890/3/5
f 3891/3/5 3892/3/5 3893/3/5
f 3893/3/5 3892/3/5 3894/3/5
f 3895/2/5 3896/2/5 3897/2/5
f 3897/2/5 3896/2/5 3898/2/5
f 3899/2/5 3900/2/5 3901/2/5
f 3901/2/5 3900/2/5 3902/2/5
f 3903/2/5 3904/2/5 3905/2/5
f 3905/2/5 3904/2/5 3906/2/5
f 3907/2/5 3908/2/5 3911/2/5
f 3911/2/5 3908/2/5 3912/2/5
f 3909/5/5 3910/5/5 3913/5/5
f 3913/5/5 3910/5/5 3914/5/5
f 3915/5/5 3916/5/5 3917/5/5
f 3917/5/5 3916/5/5 3918/5/5
f 3919/2/5 3920/2/5 3921/2/5
f 3921/2/5 3920/2/5 3922/2/5
f 3923/2/5 3924/2/5 3925/2/5
f 3925/2/5 3924/2/5 3926/2/5
f 3927/2/5 3928/2/5 3929/2/5
f 3929/2/5 3928/2/5 3930/2/5
f 3931/2/5 3932/2/5 3933/2/5
f 3933/2/5 3932/2/5 3934/2/5
f 3935/1/5 3936/1/5 3937/1/5
f 3937/1/5 3936/1/5 3938/1/5
f 3937/1/5 3938/1/5 3939/1/5
f 3939/1/5 3938/1/5 3940/1/5
f 3945/5/5 3946/5/5 3955/5/5
f 3955/5/5 3946/5/5 3956/5/5
f 3947/5/5 3948/5/5 3957/5/5
f 3957/5/5 3948/5/5 3958/5/5
f 3949/2/5 3950/2/5 3959/2/5
f 3959/2/5 3950/2/5 3960/2/5
f 3951/5/5 3952/5/5 3961/5/5
f 3961/5/5 3952/5/5 3962/5/5
f 3953/5/5 3954/5/5 3963/5/5
f 3963/5/5 3954/5/5 3964/5/5
f 3965/5/5 3966/5/5 3975/5/5
f 3975/5/5 3966/5/5 3976/5/5
f 3967/5/5 3968/5/5 3977/5/5
f 3977/5/5 3968/5/5 3978/5/5
f 3969/2/5 3970/2/5 3979/2/5
f 3979/2/5 3970/2/5 3980/2/5
f 3971/5/5 3972/5/5 3981/5/5
f 3981/5/5 3972/5/5 3982/5/5
f 3973/5/5 3974/5/5 3983/5/5
f 3983/5/5 3974/5/5 3984/5/5
f 3941/1/5 3942/1/5 3985/1/5
f 3985/1/5 3942/1/5 3986/1/5
f 3987/5/5 3988/5/5 3997/5/5
f 3997/5/5 3988/5/5 3998/5/5
f 3989/5/5 3990/5/5 3999/5/5
f 3999/5/5 3990/5/5 4000/5/5
f 3991/2/5 3992/2/5 4001/2/5
f 4001/2/5 3992/2/5 4002/2/5
f 3993/5/5 3994/5/5 4003/5/5
f 4003/5/5 3994/5/5 4004/5/5
f 3995/5/5 3996/5/5 4005/5/5
f 4005/5/5 3996/5/5 4006/5/5
f 3985/1/5 3986/1/5 4007/1/5
f 4007/1/5 3986/1/5 4008/1/5
f 3943/2/5 3944/2/5 4019/2/5
f 4019/2/5 3944/2/5 4020/2/5
f 4009/5/5 4010/5/5 4021/5/5
f 4021/5/5 4010/5/5 4022/5/5
f 4011/5/5 4012/5/5 4023/5/5
f 4023/5/5 4012/5/5 4024/5/5
f 4013/2/5 4014/2/5 4025/2/5
f 4025/2/5 4014/2/5 4026/2/5
f 4015/5/5 4016/5/5 4027/5/5
f 4027/5/5 4016/5/5 4028/5/5
f 4017/5/5 4018/5/5 4029/5/5
f 4029/5/5 4018/5/5 4030/5/5
f 4007/1/5 4008/1/5 4031/1/5
f 4031/1/5 4008/1/5 4032/1/5
f 4033/1/5 4034/1/5 4035/1/5
f 4035/1/5 4034/1/5 4036/1/5
f 4037/2/5 4038/2/5 4039/2/5
f 4040/2/5 4041/2/5 4048/2/5
f 4048/2/5 4041/2/5 4049/2/5
f 4042/2/5 4043/2/5 4050/2/5
f 4050/2/5 4043/2/5 4051/2/5
f 4044/2/5 4045/2/5 4052/2/5
f 4052/2/5 4045/2/5 4053/2/5
f 4046/2/5 4047/2/5 4054/2/5
f 4054/2/5 4047/2/5 4055/2/5
f 4037/2/5 4039/2/5 4056/2/5
f 4039/2/5 4038/2/5 4056/2/5
f 4057/2/5 4058/2/5 4065/2/5
f 4065/2/5 4058/2/5 4066/2/5
f 4059/2/5 4060/2/5 4067/2/5
f 4067/2/5 4060/2/5 4068/2/5
f 4061/2/5 4062/2/5 4069/2/5
f 4069/2/5 4062/2/5 4070/2/5
f 4063/2/5 4064/2/5 4071/2/5
f 4071/2/5 4064/2/5 4072/2/5
f 4037/2/5 4056/2/5 4073/2/5
f 4056/2/5 4038/2/5 4074/2/5
f 4073/2/5 4056/2/5 4074/2/5
f 4075/2/5 4076/2/5 4077/2/5
f 4077/2/5 4076/2/5 4078/2/5
f 4079/1/5 4080/1/5 4081/1/5
f 4081/1/5 4080/1/5 4082/1/5
f 4083/1/5 4084/1/5 4085/1/5
f 4085/1/5 4084/1/5 4086/1/5
f 4093/1/6 4088/1/6 4087/1/6
f 4093/1/6 4089/1/6 4088/1/6
f 4094/1/6 4091/1/6 4090/1/6
f 4094/1/6 4092/1/6 4091/1/6
f 4095/3/6 4089/3/6 4093/3/6
f 4096/1/6 4094/1/6 4090/1/6
f 4097/1/6 4092/1/6 4094/1/6
f 4097/1/6 4094/1/6 4096/1/6
f 4098/1/6 4092/1/6 4097/1/6
f 4100/1/6 4095/1/6 4093/1/6
f 4100/1/6 4093/1/6 4087/1/6
f 4101/1/6 4095/1/6 4100/1/6
f 4103/1/6 4098/1/6 4097/1/6
f 4103/1/6 4097/1/6 4096/1/6
f 4103/1/6 4096/1/6 4090/1/6
f 4104/1/6 4098/1/6 4103/1/6
f 4106/1/6 4100/1/6 4099/1/6
f 4107/1/6 4100/1/6 4106/1/6
f 4108/1/6 4103/1/6 4102/1/6
f 4109/1/6 4104/1/6 4103/1/6
f 4110/1/6 4105/1/6 4104/1/6
f 4111/1/6 4106/1/6 4099/1/6
f 4107/1/6 4101/1/6 4100/1/6
f 4112/1/6 4101/1/6 4107/1/6
f 4112/1/6 4102/1/6 4101/1/6
f 4112/1/6 4108/1/6 4102/1/6
f 4113/1/6 4108/1/6 4112/1/6
f 4113/1/6 4103/1/6 4108/1/6
f 4113/1/6 4109/1/6 4103/1/6
f 4114/1/6 4109/1/6 4113/1/6
f 4114/1/6 4104/1/6 4109/1/6
f 4114/1/6 4110/1/6 4104/1/6
f 4115/1/6 4110/1/6 4114/1/6
f 4115/1/6 4105/1/6 4110/1/6
f 4116/1/6 4105/1/6 4115/1/6
f 4117/1/6 4111/1/6 4099/1/6
f 4111/3/6 4113/3/6 4112/3/6
f 4111/3/6 4116/3/6 4115/3/6
f 4111/3/6 4115/3/6 4114/3/6
f 4111/3/6 4112/3/6 4107/3/6
f 4111/3/6 4107/3/6 4106/3/6
f 4111/3/6 4114/3/6 4113/3/6
f 4118/3/6 4116/3/6 4111/3/6
f 4119/3/6 4116/3/6 4118/3/6
f 4120/3/6 4116/3/6 4119/3/6
f 4121/3/6 4116/3/6 4120/3/6
f 4122/3/6 4116/3/6 4121/3/6
f 4123/3/6 4116/3/6 4122/3/6
f 4117/1/6 4118/1/6 4111/1/6
f 4124/1/6 4118/1/6 4117/1/6
f 4125/1/6 4118/1/6 4124/1/6
f 4125/1/6 4119/1/6 4118/1/6
f 4126/1/6 4119/1/6 4125/1/6
f 4127/1/6 4121/1/6 4120/1/6
f 4128/1/6 4116/1/6 4123/1/6
f 4124/1/6 4126/1/6 4125/1/6
f 4129/3/6 4120/3/6 4119/3/6
f 4129/1/6 4119/1/6 4126/1/6
f 4130/1/6 4127/1/6 4120/1/6
f 4130/3/6 4120/3/6 4129/3/6
f 4131/3/6 4122/3/6 4121/3/6
f 4131/1/6 4121/1/6 4127/1/6
f 4132/1/6 4128/1/6 4123/1/6
f 4132/3/6 4122/3/6 4131/3/6
f 4132/1/6 4123/1/6 4122/1/6
f 4133/1/6 4127/1/6 4130/1/6
f 4133/1/6 4131/1/6 4127/1/6
f 4133/1/6 4132/1/6 4131/1/6
f 4133/1/6 4129/1/6 4126/1/6
f 4133/1/6 4126/1/6 4124/1/6
f 4133/1/6 4130/1/6 4129/1/6
f 4134/1/6 4128/1/6 4132/1/6
f 4134/1/6 4132/1/6 4133/1/6
f 4135/1/6 4133/1/6 4124/1/6
f 4136/1/6 4134/1/6 4133/1/6
f 4135/1/6 4136/1/6 4133/1/6
f 4137/1/6 4105/1/6 4116/1/6
f 4137/3/6 4116/3/6 4128/3/6
f 4138/1/6 4134/1/6 4136/1/6
f 4138/1/6 4128/1/6 4134/1/6
f 4138/1/6 4136/1/6 4135/1/6
f 4139/1/6 4138/1/6 4135/1/6
f 4140/1/6 4138/1/6 4139/1/6
f 4141/1/6 4139/1/6 4135/1/6
f 4142/1/6 4140/1/6 4139/1/6
f 4143/1/6 4140/1/6 4142/1/6
f 4144/1/6 4105/1/6 4137/1/6
f 4145/1/6 4105/1/6 4144/1/6
f 4146/1/6 4139/1/6 4141/1/6
f 4146/1/6 4142/1/6 4139/1/6
f 4147/1/6 4138/1/6 4140/1/6
f 4147/1/6 4140/1/6 4143/1/6
f 4148/1/6 4138/1/6 4147/1/6
f 4149/1/6 4141/1/6 4135/1/6
f 4149/1/6 4146/1/6 4141/1/6
f 4150/1/6 4146/1/6 4149/1/6
f 4151/1/6 4142/1/6 4146/1/6
f 4150/1/6 4151/1/6 4146/1/6
f 4151/1/6 4148/1/6 4147/1/6
f 4151/1/6 4147/1/6 4143/1/6
f 4151/1/6 4143/1/6 4142/1/6
f 4152/1/6 4150/1/6 4149/1/6
f 4152/1/6 4151/1/6 4150/1/6
f 4152/1/6 4149/1/6 4135/1/6
f 4153/1/6 4117/1/6 4099/1/6
f 4153/3/6 4124/3/6 4117/3/6
f 4154/1/6 4151/1/6 4152/1/6
f 4155/1/6 4148/1/6 4151/1/6
f 4155/1/6 4151/1/6 4154/1/6
f 4156/1/6 4152/1/6 4135/1/6
f 4156/1/6 4135/1/6 4124/1/6
f 4156/1/6 4154/1/6 4152/1/6
f 4157/1/6 4155/1/6 4154/1/6
f 4158/1/6 4148/1/6 4155/1/6
f 4158/1/6 4155/1/6 4157/1/6
f 4159/1/6 4148/1/6 4158/1/6
f 4160/1/6 4157/1/6 4154/1/6
f 4160/1/6 4159/1/6 4158/1/6
f 4160/1/6 4158/1/6 4157/1/6
f 4161/1/6 4159/1/6 4160/1/6
f 4162/1/6 4138/1/6 4148/1/6
f 4162/1/6 4159/1/6 4161/1/6
f 4162/1/6 4148/1/6 4159/1/6
f 4162/1/6 4128/1/6 4138/1/6
f 4163/1/6 4128/1/6 4162/1/6
f 4163/3/6 4137/3/6 4128/3/6
f 4164/1/6 4156/1/6 4124/1/6
f 4164/3/6 4124/3/6 4153/3/6
f 4164/1/6 4160/1/6 4154/1/6
f 4164/1/6 4161/1/6 4160/1/6
f 4164/1/6 4154/1/6 4156/1/6
f 4165/1/6 4161/1/6 4164/1/6
f 4166/1/6 4161/1/6 4165/1/6
f 4167/1/6 4161/1/6 4166/1/6
f 4168/1/6 4162/1/6 4161/1/6
f 4169/1/6 4162/1/6 4168/1/6
f 4170/1/6 4162/1/6 4169/1/6
f 4171/3/6 4164/3/6 4153/3/6
f 4171/1/6 4165/1/6 4164/1/6
f 4167/1/6 4168/1/6 4161/1/6
f 4172/1/6 4168/1/6 4167/1/6
f 4170/1/6 4163/1/6 4162/1/6
f 4173/1/6 4163/1/6 4170/1/6
f 4174/3/6 4171/3/6 4153/3/6
f 4175/3/6 4166/3/6 4165/3/6
f 4175/1/6 4165/1/6 4171/1/6
f 4176/1/6 4172/1/6 4167/1/6
f 4176/3/6 4166/3/6 4175/3/6
f 4176/1/6 4167/1/6 4166/1/6
f 4172/3/6 4169/3/6 4168/3/6
f 4177/1/6 4170/1/6 4169/1/6
f 4177/3/6 4169/3/6 4172/3/6
f 4177/1/6 4173/1/6 4170/1/6
f 4178/1/6 4173/1/6 4177/1/6
f 4178/1/6 4163/1/6 4173/1/6
f 4179/1/6 4163/1/6 4178/1/6
f 4179/3/6 4137/3/6 4163/3/6
f 4179/1/6 4144/1/6 4137/1/6
f 4179/1/6 4145/1/6 4144/1/6
f 4174/3/6 4172/3/6 4176/3/6
f 4174/3/6 4176/3/6 4175/3/6
f 4174/3/6 4179/3/6 4178/3/6
f 4174/3/6 4178/3/6 4177/3/6
f 4174/3/6 4175/3/6 4171/3/6
f 4174/3/6 4177/3/6 4172/3/6
f 4180/3/6 4179/3/6 4174/3/6
f 4181/1/6 4180/1/6 4174/1/6
f 4182/1/6 4180/1/6 4181/1/6
f 4183/1/6 4180/1/6 4182/1/6
f 4184/1/6 4179/1/6 4180/1/6
f 4185/1/6 4179/1/6 4184/1/6
f 4186/1/6 4179/1/6 4185/1/6
f 4187/1/6 4179/1/6 4186/1/6
f 4188/1/6 4174/1/6 4153/1/6
f 4188/1/6 4153/1/6 4099/1/6
f 4188/1/6 4181/1/6 4174/1/6
f 4189/1/6 4181/1/6 4188/1/6
f 4189/1/6 4182/1/6 4181/1/6
f 4183/1/6 4184/1/6 4180/1/6
f 4190/1/6 4184/1/6 4183/1/6
f 4190/1/6 4185/1/6 4184/1/6
f 4191/1/6 4185/1/6 4190/1/6
f 4191/1/6 4186/1/6 4185/1/6
f 4192/1/6 4145/1/6 4179/1/6
f 4192/1/6 4179/1/6 4187/1/6
f 4193/1/6 4183/1/6 4182/1/6
f 4194/1/6 4193/1/6 4182/1/6
f 4195/1/6 4193/1/6 4194/1/6
f 4196/1/6 4183/1/6 4193/1/6
f 4196/1/6 4193/1/6 4195/1/6
f 4197/1/6 4187/1/6 4186/1/6
f 4198/1/6 4187/1/6 4197/1/6
f 4201/3/6 4200/3/6 4199/3/6
f 4202/3/6 4200/3/6 4201/3/6
f 4203/3/6 4201/3/6 4199/3/6
f 4204/3/6 4201/3/6 4203/3/6
f 4209/2/6 4206/2/6 4205/2/6
f 4210/2/6 4206/2/6 4209/2/6
f 4211/2/6 4208/2/6 4207/2/6
f 4212/2/6 4208/2/6 4211/2/6
f 4215/3/6 4214/3/6 4213/3/6
f 4216/3/6 4214/3/6 4215/3/6
f 4225/3/6 4218/3/6 4217/3/6
f 4226/3/6 4218/3/6 4225/3/6
f 4227/3/6 4220/3/6 4219/3/6
f 4228/3/6 4220/3/6 4227/3/6
f 4229/2/6 4222/2/6 4221/2/6
f 4230/2/6 4222/2/6 4229/2/6
f 4231/2/6 4224/2/6 4223/2/6
f 4232/2/6 4224/2/6 4231/2/6
f 4235/3/6 4234/3/6 4233/3/6
f 4236/3/6 4234/3/6 4235/3/6
f 4243/5/6 4238/5/6 4237/5/6
f 4244/5/6 4238/5/6 4243/5/6
f 4245/5/6 4240/5/6 4239/5/6
f 4246/5/6 4240/5/6 4245/5/6
f 4247/3/6 4242/3/6 4241/3/6
f 4248/3/6 4242/3/6 4247/3/6
f 4251/3/6 4250/3/6 4249/3/6
f 4255/3/6 4252/3/6 4251/3/6
f 4255/3/6 4251/3/6 4249/3/6
f 4256/3/6 4252/3/6 4255/3/6
f 4261/3/6 4254/3/6 4253/3/6
f 4262/3/6 4254/3/6 4261/3/6
f 4263/5/6 4258/5/6 4257/5/6
f 4264/5/6 4258/5/6 4263/5/6
f 4265/5/6 4260/5/6 4259/5/6
f 4266/5/6 4260/5/6 4265/5/6
f 4269/2/6 4268/2/6 4267/2/6
f 4270/2/6 4268/2/6 4269/2/6
f 4271/2/6 4268/2/6 4270/2/6
f 4272/2/6 4268/2/6 4271/2/6
f 4273/2/6 4269/2/6 4267/2/6
f 4274/2/6 4269/2/6 4273/2/6
f 4275/5/6 4271/5/6 4270/5/6
f 4276/5/6 4271/5/6 4275/5/6
f 4277/2/6 4268/2/6 4272/2/6
f 4278/2/6 4268/2/6 4277/2/6
f 4283/5/6 4280/5/6 4279/5/6
f 4284/5/6 4280/5/6 4283/5/6
f 4285/5/6 4282/5/6 4281/5/6
f 4286/5/6 4282/5/6 4285/5/6
f 4293/2/6 4288/2/6 4287/2/6
f 4294/5/6 4290/5/6 4289/5/6
f 4295/5/6 4290/5/6 4294/5/6
f 4296/2/6 4292/2/6 4291/2/6
f 4297/2/6 4295/2/6 4294/2/6
f 4297/2/6 4296/2/6 4295/2/6
f 4297/2/6 4293/2/6 4287/2/6
f 4297/2/6 4294/2/6 4293/2/6
f 4298/2/6 4292/2/6 4296/2/6
f 4298/2/6 4296/2/6 4297/2/6
f 4307/2/6 4300/2/6 4299/2/6
f 4308/2/6 4300/2/6 4307/2/6
f 4309/2/6 4302/2/6 4301/2/6
f 4310/2/6 4302/2/6 4309/2/6
f 4311/2/6 4304/2/6 4303/2/6
f 4312/2/6 4304/2/6 4311/2/6
f 4313/2/6 4306/2/6 4305/2/6
f 4314/2/6 4306/2/6 4313/2/6
f 4323/2/6 4316/2/6 4315/2/6
f 4324/2/6 4316/2/6 4323/2/6
f 4325/2/6 4318/2/6 4317/2/6
f 4326/2/6 4318/2/6 4325/2/6
f 4327/2/6 4320/2/6 4319/2/6
f 4328/2/6 4320/2/6 4327/2/6
f 4329/2/6 4322/2/6 4321/2/6
f 4330/2/6 4322/2/6 4329/2/6
f 4333/2/6 4332/2/6 4331/2/6
f 4334/2/6 4332/2/6 4333/2/6
f 4335/2/6 4333/2/6 4331/2/6
f 4336/2/6 4333/2/6 4335/2/6
f 4337/2/6 4332/2/6 4334/2/6
f 4338/2/6 4332/2/6 4337/2/6
f 4343/5/6 4340/5/6 4339/5/6
f 4344/5/6 4340/5/6 4343/5/6
f 4345/5/6 4342/5/6 4341/5/6
f 4346/5/6 4342/5/6 4345/5/6
f 4351/2/6 4348/2/6 4347/2/6
f 4352/2/6 4350/2/6 4349/2/6
f 4353/2/6 4351/2/6 4347/2/6
f 4353/2/6 4352/2/6 4351/2/6
f 4354/2/6 4350/2/6 4352/2/6
f 4354/2/6 4352/2/6 4353/2/6
f 4359/5/6 4356/5/6 4355/5/6
f 4360/5/6 4356/5/6 4359/5/6
f 4361/5/6 4358/5/6 4357/5/6
f 4362/5/6 4358/5/6 4361/5/6
f 4365/3/6 4364/3/6 4363/3/6
f 4366/3/6 4364/3/6 4365/3/6
f 4369/3/6 4368/3/6 4367/3/6
f 4370/3/6 4368/3/6 4369/3/6
f 4379/2/6 4372/2/6 4371/2/6
f 4380/2/6 4372/2/6 4379/2/6
f 4381/2/6 4374/2/6 4373/2/6
f 4382/2/6 4374/2/6 4381/2/6
f 4383/2/6 4376/2/6 4375/2/6
f 4384/2/6 4376/2/6 4383/2/6
f 4385/2/6 4378/2/6 4377/2/6
f 4386/2/6 4378/2/6 4385/2/6
f 4389/3/6 4388/3/6 4387/3/6
f 4390/3/6 4388/3/6 4389/3/6
f 4391/3/6 4368/3/6 4370/3/6
f 4392/3/6 4368/3/6 4391/3/6
f 4397/5/6 4394/5/6 4393/5/6
f 4398/5/6 4394/5/6 4397/5/6
f 4399/5/6 4396/5/6 4395/5/6
f 4400/5/6 4396/5/6 4399/5/6
f 4403/3/6 4402/3/6 4401/3/6
f 4404/3/6 4402/3/6 4403/3/6
f 4413/2/6 4406/2/6 4405/2/6
f 4414/2/6 4406/2/6 4413/2/6
f 4415/2/6 4408/2/6 4407/2/6
f 4416/2/6 4408/2/6 4415/2/6
f 4417/2/6 4410/2/6 4409/2/6
f 4418/2/6 4410/2/6 4417/2/6
f 4419/2/6 4412/2/6 4411/2/6
f 4420/2/6 4412/2/6 4419/2/6
f 4425/2/6 4422/2/6 4421/2/6
f 4426/2/6 4422/2/6 4425/2/6
f 4427/2/6 4422/2/6 4426/2/6
f 4428/2/6 4422/2/6 4427/2/6
f 4429/2/6 4424/2/6 4423/2/6
f 4430/2/6 4424/2/6 4429/2/6
f 4431/2/6 4424/2/6 4430/2/6
f 4432/2/6 4424/2/6 4431/2/6
f 4433/2/6 4427/2/6 4426/2/6
f 4434/2/6 4427/2/6 4433/2/6
f 4435/2/6 4431/2/6 4430/2/6
f 4436/2/6 4431/2/6 4435/2/6
f 4439/3/6 4438/3/6 4437/3/6
f 4440/3/6 4438/3/6 4439/3/6
f 4445/5/6 4442/5/6 4441/5/6
f 4446/5/6 4442/5/6 4445/5/6
f 4447/5/6 4444/5/6 4443/5/6
f 4448/5/6 4444/5/6 4447/5/6
f 4451/3/6 4450/3/6 4449/3/6
f 4452/3/6 4450/3/6 4451/3/6
f 4458/2/6 4454/2/6 4453/2/6
f 4459/2/6 4454/2/6 4458/2/6
f 4462/2/6 4456/2/6 4455/2/6
f 4463/2/6 4456/2/6 4462/2/6
f 4465/2/6 4460/2/6 4459/2/6
f 4465/2/6 4458/2/6 4457/2/6
f 4465/2/6 4459/2/6 4458/2/6
f 4466/2/6 4460/2/6 4465/2/6
f 4467/2/6 4464/2/6 4463/2/6
f 4467/2/6 4463/2/6 4462/2/6
f 4467/2/6 4462/2/6 4461/2/6
f 4468/2/6 4464/2/6 4467/2/6
f 4473/3/6 4472/3/6 4471/3/6
f 4474/3/6 4472/3/6 4473/3/6
f 4475/3/6 4470/3/6 4469/3/6
f 4479/3/6 4476/3/6 4475/3/6
f 4479/3/6 4475/3/6 4469/3/6
f 4480/3/6 4476/3/6 4479/3/6
f 4481/3/6 4478/3/6 4477/3/6
f 4482/3/6 4478/3/6 4481/3/6
f 4487/2/6 4484/2/6 4483/2/6
f 4488/2/6 4484/2/6 4487/2/6
f 4489/2/6 4484/2/6 4488/2/6
f 4490/2/6 4484/2/6 4489/2/6
f 4491/2/6 4486/2/6 4485/2/6
f 4492/2/6 4486/2/6 4491/2/6
f 4493/2/6 4486/2/6 4492/2/6
f 4494/2/6 4486/2/6 4493/2/6
f 4495/2/6 4489/2/6 4488/2/6
f 4496/2/6 4489/2/6 4495/2/6
f 4497/2/6 4493/2/6 4492/2/6
f 4498/2/6 4493/2/6 4497/2/6
f 4503/5/6 4500/5/6 4499/5/6
f 4504/5/6 4500/5/6 4503/5/6
f 4505/5/6 4502/5/6 4501/5/6
f 4506/5/6 4502/5/6 4505/5/6
f 4512/2/6 4508/2/6 4507/2/6
f 4513/2/6 4508/2/6 4512/2/6
f 4516/2/6 4510/2/6 4509/2/6
f 4517/2/6 4510/2/6 4516/2/6
f 4519/2/6 4514/2/6 4513/2/6
f 4519/2/6 4512/2/6 4511/2/6
f 4519/2/6 4513/2/6 4512/2/6
f 4520/2/6 4514/2/6 4519/2/6
f 4521/2/6 4518/2/6 4517/2/6
f 4521/2/6 4517/2/6 4516/2/6
f 4521/2/6 4516/2/6 4515/2/6
f 4522/2/6 4518/2/6 4521/2/6
f 4525/3/6 4524/3/6 4523/3/6
f 4526/3/6 4524/3/6 4525/3/6
f 4535/2/6 4528/2/6 4527/2/6
f 4536/2/6 4528/2/6 4535/2/6
f 4537/2/6 4530/2/6 4529/2/6
f 4538/2/6 4530/2/6 4537/2/6
f 4539/2/6 4532/2/6 4531/2/6
f 4540/2/6 4532/2/6 4539/2/6
f 4541/2/6 4534/2/6 4533/2/6
f 4542/2/6 4534/2/6 4541/2/6
f 4551/2/6 4544/2/6 4543/2/6
f 4552/2/6 4544/2/6 4551/2/6
f 4553/2/6 4546/2/6 4545/2/6
f 4554/2/6 4546/2/6 4553/2/6
f 4555/2/6 4548/2/6 4547/2/6
f 4556/2/6 4548/2/6 4555/2/6
f 4557/2/6 4550/2/6 4549/2/6
f 4558/2/6 4550/2/6 4557/2/6
f 4563/4/6 4560/4/6 4559/4/6
f 4564/4/6 4560/4/6 4563/4/6
f 4565/4/6 4562/4/6 4561/4/6
f 4566/4/6 4562/4/6 4565/4/6
f 4569/3/6 4568/3/6 4567/3/6
f 4570/3/6 4568/3/6 4569/3/6
f 4573/3/6 4572/3/6 4571/3/6
f 4574/3/6 4572/3/6 4573/3/6
f 4577/3/6 4576/3/6 4575/3/6
f 4578/3/6 4576/3/6 4577/3/6
f 4583/5/6 4580/5/6 4579/5/6
f 4584/5/6 4580/5/6 4583/5/6
f 4585/5/6 4582/5/6 4581/5/6
f 4586/5/6 4582/5/6 4585/5/6
f 4589/3/6 4588/3/6 4587/3/6
f 4590/3/6 4588/3/6 4589/3/6
f 4591/3/6 4589/3/6 4587/3/6
f 4592/3/6 4589/3/6 4591/3/6
f 4601/2/6 4594/2/6 4593/2/6
f 4602/2/6 4594/2/6 4601/2/6
f 4603/2/6 4596/2/6 4595/2/6
f 4604/2/6 4596/2/6 4603/2/6
f 4605/2/6 4598/2/6 4597/2/6
f 4606/2/6 4598/2/6 4605/2/6
f 4607/2/6 4600/2/6 4599/2/6
f 4608/2/6 4600/2/6 4607/2/6
f 4617/2/6 4610/2/6 4609/2/6
f 4618/2/6 4610/2/6 4617/2/6
f 4619/2/6 4612/2/6 4611/2/6
f 4620/2/6 4612/2/6 4619/2/6
f 4621/2/6 4614/2/6 4613/2/6
f 4622/2/6 4614/2/6 4621/2/6
f 4623/2/6 4616/2/6 4615/2/6
f 4624/2/6 4616/2/6 4623/2/6
f 4627/3/6 4626/3/6 4625/3/6
f 4628/3/6 4626/3/6 4627/3/6
f 4633/5/6 4630/5/6 4629/5/6
f 4634/5/6 4630/5/6 4633/5/6
f 4635/5/6 4632/5/6 4631/5/6
f 4636/5/6 4632/5/6 4635/5/6
f 4641/3/6 4638/3/6 4637/3/6
f 4642/3/6 4638/3/6 4641/3/6
f 4643/3/6 4640/3/6 4639/3/6
f 4644/3/6 4640/3/6 4643/3/6
f 4649/2/6 4646/2/6 4645/2/6
f 4650/2/6 4646/2/6 4649/2/6
f 4651/2/6 4646/2/6 4650/2/6
f 4652/2/6 4646/2/6 4651/2/6
f 4653/2/6 4648/2/6 4647/2/6
f 4654/2/6 4648/2/6 4653/2/6
f 4655/2/6 4648/2/6 4654/2/6
f 4656/2/6 4648/2/6 4655/2/6
f 4657/2/6 4651/2/6 4650/2/6
f 4658/2/6 4651/2/6 4657/2/6
f 4659/2/6 4655/2/6 4654/2/6
f 4660/2/6 4655/2/6 4659/2/6
f 4663/3/6 4662/3/6 4661/3/6
f 4664/3/6 4662/3/6 4663/3/6
f 4670/2/6 4666/2/6 4665/2/6
f 4671/2/6 4666/2/6 4670/2/6
f 4674/2/6 4668/2/6 4667/2/6
f 4675/2/6 4668/2/6 4674/2/6
f 4677/2/6 4672/2/6 4671/2/6
f 4677/2/6 4670/2/6 4669/2/6
f 4677/2/6 4671/2/6 4670/2/6
f 4678/2/6 4672/2/6 4677/2/6
f 4679/2/6 4676/2/6 4675/2/6
f 4679/2/6 4675/2/6 4674/2/6
f 4679/2/6 4674/2/6 4673/2/6
f 4680/2/6 4676/2/6 4679/2/6
f 4685/5/6 4682/5/6 4681/5/6
f 4686/5/6 4682/5/6 4685/5/6
f 4687/5/6 4684/5/6 4683/5/6
f 4688/5/6 4684/5/6 4687/5/6
f 4693/2/6 4690/2/6 4689/2/6
f 4694/2/6 4690/2/6 4693/2/6
f 4695/2/6 4690/2/6 4694/2/6
f 4696/2/6 4690/2/6 4695/2/6
f 4697/2/6 4692/2/6 4691/2/6
f 4698/2/6 4692/2/6 4697/2/6
f 4699/2/6 4692/2/6 4698/2/6
f 4700/2/6 4692/2/6 4699/2/6
f 4701/5/6 4695/5/6 4694/5/6
f 4702/5/6 4695/5/6 4701/5/6
f 4703/5/6 4699/5/6 4698/5/6
f 4704/5/6 4699/5/6 4703/5/6
f 4710/5/6 4706/5/6 4705/5/6
f 4711/5/6 4706/5/6 4710/5/6
f 4714/5/6 4708/5/6 4707/5/6
f 4715/5/6 4708/5/6 4714/5/6
f 4717/2/6 4712/2/6 4711/2/6
f 4717/2/6 4710/2/6 4709/2/6
f 4717/2/6 4711/2/6 4710/2/6
f 4718/2/6 4712/2/6 4717/2/6
f 4719/2/6 4715/2/6 4714/2/6
f 4719/2/6 4716/2/6 4715/2/6
f 4719/2/6 4714/2/6 4713/2/6
f 4720/2/6 4716/2/6 4719/2/6
f 4729/2/6 4722/2/6 4721/2/6
f 4730/2/6 4722/2/6 4729/2/6
f 4731/2/6 4724/2/6 4723/2/6
f 4732/2/6 4724/2/6 4731/2/6
f 4733/2/6 4726/2/6 4725/2/6
f 4734/2/6 4726/2/6 4733/2/6
f 4735/2/6 4728/2/6 4727/2/6
f 4736/2/6 4728/2/6 4735/2/6
f 4741/5/6 4738/5/6 4737/5/6
f 4742/5/6 4738/5/6 4741/5/6
f 4743/5/6 4740/5/6 4739/5/6
f 4744/5/6 4740/5/6 4743/5/6
f 4753/2/6 4746/2/6 4745/2/6
f 4754/2/6 4746/2/6 4753/2/6
f 4755/2/6 4748/2/6 4747/2/6
f 4756/2/6 4748/2/6 4755/2/6
f 4757/2/6 4750/2/6 4749/2/6
f 4758/2/6 4750/2/6 4757/2/6
f 4759/2/6 4752/2/6 4751/2/6
f 4760/2/6 4752/2/6 4759/2/6
f 4763/5/6 4762/5/6 4761/5/6
f 4764/5/6 4762/5/6 4763/5/6
f 4765/5/6 4762/5/6 4764/5/6
f 4766/5/6 4762/5/6 4765/5/6
f 4767/5/6 4762/5/6 4766/5/6
f 4768/5/6 4762/5/6 4767/5/6
f 4769/5/6 4762/5/6 4768/5/6
f 4770/5/6 4762/5/6 4769/5/6
f 4771/5/6 4763/5/6 4761/5/6
f 4772/5/6 4765/5/6 4764/5/6
f 4773/5/6 4765/5/6 4772/5/6
f 4774/5/6 4767/5/6 4766/5/6
f 4775/5/6 4767/5/6 4774/5/6
f 4776/5/6 4769/5/6 4768/5/6
f 4777/5/6 4769/5/6 4776/5/6
f 4778/5/6 4762/5/6 4770/5/6
f 4784/5/6 4777/5/6 4776/5/6
f 4784/5/6 4775/5/6 4774/5/6
f 4784/5/6 4771/5/6 4761/5/6
f 4784/5/6 4773/5/6 4772/5/6
f 4784/5/6 4772/5/6 4771/5/6
f 4784/5/6 4778/5/6 4777/5/6
f 4784/5/6 4774/5/6 4773/5/6
f 4784/5/6 4776/5/6 4775/5/6
f 4785/5/6 4762/5/6 4778/5/6
f 4785/5/6 4778/5/6 4784/5/6
f 4793/1/6 4780/1/6 4779/1/6
f 4794/4/6 4781/4/6 4780/4/6
f 4794/1/6 4780/1/6 4793/1/6
f 4795/4/6 4783/4/6 4782/4/6
f 4795/1/6 4784/1/6 4783/1/6
f 4796/1/6 4784/1/6 4795/1/6
f 4796/5/6 4785/5/6 4784/5/6
f 4797/5/6 4785/5/6 4796/5/6
f 4798/5/6 4785/5/6 4797/5/6
f 4799/5/6 4785/5/6 4798/5/6
f 4799/1/6 4786/1/6 4785/1/6
f 4800/4/6 4787/4/6 4786/4/6
f 4800/1/6 4786/1/6 4799/1/6
f 4801/4/6 4787/4/6 4800/4/6
f 4802/4/6 4789/4/6 4788/4/6
f 4803/4/6 4789/4/6 4802/4/6
f 4803/1/6 4790/1/6 4789/1/6
f 4804/3/6 4791/3/6 4790/3/6
f 4804/1/6 4790/1/6 4803/1/6
f 4805/1/6 4792/1/6 4791/1/6
f 4805/3/6 4791/3/6 4804/3/6
f 4806/1/6 4792/1/6 4805/1/6
f 4807/6/6 4781/6/6 4794/6/6
f 4808/6/6 4781/6/6 4807/6/6
f 4809/6/6 4795/6/6 4782/6/6
f 4810/6/6 4795/6/6 4809/6/6
f 4812/2/6 4798/2/6 4797/2/6
f 4813/2/6 4798/2/6 4812/2/6
f 4815/6/6 4801/6/6 4800/6/6
f 4816/6/6 4803/6/6 4802/6/6
f 4820/1/6 4812/1/6 4811/1/6
f 4820/1/6 4815/1/6 4814/1/6
f 4820/1/6 4811/1/6 4810/1/6
f 4820/1/6 4814/1/6 4813/1/6
f 4820/1/6 4813/1/6 4812/1/6
f 4821/1/6 4815/1/6 4820/1/6
f 4822/1/6 4815/1/6 4821/1/6
f 4827/1/7 4820/1/6 4819/1/6
f 4827/3/7 4817/3/6 4826/3/6
f 4827/1/7 4819/1/6 4818/1/6
f 4827/1/7 4818/1/6 4817/1/6
f 4827/1/7 4821/1/6 4820/1/6
f 4828/1/6 4821/1/6 4827/1/7
f 4821/1/6 4824/1/6 4823/1/6
f 4821/1/6 4825/1/6 4824/1/6
f 4821/1/6 4823/1/6 4822/1/6
f 4829/1/6 4825/1/6 4821/1/6
f 4830/1/6 4825/1/6 4829/1/6
f 4828/1/6 4827/1/7 4826/1/6
f 4828/1/6 4829/1/6 4821/1/6
f 4831/1/6 4828/1/6 4826/1/6
f 4832/1/6 4828/1/6 4831/1/6
f 4828/1/6 4830/1/6 4829/1/6
f 4833/1/6 4830/1/6 4828/1/6
f 4832/1/6 4833/1/6 4828/1/6
f 4834/1/6 4833/1/6 4832/1/6
f 4835/1/6 4833/1/6 4834/1/6
f 4834/1/6 4832/1/6 4831/1/6
f 4836/1/6 4793/1/6 4779/1/6
f 4837/1/6 4793/1/6 4836/1/6
f 4838/1/6 4831/1/6 4826/1/6
f 4838/1/6 4835/1/6 4834/1/6
f 4838/1/6 4834/1/6 4831/1/6
f 4839/1/6 4825/1/6 4830/1/6
f 4839/1/6 4835/1/6 4838/1/6
f 4839/1/6 4833/1/6 4835/1/6
f 4839/1/6 4830/1/6 4833/1/6
f 4840/1/6 4792/1/6 4806/1/6
f 4841/1/6 4792/1/6 4840/1/6
f 4846/5/6 4843/5/6 4842/5/6
f 4847/5/6 4843/5/6 4846/5/6
f 4848/5/6 4845/5/6 4844/5/6
f 4849/5/6 4845/5/6 4848/5/6
f 4858/1/6 4853/1/6 4852/1/6
f 4859/1/6 4853/1/6 4858/1/6
f 4860/1/6 4853/1/6 4859/1/6
f 4860/1/6 4854/1/6 4853/1/6
f 4861/1/6 4854/1/6 4860/1/6
f 4862/1/6 4854/1/6 4861/1/6
f 4863/1/6 4854/1/6 4862/1/6
f 4864/1/6 4854/1/6 4863/1/6
f 4865/1/6 4854/1/6 4864/1/6
f 4865/1/6 4855/1/6 4854/1/6
f 4859/1/6 4861/1/6 4860/1/6
f 4866/1/6 4861/1/6 4859/1/6
f 4867/1/6 4861/1/6 4866/1/6
f 4868/1/6 4861/1/6 4867/1/6
f 4868/1/6 4862/1/6 4861/1/6
f 4869/1/6 4862/1/6 4868/1/6
f 4869/1/6 4863/1/6 4862/1/6
f 4870/1/6 4863/1/6 4869/1/6
f 4870/1/6 4864/1/6 4863/1/6
f 4871/1/6 4864/1/6 4870/1/6
f 4871/1/6 4865/1/6 4864/1/6
f 4866/1/6 4859/1/6 4858/1/6
f 4867/1/6 4871/1/6 4870/1/6
f 4867/1/6 4869/1/6 4868/1/6
f 4867/1/6 4870/1/6 4869/1/6
f 4872/1/6 4865/1/6 4871/1/6
f 4872/1/6 4871/1/6 4867/1/6
f 4873/1/6 4855/1/6 4865/1/6
f 4873/1/6 4865/1/6 4872/1/6
f 4874/1/6 4867/1/6 4866/1/6
f 4874/1/6 4866/1/6 4858/1/6
f 4874/1/6 4872/1/6 4867/1/6
f 4875/1/6 4872/1/6 4874/1/6
f 4876/1/6 4872/1/6 4875/1/6
f 4877/1/6 4872/1/6 4876/1/6
f 4878/1/6 4872/1/6 4877/1/6
f 4879/1/6 4872/1/6 4878/1/6
f 4880/1/6 4872/1/6 4879/1/6
f 4880/1/6 4873/1/6 4872/1/6
f 4881/1/6 4858/1/6 4852/1/6
f 4881/1/6 4874/1/6 4858/1/6
f 4882/1/6 4874/1/6 4881/1/6
f 4883/1/6 4875/1/6 4874/1/6
f 4884/1/6 4878/1/6 4877/1/6
f 4885/1/6 4878/1/6 4884/1/6
f 4885/1/6 4879/1/6 4878/1/6
f 4886/1/6 4879/1/6 4885/1/6
f 4886/1/6 4873/1/6 4880/1/6
f 4886/1/6 4880/1/6 4879/1/6
f 4887/1/6 4881/1/6 4852/1/6
f 4887/1/6 4882/1/6 4881/1/6
f 4888/1/6 4882/1/6 4887/1/6
f 4888/1/6 4883/1/6 4874/1/6
f 4888/1/6 4874/1/6 4882/1/6
f 4889/1/6 4883/1/6 4888/1/6
f 4890/1/6 4883/1/6 4889/1/6
f 4891/3/6 4883/3/6 4890/3/6
f 4891/1/6 4875/1/6 4883/1/6
f 4891/1/6 4876/1/6 4875/1/6
f 4891/1/6 4877/1/6 4876/1/6
f 4884/1/6 4877/1/6 4891/1/6
f 4884/1/6 4886/1/6 4885/1/6
f 4892/1/6 4873/1/6 4886/1/6
f 4892/1/6 4886/1/6 4884/1/6
f 4893/1/6 4873/1/6 4892/1/6
f 4894/1/6 4873/1/6 4893/1/6
f 4895/1/6 4855/1/6 4873/1/6
f 4895/1/6 4873/1/6 4894/1/6
f 4899/1/6 4884/1/6 4891/1/6
f 4899/1/6 4892/1/6 4884/1/6
f 4900/1/6 4892/1/6 4899/1/6
f 4901/1/6 4892/1/6 4900/1/6
f 4902/1/6 4892/1/6 4901/1/6
f 4903/1/6 4892/1/6 4902/1/6
f 4904/1/6 4892/1/6 4903/1/6
f 4908/1/6 4851/1/6 4850/1/6
f 4909/6/6 4897/6/6 4896/6/6
f 4910/6/6 4897/6/6 4909/6/6
f 4911/6/6 4899/6/6 4898/6/6
f 4913/2/6 4902/2/6 4901/2/6
f 4914/2/6 4902/2/6 4913/2/6
f 4916/6/6 4905/6/6 4904/6/6
f 4917/6/6 4905/6/6 4916/6/6
f 4918/6/6 4907/6/6 4906/6/6
f 4919/1/6 4857/1/6 4856/1/6
f 4920/1/6 4857/1/6 4919/1/6
f 4921/1/6 4909/1/6 4908/1/6
f 4921/1/6 4908/1/6 4850/1/6
f 4922/4/6 4910/4/6 4909/4/6
f 4922/1/6 4909/1/6 4921/1/6
f 4923/4/6 4911/4/6 4898/4/6
f 4924/1/6 4912/1/6 4911/1/6
f 4924/4/6 4911/4/6 4923/4/6
f 4925/1/6 4912/1/6 4924/1/6
f 4925/5/6 4913/5/6 4912/5/6
f 4925/5/6 4914/5/6 4913/5/6
f 4925/5/6 4915/5/6 4914/5/6
f 4926/5/6 4915/5/6 4925/5/6
f 4926/1/6 4916/1/6 4915/1/6
f 4927/4/6 4917/4/6 4916/4/6
f 4927/1/6 4916/1/6 4926/1/6
f 4928/4/6 4918/4/6 4906/4/6
f 4929/1/6 4919/1/6 4918/1/6
f 4929/4/6 4918/4/6 4928/4/6
f 4920/1/6 4919/1/6 4929/1/6
f 4930/5/6 4926/5/6 4925/5/6
f 4931/5/6 4926/5/6 4930/5/6
f 4932/5/6 4926/5/6 4931/5/6
f 4933/5/6 4926/5/6 4932/5/6
f 4934/5/6 4926/5/6 4933/5/6
f 4935/5/6 4926/5/6 4934/5/6
f 4936/5/6 4926/5/6 4935/5/6
f 4937/5/6 4926/5/6 4936/5/6
f 4938/5/6 4930/5/6 4925/5/6
f 4939/5/6 4932/5/6 4931/5/6
f 4940/5/6 4932/5/6 4939/5/6
f 4941/5/6 4934/5/6 4933/5/6
f 4942/5/6 4934/5/6 4941/5/6
f 4943/5/6 4936/5/6 4935/5/6
f 4944/5/6 4936/5/6 4943/5/6
f 4945/5/6 4926/5/6 4937/5/6
f 4946/5/6 4944/5/6 4943/5/6
f 4946/5/6 4945/5/6 4944/5/6
f 4946/5/6 4942/5/6 4941/5/6
f 4946/5/6 4938/5/6 4925/5/6
f 4946/5/6 4943/5/6 4942/5/6
f 4946/5/6 4940/5/6 4939/5/6
f 4946/5/6 4941/5/6 4940/5/6
f 4946/5/6 4939/5/6 4938/5/6
f 4947/5/6 4926/5/6 4945/5/6
f 4947/5/6 4945/5/6 4946/5/6
f 4950/3/6 4949/3/6 4948/3/6
f 4951/3/6 4949/3/6 4950/3/6
f 4962/6/6 4953/6/6 4952/6/6
f 4963/6/6 4953/6/6 4962/6/6
f 4964/1/6 4955/1/6 4954/1/6
f 4965/1/6 4955/1/6 4964/1/6
f 4965/1/6 4956/1/6 4955/1/6
f 4966/1/6 4956/1/6 4965/1/6
f 4966/1/6 4957/1/6 4956/1/6
f 4967/1/6 4957/1/6 4966/1/6
f 4967/1/6 4958/1/6 4957/1/6
f 4968/1/6 4958/1/6 4967/1/6
f 4968/1/6 4959/1/6 4958/1/6
f 4969/1/6 4959/1/6 4968/1/6
f 4970/6/6 4961/6/6 4960/6/6
f 4971/6/6 4961/6/6 4970/6/6
f 4979/6/6 4973/6/6 4972/6/6
f 4980/6/6 4973/6/6 4979/6/6
f 4981/1/6 4975/1/6 4974/1/6
f 4982/1/6 4975/1/6 4981/1/6
f 4983/1/6 4975/1/6 4982/1/6
f 4983/1/6 4976/1/6 4975/1/6
f 4984/1/6 4976/1/6 4983/1/6
f 4985/1/6 4976/1/6 4984/1/6
f 4986/6/6 4978/6/6 4977/6/6
f 4987/6/6 4978/6/6 4986/6/6
f 4990/3/6 4989/3/6 4988/3/6
f 4992/3/6 4990/3/6 4991/3/6
f 4993/3/6 4989/3/6 4990/3/6
f 4993/3/6 4990/3/6 4992/3/6
f 4998/5/6 4995/5/6 4994/5/6
f 4999/5/6 4995/5/6 4998/5/6
f 5000/5/6 4997/5/6 4996/5/6
f 5001/5/6 4997/5/6 5000/5/6
f 5008/3/6 5003/3/6 5002/3/6
f 5009/3/6 5003/3/6 5008/3/6
f 5010/4/6 5005/4/6 5004/4/6
f 5011/4/6 5005/4/6 5010/4/6
f 5012/4/6 5007/4/6 5006/4/6
f 5013/4/6 5007/4/6 5012/4/6
f 5014/3/6 5003/3/6 5009/3/6
f 5015/3/6 5003/3/6 5014/3/6
f 5020/6/6 5017/6/6 5016/6/6
f 5021/4/6 5020/4/6 5016/4/6
f 5022/4/6 5019/4/6 5018/4/6
f 5023/4/6 5019/4/6 5022/4/6
f 5026/3/6 5025/3/6 5024/3/6
f 5027/3/6 5025/3/6 5026/3/6
f 5035/1/6 5029/1/6 5028/1/6
f 5035/1/6 5030/1/6 5029/1/6
f 5036/1/6 5030/1/6 5035/1/6
f 5036/1/6 5031/1/6 5030/1/6
f 5037/1/6 5031/1/6 5036/1/6
f 5037/1/6 5032/1/6 5031/1/6
f 5038/1/6 5032/1/6 5037/1/6
f 5039/1/6 5032/1/6 5038/1/6
f 5039/1/6 5033/1/6 5032/1/6
f 5039/1/6 5034/1/6 5033/1/6
f 5040/1/6 5035/1/6 5028/1/6
f 5040/1/6 5038/1/6 5037/1/6
f 5040/1/6 5036/1/6 5035/1/6
f 5040/1/6 5037/1/6 5036/1/6
f 5041/1/6 5038/1/6 5040/1/6
f 5042/1/6 5038/1/6 5041/1/6
f 5042/1/6 5039/1/6 5038/1/6
f 5043/1/6 5034/1/6 5039/1/6
f 5043/1/6 5039/1/6 5042/1/6
f 5048/3/6 5045/3/6 5044/3/6
f 5049/3/6 5045/3/6 5048/3/6
f 5050/3/6 5047/3/6 5046/3/6
f 5051/3/6 5047/3/6 5050/3/6
f 5054/3/6 5053/3/6 5052/3/6
f 5055/3/6 5053/3/6 5054/3/6
f 5072/2/6 5069/2/6 5068/2/6
f 5074/2/6 5057/2/6 5056/2/6
f 5074/5/6 5056/5/6 5073/5/6
f 5076/2/6 5059/2/6 5058/2/6
f 5076/5/6 5058/5/6 5075/5/6
f 5078/5/6 5061/5/6 5060/5/6
f 5078/2/6 5060/2/6 5077/2/6
f 5079/5/6 5063/5/6 5062/5/6
f 5080/5/6 5063/5/6 5079/5/6
f 5082/5/6 5065/5/6 5064/5/6
f 5082/2/6 5064/2/6 5081/2/6
f 5084/2/6 5067/2/6 5066/2/6
f 5084/5/6 5066/5/6 5083/5/6
f 5085/5/6 5072/5/6 5068/5/6
f 5087/5/6 5071/5/6 5070/5/6
f 5087/2/6 5070/2/6 5086/2/6
f 5092/2/6 5089/2/6 5088/2/6
f 5093/2/6 5091/2/6 5090/2/6
f 5094/2/6 5092/2/6 5088/2/6
f 5095/2/6 5091/2/6 5093/2/6
f 5100/2/6 5097/2/6 5096/2/6
f 5101/2/6 5097/2/6 5100/2/6
f 5102/2/6 5099/2/6 5098/2/6
f 5103/2/6 5099/2/6 5102/2/6
f 5108/2/6 5105/2/6 5104/2/6
f 5109/2/6 5105/2/6 5108/2/6
f 5111/2/6 5107/2/6 5106/2/6
f 5111/5/6 5106/5/6 5110/5/6
f 5129/2/6 5113/2/6 5112/2/6
f 5129/5/6 5112/5/6 5128/5/6
f 5130/2/6 5115/2/6 5114/2/6
f 5131/5/6 5117/5/6 5116/5/6
f 5132/5/6 5117/5/6 5131/5/6
f 5134/2/6 5119/2/6 5118/2/6
f 5134/5/6 5118/5/6 5133/5/6
f 5135/5/6 5121/5/6 5120/5/6
f 5136/5/6 5121/5/6 5135/5/6
f 5137/2/6 5123/2/6 5122/2/6
f 5138/5/6 5125/5/6 5124/5/6
f 5139/5/6 5125/5/6 5138/5/6
f 5140/2/6 5127/2/6 5126/2/6
f 5141/2/6 5115/2/6 5130/2/6
f 5142/2/6 5123/2/6 5137/2/6
f 5143/2/6 5140/2/6 5126/2/6
f 5146/3/6 5145/3/6 5144/3/6
f 5147/3/6 5145/3/6 5146/3/6
f 5150/3/6 5149/3/6 5148/3/6
f 5151/3/6 5149/3/6 5150/3/6
f 5152/1/8 5153/1/8 5158/1/8
f 5153/1/8 5154/1/8 5158/1/8
f 5155/1/8 5156/1/8 5159/1/8
f 5156/1/8 5157/1/8 5159/1/8
f 5158/3/8 5154/3/8 5160/3/8
f 5155/1/8 5159/1/8 5161/1/8
f 5159/1/8 5157/1/8 5162/1/8
f 5161/1/8 5159/1/8 5162/1/8
f 5162/1/8 5157/1/8 5163/1/8
f 5158/1/8 5160/1/8 5165/1/8
f 5152/1/8 5158/1/8 5165/1/8
f 5165/1/8 5160/1/8 5166/1/8
f 5162/1/8 5163/1/8 5168/1/8
f 5161/1/8 5162/1/8 5168/1/8
f 5155/1/8 5161/1/8 5168/1/8
f 5168/1/8 5163/1/8 5169/1/8
f 5164/1/8 5165/1/8 5171/1/8
f 5171/1/8 5165/1/8 5172/1/8
f 5167/1/8 5168/1/8 5173/1/8
f 5168/1/8 5169/1/8 5174/1/8
f 5169/1/8 5170/1/8 5175/1/8
f 5164/1/8 5171/1/8 5176/1/8
f 5165/1/8 5166/1/8 5172/1/8
f 5172/1/8 5166/1/8 5177/1/8
f 5166/1/8 5167/1/8 5177/1/8
f 5167/1/8 5173/1/8 5177/1/8
f 5177/1/8 5173/1/8 5178/1/8
f 5173/1/8 5168/1/8 5178/1/8
f 5168/1/8 5174/1/8 5178/1/8
f 5178/1/8 5174/1/8 5179/1/8
f 5174/1/8 5169/1/8 5179/1/8
f 5169/1/8 5175/1/8 5179/1/8
f 5179/1/8 5175/1/8 5180/1/8
f 5175/1/8 5170/1/8 5180/1/8
f 5180/1/8 5170/1/8 5181/1/8
f 5177/3/8 5178/3/8 5176/3/8
f 5180/3/8 5181/3/8 5176/3/8
f 5179/3/8 5180/3/8 5176/3/8
f 5172/3/8 5177/3/8 5176/3/8
f 5171/3/8 5172/3/8 5176/3/8
f 5178/3/8 5179/3/8 5176/3/8
f 5176/3/8 5181/3/8 5182/3/8
f 5182/3/8 5181/3/8 5183/3/8
f 5183/3/8 5181/3/8 5184/3/8
f 5184/3/8 5181/3/8 5185/3/8
f 5181/1/8 5170/1/8 5186/1/8
f 5185/3/8 5181/3/8 5186/3/8
f 5182/3/8 5183/3/8 5187/3/8
f 5184/3/8 5185/3/8 5190/3/8
f 5182/3/8 5187/3/8 5188/3/8
f 5190/3/8 5185/3/8 5191/3/8
f 5189/1/8 5190/1/8 5194/1/8
f 5187/1/8 5189/1/8 5194/1/8
f 5194/1/8 5190/1/8 5195/1/8
f 5195/1/8 5196/1/8 5198/1/8
f 5196/1/8 5197/1/8 5198/1/8
f 5193/1/8 5194/1/8 5198/1/8
f 5192/1/8 5193/1/8 5198/1/8
f 5194/1/8 5195/1/8 5198/1/8
f 5198/1/8 5197/1/8 5199/1/8
f 5192/1/8 5198/1/8 5200/1/8
f 5198/1/8 5199/1/8 5201/1/8
f 5198/1/8 5201/1/8 5200/1/8
f 5186/1/8 5170/1/8 5202/1/8
f 5201/1/8 5199/1/8 5203/1/8
f 5200/1/8 5201/1/8 5203/1/8
f 5199/1/8 5197/1/8 5203/1/8
f 5200/1/8 5203/1/8 5204/1/8
f 5204/1/8 5203/1/8 5205/1/8
f 5200/1/8 5204/1/8 5206/1/8
f 5204/1/8 5205/1/8 5207/1/8
f 5207/1/8 5205/1/8 5208/1/8
f 5202/1/8 5170/1/8 5209/1/8
f 5209/1/8 5170/1/8 5210/1/8
f 5206/1/8 5204/1/8 5211/1/8
f 5204/1/8 5207/1/8 5211/1/8
f 5205/1/8 5203/1/8 5212/1/8
f 5208/1/8 5205/1/8 5212/1/8
f 5212/1/8 5203/1/8 5213/1/8
f 5200/1/8 5206/1/8 5214/1/8
f 5206/1/8 5211/1/8 5214/1/8
f 5214/1/8 5211/1/8 5215/1/8
f 5211/1/8 5207/1/8 5216/1/8
f 5211/1/8 5216/1/8 5215/1/8
f 5212/1/8 5213/1/8 5216/1/8
f 5208/1/8 5212/1/8 5216/1/8
f 5207/1/8 5208/1/8 5216/1/8
f 5214/1/8 5215/1/8 5217/1/8
f 5215/1/8 5216/1/8 5217/1/8
f 5200/1/8 5214/1/8 5217/1/8
f 5164/1/8 5176/1/8 5218/1/8
f 5217/1/8 5216/1/8 5219/1/8
f 5216/1/8 5213/1/8 5220/1/8
f 5219/1/8 5216/1/8 5220/1/8
f 5200/1/8 5217/1/8 5221/1/8
f 5192/1/8 5200/1/8 5221/1/8
f 5217/1/8 5219/1/8 5221/1/8
f 5219/1/8 5220/1/8 5222/1/8
f 5220/1/8 5213/1/8 5223/1/8
f 5222/1/8 5220/1/8 5223/1/8
f 5223/1/8 5213/1/8 5224/1/8
f 5219/1/8 5222/1/8 5225/1/8
f 5192/1/8 5221/1/8 5226/1/8
f 5221/1/8 5219/1/8 5226/1/8
f 5219/1/8 5225/1/8 5226/1/8
f 5226/1/8 5225/1/8 5227/1/8
f 5227/1/8 5225/1/8 5228/1/8
f 5223/1/8 5224/1/8 5225/1/8
f 5222/1/8 5223/1/8 5225/1/8
f 5225/1/8 5224/1/8 5229/1/8
f 5229/1/8 5224/1/8 5230/1/8
f 5230/1/8 5224/1/8 5231/1/8
f 5224/1/8 5213/1/8 5232/1/8
f 5231/1/8 5224/1/8 5232/1/8
f 5213/1/8 5203/1/8 5232/1/8
f 5203/1/8 5197/1/8 5233/1/8
f 5232/1/8 5203/1/8 5233/1/8
f 5228/1/8 5225/1/8 5235/1/8
f 5225/1/8 5229/1/8 5235/1/8
f 5235/1/8 5229/1/8 5236/1/8
f 5229/1/8 5230/1/8 5236/1/8
f 5236/1/8 5230/1/8 5237/1/8
f 5237/3/8 5238/3/8 5242/3/8
f 5218/3/8 5176/3/8 5239/3/8
f 5234/3/8 5235/3/8 5240/3/8
f 5240/3/8 5235/3/8 5241/3/8
f 5242/3/8 5238/3/8 5243/3/8
f 5186/3/8 5202/3/8 5244/3/8
f 5202/1/8 5209/1/8 5244/1/8
f 5209/1/8 5210/1/8 5244/1/8
f 5243/3/8 5244/3/8 5245/3/8
f 5242/3/8 5243/3/8 5245/3/8
f 5240/3/8 5241/3/8 5245/3/8
f 5241/3/8 5242/3/8 5245/3/8
f 5239/3/8 5240/3/8 5245/3/8
f 5245/3/8 5244/3/8 5246/3/8
f 5245/1/8 5246/1/8 5247/1/8
f 5247/1/8 5246/1/8 5248/1/8
f 5248/1/8 5246/1/8 5249/1/8
f 5246/1/8 5244/1/8 5250/1/8
f 5250/1/8 5244/1/8 5251/1/8
f 5251/1/8 5244/1/8 5252/1/8
f 5252/1/8 5244/1/8 5253/1/8
f 5164/1/8 5218/1/8 5254/1/8
f 5218/1/8 5239/1/8 5254/1/8
f 5239/1/8 5245/1/8 5254/1/8
f 5245/1/8 5247/1/8 5254/1/8
f 5254/1/8 5247/1/8 5255/1/8
f 5247/1/8 5248/1/8 5255/1/8
f 5246/1/8 5250/1/8 5249/1/8
f 5249/1/8 5250/1/8 5256/1/8
f 5250/1/8 5251/1/8 5256/1/8
f 5256/1/8 5251/1/8 5257/1/8
f 5251/1/8 5252/1/8 5257/1/8
f 5244/1/8 5210/1/8 5258/1/8
f 5253/1/8 5244/1/8 5258/1/8
f 5248/1/8 5249/1/8 5259/1/8
f 5248/1/8 5259/1/8 5260/1/8
f 5260/1/8 5259/1/8 5261/1/8
f 5259/1/8 5249/1/8 5262/1/8
f 5261/1/8 5259/1/8 5262/1/8
f 5252/1/8 5253/1/8 5263/1/8
f 5263/1/8 5253/1/8 5264/1/8
f 5265/2/8 5266/2/8 5273/2/8
f 5273/2/8 5266/2/8 5274/2/8
f 5267/2/8 5268/2/8 5275/2/8
f 5275/2/8 5268/2/8 5276/2/8
f 5269/2/8 5270/2/8 5277/2/8
f 5277/2/8 5270/2/8 5278/2/8
f 5271/2/8 5272/2/8 5279/2/8
f 5279/2/8 5272/2/8 5280/2/8
f 5281/2/8 5282/2/8 5289/2/8
f 5289/2/8 5282/2/8 5290/2/8
f 5283/2/8 5284/2/8 5291/2/8
f 5291/2/8 5284/2/8 5292/2/8
f 5285/2/8 5286/2/8 5293/2/8
f 5293/2/8 5286/2/8 5294/2/8
f 5287/2/8 5288/2/8 5295/2/8
f 5295/2/8 5288/2/8 5296/2/8
f 5297/3/8 5298/3/8 5299/3/8
f 5299/3/8 5298/3/8 5300/3/8
f 5301/3/8 5302/3/8 5303/3/8
f 5303/3/8 5302/3/8 5304/3/8
f 5305/3/8 5306/3/8 5307/3/8
f 5307/3/8 5306/3/8 5308/3/8
f 5305/3/8 5307/3/8 5309/3/8
f 5309/3/8 5307/3/8 5310/3/8
f 5311/4/8 5312/4/8 5315/4/8
f 5315/4/8 5312/4/8 5316/4/8
f 5313/6/8 5314/6/8 5317/6/8
f 5317/4/8 5314/4/8 5318/4/8
f 5319/3/8 5320/3/8 5321/3/8
f 5321/3/8 5320/3/8 5322/3/8
f 5323/3/8 5324/3/8 5325/3/8
f 5325/3/8 5324/3/8 5326/3/8
f 5329/3/8 5330/3/8 5331/3/8
f 5331/3/8 5330/3/8 5332/3/8
f 5327/5/8 5328/5/8 5333/5/8
f 5333/5/8 5328/5/8 5334/5/8
f 5335/5/8 5336/5/8 5339/5/8
f 5339/5/8 5336/5/8 5340/5/8
f 5337/5/8 5338/5/8 5341/5/8
f 5341/5/8 5338/5/8 5342/5/8
f 5343/3/8 5344/3/8 5347/3/8
f 5345/5/8 5346/5/8 5349/5/8
f 5349/5/8 5346/5/8 5350/5/8
f 5347/3/8 5348/3/8 5353/3/8
f 5343/3/8 5347/3/8 5353/3/8
f 5353/3/8 5348/3/8 5354/3/8
f 5351/3/8 5352/3/8 5355/3/8
f 5355/3/8 5352/3/8 5356/3/8
f 5357/2/8 5358/2/8 5365/2/8
f 5365/2/8 5358/2/8 5366/2/8
f 5359/2/8 5360/2/8 5367/2/8
f 5367/2/8 5360/2/8 5368/2/8
f 5361/2/8 5362/2/8 5369/2/8
f 5369/2/8 5362/2/8 5370/2/8
f 5363/2/8 5364/2/8 5371/2/8
f 5371/2/8 5364/2/8 5372/2/8
f 5373/2/8 5374/2/8 5381/2/8
f 5381/2/8 5374/2/8 5382/2/8
f 5375/2/8 5376/2/8 5383/2/8
f 5383/2/8 5376/2/8 5384/2/8
f 5377/2/8 5378/2/8 5385/2/8
f 5385/2/8 5378/2/8 5386/2/8
f 5379/2/8 5380/2/8 5387/2/8
f 5387/2/8 5380/2/8 5388/2/8
f 5389/1/8 5390/1/8 5399/1/8
f 5399/1/8 5390/1/8 5400/1/8
f 5391/1/8 5392/1/8 5402/1/8
f 5401/4/8 5391/4/8 5402/4/8
f 5392/1/8 5393/1/8 5402/1/8
f 5402/1/8 5393/1/8 5403/1/8
f 5394/1/8 5395/1/8 5404/1/8
f 5404/1/8 5395/1/8 5405/1/8
f 5396/1/8 5397/1/8 5406/1/8
f 5406/1/8 5397/1/8 5407/1/8
f 5397/1/8 5398/1/8 5407/1/8
f 5407/1/8 5398/1/8 5408/1/8
f 5389/1/8 5399/1/8 5409/1/8
f 5409/1/8 5399/1/8 5410/1/8
f 5408/1/8 5398/1/8 5411/1/8
f 5411/1/8 5398/1/8 5412/1/8
f 5410/5/8 5413/5/8 5416/5/8
f 5416/5/8 5413/5/8 5417/5/8
f 5414/5/8 5411/5/8 5418/5/8
f 5418/5/8 5411/5/8 5419/5/8
f 5415/1/8 5416/1/8 5421/1/8
f 5419/1/8 5420/1/8 5429/1/8
f 5415/1/8 5421/1/8 5430/1/8
f 5421/1/8 5422/1/8 5430/1/8
f 5430/1/8 5422/1/8 5431/1/8
f 5423/1/8 5424/1/8 5432/1/8
f 5432/1/8 5424/1/8 5433/1/8
f 5425/1/8 5426/1/8 5434/1/8
f 5434/1/8 5426/1/8 5435/1/8
f 5426/1/8 5427/1/8 5435/1/8
f 5435/1/8 5427/1/8 5436/1/8
f 5428/1/8 5429/1/8 5437/1/8
f 5429/1/8 5420/1/8 5438/1/8
f 5437/1/8 5429/1/8 5438/1/8
f 5439/5/8 5440/5/8 5443/5/8
f 5443/5/8 5440/5/8 5444/5/8
f 5441/5/8 5442/5/8 5445/5/8
f 5445/5/8 5442/5/8 5446/5/8
f 5447/2/8 5448/2/8 5449/2/8
f 5449/2/8 5448/2/8 5450/2/8
f 5450/2/8 5448/2/8 5451/2/8
f 5451/2/8 5448/2/8 5452/2/8
f 5452/2/8 5448/2/8 5453/2/8
f 5453/2/8 5448/2/8 5454/2/8
f 5454/2/8 5448/2/8 5455/2/8
f 5455/2/8 5448/2/8 5456/2/8
f 5447/2/8 5449/2/8 5457/2/8
f 5450/2/8 5451/2/8 5458/2/8
f 5458/2/8 5451/2/8 5459/2/8
f 5452/2/8 5453/2/8 5460/2/8
f 5460/2/8 5453/2/8 5461/2/8
f 5454/2/8 5455/2/8 5462/2/8
f 5462/2/8 5455/2/8 5463/2/8
f 5456/2/8 5448/2/8 5464/2/8
f 5447/2/8 5457/2/8 5467/2/8
f 5457/2/8 5458/2/8 5467/2/8
f 5467/2/8 5458/2/8 5468/2/8
f 5463/2/8 5464/2/8 5469/2/8
f 5464/2/8 5448/2/8 5469/2/8
f 5469/2/8 5448/2/8 5470/2/8
f 5465/3/8 5466/3/8 5471/3/8
f 5471/3/8 5466/3/8 5472/3/8
f 5473/2/8 5474/2/8 5481/2/8
f 5481/2/8 5474/2/8 5482/2/8
f 5475/2/8 5476/2/8 5483/2/8
f 5483/2/8 5476/2/8 5484/2/8
f 5477/2/8 5478/2/8 5485/2/8
f 5485/2/8 5478/2/8 5486/2/8
f 5479/2/8 5480/2/8 5487/2/8
f 5487/2/8 5480/2/8 5488/2/8
f 5489/5/8 5490/5/8 5493/5/8
f 5493/5/8 5490/5/8 5494/5/8
f 5491/5/8 5492/5/8 5495/5/8
f 5495/5/8 5492/5/8 5496/5/8
f 5497/2/8 5498/2/8 5505/2/8
f 5505/2/8 5498/2/8 5506/2/8
f 5499/2/8 5500/2/8 5507/2/8
f 5507/2/8 5500/2/8 5508/2/8
f 5501/2/8 5502/2/8 5509/2/8
f 5509/2/8 5502/2/8 5510/2/8
f 5503/2/8 5504/2/8 5511/2/8
f 5511/2/8 5504/2/8 5512/2/8
f 5513/2/8 5514/2/8 5517/2/8
f 5517/2/8 5514/2/8 5518/2/8
f 5515/2/8 5516/2/8 5523/2/8
f 5523/2/8 5516/2/8 5524/2/8
f 5513/2/8 5517/2/8 5525/2/8
f 5518/2/8 5519/2/8 5526/2/8
f 5526/2/8 5519/2/8 5527/2/8
f 5520/2/8 5521/2/8 5528/2/8
f 5528/2/8 5521/2/8 5529/2/8
f 5522/2/8 5523/2/8 5530/2/8
f 5530/2/8 5523/2/8 5531/2/8
f 5524/2/8 5516/2/8 5532/2/8
f 5526/2/8 5527/2/8 5533/2/8
f 5531/2/8 5532/2/8 5533/2/8
f 5513/2/8 5525/2/8 5533/2/8
f 5530/2/8 5531/2/8 5533/2/8
f 5529/2/8 5530/2/8 5533/2/8
f 5528/2/8 5529/2/8 5533/2/8
f 5527/2/8 5528/2/8 5533/2/8
f 5525/2/8 5526/2/8 5533/2/8
f 5532/2/8 5516/2/8 5534/2/8
f 5533/2/8 5532/2/8 5534/2/8
f 5535/3/8 5536/3/8 5537/3/8
f 5537/3/8 5536/3/8 5538/3/8
f 5539/2/8 5540/2/8 5543/2/8
f 5543/2/8 5540/2/8 5544/2/8
f 5544/2/8 5540/2/8 5545/2/8
f 5545/2/8 5540/2/8 5546/2/8
f 5541/2/8 5542/2/8 5547/2/8
f 5547/2/8 5542/2/8 5548/2/8
f 5548/2/8 5542/2/8 5549/2/8
f 5549/2/8 5542/2/8 5550/2/8
f 5544/2/8 5545/2/8 5551/2/8
f 5551/2/8 5545/2/8 5552/2/8
f 5548/2/8 5549/2/8 5553/2/8
f 5553/2/8 5549/2/8 5554/2/8
f 5555/5/8 5556/5/8 5559/5/8
f 5559/5/8 5556/5/8 5560/5/8
f 5557/5/8 5558/5/8 5561/5/8
f 5561/5/8 5558/5/8 5562/5/8
f 5563/2/8 5564/2/8 5568/2/8
f 5568/2/8 5564/2/8 5569/2/8
f 5565/2/8 5566/2/8 5572/2/8
f 5572/2/8 5566/2/8 5573/2/8
f 5569/2/8 5570/2/8 5575/2/8
f 5567/2/8 5568/2/8 5575/2/8
f 5568/2/8 5569/2/8 5575/2/8
f 5575/2/8 5570/2/8 5576/2/8
f 5573/2/8 5574/2/8 5577/2/8
f 5572/2/8 5573/2/8 5577/2/8
f 5571/2/8 5572/2/8 5577/2/8
f 5577/2/8 5574/2/8 5578/2/8
f 5579/3/8 5580/3/8 5583/3/8
f 5583/3/8 5580/3/8 5584/3/8
f 5581/3/8 5582/3/8 5585/3/8
f 5585/3/8 5582/3/8 5586/3/8
f 5587/3/8 5588/3/8 5589/3/8
f 5589/3/8 5588/3/8 5590/3/8
f 5586/3/8 5582/3/8 5591/3/8
f 5591/3/8 5582/3/8 5592/3/8
f 5593/3/8 5594/3/8 5595/3/8
f 5595/3/8 5594/3/8 5596/3/8
f 5597/2/8 5598/2/8 5601/2/8
f 5601/2/8 5598/2/8 5602/2/8
f 5602/2/8 5598/2/8 5603/2/8
f 5603/2/8 5598/2/8 5604/2/8
f 5599/2/8 5600/2/8 5605/2/8
f 5605/2/8 5600/2/8 5606/2/8
f 5606/2/8 5600/2/8 5607/2/8
f 5607/2/8 5600/2/8 5608/2/8
f 5602/2/8 5603/2/8 5609/2/8
f 5609/2/8 5603/2/8 5610/2/8
f 5606/2/8 5607/2/8 5611/2/8
f 5611/2/8 5607/2/8 5612/2/8
f 5613/5/8 5614/5/8 5617/5/8
f 5617/5/8 5614/5/8 5618/5/8
f 5615/5/8 5616/5/8 5619/5/8
f 5619/5/8 5616/5/8 5620/5/8
f 5621/3/8 5622/3/8 5623/3/8
f 5623/3/8 5622/3/8 5624/3/8
f 5625/2/8 5626/2/8 5630/2/8
f 5630/2/8 5626/2/8 5631/2/8
f 5627/2/8 5628/2/8 5634/2/8
f 5634/2/8 5628/2/8 5635/2/8
f 5631/2/8 5632/2/8 5637/2/8
f 5629/2/8 5630/2/8 5637/2/8
f 5630/2/8 5631/2/8 5637/2/8
f 5637/2/8 5632/2/8 5638/2/8
f 5635/2/8 5636/2/8 5639/2/8
f 5634/2/8 5635/2/8 5639/2/8
f 5633/2/8 5634/2/8 5639/2/8
f 5639/2/8 5636/2/8 5640/2/8
f 5641/2/8 5642/2/8 5649/2/8
f 5649/2/8 5642/2/8 5650/2/8
f 5643/2/8 5644/2/8 5651/2/8
f 5651/2/8 5644/2/8 5652/2/8
f 5645/2/8 5646/2/8 5653/2/8
f 5653/2/8 5646/2/8 5654/2/8
f 5647/2/8 5648/2/8 5655/2/8
f 5655/2/8 5648/2/8 5656/2/8
f 5657/2/8 5658/2/8 5665/2/8
f 5665/2/8 5658/2/8 5666/2/8
f 5659/2/8 5660/2/8 5667/2/8
f 5667/2/8 5660/2/8 5668/2/8
f 5661/2/8 5662/2/8 5669/2/8
f 5669/2/8 5662/2/8 5670/2/8
f 5663/2/8 5664/2/8 5671/2/8
f 5671/2/8 5664/2/8 5672/2/8
f 5673/3/8 5674/3/8 5675/3/8
f 5675/3/8 5674/3/8 5676/3/8
f 5677/3/8 5678/3/8 5681/3/8
f 5679/3/8 5680/3/8 5682/3/8
f 5682/3/8 5680/3/8 5683/3/8
f 5677/3/8 5681/3/8 5684/3/8
f 5677/3/8 5684/3/8 5686/3/8
f 5684/3/8 5685/3/8 5686/3/8
f 5686/3/8 5685/3/8 5687/3/8
f 5688/4/8 5689/4/8 5692/4/8
f 5692/4/8 5689/4/8 5693/4/8
f 5690/4/8 5691/4/8 5694/4/8
f 5694/4/8 5691/4/8 5695/4/8
f 5696/3/8 5697/3/8 5698/3/8
f 5698/3/8 5697/3/8 5699/3/8
f 5700/5/8 5701/5/8 5704/5/8
f 5704/5/8 5701/5/8 5705/5/8
f 5702/5/8 5703/5/8 5706/5/8
f 5706/5/8 5703/5/8 5707/5/8
f 5708/3/8 5709/3/8 5710/3/8
f 5710/3/8 5709/3/8 5711/3/8
f 5712/3/8 5713/3/8 5714/3/8
f 5714/3/8 5713/3/8 5715/3/8
f 5716/2/8 5717/2/8 5724/2/8
f 5724/2/8 5717/2/8 5725/2/8
f 5718/2/8 5719/2/8 5726/2/8
f 5726/2/8 5719/2/8 5727/2/8
f 5720/2/8 5721/2/8 5728/2/8
f 5728/2/8 5721/2/8 5729/2/8
f 5722/2/8 5723/2/8 5730/2/8
f 5730/2/8 5723/2/8 5731/2/8
f 5732/2/8 5733/2/8 5740/2/8
f 5740/2/8 5733/2/8 5741/2/8
f 5734/2/8 5735/2/8 5742/2/8
f 5742/2/8 5735/2/8 5743/2/8
f 5736/2/8 5737/2/8 5744/2/8
f 5744/2/8 5737/2/8 5745/2/8
f 5738/2/8 5739/2/8 5746/2/8
f 5746/2/8 5739/2/8 5747/2/8
f 5748/5/8 5749/5/8 5752/5/8
f 5752/5/8 5749/5/8 5753/5/8
f 5750/5/8 5751/5/8 5754/5/8
f 5754/5/8 5751/5/8 5755/5/8
f 5756/2/8 5757/2/8 5760/2/8
f 5760/2/8 5757/2/8 5761/2/8
f 5761/2/8 5757/2/8 5762/2/8
f 5762/2/8 5757/2/8 5763/2/8
f 5758/2/8 5759/2/8 5764/2/8
f 5764/2/8 5759/2/8 5765/2/8
f 5765/2/8 5759/2/8 5766/2/8
f 5766/2/8 5759/2/8 5767/2/8
f 5761/2/8 5762/2/8 5768/2/8
f 5768/2/8 5762/2/8 5769/2/8
f 5765/2/8 5766/2/8 5770/2/8
f 5770/2/8 5766/2/8 5771/2/8
f 5772/3/8 5773/3/8 5774/3/8
f 5774/3/8 5773/3/8 5775/3/8
f 5776/3/8 5777/3/8 5780/3/8
f 5780/3/8 5777/3/8 5781/3/8
f 5778/3/8 5779/3/8 5782/3/8
f 5782/3/8 5779/3/8 5783/3/8
f 5784/2/8 5785/2/8 5789/2/8
f 5789/2/8 5785/2/8 5790/2/8
f 5786/2/8 5787/2/8 5793/2/8
f 5793/2/8 5787/2/8 5794/2/8
f 5790/2/8 5791/2/8 5796/2/8
f 5788/2/8 5789/2/8 5796/2/8
f 5789/2/8 5790/2/8 5796/2/8
f 5796/2/8 5791/2/8 5797/2/8
f 5793/2/8 5794/2/8 5798/2/8
f 5794/2/8 5795/2/8 5798/2/8
f 5792/2/8 5793/2/8 5798/2/8
f 5798/2/8 5795/2/8 5799/2/8
f 5800/3/8 5801/3/8 5802/3/8
f 5802/3/8 5801/3/8 5803/3/8
f 5803/3/8 5801/3/8 5804/3/8
f 5800/3/8 5802/3/8 5805/3/8
f 5805/3/8 5802/3/8 5806/3/8
f 5807/5/8 5808/5/8 5811/5/8
f 5811/5/8 5808/5/8 5812/5/8
f 5809/5/8 5810/5/8 5813/5/8
f 5813/5/8 5810/5/8 5814/5/8
f 5815/2/8 5816/2/8 5819/2/8
f 5819/2/8 5816/2/8 5820/2/8
f 5820/2/8 5816/2/8 5821/2/8
f 5821/2/8 5816/2/8 5822/2/8
f 5817/2/8 5818/2/8 5823/2/8
f 5823/2/8 5818/2/8 5824/2/8
f 5824/2/8 5818/2/8 5825/2/8
f 5825/2/8 5818/2/8 5826/2/8
f 5820/5/8 5821/5/8 5827/5/8
f 5827/5/8 5821/5/8 5828/5/8
f 5824/5/8 5825/5/8 5829/5/8
f 5829/5/8 5825/5/8 5830/5/8
f 5831/5/8 5832/5/8 5836/5/8
f 5836/5/8 5832/5/8 5837/5/8
f 5833/5/8 5834/5/8 5840/5/8
f 5840/5/8 5834/5/8 5841/5/8
f 5837/2/8 5838/2/8 5843/2/8
f 5835/2/8 5836/2/8 5843/2/8
f 5836/2/8 5837/2/8 5843/2/8
f 5843/2/8 5838/2/8 5844/2/8
f 5840/2/8 5841/2/8 5845/2/8
f 5841/2/8 5842/2/8 5845/2/8
f 5839/2/8 5840/2/8 5845/2/8
f 5845/2/8 5842/2/8 5846/2/8
f 5847/3/8 5848/3/8 5849/3/8
f 5849/3/8 5848/3/8 5850/3/8
f 5851/5/8 5852/5/8 5855/5/8
f 5855/5/8 5852/5/8 5856/5/8
f 5853/5/8 5854/5/8 5857/5/8
f 5857/5/8 5854/5/8 5858/5/8
f 5859/5/8 5860/5/8 5863/5/8
f 5863/5/8 5860/5/8 5864/5/8
f 5861/5/8 5862/5/8 5865/5/8
f 5865/5/8 5862/5/8 5866/5/8
f 5867/2/8 5868/2/8 5869/2/8
f 5869/2/8 5868/2/8 5870/2/8
f 5871/2/8 5872/2/8 5873/2/8
f 5873/2/8 5872/2/8 5874/2/8
f 5875/3/8 5876/3/8 5877/3/8
f 5877/3/8 5876/3/8 5878/3/8
f 5879/5/8 5880/5/8 5883/5/8
f 5883/5/8 5880/5/8 5884/5/8
f 5881/5/8 5882/5/8 5885/5/8
f 5885/5/8 5882/5/8 5886/5/8
f 5887/3/8 5888/3/8 5889/3/8
f 5889/3/8 5888/3/8 5890/3/8
f 5890/3/8 5888/3/8 5891/3/8
f 5891/3/8 5888/3/8 5892/3/8
f 5893/3/8 5894/3/8 5895/3/8
f 5895/3/8 5894/3/8 5897/3/8
f 5896/3/8 5897/3/8 5898/3/8
f 5897/3/8 5894/3/8 5899/3/8
f 5898/3/8 5897/3/8 5899/3/8
f 5900/3/8 5901/3/8 5902/3/8
f 5902/3/8 5901/3/8 5903/3/8
f 5904/3/8 5905/3/8 5908/3/8
f 5908/3/8 5905/3/8 5909/3/8
f 5906/3/8 5907/3/8 5910/3/8
f 5910/3/8 5907/3/8 5911/3/8
f 5912/3/8 5913/3/8 5914/3/8
f 5914/3/8 5913/3/8 5915/3/8
f 5916/2/8 5917/2/8 5932/2/8
f 5932/2/8 5917/2/8 5933/2/8
f 5918/2/8 5919/2/8 5934/2/8
f 5934/2/8 5919/2/8 5935/2/8
f 5920/2/8 5921/2/8 5936/2/8
f 5936/2/8 5921/2/8 5937/2/8
f 5922/2/8 5923/2/8 5938/2/8
f 5938/2/8 5923/2/8 5939/2/8
f 5924/2/8 5925/2/8 5940/2/8
f 5940/2/8 5925/2/8 5941/2/8
f 5926/2/8 5927/2/8 5942/2/8
f 5942/2/8 5927/2/8 5943/2/8
f 5928/2/8 5929/2/8 5944/2/8
f 5944/2/8 5929/2/8 5945/2/8
f 5930/2/8 5931/2/8 5946/2/8
f 5946/2/8 5931/2/8 5947/2/8
f 5948/2/8 5949/2/8 5952/2/8
f 5952/2/8 5949/2/8 5953/2/8
f 5950/2/8 5951/2/8 5954/2/8
f 5954/2/8 5951/2/8 5955/2/8
f 5956/2/8 5957/2/8 5960/2/8
f 5960/2/8 5957/2/8 5961/2/8
f 5958/2/8 5959/2/8 5962/2/8
f 5962/2/8 5959/2/8 5963/2/8
f 5964/2/8 5965/2/8 5968/2/8
f 5968/2/8 5965/2/8 5969/2/8
f 5966/2/8 5967/2/8 5970/2/8
f 5970/2/8 5967/2/8 5971/2/8
f 5972/2/8 5973/2/8 5988/2/8
f 5988/2/8 5973/2/8 5989/2/8
f 5974/2/8 5975/2/8 5990/2/8
f 5990/2/8 5975/2/8 5991/2/8
f 5976/2/8 5977/2/8 5992/2/8
f 5992/2/8 5977/2/8 5993/2/8
f 5978/2/8 5979/2/8 5994/2/8
f 5994/2/8 5979/2/8 5995/2/8
f 5980/2/8 5981/2/8 5996/2/8
f 5996/2/8 5981/2/8 5997/2/8
f 5982/2/8 5983/2/8 5998/2/8
f 5998/2/8 5983/2/8 5999/2/8
f 5984/2/8 5985/2/8 6000/2/8
f 6000/2/8 5985/2/8 6001/2/8
f 5986/2/8 5987/2/8 6002/2/8
f 6002/2/8 5987/2/8 6003/2/8
f 6004/3/8 6005/3/8 6006/3/8
f 6006/3/8 6005/3/8 6007/3/8
f 6008/5/8 6009/5/8 6010/5/8
f 6010/5/8 6009/5/8 6011/5/8
f 6008/2/8 6010/2/8 6012/2/8
f 6012/2/8 6010/2/8 6013/2/8
f 6013/2/8 6010/2/8 6014/2/8
f 6014/2/8 6010/2/8 6015/2/8
f 6015/2/8 6010/2/8 6016/2/8
f 6016/2/8 6010/2/8 6017/2/8
f 6017/2/8 6010/2/8 6018/2/8
f 6011/2/8 6009/2/8 6019/2/8
f 6008/5/8 6012/5/8 6020/5/8
f 6012/2/8 6013/2/8 6021/2/8
f 6020/5/8 6012/5/8 6021/5/8
f 6013/5/8 6014/5/8 6022/5/8
f 6021/2/8 6013/2/8 6022/2/8
f 6014/2/8 6015/2/8 6023/2/8
f 6022/5/8 6014/5/8 6023/5/8
f 6015/5/8 6016/5/8 6024/5/8
f 6023/2/8 6015/2/8 6024/2/8
f 6016/2/8 6017/2/8 6025/2/8
f 6024/5/8 6016/5/8 6025/5/8
f 6010/2/8 6011/2/8 6018/2/8
f 6018/2/8 6011/2/8 6026/2/8
f 6019/2/8 6009/2/8 6027/2/8
f 6027/2/8 6009/2/8 6028/2/8
f 6023/2/8 6024/2/8 6022/2/8
f 6024/2/8 6025/2/8 6022/2/8
f 6022/2/8 6025/2/8 6029/2/8
f 6029/2/8 6025/2/8 6030/2/8
f 6030/2/8 6025/2/8 6031/2/8
f 6031/2/8 6025/2/8 6032/2/8
f 6025/2/8 6017/2/8 6032/2/8
f 6017/2/8 6018/2/8 6032/2/8
f 6019/2/8 6027/2/8 6026/2/8
f 6011/2/8 6019/2/8 6026/2/8
f 6026/2/8 6027/2/8 6033/2/8
f 6020/2/8 6021/2/8 6034/2/8
f 6022/2/8 6029/2/8 6034/2/8
f 6021/2/8 6022/2/8 6034/2/8
f 6034/2/8 6029/2/8 6035/2/8
f 6030/2/8 6031/2/8 6036/2/8
f 6032/2/8 6018/2/8 6036/2/8
f 6031/2/8 6032/2/8 6036/2/8
f 6018/2/8 6026/2/8 6036/2/8
f 6026/2/8 6033/2/8 6036/2/8
f 6036/2/8 6033/2/8 6037/2/8
f 6037/2/8 6033/2/8 6038/2/8
f 6027/2/8 6028/2/8 6039/2/8
f 6033/5/8 6027/5/8 6039/5/8
f 6030/2/8 6036/2/8 6035/2/8
f 6029/2/8 6030/2/8 6035/2/8
f 6036/2/8 6037/2/8 6035/2/8
f 6035/2/8 6037/2/8 6040/2/8
f 6040/2/8 6037/2/8 6041/2/8
f 6041/2/8 6037/2/8 6042/2/8
f 6033/2/8 6039/2/8 6038/2/8
f 6038/2/8 6039/2/8 6043/2/8
f 6043/2/8 6039/2/8 6044/2/8
f 6034/2/8 6035/2/8 6045/2/8
f 6035/2/8 6040/2/8 6045/2/8
f 6037/2/8 6038/2/8 6046/2/8
f 6042/5/8 6037/5/8 6046/5/8
f 6038/2/8 6043/2/8 6046/2/8
f 6046/2/8 6043/2/8 6047/2/8
f 6039/2/8 6028/2/8 6048/2/8
f 6044/2/8 6039/2/8 6048/2/8
f 6028/5/8 6009/5/8 6049/5/8
f 6048/2/8 6028/2/8 6049/2/8
f 6040/2/8 6041/2/8 6050/2/8
f 6045/5/8 6040/5/8 6050/5/8
f 6046/2/8 6047/2/8 6050/2/8
f 6042/2/8 6046/2/8 6050/2/8
f 6041/2/8 6042/2/8 6050/2/8
f 6043/2/8 6044/2/8 6051/2/8
f 6047/5/8 6043/5/8 6051/5/8
f 6044/2/8 6048/2/8 6051/2/8
f 6048/5/8 6049/5/8 6052/5/9
f 6051/2/8 6048/2/8 6052/2/9
f 6049/5/8 6009/5/8 6053/5/8
f 6052/5/9 6049/5/8 6053/5/8
f 6020/2/8 6034/2/8 6054/2/8
f 6050/2/8 6047/2/8 6054/2/8
f 6052/2/9 6053/2/8 6054/2/8
f 6047/2/8 6051/2/8 6054/2/8
f 6045/2/8 6050/2/8 6054/2/8
f 6051/2/8 6052/2/9 6054/2/8
f 6034/2/8 6045/2/8 6054/2/8
f 6054/2/8 6053/2/8 6055/2/8
f 6020/2/8 6054/2/8 6056/2/8
f 6054/5/8 6055/5/8 6056/5/8
f 6056/5/8 6055/5/8 6057/5/8
f 6057/5/8 6055/5/8 6058/5/8
f 6055/2/8 6053/2/8 6059/2/8
f 6059/2/8 6053/2/8 6060/2/8
f 6060/2/8 6053/2/8 6061/2/8
f 6055/5/8 6059/5/8 6062/5/8
f 6058/2/8 6055/2/8 6062/2/8
f 6059/2/8 6060/2/8 6063/2/8
f 6063/2/8 6060/2/8 6064/2/8
f 6064/2/8 6060/2/8 6065/2/8
f 6065/2/8 6060/2/8 6066/2/8
f 6061/2/8 6053/2/8 6067/2/8
f 6053/5/8 6009/5/8 6068/5/8
f 6067/2/8 6053/2/8 6068/2/8
f 6058/2/8 6062/2/8 6069/2/8
f 6057/2/8 6058/2/8 6069/2/8
f 6062/2/8 6059/2/8 6069/2/8
f 6059/2/8 6063/2/8 6069/2/8
f 6069/2/8 6063/2/8 6070/2/8
f 6061/2/8 6067/2/8 6066/2/8
f 6060/2/8 6061/2/8 6066/2/8
f 6066/2/8 6067/2/8 6071/2/8
f 6057/2/8 6069/2/8 6072/2/8
f 6056/2/8 6057/2/8 6072/2/8
f 6072/2/8 6069/2/8 6073/2/8
f 6073/2/8 6069/2/8 6074/2/8
f 6069/5/8 6070/5/8 6075/5/8
f 6074/2/8 6069/2/8 6075/2/8
f 6070/2/8 6063/2/8 6076/2/8
f 6076/2/8 6063/2/8 6077/2/8
f 6077/2/8 6063/2/8 6078/2/8
f 6078/2/8 6063/2/8 6079/2/8
f 6063/5/8 6064/5/8 6080/5/8
f 6079/2/8 6063/2/8 6080/2/8
f 6064/2/8 6065/2/8 6080/2/8
f 6066/2/8 6071/2/8 6080/2/8
f 6065/2/8 6066/2/8 6080/2/8
f 6080/2/8 6071/2/8 6081/2/8
f 6081/2/8 6071/2/8 6082/2/8
f 6082/2/8 6071/2/8 6083/2/8
f 6070/5/8 6076/5/8 6084/5/8
f 6075/2/8 6070/2/8 6084/2/8
f 6076/2/8 6077/2/8 6085/2/8
f 6079/5/8 6080/5/8 6086/5/8
f 6080/2/8 6081/2/8 6086/2/8
f 6086/2/8 6081/2/8 6087/2/8
f 6081/5/8 6082/5/8 6088/5/8
f 6087/2/8 6081/2/8 6088/2/8
f 6071/2/8 6067/2/8 6089/2/8
f 6083/5/8 6071/5/8 6089/5/8
f 6008/5/8 6020/5/8 6090/5/8
f 6020/2/8 6056/2/8 6090/2/8
f 6072/2/8 6073/2/8 6090/2/8
f 6056/2/8 6072/2/8 6090/2/8
f 6084/2/8 6076/2/8 6090/2/8
f 6075/2/8 6084/2/8 6090/2/8
f 6074/2/8 6075/2/8 6090/2/8
f 6073/2/8 6074/2/8 6090/2/8
f 6077/2/8 6078/2/8 6085/2/8
f 6079/2/8 6086/2/8 6085/2/8
f 6078/2/8 6079/2/8 6085/2/8
f 6086/2/8 6087/2/8 6085/2/8
f 6083/2/8 6089/2/8 6088/2/8
f 6082/2/8 6083/2/8 6088/2/8
f 6089/2/8 6067/2/8 6091/2/8
f 6088/2/8 6089/2/8 6091/2/8
f 6068/5/8 6009/5/8 6091/5/8
f 6067/2/8 6068/2/8 6091/2/8
f 6087/5/8 6088/5/8 6090/5/8
f 6088/5/8 6091/5/8 6090/5/8
f 6085/5/8 6087/5/8 6090/5/8
f 6076/5/8 6085/5/8 6090/5/8
f 6092/3/8 6093/3/8 6094/3/8
f 6094/3/8 6093/3/8 6095/3/8
f 6099/3/8 6100/3/8 6101/3/8
f 6098/3/8 6099/3/8 6101/3/8
f 6097/3/8 6098/3/8 6101/3/8
f 6096/3/8 6097/3/8 6101/3/8
f 6101/3/8 6100/3/8 6102/3/8
f 6096/3/8 6101/3/8 6103/3/8
f 6102/3/8 6100/3/8 6104/3/8
f 6096/3/8 6103/3/8 6105/3/8
f 6103/3/8 6104/3/8 6105/3/8
f 6104/3/8 6100/3/8 6106/3/8
f 6105/3/8 6104/3/8 6106/3/8
f 6107/1/8 6108/1/8 6112/1/8
f 6112/1/8 6108/1/8 6113/1/8
f 6113/1/8 6108/1/8 6114/1/8
f 6114/1/8 6108/1/8 6115/1/8
f 6108/1/8 6109/1/8 6115/1/8
f 6115/1/8 6109/1/8 6116/1/8
f 6109/1/8 6110/1/8 6117/1/8
f 6116/3/8 6109/3/8 6117/3/8
f 6117/1/8 6110/1/8 6118/1/8
f 6110/1/8 6111/1/8 6118/1/8
f 6107/1/8 6112/1/8 6119/1/8
f 6119/1/8 6112/1/8 6120/1/8
f 6112/1/8 6113/1/8 6120/1/8
f 6120/1/8 6113/1/8 6121/1/8
f 6113/1/8 6114/1/8 6121/1/8
f 6121/1/8 6114/1/8 6122/1/8
f 6117/1/8 6118/1/8 6122/1/8
f 6114/1/8 6115/1/8 6122/1/8
f 6115/1/8 6116/1/8 6122/1/8
f 6116/1/8 6117/1/8 6122/1/8
f 6118/1/8 6111/1/8 6123/1/8
f 6122/1/8 6118/1/8 6123/1/8
f 6107/1/8 6119/1/8 6124/1/8
f 6123/1/8 6111/1/8 6125/1/8
f 6124/1/8 6125/1/8 6126/1/8
f 6107/1/8 6124/1/8 6127/1/8
f 6124/1/8 6126/1/8 6127/1/8
f 6127/1/8 6126/1/8 6128/1/8
f 6126/1/8 6125/1/8 6128/1/8
f 6125/1/8 6111/1/8 6129/1/8
f 6128/1/8 6125/1/8 6129/1/8
