# Blender 4.5.1 LTS
# www.blender.org
mtllib SmallBuilding_02.mtl
o Untitled
v -1.100000 -0.000000 -1.700000
v 0.300000 -0.000000 -1.700000
v 0.400000 -0.000000 -1.700000
v 0.800000 -0.000000 -1.700000
v 0.900000 -0.000000 -1.700000
v 1.100000 -0.000000 -1.700000
v -1.100000 0.100000 -1.700000
v 0.300000 0.100000 -1.700000
v 0.400000 0.100000 -1.700000
v 0.800000 0.100000 -1.700000
v 0.900000 0.100000 -1.700000
v 1.100000 0.100000 -1.700000
v -0.700000 4.300000 -1.700000
v -0.400000 4.300000 -1.700000
v -1.300000 4.400000 -1.700000
v -1.200000 4.400000 -1.700000
v 1.200000 4.400000 -1.700000
v 1.300000 4.400000 -1.700000
v -0.700000 4.500000 -1.700000
v -0.400000 4.500000 -1.700000
v -1.300000 4.600000 -1.700000
v -1.200000 4.600000 -1.700000
v 1.200000 4.600000 -1.700000
v 1.300000 4.600000 -1.700000
v -1.300000 4.000000 -1.600000
v 1.300000 4.000000 -1.600000
v -1.300000 4.100000 -1.600000
v -1.100000 4.100000 -1.600000
v -1.000000 4.100000 -1.600000
v -0.400000 4.100000 -1.600000
v -0.300000 4.100000 -1.600000
v 0.500000 4.100000 -1.600000
v 0.600000 4.100000 -1.600000
v 0.700000 4.100000 -1.600000
v 0.800000 4.100000 -1.600000
v 1.300000 4.100000 -1.600000
v -1.100000 4.200000 -1.600000
v -1.000000 4.200000 -1.600000
v -0.800000 4.200000 -1.600000
v -0.400000 4.200000 -1.600000
v -0.300000 4.200000 -1.600000
v 0.500000 4.200000 -1.600000
v 0.600000 4.200000 -1.600000
v 0.700000 4.200000 -1.600000
v 0.800000 4.200000 -1.600000
v 0.900000 4.200000 -1.600000
v 1.000000 4.200000 -1.600000
v -0.700000 4.300000 -1.600000
v -0.400000 4.300000 -1.600000
v 0.100000 4.300000 -1.600000
v 0.200000 4.300000 -1.600000
v 0.600000 4.300000 -1.600000
v 0.700000 4.300000 -1.600000
v 0.900000 4.300000 -1.600000
v 1.000000 4.300000 -1.600000
v -1.400000 4.400000 -1.600000
v -1.300000 4.400000 -1.600000
v -1.200000 4.400000 -1.600000
v 0.100000 4.400000 -1.600000
v 0.200000 4.400000 -1.600000
v 1.200000 4.400000 -1.600000
v 1.300000 4.400000 -1.600000
v 1.400000 4.400000 -1.600000
v -0.800000 4.500000 -1.600000
v -0.700000 4.500000 -1.600000
v -0.400000 4.500000 -1.600000
v 0.200000 4.500000 -1.600000
v 0.400000 4.500000 -1.600000
v 0.600000 4.500000 -1.600000
v 0.700000 4.500000 -1.600000
v -1.400000 4.600000 -1.600000
v -1.300000 4.600000 -1.600000
v -1.200000 4.600000 -1.600000
v 0.200000 4.600000 -1.600000
v 0.400000 4.600000 -1.600000
v 0.600000 4.600000 -1.600000
v 0.700000 4.600000 -1.600000
v 1.200000 4.600000 -1.600000
v 1.300000 4.600000 -1.600000
v 1.400000 4.600000 -1.600000
v -1.200000 -0.000000 -1.500000
v -1.100000 -0.000000 -1.500000
v 1.100000 -0.000000 -1.500000
v 1.200000 -0.000000 -1.500000
v -1.200000 0.100000 -1.500000
v -1.100000 0.100000 -1.500000
v 1.100000 0.100000 -1.500000
v 1.200000 0.100000 -1.500000
v 0.400000 0.600000 -1.500000
v 0.700000 0.600000 -1.500000
v 0.400000 0.800000 -1.500000
v 0.700000 0.800000 -1.500000
v 1.200000 0.800000 -1.500000
v -1.000000 1.200000 -1.500000
v -0.900000 1.200000 -1.500000
v -0.400000 1.200000 -1.500000
v -0.300000 1.200000 -1.500000
v 0.300000 1.200000 -1.500000
v 0.400000 1.200000 -1.500000
v 0.700000 1.200000 -1.500000
v 0.900000 1.200000 -1.500000
v 1.000000 1.200000 -1.500000
v 1.200000 1.200000 -1.500000
v -1.000000 1.300000 -1.500000
v -0.900000 1.300000 -1.500000
v -0.400000 1.300000 -1.500000
v -0.300000 1.300000 -1.500000
v 0.300000 1.300000 -1.500000
v 0.400000 1.300000 -1.500000
v 0.900000 1.300000 -1.500000
v 1.000000 1.300000 -1.500000
v -1.200000 1.800000 -1.500000
v -1.000000 1.800000 -1.500000
v -0.900000 1.800000 -1.500000
v -0.400000 1.800000 -1.500000
v -0.300000 1.800000 -1.500000
v 0.300000 1.800000 -1.500000
v 0.400000 1.800000 -1.500000
v 0.900000 1.800000 -1.500000
v 1.000000 1.800000 -1.500000
v 1.100000 1.800000 -1.500000
v 1.200000 1.800000 -1.500000
v -1.200000 1.900000 -1.500000
v -1.000000 1.900000 -1.500000
v -0.900000 1.900000 -1.500000
v -0.400000 1.900000 -1.500000
v -0.300000 1.900000 -1.500000
v 0.300000 1.900000 -1.500000
v 0.400000 1.900000 -1.500000
v 0.900000 1.900000 -1.500000
v 1.100000 1.900000 -1.500000
v 1.200000 1.900000 -1.500000
v -1.200000 2.000000 -1.500000
v -0.900000 2.000000 -1.500000
v -1.200000 2.400000 -1.500000
v -0.900000 2.400000 -1.500000
v -0.300000 3.000000 -1.500000
v 0.000000 3.000000 -1.500000
v -0.300000 3.200000 -1.500000
v 0.000000 3.200000 -1.500000
v 0.100000 3.200000 -1.500000
v 0.400000 3.200000 -1.500000
v 0.100000 3.400000 -1.500000
v 0.400000 3.400000 -1.500000
v -1.200000 3.800000 -1.500000
v -1.000000 3.800000 -1.500000
v -0.900000 3.800000 -1.500000
v -0.700000 3.800000 -1.500000
v -0.600000 3.800000 -1.500000
v -0.500000 3.800000 -1.500000
v -0.200000 3.800000 -1.500000
v -0.100000 3.800000 -1.500000
v 0.200000 3.800000 -1.500000
v 0.500000 3.800000 -1.500000
v 0.600000 3.800000 -1.500000
v 0.700000 3.800000 -1.500000
v 0.900000 3.800000 -1.500000
v 1.000000 3.800000 -1.500000
v 1.200000 3.800000 -1.500000
v -1.200000 3.900000 -1.500000
v -1.000000 3.900000 -1.500000
v -0.900000 3.900000 -1.500000
v -0.700000 3.900000 -1.500000
v -0.600000 3.900000 -1.500000
v -0.500000 3.900000 -1.500000
v -0.100000 3.900000 -1.500000
v 0.200000 3.900000 -1.500000
v 0.500000 3.900000 -1.500000
v 0.600000 3.900000 -1.500000
v 0.700000 3.900000 -1.500000
v 0.900000 3.900000 -1.500000
v 1.000000 3.900000 -1.500000
v 1.200000 3.900000 -1.500000
v -1.200000 4.000000 -1.500000
v -1.000000 4.000000 -1.500000
v -0.900000 4.000000 -1.500000
v -0.500000 4.000000 -1.500000
v -0.200000 4.000000 -1.500000
v 0.200000 4.000000 -1.500000
v 0.500000 4.000000 -1.500000
v 0.900000 4.000000 -1.500000
v 1.000000 4.000000 -1.500000
v 1.200000 4.000000 -1.500000
v -1.400000 -0.000000 -1.400000
v -1.200000 -0.000000 -1.400000
v 1.200000 -0.000000 -1.400000
v 1.400000 -0.000000 -1.400000
v -1.400000 0.100000 -1.400000
v -1.200000 0.100000 -1.400000
v -1.100000 0.100000 -1.400000
v 1.100000 0.100000 -1.400000
v 1.200000 0.100000 -1.400000
v 1.400000 0.100000 -1.400000
v -1.000000 0.200000 -1.400000
v -0.600000 0.200000 -1.400000
v -0.500000 0.200000 -1.400000
v -0.300000 0.200000 -1.400000
v -0.100000 0.200000 -1.400000
v 0.800000 0.200000 -1.400000
v 0.900000 0.200000 -1.400000
v 1.000000 0.200000 -1.400000
v -1.100000 0.300000 -1.400000
v -1.000000 0.300000 -1.400000
v -0.600000 0.300000 -1.400000
v -0.500000 0.300000 -1.400000
v -0.300000 0.300000 -1.400000
v -0.100000 0.300000 -1.400000
v 0.800000 0.300000 -1.400000
v 0.900000 0.300000 -1.400000
v 1.000000 0.300000 -1.400000
v 1.100000 0.300000 -1.400000
v -0.400000 0.400000 -1.400000
v -0.300000 0.400000 -1.400000
v 0.900000 0.400000 -1.400000
v 1.000000 0.400000 -1.400000
v -0.700000 0.500000 -1.400000
v -0.600000 0.500000 -1.400000
v -0.400000 0.500000 -1.400000
v -0.300000 0.500000 -1.400000
v 0.300000 0.500000 -1.400000
v 0.700000 0.500000 -1.400000
v 0.900000 0.500000 -1.400000
v 1.000000 0.500000 -1.400000
v -0.700000 0.600000 -1.400000
v -0.600000 0.600000 -1.400000
v 0.400000 0.600000 -1.400000
v 0.700000 0.600000 -1.400000
v 0.700000 0.700000 -1.400000
v 1.100000 0.700000 -1.400000
v 0.300000 0.800000 -1.400000
v 0.400000 0.800000 -1.400000
v 0.600000 0.800000 -1.400000
v 0.700000 0.800000 -1.400000
v 1.100000 0.800000 -1.400000
v -1.000000 1.100000 -1.400000
v -0.900000 1.100000 -1.400000
v -0.500000 1.100000 -1.400000
v -0.400000 1.100000 -1.400000
v 0.400000 1.100000 -1.400000
v 0.500000 1.100000 -1.400000
v -1.000000 1.200000 -1.400000
v -0.900000 1.200000 -1.400000
v -0.800000 1.200000 -1.400000
v -0.500000 1.200000 -1.400000
v -0.400000 1.200000 -1.400000
v -0.300000 1.200000 -1.400000
v -0.200000 1.200000 -1.400000
v 0.200000 1.200000 -1.400000
v 0.300000 1.200000 -1.400000
v 0.400000 1.200000 -1.400000
v 0.500000 1.200000 -1.400000
v 0.600000 1.200000 -1.400000
v 0.700000 1.200000 -1.400000
v 0.800000 1.200000 -1.400000
v 0.900000 1.200000 -1.400000
v 1.000000 1.200000 -1.400000
v 1.100000 1.200000 -1.400000
v -1.000000 1.300000 -1.400000
v -0.900000 1.300000 -1.400000
v -0.400000 1.300000 -1.400000
v -0.300000 1.300000 -1.400000
v 0.300000 1.300000 -1.400000
v 0.400000 1.300000 -1.400000
v 0.900000 1.300000 -1.400000
v 1.000000 1.300000 -1.400000
v -1.100000 1.700000 -1.400000
v -1.000000 1.700000 -1.400000
v -0.800000 1.700000 -1.400000
v -0.400000 1.700000 -1.400000
v -0.200000 1.700000 -1.400000
v 0.200000 1.700000 -1.400000
v 0.400000 1.700000 -1.400000
v 0.800000 1.700000 -1.400000
v 1.000000 1.700000 -1.400000
v 1.100000 1.700000 -1.400000
v -1.100000 1.800000 -1.400000
v -1.000000 1.800000 -1.400000
v -0.900000 1.800000 -1.400000
v -0.400000 1.800000 -1.400000
v -0.300000 1.800000 -1.400000
v 0.300000 1.800000 -1.400000
v 0.400000 1.800000 -1.400000
v 0.900000 1.800000 -1.400000
v 1.000000 1.800000 -1.400000
v 1.100000 1.800000 -1.400000
v -1.100000 1.900000 -1.400000
v -1.000000 1.900000 -1.400000
v -0.900000 1.900000 -1.400000
v -0.400000 1.900000 -1.400000
v -0.300000 1.900000 -1.400000
v 0.300000 1.900000 -1.400000
v 0.400000 1.900000 -1.400000
v 0.900000 1.900000 -1.400000
v 1.000000 1.900000 -1.400000
v 1.100000 1.900000 -1.400000
v -1.100000 2.000000 -1.400000
v -0.900000 2.000000 -1.400000
v -0.700000 2.000000 -1.400000
v -0.600000 2.000000 -1.400000
v -0.300000 2.000000 -1.400000
v -0.200000 2.000000 -1.400000
v 0.900000 2.000000 -1.400000
v 1.000000 2.000000 -1.400000
v 1.100000 2.000000 -1.400000
v -0.700000 2.100000 -1.400000
v -0.600000 2.100000 -1.400000
v -0.300000 2.100000 -1.400000
v -0.200000 2.100000 -1.400000
v 0.700000 2.100000 -1.400000
v 0.800000 2.100000 -1.400000
v 0.700000 2.200000 -1.400000
v 0.800000 2.200000 -1.400000
v 0.900000 2.300000 -1.400000
v 1.000000 2.300000 -1.400000
v -1.100000 2.400000 -1.400000
v -0.900000 2.400000 -1.400000
v -0.400000 2.400000 -1.400000
v -0.300000 2.400000 -1.400000
v 0.900000 2.400000 -1.400000
v 1.000000 2.400000 -1.400000
v -0.400000 2.500000 -1.400000
v -0.300000 2.500000 -1.400000
v -0.400000 2.900000 -1.400000
v 0.000000 2.900000 -1.400000
v -0.300000 3.000000 -1.400000
v 0.000000 3.000000 -1.400000
v 0.000000 3.100000 -1.400000
v 0.400000 3.100000 -1.400000
v -0.400000 3.200000 -1.400000
v -0.300000 3.200000 -1.400000
v 0.000000 3.200000 -1.400000
v 0.100000 3.200000 -1.400000
v 0.400000 3.200000 -1.400000
v 0.000000 3.300000 -1.400000
v 0.100000 3.300000 -1.400000
v 0.100000 3.400000 -1.400000
v 0.400000 3.400000 -1.400000
v -1.100000 3.700000 -1.400000
v -1.000000 3.700000 -1.400000
v -0.900000 3.700000 -1.400000
v -0.500000 3.700000 -1.400000
v -0.200000 3.700000 -1.400000
v 0.200000 3.700000 -1.400000
v 0.500000 3.700000 -1.400000
v 0.900000 3.700000 -1.400000
v 1.000000 3.700000 -1.400000
v 1.100000 3.700000 -1.400000
v -1.100000 3.800000 -1.400000
v -1.000000 3.800000 -1.400000
v -0.900000 3.800000 -1.400000
v -0.700000 3.800000 -1.400000
v -0.600000 3.800000 -1.400000
v -0.500000 3.800000 -1.400000
v -0.200000 3.800000 -1.400000
v -0.100000 3.800000 -1.400000
v 0.200000 3.800000 -1.400000
v 0.500000 3.800000 -1.400000
v 0.600000 3.800000 -1.400000
v 0.700000 3.800000 -1.400000
v 0.900000 3.800000 -1.400000
v 1.000000 3.800000 -1.400000
v 1.100000 3.800000 -1.400000
v -1.000000 3.900000 -1.400000
v -0.900000 3.900000 -1.400000
v -0.500000 3.900000 -1.400000
v -0.200000 3.900000 -1.400000
v 0.200000 3.900000 -1.400000
v 0.500000 3.900000 -1.400000
v 0.900000 3.900000 -1.400000
v 1.000000 3.900000 -1.400000
v -1.000000 4.000000 -1.400000
v -0.900000 4.000000 -1.400000
v -0.500000 4.000000 -1.400000
v -0.200000 4.000000 -1.400000
v 0.200000 4.000000 -1.400000
v 0.500000 4.000000 -1.400000
v 0.900000 4.000000 -1.400000
v 1.000000 4.000000 -1.400000
v 1.300000 4.000000 -1.400000
v 1.400000 4.000000 -1.400000
v -1.400000 4.200000 -1.400000
v -1.300000 4.200000 -1.400000
v 1.300000 4.200000 -1.400000
v 1.400000 4.200000 -1.400000
v -1.400000 4.400000 -1.400000
v -1.300000 4.400000 -1.400000
v -1.200000 1.200000 -1.300000
v -1.100000 1.200000 -1.300000
v 1.100000 1.200000 -1.300000
v 1.200000 1.200000 -1.300000
v -1.200000 1.300000 -1.300000
v -1.100000 1.300000 -1.300000
v 1.100000 1.300000 -1.300000
v 1.200000 1.300000 -1.300000
v -1.100000 1.700000 -1.300000
v 1.100000 1.700000 -1.300000
v -1.200000 1.800000 -1.300000
v -1.100000 1.800000 -1.300000
v 1.100000 1.800000 -1.300000
v 1.200000 1.800000 -1.300000
v -1.000000 4.100000 -1.300000
v -0.300000 4.100000 -1.300000
v -0.200000 4.100000 -1.300000
v 0.200000 4.100000 -1.300000
v 0.300000 4.100000 -1.300000
v 1.000000 4.100000 -1.300000
v -1.000000 4.300000 -1.300000
v -0.300000 4.300000 -1.300000
v 0.300000 4.300000 -1.300000
v 1.000000 4.300000 -1.300000
v -1.000000 4.500000 -1.300000
v -0.300000 4.500000 -1.300000
v -0.200000 4.500000 -1.300000
v 0.200000 4.500000 -1.300000
v 0.300000 4.500000 -1.300000
v 1.000000 4.500000 -1.300000
v -1.200000 3.800000 -1.200000
v -1.100000 3.800000 -1.200000
v 1.100000 3.800000 -1.200000
v 1.200000 3.800000 -1.200000
v -1.200000 3.900000 -1.200000
v -1.100000 3.900000 -1.200000
v 1.100000 3.900000 -1.200000
v 1.200000 3.900000 -1.200000
v -1.200000 4.000000 -1.200000
v -1.100000 4.000000 -1.200000
v 1.100000 4.000000 -1.200000
v 1.200000 4.000000 -1.200000
v 1.300000 4.300000 -1.200000
v 1.400000 4.300000 -1.200000
v 1.300000 4.500000 -1.200000
v 1.400000 4.500000 -1.200000
v -1.400000 4.300000 -1.000000
v -1.300000 4.300000 -1.000000
v -1.300000 4.400000 -1.000000
v -1.400000 4.500000 -1.000000
v -1.300000 4.500000 -1.000000
v -1.200000 1.200000 -0.800000
v -1.100000 1.200000 -0.800000
v -1.200000 1.300000 -0.800000
v -1.100000 1.300000 -0.800000
v -1.100000 1.700000 -0.800000
v -1.200000 1.800000 -0.800000
v -1.100000 1.800000 -0.800000
v 1.100000 3.100000 -0.800000
v 1.200000 3.100000 -0.800000
v 1.100000 3.300000 -0.800000
v 1.200000 3.300000 -0.800000
v -1.400000 0.400000 -0.700000
v -1.100000 0.400000 -0.700000
v -1.200000 0.500000 -0.700000
v -1.100000 0.500000 -0.700000
v -1.200000 0.700000 -0.700000
v -1.100000 0.700000 -0.700000
v -1.400000 0.800000 -0.700000
v -1.300000 0.800000 -0.700000
v -1.200000 0.800000 -0.700000
v -1.100000 0.800000 -0.700000
v -1.200000 1.200000 -0.700000
v 1.100000 1.200000 -0.700000
v 1.200000 1.200000 -0.700000
v -1.200000 1.300000 -0.700000
v 1.100000 1.300000 -0.700000
v 1.200000 1.300000 -0.700000
v 1.100000 1.700000 -0.700000
v -1.300000 1.800000 -0.700000
v -1.200000 1.800000 -0.700000
v 1.100000 1.800000 -0.700000
v 1.200000 1.800000 -0.700000
v -1.400000 1.900000 -0.700000
v -1.300000 1.900000 -0.700000
v -1.200000 1.900000 -0.700000
v -1.100000 1.900000 -0.700000
v -1.400000 2.000000 -0.700000
v -1.300000 2.000000 -0.700000
v -1.200000 2.000000 -0.700000
v -1.100000 2.000000 -0.700000
v -1.400000 3.600000 -0.700000
v -1.300000 3.600000 -0.700000
v -1.200000 3.600000 -0.700000
v -1.100000 3.600000 -0.700000
v -1.400000 3.700000 -0.700000
v -1.100000 3.700000 -0.700000
v -1.000000 0.400000 -0.600000
v -0.900000 0.400000 -0.600000
v -1.000000 0.600000 -0.600000
v -1.000000 0.700000 -0.600000
v -1.000000 0.800000 -0.600000
v -1.000000 1.100000 -0.600000
v -1.000000 1.200000 -0.600000
v -1.000000 1.900000 -0.600000
v -0.900000 1.900000 -0.600000
v -1.000000 2.100000 -0.600000
v -0.900000 2.100000 -0.600000
v -1.000000 3.600000 -0.600000
v -0.900000 3.600000 -0.600000
v -1.400000 0.500000 -0.500000
v -1.300000 0.500000 -0.500000
v -1.400000 0.700000 -0.500000
v -1.300000 0.700000 -0.500000
v -1.200000 3.800000 -0.500000
v -1.100000 3.800000 -0.500000
v 1.100000 3.800000 -0.500000
v 1.200000 3.800000 -0.500000
v -1.100000 3.900000 -0.500000
v 1.100000 3.900000 -0.500000
v 1.200000 3.900000 -0.500000
v -1.200000 4.000000 -0.500000
v -1.100000 4.000000 -0.500000
v 1.100000 4.000000 -0.500000
v 1.200000 4.000000 -0.500000
v -1.200000 0.400000 -0.400000
v -1.100000 0.400000 -0.400000
v -1.200000 0.500000 -0.400000
v -1.100000 0.500000 -0.400000
v -1.200000 2.100000 -0.400000
v -1.100000 2.100000 -0.400000
v -1.200000 2.200000 -0.400000
v -1.100000 2.200000 -0.400000
v -1.400000 0.500000 -0.200000
v -1.300000 0.500000 -0.200000
v -1.400000 0.700000 -0.200000
v -1.300000 0.700000 -0.200000
v -1.100000 0.500000 -0.100000
v -1.000000 0.500000 -0.100000
v -0.900000 0.500000 -0.100000
v -1.000000 0.600000 -0.100000
v -0.900000 0.600000 -0.100000
v -1.100000 0.700000 -0.100000
v -1.000000 0.700000 -0.100000
v -0.900000 0.700000 -0.100000
v -1.100000 0.800000 -0.100000
v -1.000000 0.800000 -0.100000
v -0.900000 0.800000 -0.100000
v -1.000000 0.900000 -0.100000
v -0.900000 0.900000 -0.100000
v -1.000000 1.000000 -0.100000
v -0.900000 1.000000 -0.100000
v -1.000000 1.100000 -0.100000
v -0.900000 1.100000 -0.100000
v -1.100000 1.200000 -0.100000
v -1.000000 1.200000 -0.100000
v -0.900000 1.200000 -0.100000
v -1.000000 1.300000 -0.100000
v -0.900000 1.300000 -0.100000
v -1.000000 1.400000 -0.100000
v -0.900000 1.400000 -0.100000
v -1.000000 1.500000 -0.100000
v -0.900000 1.500000 -0.100000
v -1.000000 1.600000 -0.100000
v -0.900000 1.600000 -0.100000
v -1.000000 1.700000 -0.100000
v -0.900000 1.700000 -0.100000
v -1.200000 1.800000 -0.100000
v -1.100000 1.800000 -0.100000
v -1.000000 1.800000 -0.100000
v -0.900000 1.800000 -0.100000
v -1.200000 1.900000 -0.100000
v -1.100000 1.900000 -0.100000
v -1.000000 1.900000 -0.100000
v -1.100000 2.200000 -0.100000
v -1.000000 2.200000 -0.100000
v -0.900000 2.200000 -0.100000
v -1.000000 2.300000 -0.100000
v -0.900000 2.300000 -0.100000
v -1.000000 2.400000 -0.100000
v -0.900000 2.400000 -0.100000
v -1.000000 2.500000 -0.100000
v -0.900000 2.500000 -0.100000
v -1.000000 2.600000 -0.100000
v -0.900000 2.600000 -0.100000
v -1.000000 2.700000 -0.100000
v -0.900000 2.700000 -0.100000
v -1.000000 2.800000 -0.100000
v -0.900000 2.800000 -0.100000
v -1.000000 2.900000 -0.100000
v -0.900000 2.900000 -0.100000
v -1.000000 3.000000 -0.100000
v -0.900000 3.000000 -0.100000
v -1.000000 3.100000 -0.100000
v -0.900000 3.100000 -0.100000
v -1.000000 3.200000 -0.100000
v -0.900000 3.200000 -0.100000
v -1.000000 3.300000 -0.100000
v -0.900000 3.300000 -0.100000
v -1.000000 3.400000 -0.100000
v -0.900000 3.400000 -0.100000
v -1.000000 3.500000 -0.100000
v -0.900000 3.500000 -0.100000
v -1.100000 3.600000 -0.100000
v -1.000000 3.600000 -0.100000
v -1.300000 0.400000 -0.000000
v -1.100000 0.400000 -0.000000
v -1.400000 0.500000 -0.000000
v -1.300000 0.500000 -0.000000
v -1.200000 0.500000 -0.000000
v -1.100000 0.500000 -0.000000
v -1.400000 0.700000 -0.000000
v -1.300000 0.700000 -0.000000
v -1.200000 0.700000 -0.000000
v -1.100000 0.700000 -0.000000
v -1.300000 0.800000 -0.000000
v -1.200000 0.800000 -0.000000
v -1.100000 0.800000 -0.000000
v 1.100000 1.200000 -0.000000
v 1.200000 1.200000 -0.000000
v 1.100000 1.300000 -0.000000
v 1.200000 1.300000 -0.000000
v -1.200000 1.800000 -0.000000
v 1.100000 1.800000 -0.000000
v 1.200000 1.800000 -0.000000
v -1.300000 1.900000 -0.000000
v -1.200000 1.900000 -0.000000
v -1.300000 2.000000 -0.000000
v -1.200000 2.000000 -0.000000
v -1.300000 3.600000 -0.000000
v -1.200000 3.600000 -0.000000
v 1.100000 1.100000 0.100000
v 1.200000 1.100000 0.100000
v -1.200000 1.200000 0.100000
v -1.100000 1.200000 0.100000
v 1.100000 1.200000 0.100000
v 1.200000 1.200000 0.100000
v -1.200000 1.300000 0.100000
v -1.100000 1.300000 0.100000
v -1.200000 1.800000 0.100000
v -1.100000 1.800000 0.100000
v -1.200000 3.100000 0.200000
v -1.100000 3.100000 0.200000
v -1.200000 3.300000 0.200000
v -1.100000 3.300000 0.200000
v -1.200000 3.800000 0.200000
v -1.100000 3.800000 0.200000
v 1.100000 3.800000 0.200000
v 1.200000 3.800000 0.200000
v -1.200000 3.900000 0.200000
v -1.100000 3.900000 0.200000
v 1.100000 3.900000 0.200000
v 1.200000 3.900000 0.200000
v -1.200000 4.000000 0.200000
v -1.100000 4.000000 0.200000
v 1.100000 4.000000 0.200000
v 1.200000 4.000000 0.200000
v 1.100000 0.600000 0.300000
v 1.200000 0.600000 0.300000
v 1.100000 1.000000 0.300000
v 1.200000 1.000000 0.300000
v 0.800000 0.600000 0.400000
v 1.000000 0.600000 0.400000
v 0.800000 1.000000 0.400000
v 1.000000 1.000000 0.400000
v -1.200000 2.600000 0.400000
v -1.100000 2.600000 0.400000
v -1.000000 2.600000 0.400000
v -0.800000 2.600000 0.400000
v -1.200000 3.000000 0.400000
v -1.100000 3.000000 0.400000
v -1.000000 3.000000 0.400000
v -0.800000 3.000000 0.400000
v -0.300000 0.100000 0.600000
v 0.300000 0.100000 0.600000
v -0.200000 0.300000 0.600000
v -0.100000 0.300000 0.600000
v 0.100000 0.300000 0.600000
v 0.200000 0.300000 0.600000
v -0.200000 0.700000 0.600000
v -0.100000 0.700000 0.600000
v 0.100000 0.700000 0.600000
v 0.200000 0.700000 0.600000
v -0.200000 0.800000 0.600000
v -0.100000 0.800000 0.600000
v 0.100000 0.800000 0.600000
v 0.200000 0.800000 0.600000
v -1.200000 1.200000 0.600000
v -1.100000 1.200000 0.600000
v -0.200000 1.200000 0.600000
v -0.100000 1.200000 0.600000
v 0.100000 1.200000 0.600000
v 0.200000 1.200000 0.600000
v 1.100000 1.200000 0.600000
v 1.200000 1.200000 0.600000
v -1.200000 1.300000 0.600000
v -1.100000 1.300000 0.600000
v -0.200000 1.300000 0.600000
v -0.100000 1.300000 0.600000
v 0.100000 1.300000 0.600000
v 0.200000 1.300000 0.600000
v 1.100000 1.300000 0.600000
v 1.200000 1.300000 0.600000
v -0.200000 1.700000 0.600000
v -0.100000 1.700000 0.600000
v 0.100000 1.700000 0.600000
v 0.200000 1.700000 0.600000
v -1.200000 1.800000 0.600000
v -1.100000 1.800000 0.600000
v -0.200000 1.800000 0.600000
v -0.100000 1.800000 0.600000
v 0.100000 1.800000 0.600000
v 0.200000 1.800000 0.600000
v 1.100000 1.800000 0.600000
v 1.200000 1.800000 0.600000
v -0.200000 2.200000 0.600000
v -0.100000 2.200000 0.600000
v 0.100000 2.200000 0.600000
v 0.200000 2.200000 0.600000
v -0.200000 2.300000 0.600000
v -0.100000 2.300000 0.600000
v 0.100000 2.300000 0.600000
v 0.200000 2.300000 0.600000
v -0.200000 2.700000 0.600000
v -0.100000 2.700000 0.600000
v 0.100000 2.700000 0.600000
v 0.200000 2.700000 0.600000
v -0.300000 2.800000 0.600000
v -0.100000 2.800000 0.600000
v 0.100000 2.800000 0.600000
v 0.300000 2.800000 0.600000
v -0.100000 3.000000 0.600000
v 0.100000 3.000000 0.600000
v -0.800000 4.100000 0.600000
v -0.300000 4.100000 0.600000
v -0.200000 4.100000 0.600000
v 0.200000 4.100000 0.600000
v 0.300000 4.100000 0.600000
v 0.800000 4.100000 0.600000
v 1.300000 4.100000 0.600000
v 1.400000 4.100000 0.600000
v -0.800000 4.300000 0.600000
v -0.300000 4.300000 0.600000
v 0.300000 4.300000 0.600000
v 0.800000 4.300000 0.600000
v 1.300000 4.400000 0.600000
v 1.400000 4.400000 0.600000
v -0.800000 4.500000 0.600000
v -0.300000 4.500000 0.600000
v -0.200000 4.500000 0.600000
v 0.200000 4.500000 0.600000
v 0.300000 4.500000 0.600000
v 0.800000 4.500000 0.600000
v -1.000000 0.000000 0.700000
v -0.300000 0.000000 0.700000
v 0.300000 0.000000 0.700000
v 1.000000 0.000000 0.700000
v -0.300000 0.100000 0.700000
v 0.300000 0.100000 0.700000
v -1.000000 0.200000 0.700000
v -0.300000 0.200000 0.700000
v 0.300000 0.200000 0.700000
v 1.000000 0.200000 0.700000
v -0.700000 0.300000 0.700000
v -0.600000 0.300000 0.700000
v -0.700000 0.400000 0.700000
v -0.600000 0.400000 0.700000
v 0.800000 0.500000 0.700000
v 1.000000 0.500000 0.700000
v -1.000000 0.600000 0.700000
v 0.800000 0.600000 0.700000
v 1.000000 0.600000 0.700000
v -1.000000 0.700000 0.700000
v -0.900000 0.800000 0.700000
v -0.800000 0.800000 0.700000
v -0.900000 0.900000 0.700000
v -0.800000 0.900000 0.700000
v 0.800000 1.000000 0.700000
v 1.000000 1.000000 0.700000
v -1.000000 1.100000 0.700000
v -0.900000 1.100000 0.700000
v -0.500000 1.100000 0.700000
v -0.400000 1.100000 0.700000
v 0.400000 1.100000 0.700000
v 0.500000 1.100000 0.700000
v 0.900000 1.100000 0.700000
v 1.000000 1.100000 0.700000
v -1.000000 1.200000 0.700000
v -0.900000 1.200000 0.700000
v -0.800000 1.200000 0.700000
v -0.500000 1.200000 0.700000
v -0.400000 1.200000 0.700000
v -0.300000 1.200000 0.700000
v 0.300000 1.200000 0.700000
v 0.400000 1.200000 0.700000
v 0.500000 1.200000 0.700000
v 0.800000 1.200000 0.700000
v 0.900000 1.200000 0.700000
v 1.000000 1.200000 0.700000
v -0.800000 1.700000 0.700000
v -0.400000 1.700000 0.700000
v 0.400000 1.700000 0.700000
v 0.800000 1.700000 0.700000
v -1.000000 1.800000 0.700000
v -0.900000 1.800000 0.700000
v -0.300000 1.800000 0.700000
v 0.300000 1.800000 0.700000
v 0.900000 1.800000 0.700000
v 1.000000 1.800000 0.700000
v -1.000000 1.900000 0.700000
v -0.400000 1.900000 0.700000
v 0.400000 1.900000 0.700000
v 1.000000 1.900000 0.700000
v -1.000000 2.000000 0.700000
v -0.900000 2.000000 0.700000
v -0.600000 2.000000 0.700000
v -0.500000 2.000000 0.700000
v -0.400000 2.000000 0.700000
v 0.500000 2.000000 0.700000
v 0.800000 2.000000 0.700000
v 0.900000 2.000000 0.700000
v 1.000000 2.000000 0.700000
v -1.000000 2.100000 0.700000
v -0.900000 2.100000 0.700000
v -0.600000 2.100000 0.700000
v -0.500000 2.100000 0.700000
v 0.400000 2.100000 0.700000
v 0.500000 2.100000 0.700000
v 0.800000 2.100000 0.700000
v 0.900000 2.100000 0.700000
v -0.700000 2.300000 0.700000
v -0.600000 2.300000 0.700000
v -0.700000 2.400000 0.700000
v -0.600000 2.400000 0.700000
v -1.000000 2.500000 0.700000
v -0.700000 2.500000 0.700000
v -1.000000 2.600000 0.700000
v -0.800000 2.600000 0.700000
v -0.300000 2.800000 0.700000
v -0.100000 2.800000 0.700000
v 0.100000 2.800000 0.700000
v 0.300000 2.800000 0.700000
v -0.400000 2.900000 0.700000
v -0.300000 2.900000 0.700000
v -0.200000 2.900000 0.700000
v 0.200000 2.900000 0.700000
v 0.400000 2.900000 0.700000
v 0.500000 2.900000 0.700000
v 0.900000 2.900000 0.700000
v -1.000000 3.000000 0.700000
v -0.800000 3.000000 0.700000
v -0.700000 3.000000 0.700000
v -0.300000 3.000000 0.700000
v -0.200000 3.000000 0.700000
v -0.100000 3.000000 0.700000
v 0.100000 3.000000 0.700000
v -0.200000 3.100000 0.700000
v 0.200000 3.100000 0.700000
v 0.200000 3.200000 0.700000
v 0.500000 3.200000 0.700000
v 0.600000 3.200000 0.700000
v 0.900000 3.200000 0.700000
v -0.900000 3.400000 0.700000
v -0.800000 3.400000 0.700000
v -0.900000 3.500000 0.700000
v -0.800000 3.500000 0.700000
v 0.200000 3.500000 0.700000
v 0.600000 3.500000 0.700000
v 0.800000 3.500000 0.700000
v 0.900000 3.500000 0.700000
v -0.500000 3.600000 0.700000
v -0.400000 3.600000 0.700000
v 0.800000 3.600000 0.700000
v 0.900000 3.600000 0.700000
v -0.900000 3.700000 0.700000
v -0.500000 3.700000 0.700000
v -0.400000 3.700000 0.700000
v -0.200000 3.700000 0.700000
v 0.200000 3.700000 0.700000
v 0.500000 3.700000 0.700000
v 0.900000 3.700000 0.700000
v -1.200000 3.800000 0.700000
v -1.100000 3.800000 0.700000
v -1.000000 3.800000 0.700000
v -0.900000 3.800000 0.700000
v -0.500000 3.800000 0.700000
v -0.200000 3.800000 0.700000
v 0.200000 3.800000 0.700000
v 0.500000 3.800000 0.700000
v 0.900000 3.800000 0.700000
v 1.000000 3.800000 0.700000
v 1.100000 3.800000 0.700000
v 1.200000 3.800000 0.700000
v -1.200000 3.900000 0.700000
v -1.100000 3.900000 0.700000
v -1.000000 3.900000 0.700000
v -0.900000 3.900000 0.700000
v -0.500000 3.900000 0.700000
v -0.200000 3.900000 0.700000
v 0.200000 3.900000 0.700000
v 0.500000 3.900000 0.700000
v 0.900000 3.900000 0.700000
v 1.000000 3.900000 0.700000
v 1.100000 3.900000 0.700000
v -1.200000 4.000000 0.700000
v -1.100000 4.000000 0.700000
v -1.000000 4.000000 0.700000
v -0.200000 4.000000 0.700000
v -0.100000 4.000000 0.700000
v 0.100000 4.000000 0.700000
v 0.200000 4.000000 0.700000
v 1.000000 4.000000 0.700000
v 1.100000 4.000000 0.700000
v 1.200000 4.000000 0.700000
v -1.400000 4.100000 0.800000
v -1.300000 4.100000 0.800000
v -1.400000 4.400000 0.800000
v -1.300000 4.400000 0.800000
v -1.200000 4.100000 0.900000
v -0.800000 4.100000 0.900000
v -0.700000 4.100000 0.900000
v -0.300000 4.100000 0.900000
v 0.100000 4.100000 0.900000
v 0.200000 4.100000 0.900000
v 0.700000 4.100000 0.900000
v 0.800000 4.100000 0.900000
v 1.100000 4.100000 0.900000
v 1.200000 4.100000 0.900000
v 0.100000 4.200000 0.900000
v 0.200000 4.200000 0.900000
v 0.300000 4.200000 0.900000
v 0.700000 4.200000 0.900000
v 0.800000 4.200000 0.900000
v 1.100000 4.200000 0.900000
v -1.200000 4.300000 0.900000
v -0.900000 4.300000 0.900000
v -0.700000 4.300000 0.900000
v -0.300000 4.300000 0.900000
v 0.200000 4.300000 0.900000
v 0.300000 4.300000 0.900000
v -1.400000 4.400000 0.900000
v -1.300000 4.400000 0.900000
v -0.900000 4.400000 0.900000
v -0.800000 4.400000 0.900000
v 1.200000 4.400000 0.900000
v 1.300000 4.400000 0.900000
v 1.400000 4.400000 0.900000
v 0.800000 4.500000 0.900000
v 1.200000 4.500000 0.900000
v -1.400000 4.600000 0.900000
v -1.300000 4.600000 0.900000
v -1.200000 4.600000 0.900000
v 1.200000 4.600000 0.900000
v 1.300000 4.600000 0.900000
v 1.400000 4.600000 0.900000
v -1.200000 4.100000 -1.500000
v -1.100000 4.100000 -1.500000
v -1.000000 4.100000 -1.500000
v -0.400000 4.100000 -1.500000
v -0.300000 4.100000 -1.500000
v 0.500000 4.100000 -1.500000
v 0.600000 4.100000 -1.500000
v 0.700000 4.100000 -1.500000
v 0.800000 4.100000 -1.500000
v 1.200000 4.100000 -1.500000
v -1.100000 4.200000 -1.500000
v -1.000000 4.200000 -1.500000
v -0.800000 4.200000 -1.500000
v -0.400000 4.200000 -1.500000
v -0.300000 4.200000 -1.500000
v 0.500000 4.200000 -1.500000
v 0.600000 4.200000 -1.500000
v 0.700000 4.200000 -1.500000
v 0.800000 4.200000 -1.500000
v 0.900000 4.200000 -1.500000
v 1.000000 4.200000 -1.500000
v 1.200000 4.200000 -1.500000
v 0.100000 4.300000 -1.500000
v 0.200000 4.300000 -1.500000
v 0.600000 4.300000 -1.500000
v 0.700000 4.300000 -1.500000
v 0.900000 4.300000 -1.500000
v 1.000000 4.300000 -1.500000
v -1.400000 4.400000 -1.500000
v -1.300000 4.400000 -1.500000
v 0.100000 4.400000 -1.500000
v 0.200000 4.400000 -1.500000
v 1.300000 4.400000 -1.500000
v 1.400000 4.400000 -1.500000
v -0.800000 4.500000 -1.500000
v -0.400000 4.500000 -1.500000
v 0.200000 4.500000 -1.500000
v 0.400000 4.500000 -1.500000
v 0.600000 4.500000 -1.500000
v 0.700000 4.500000 -1.500000
v -1.400000 4.600000 -1.500000
v -1.300000 4.600000 -1.500000
v -1.200000 4.600000 -1.500000
v 0.200000 4.600000 -1.500000
v 0.400000 4.600000 -1.500000
v 0.600000 4.600000 -1.500000
v 0.700000 4.600000 -1.500000
v 1.200000 4.600000 -1.500000
v 1.300000 4.600000 -1.500000
v 1.400000 4.600000 -1.500000
v -1.000000 -0.000000 -1.300000
v 1.000000 -0.000000 -1.300000
v -1.000000 0.200000 -1.300000
v -0.600000 0.200000 -1.300000
v -0.500000 0.200000 -1.300000
v -0.300000 0.200000 -1.300000
v -0.100000 0.200000 -1.300000
v 0.800000 0.200000 -1.300000
v 0.900000 0.200000 -1.300000
v 1.000000 0.200000 -1.300000
v -1.000000 0.300000 -1.300000
v -0.600000 0.300000 -1.300000
v -0.500000 0.300000 -1.300000
v -0.300000 0.300000 -1.300000
v -0.100000 0.300000 -1.300000
v 0.800000 0.300000 -1.300000
v 0.900000 0.300000 -1.300000
v -1.000000 0.400000 -1.300000
v -0.400000 0.400000 -1.300000
v -0.300000 0.400000 -1.300000
v 0.900000 0.400000 -1.300000
v 1.000000 0.400000 -1.300000
v -1.000000 0.500000 -1.300000
v -0.700000 0.500000 -1.300000
v -0.600000 0.500000 -1.300000
v -0.400000 0.500000 -1.300000
v -0.300000 0.500000 -1.300000
v 0.300000 0.500000 -1.300000
v 0.700000 0.500000 -1.300000
v 0.900000 0.500000 -1.300000
v 1.000000 0.500000 -1.300000
v -0.700000 0.600000 -1.300000
v -0.600000 0.600000 -1.300000
v 0.700000 0.700000 -1.300000
v 1.000000 0.700000 -1.300000
v 0.300000 0.800000 -1.300000
v 0.600000 0.800000 -1.300000
v 0.700000 0.800000 -1.300000
v 1.000000 0.800000 -1.300000
v 0.700000 0.900000 -1.300000
v 1.000000 0.900000 -1.300000
v 0.700000 1.000000 -1.300000
v 0.800000 1.000000 -1.300000
v -1.000000 1.100000 -1.300000
v -0.900000 1.100000 -1.300000
v -0.500000 1.100000 -1.300000
v -0.400000 1.100000 -1.300000
v 0.400000 1.100000 -1.300000
v 0.500000 1.100000 -1.300000
v -1.000000 1.200000 -1.300000
v -0.900000 1.200000 -1.300000
v -0.800000 1.200000 -1.300000
v -0.500000 1.200000 -1.300000
v -0.400000 1.200000 -1.300000
v -0.200000 1.200000 -1.300000
v 0.200000 1.200000 -1.300000
v 0.400000 1.200000 -1.300000
v 0.500000 1.200000 -1.300000
v 0.600000 1.200000 -1.300000
v 0.700000 1.200000 -1.300000
v 0.800000 1.300000 -1.300000
v 0.900000 1.300000 -1.300000
v 1.000000 1.300000 -1.300000
v -0.800000 1.700000 -1.300000
v -0.400000 1.700000 -1.300000
v -0.200000 1.700000 -1.300000
v 0.200000 1.700000 -1.300000
v 0.400000 1.700000 -1.300000
v 0.800000 1.700000 -1.300000
v -1.000000 1.800000 -1.300000
v -0.900000 1.800000 -1.300000
v 0.900000 1.800000 -1.300000
v 1.000000 1.800000 -1.300000
v -1.000000 1.900000 -1.300000
v 0.900000 1.900000 -1.300000
v 1.000000 1.900000 -1.300000
v -1.000000 2.000000 -1.300000
v -0.900000 2.000000 -1.300000
v -0.700000 2.000000 -1.300000
v -0.600000 2.000000 -1.300000
v -0.300000 2.000000 -1.300000
v -0.200000 2.000000 -1.300000
v 0.900000 2.000000 -1.300000
v 1.000000 2.000000 -1.300000
v -0.700000 2.100000 -1.300000
v -0.600000 2.100000 -1.300000
v -0.300000 2.100000 -1.300000
v -0.200000 2.100000 -1.300000
v 0.700000 2.100000 -1.300000
v 0.800000 2.100000 -1.300000
v 0.700000 2.200000 -1.300000
v 0.800000 2.200000 -1.300000
v 1.000000 2.200000 -1.300000
v 0.900000 2.300000 -1.300000
v 1.000000 2.300000 -1.300000
v -1.000000 2.400000 -1.300000
v -0.900000 2.400000 -1.300000
v -0.400000 2.400000 -1.300000
v -0.300000 2.400000 -1.300000
v 0.900000 2.400000 -1.300000
v 1.000000 2.400000 -1.300000
v -0.400000 2.500000 -1.300000
v -0.300000 2.500000 -1.300000
v -0.400000 2.900000 -1.300000
v 0.000000 2.900000 -1.300000
v 0.000000 3.100000 -1.300000
v 0.400000 3.100000 -1.300000
v -0.400000 3.200000 -1.300000
v 0.000000 3.200000 -1.300000
v 0.000000 3.300000 -1.300000
v 0.400000 3.300000 -1.300000
v -0.900000 3.700000 -1.300000
v -0.500000 3.700000 -1.300000
v -0.200000 3.700000 -1.300000
v 0.200000 3.700000 -1.300000
v 0.500000 3.700000 -1.300000
v 0.900000 3.700000 -1.300000
v -1.200000 3.800000 -1.300000
v -1.100000 3.800000 -1.300000
v -1.000000 3.800000 -1.300000
v -0.900000 3.800000 -1.300000
v -0.500000 3.800000 -1.300000
v -0.200000 3.800000 -1.300000
v 0.200000 3.800000 -1.300000
v 0.500000 3.800000 -1.300000
v 0.900000 3.800000 -1.300000
v 1.000000 3.800000 -1.300000
v 1.100000 3.800000 -1.300000
v 1.200000 3.800000 -1.300000
v -1.100000 3.900000 -1.300000
v -1.000000 3.900000 -1.300000
v -0.900000 3.900000 -1.300000
v -0.500000 3.900000 -1.300000
v -0.200000 3.900000 -1.300000
v 0.200000 3.900000 -1.300000
v 0.500000 3.900000 -1.300000
v 0.900000 3.900000 -1.300000
v 1.000000 3.900000 -1.300000
v 1.100000 3.900000 -1.300000
v 1.200000 3.900000 -1.300000
v -1.200000 4.000000 -1.300000
v -1.100000 4.000000 -1.300000
v -1.000000 4.000000 -1.300000
v -0.200000 4.000000 -1.300000
v -0.100000 4.000000 -1.300000
v 0.100000 4.000000 -1.300000
v 0.200000 4.000000 -1.300000
v 1.000000 4.000000 -1.300000
v 1.100000 4.000000 -1.300000
v 1.200000 4.000000 -1.300000
v -1.200000 1.200000 -1.200000
v -1.100000 1.200000 -1.200000
v 1.100000 1.200000 -1.200000
v 1.200000 1.200000 -1.200000
v -1.200000 1.300000 -1.200000
v -1.100000 1.300000 -1.200000
v 1.100000 1.300000 -1.200000
v 1.200000 1.300000 -1.200000
v -1.200000 1.800000 -1.200000
v -1.100000 1.800000 -1.200000
v 1.100000 1.800000 -1.200000
v 1.200000 1.800000 -1.200000
v -0.800000 4.100000 -1.200000
v -0.300000 4.100000 -1.200000
v -0.200000 4.100000 -1.200000
v 0.200000 4.100000 -1.200000
v 0.300000 4.100000 -1.200000
v 0.800000 4.100000 -1.200000
v -0.800000 4.300000 -1.200000
v -0.300000 4.300000 -1.200000
v 0.300000 4.300000 -1.200000
v 0.800000 4.300000 -1.200000
v -0.800000 4.500000 -1.200000
v -0.300000 4.500000 -1.200000
v -0.200000 4.500000 -1.200000
v 0.200000 4.500000 -1.200000
v 0.300000 4.500000 -1.200000
v 0.800000 4.500000 -1.200000
v 1.100000 0.800000 -1.100000
v 1.200000 0.800000 -1.100000
v 0.700000 0.900000 -1.100000
v 1.000000 0.900000 -1.100000
v 0.700000 1.000000 -1.100000
v 0.800000 1.000000 -1.100000
v 1.100000 1.200000 -1.100000
v 1.200000 1.200000 -1.100000
v 0.800000 1.300000 -1.100000
v 1.000000 1.300000 -1.100000
v 1.300000 4.000000 -1.100000
v 1.400000 4.000000 -1.100000
v 1.300000 4.100000 -1.100000
v -1.400000 4.200000 -1.100000
v -1.300000 4.200000 -1.100000
v 1.300000 4.200000 -1.100000
v 1.400000 4.200000 -1.100000
v -1.400000 4.400000 -1.100000
v -1.300000 4.400000 -1.100000
v -1.200000 2.000000 -1.000000
v -1.100000 2.000000 -1.000000
v -1.000000 2.000000 -1.000000
v -0.900000 2.000000 -1.000000
v -1.200000 2.400000 -1.000000
v -1.100000 2.400000 -1.000000
v -1.000000 2.400000 -1.000000
v -0.900000 2.400000 -1.000000
v 1.300000 4.300000 -0.900000
v 1.400000 4.300000 -0.900000
v 1.300000 4.500000 -0.900000
v 1.400000 4.500000 -0.900000
v -1.200000 3.800000 -0.800000
v -1.100000 3.800000 -0.800000
v 1.100000 3.800000 -0.800000
v 1.200000 3.800000 -0.800000
v -1.200000 3.900000 -0.800000
v -1.100000 3.900000 -0.800000
v 1.100000 3.900000 -0.800000
v -1.200000 4.000000 -0.800000
v -1.100000 4.000000 -0.800000
v 1.100000 4.000000 -0.800000
v 1.200000 4.000000 -0.800000
v -1.200000 1.300000 -0.700000
v -1.100000 1.300000 -0.700000
v -1.200000 1.800000 -0.700000
v -1.100000 1.800000 -0.700000
v -1.200000 1.900000 -0.700000
v -1.100000 1.900000 -0.700000
v -1.400000 4.300000 -0.700000
v -1.300000 4.300000 -0.700000
v -1.400000 4.500000 -0.700000
v -1.300000 4.500000 -0.700000
v -1.300000 0.400000 -0.600000
v -1.100000 0.400000 -0.600000
v -1.400000 0.500000 -0.600000
v -1.300000 0.500000 -0.600000
v -1.200000 0.500000 -0.600000
v -1.100000 0.500000 -0.600000
v -1.400000 0.700000 -0.600000
v -1.300000 0.700000 -0.600000
v -1.200000 0.700000 -0.600000
v -1.100000 0.700000 -0.600000
v -1.300000 0.800000 -0.600000
v -1.200000 0.800000 -0.600000
v -1.100000 0.800000 -0.600000
v -1.200000 1.200000 -0.600000
v -1.100000 1.200000 -0.600000
v 1.100000 1.200000 -0.600000
v 1.200000 1.200000 -0.600000
v -1.200000 1.300000 -0.600000
v -1.100000 1.300000 -0.600000
v 1.100000 1.300000 -0.600000
v 1.200000 1.300000 -0.600000
v -1.300000 1.800000 -0.600000
v -1.200000 1.800000 -0.600000
v 1.100000 1.800000 -0.600000
v 1.200000 1.800000 -0.600000
v -1.300000 1.900000 -0.600000
v -1.200000 1.900000 -0.600000
v -1.300000 2.000000 -0.600000
v -1.200000 2.000000 -0.600000
v -1.300000 3.600000 -0.600000
v -1.200000 3.600000 -0.600000
v -1.100000 0.500000 -0.500000
v -1.000000 0.500000 -0.500000
v -0.900000 0.500000 -0.500000
v -1.000000 0.600000 -0.500000
v -0.900000 0.600000 -0.500000
v -1.100000 0.700000 -0.500000
v -1.000000 0.700000 -0.500000
v -0.900000 0.700000 -0.500000
v -1.100000 0.800000 -0.500000
v -1.000000 0.800000 -0.500000
v -0.900000 0.800000 -0.500000
v -1.000000 0.900000 -0.500000
v -0.900000 0.900000 -0.500000
v -1.000000 1.000000 -0.500000
v -0.900000 1.000000 -0.500000
v -1.000000 1.100000 -0.500000
v -0.900000 1.100000 -0.500000
v -1.100000 1.200000 -0.500000
v -1.000000 1.200000 -0.500000
v -0.900000 1.200000 -0.500000
v -1.000000 1.300000 -0.500000
v -0.900000 1.300000 -0.500000
v -1.000000 1.400000 -0.500000
v -0.900000 1.400000 -0.500000
v -1.000000 1.500000 -0.500000
v -0.900000 1.500000 -0.500000
v -1.000000 1.600000 -0.500000
v -0.900000 1.600000 -0.500000
v -1.000000 1.700000 -0.500000
v -0.900000 1.700000 -0.500000
v -1.100000 1.800000 -0.500000
v -1.000000 1.800000 -0.500000
v -0.900000 1.800000 -0.500000
v -1.100000 1.900000 -0.500000
v -1.000000 1.900000 -0.500000
v -1.100000 2.200000 -0.500000
v -1.000000 2.200000 -0.500000
v -0.900000 2.200000 -0.500000
v -1.000000 2.300000 -0.500000
v -0.900000 2.300000 -0.500000
v -1.000000 2.400000 -0.500000
v -0.900000 2.400000 -0.500000
v -1.000000 2.500000 -0.500000
v -0.900000 2.500000 -0.500000
v -1.000000 2.600000 -0.500000
v -0.900000 2.600000 -0.500000
v -1.000000 2.700000 -0.500000
v -0.900000 2.700000 -0.500000
v -1.000000 2.800000 -0.500000
v -0.900000 2.800000 -0.500000
v -1.000000 2.900000 -0.500000
v -0.900000 2.900000 -0.500000
v -1.000000 3.000000 -0.500000
v -0.900000 3.000000 -0.500000
v -1.000000 3.100000 -0.500000
v -0.900000 3.100000 -0.500000
v 1.100000 3.100000 -0.500000
v 1.200000 3.100000 -0.500000
v -1.000000 3.200000 -0.500000
v -0.900000 3.200000 -0.500000
v -1.000000 3.300000 -0.500000
v -0.900000 3.300000 -0.500000
v 1.100000 3.300000 -0.500000
v 1.200000 3.300000 -0.500000
v -1.000000 3.400000 -0.500000
v -0.900000 3.400000 -0.500000
v -1.000000 3.500000 -0.500000
v -0.900000 3.500000 -0.500000
v -1.100000 3.600000 -0.500000
v -1.000000 3.600000 -0.500000
v -1.400000 0.500000 -0.400000
v -1.300000 0.500000 -0.400000
v -1.400000 0.700000 -0.400000
v -1.300000 0.700000 -0.400000
v -1.200000 0.400000 -0.200000
v -1.100000 0.400000 -0.200000
v -1.200000 0.500000 -0.200000
v -1.100000 0.500000 -0.200000
v -1.200000 2.100000 -0.200000
v -1.100000 2.100000 -0.200000
v -1.200000 2.200000 -0.200000
v -1.100000 2.200000 -0.200000
v -1.400000 0.500000 -0.100000
v -1.300000 0.500000 -0.100000
v -1.400000 0.700000 -0.100000
v -1.300000 0.700000 -0.100000
v -1.200000 3.800000 -0.100000
v -1.100000 3.800000 -0.100000
v 1.100000 3.800000 -0.100000
v 1.200000 3.800000 -0.100000
v -1.200000 3.900000 -0.100000
v -1.100000 3.900000 -0.100000
v 1.100000 3.900000 -0.100000
v 1.200000 3.900000 -0.100000
v -1.200000 4.000000 -0.100000
v -1.100000 4.000000 -0.100000
v 1.100000 4.000000 -0.100000
v 1.200000 4.000000 -0.100000
v -1.000000 0.400000 -0.000000
v -0.900000 0.400000 -0.000000
v -1.000000 0.600000 -0.000000
v -1.000000 0.700000 -0.000000
v -1.000000 1.100000 -0.000000
v -1.000000 1.200000 -0.000000
v -1.000000 1.800000 -0.000000
v -1.000000 1.900000 -0.000000
v -0.900000 1.900000 -0.000000
v -1.000000 2.100000 -0.000000
v -0.900000 2.100000 -0.000000
v -1.000000 3.600000 -0.000000
v -0.900000 3.600000 -0.000000
v -1.400000 0.400000 0.100000
v -1.100000 0.400000 0.100000
v -1.200000 0.500000 0.100000
v -1.100000 0.500000 0.100000
v -1.200000 0.700000 0.100000
v -1.100000 0.700000 0.100000
v -1.400000 0.800000 0.100000
v -1.300000 0.800000 0.100000
v -1.200000 0.800000 0.100000
v -1.100000 0.800000 0.100000
v -1.200000 1.200000 0.100000
v -1.200000 1.300000 0.100000
v 1.100000 1.300000 0.100000
v 1.200000 1.300000 0.100000
v 1.100000 1.700000 0.100000
v -1.200000 1.800000 0.100000
v 1.100000 1.800000 0.100000
v 1.200000 1.800000 0.100000
v -1.400000 1.900000 0.100000
v -1.300000 1.900000 0.100000
v -1.200000 1.900000 0.100000
v -1.100000 1.900000 0.100000
v -1.400000 2.000000 0.100000
v -1.300000 2.000000 0.100000
v -1.200000 2.000000 0.100000
v -1.100000 2.000000 0.100000
v -1.400000 3.600000 0.100000
v -1.300000 3.600000 0.100000
v -1.200000 3.600000 0.100000
v -1.100000 3.600000 0.100000
v -1.400000 3.700000 0.100000
v -1.100000 3.700000 0.100000
v -1.200000 1.200000 0.200000
v -1.100000 1.200000 0.200000
v -1.200000 1.300000 0.200000
v -1.100000 1.300000 0.200000
v -1.100000 1.700000 0.200000
v -1.200000 1.800000 0.200000
v -1.100000 1.800000 0.200000
v 1.100000 1.100000 0.400000
v 1.200000 1.100000 0.400000
v 1.100000 1.300000 0.400000
v 1.200000 1.300000 0.400000
v -1.200000 3.100000 0.500000
v -1.100000 3.100000 0.500000
v -1.200000 3.300000 0.500000
v -1.100000 3.300000 0.500000
v -1.200000 3.800000 0.600000
v -1.100000 3.800000 0.600000
v 1.100000 3.800000 0.600000
v 1.200000 3.800000 0.600000
v -1.200000 3.900000 0.600000
v -1.100000 3.900000 0.600000
v 1.100000 3.900000 0.600000
v 1.200000 3.900000 0.600000
v -1.200000 4.000000 0.600000
v -1.100000 4.000000 0.600000
v 1.100000 4.000000 0.600000
v 1.200000 4.000000 0.600000
v -0.300000 0.100000 0.700000
v 0.300000 0.100000 0.700000
v -0.300000 0.200000 0.700000
v 0.300000 0.200000 0.700000
v -0.200000 0.300000 0.700000
v -0.100000 0.300000 0.700000
v 0.100000 0.300000 0.700000
v 0.200000 0.300000 0.700000
v -0.200000 0.700000 0.700000
v -0.100000 0.700000 0.700000
v 0.100000 0.700000 0.700000
v 0.200000 0.700000 0.700000
v -0.200000 0.800000 0.700000
v -0.100000 0.800000 0.700000
v 0.100000 0.800000 0.700000
v 0.200000 0.800000 0.700000
v -1.200000 1.200000 0.700000
v -1.100000 1.200000 0.700000
v -0.300000 1.200000 0.700000
v -0.200000 1.200000 0.700000
v -0.100000 1.200000 0.700000
v 0.100000 1.200000 0.700000
v 0.200000 1.200000 0.700000
v 0.300000 1.200000 0.700000
v 1.100000 1.200000 0.700000
v 1.200000 1.200000 0.700000
v -1.200000 1.300000 0.700000
v -1.100000 1.300000 0.700000
v -0.200000 1.300000 0.700000
v -0.100000 1.300000 0.700000
v 0.100000 1.300000 0.700000
v 0.200000 1.300000 0.700000
v 1.100000 1.300000 0.700000
v 1.200000 1.300000 0.700000
v -1.100000 1.700000 0.700000
v -0.200000 1.700000 0.700000
v -0.100000 1.700000 0.700000
v 0.100000 1.700000 0.700000
v 0.200000 1.700000 0.700000
v 1.100000 1.700000 0.700000
v -1.200000 1.800000 0.700000
v -1.100000 1.800000 0.700000
v -0.300000 1.800000 0.700000
v -0.200000 1.800000 0.700000
v -0.100000 1.800000 0.700000
v 0.100000 1.800000 0.700000
v 0.200000 1.800000 0.700000
v 0.300000 1.800000 0.700000
v 1.100000 1.800000 0.700000
v 1.200000 1.800000 0.700000
v -0.200000 2.200000 0.700000
v -0.100000 2.200000 0.700000
v 0.100000 2.200000 0.700000
v 0.200000 2.200000 0.700000
v -0.200000 2.300000 0.700000
v -0.100000 2.300000 0.700000
v 0.100000 2.300000 0.700000
v 0.200000 2.300000 0.700000
v -0.200000 2.700000 0.700000
v -0.100000 2.700000 0.700000
v 0.100000 2.700000 0.700000
v 0.200000 2.700000 0.700000
v -0.300000 2.800000 0.700000
v -0.100000 2.800000 0.700000
v 0.100000 2.800000 0.700000
v 0.300000 2.800000 0.700000
v -0.100000 3.000000 0.700000
v 0.100000 3.000000 0.700000
v -1.000000 4.100000 0.700000
v -0.300000 4.100000 0.700000
v -0.200000 4.100000 0.700000
v 0.200000 4.100000 0.700000
v 0.300000 4.100000 0.700000
v 1.000000 4.100000 0.700000
v -1.000000 4.300000 0.700000
v -0.300000 4.300000 0.700000
v 0.300000 4.300000 0.700000
v 1.000000 4.300000 0.700000
v -1.000000 4.500000 0.700000
v -0.300000 4.500000 0.700000
v -0.200000 4.500000 0.700000
v 0.200000 4.500000 0.700000
v 0.300000 4.500000 0.700000
v 1.000000 4.500000 0.700000
v -1.400000 0.000000 0.800000
v -1.200000 0.000000 0.800000
v 1.200000 0.000000 0.800000
v 1.400000 0.000000 0.800000
v -1.400000 0.100000 0.800000
v -1.200000 0.100000 0.800000
v -1.100000 0.100000 0.800000
v -0.400000 0.100000 0.800000
v -0.300000 0.100000 0.800000
v 0.300000 0.100000 0.800000
v 0.400000 0.100000 0.800000
v 1.100000 0.100000 0.800000
v 1.200000 0.100000 0.800000
v 1.400000 0.100000 0.800000
v -1.000000 0.200000 0.800000
v -0.300000 0.200000 0.800000
v 0.300000 0.200000 0.800000
v 1.100000 0.200000 0.800000
v -1.100000 0.300000 0.800000
v -1.000000 0.300000 0.800000
v -0.700000 0.300000 0.800000
v -0.600000 0.300000 0.800000
v -0.700000 0.400000 0.800000
v -0.600000 0.400000 0.800000
v 0.800000 0.500000 0.800000
v 1.100000 0.500000 0.800000
v -1.100000 0.600000 0.800000
v -1.000000 0.600000 0.800000
v 0.800000 0.600000 0.800000
v 1.100000 0.600000 0.800000
v -1.100000 0.700000 0.800000
v -1.000000 0.700000 0.800000
v -0.900000 0.800000 0.800000
v -0.800000 0.800000 0.800000
v -0.900000 0.900000 0.800000
v -0.800000 0.900000 0.800000
v 0.800000 1.000000 0.800000
v 1.100000 1.000000 0.800000
v -1.000000 1.100000 0.800000
v -0.900000 1.100000 0.800000
v -0.500000 1.100000 0.800000
v -0.400000 1.100000 0.800000
v 0.400000 1.100000 0.800000
v 0.500000 1.100000 0.800000
v 0.900000 1.100000 0.800000
v 1.000000 1.100000 0.800000
v -1.000000 1.200000 0.800000
v -0.900000 1.200000 0.800000
v -0.800000 1.200000 0.800000
v -0.500000 1.200000 0.800000
v -0.400000 1.200000 0.800000
v -0.300000 1.200000 0.800000
v 0.300000 1.200000 0.800000
v 0.400000 1.200000 0.800000
v 0.500000 1.200000 0.800000
v 0.800000 1.200000 0.800000
v 0.900000 1.200000 0.800000
v 1.000000 1.200000 0.800000
v -1.000000 1.300000 0.800000
v -0.900000 1.300000 0.800000
v -0.500000 1.300000 0.800000
v -0.400000 1.300000 0.800000
v 0.400000 1.300000 0.800000
v 0.500000 1.300000 0.800000
v 0.900000 1.300000 0.800000
v 1.000000 1.300000 0.800000
v -1.100000 1.700000 0.800000
v -1.000000 1.700000 0.800000
v -0.800000 1.700000 0.800000
v -0.500000 1.700000 0.800000
v 0.500000 1.700000 0.800000
v 0.800000 1.700000 0.800000
v 1.000000 1.700000 0.800000
v 1.100000 1.700000 0.800000
v -1.100000 1.800000 0.800000
v -1.000000 1.800000 0.800000
v -0.900000 1.800000 0.800000
v -0.500000 1.800000 0.800000
v -0.400000 1.800000 0.800000
v -0.300000 1.800000 0.800000
v 0.300000 1.800000 0.800000
v 0.400000 1.800000 0.800000
v 0.500000 1.800000 0.800000
v 0.900000 1.800000 0.800000
v 1.000000 1.800000 0.800000
v 1.100000 1.800000 0.800000
v -1.100000 1.900000 0.800000
v -1.000000 1.900000 0.800000
v -0.900000 1.900000 0.800000
v -0.500000 1.900000 0.800000
v -0.400000 1.900000 0.800000
v -0.300000 1.900000 0.800000
v 0.300000 1.900000 0.800000
v 0.400000 1.900000 0.800000
v 0.500000 1.900000 0.800000
v 0.900000 1.900000 0.800000
v 1.000000 1.900000 0.800000
v 1.100000 1.900000 0.800000
v -1.100000 2.000000 0.800000
v -1.000000 2.000000 0.800000
v -0.900000 2.000000 0.800000
v -0.600000 2.000000 0.800000
v -0.500000 2.000000 0.800000
v -0.400000 2.000000 0.800000
v 0.500000 2.000000 0.800000
v 0.800000 2.000000 0.800000
v 0.900000 2.000000 0.800000
v 1.100000 2.000000 0.800000
v -1.000000 2.100000 0.800000
v -0.900000 2.100000 0.800000
v -0.600000 2.100000 0.800000
v -0.500000 2.100000 0.800000
v 0.400000 2.100000 0.800000
v 0.500000 2.100000 0.800000
v 0.800000 2.100000 0.800000
v 0.900000 2.100000 0.800000
v -0.700000 2.300000 0.800000
v -0.600000 2.300000 0.800000
v -0.700000 2.400000 0.800000
v -0.600000 2.400000 0.800000
v -1.100000 2.500000 0.800000
v -0.700000 2.500000 0.800000
v -1.100000 2.600000 0.800000
v -0.800000 2.600000 0.800000
v -0.300000 2.800000 0.800000
v -0.100000 2.800000 0.800000
v 0.100000 2.800000 0.800000
v 0.300000 2.800000 0.800000
v -0.400000 2.900000 0.800000
v -0.300000 2.900000 0.800000
v -0.200000 2.900000 0.800000
v 0.200000 2.900000 0.800000
v 0.400000 2.900000 0.800000
v 0.500000 2.900000 0.800000
v 0.900000 2.900000 0.800000
v -1.100000 3.000000 0.800000
v -0.800000 3.000000 0.800000
v -0.700000 3.000000 0.800000
v -0.300000 3.000000 0.800000
v -0.200000 3.000000 0.800000
v -0.100000 3.000000 0.800000
v 0.100000 3.000000 0.800000
v 0.500000 3.000000 0.800000
v 0.800000 3.000000 0.800000
v -0.200000 3.100000 0.800000
v 0.200000 3.100000 0.800000
v 0.200000 3.200000 0.800000
v 0.500000 3.200000 0.800000
v 0.600000 3.200000 0.800000
v 0.800000 3.200000 0.800000
v 0.900000 3.200000 0.800000
v 0.200000 3.300000 0.800000
v 0.500000 3.300000 0.800000
v -0.900000 3.400000 0.800000
v -0.800000 3.400000 0.800000
v -0.900000 3.500000 0.800000
v -0.800000 3.500000 0.800000
v 0.200000 3.500000 0.800000
v 0.500000 3.500000 0.800000
v 0.600000 3.500000 0.800000
v 0.800000 3.500000 0.800000
v 0.900000 3.500000 0.800000
v -0.500000 3.600000 0.800000
v -0.400000 3.600000 0.800000
v 0.800000 3.600000 0.800000
v 0.900000 3.600000 0.800000
v -0.900000 3.700000 0.800000
v -0.500000 3.700000 0.800000
v -0.400000 3.700000 0.800000
v -0.200000 3.700000 0.800000
v 0.200000 3.700000 0.800000
v 0.500000 3.700000 0.800000
v 0.900000 3.700000 0.800000
v 1.000000 3.700000 0.800000
v 1.100000 3.700000 0.800000
v -1.100000 3.800000 0.800000
v -1.000000 3.800000 0.800000
v -0.900000 3.800000 0.800000
v -0.700000 3.800000 0.800000
v -0.600000 3.800000 0.800000
v -0.500000 3.800000 0.800000
v -0.200000 3.800000 0.800000
v -0.100000 3.800000 0.800000
v 0.200000 3.800000 0.800000
v 0.500000 3.800000 0.800000
v 0.800000 3.800000 0.800000
v 0.900000 3.800000 0.800000
v 1.000000 3.800000 0.800000
v 1.100000 3.800000 0.800000
v -1.000000 3.900000 0.800000
v -0.900000 3.900000 0.800000
v -0.500000 3.900000 0.800000
v -0.200000 3.900000 0.800000
v 0.200000 3.900000 0.800000
v 0.500000 3.900000 0.800000
v 0.900000 3.900000 0.800000
v 1.000000 3.900000 0.800000
v -1.000000 4.000000 0.800000
v -0.900000 4.000000 0.800000
v -0.500000 4.000000 0.800000
v -0.200000 4.000000 0.800000
v 0.200000 4.000000 0.800000
v 0.500000 4.000000 0.800000
v 0.900000 4.000000 0.800000
v 1.000000 4.000000 0.800000
v -1.200000 0.000000 0.900000
v -1.100000 0.000000 0.900000
v 1.100000 0.000000 0.900000
v 1.200000 0.000000 0.900000
v -1.200000 0.100000 0.900000
v -1.100000 0.100000 0.900000
v 1.100000 0.100000 0.900000
v 1.200000 0.100000 0.900000
v 0.800000 0.600000 0.900000
v 1.200000 0.600000 0.900000
v 0.800000 1.000000 0.900000
v 1.200000 1.000000 0.900000
v -1.000000 1.200000 0.900000
v -0.900000 1.200000 0.900000
v -0.500000 1.200000 0.900000
v -0.400000 1.200000 0.900000
v 0.400000 1.200000 0.900000
v 0.500000 1.200000 0.900000
v 0.900000 1.200000 0.900000
v 1.000000 1.200000 0.900000
v -1.000000 1.300000 0.900000
v -0.900000 1.300000 0.900000
v -0.500000 1.300000 0.900000
v -0.400000 1.300000 0.900000
v 0.400000 1.300000 0.900000
v 0.500000 1.300000 0.900000
v 0.900000 1.300000 0.900000
v 1.000000 1.300000 0.900000
v -1.200000 1.800000 0.900000
v -1.000000 1.800000 0.900000
v -0.900000 1.800000 0.900000
v -0.500000 1.800000 0.900000
v -0.400000 1.800000 0.900000
v -0.300000 1.800000 0.900000
v 0.300000 1.800000 0.900000
v 0.400000 1.800000 0.900000
v 0.500000 1.800000 0.900000
v 0.900000 1.800000 0.900000
v 1.000000 1.800000 0.900000
v 1.200000 1.800000 0.900000
v -1.200000 1.900000 0.900000
v -1.000000 1.900000 0.900000
v -0.900000 1.900000 0.900000
v -0.500000 1.900000 0.900000
v -0.400000 1.900000 0.900000
v -0.300000 1.900000 0.900000
v 0.300000 1.900000 0.900000
v 0.400000 1.900000 0.900000
v 0.500000 1.900000 0.900000
v 0.900000 1.900000 0.900000
v 1.000000 1.900000 0.900000
v 1.200000 1.900000 0.900000
v -1.200000 2.600000 0.900000
v -0.800000 2.600000 0.900000
v -1.200000 3.000000 0.900000
v -0.800000 3.000000 0.900000
v 0.500000 3.000000 0.900000
v 0.800000 3.000000 0.900000
v 0.500000 3.200000 0.900000
v 0.800000 3.200000 0.900000
v 0.200000 3.300000 0.900000
v 0.500000 3.300000 0.900000
v 0.200000 3.500000 0.900000
v 0.500000 3.500000 0.900000
v -1.200000 3.800000 0.900000
v -1.000000 3.800000 0.900000
v -0.900000 3.800000 0.900000
v -0.700000 3.800000 0.900000
v -0.600000 3.800000 0.900000
v -0.500000 3.800000 0.900000
v -0.200000 3.800000 0.900000
v -0.100000 3.800000 0.900000
v 0.200000 3.800000 0.900000
v 0.500000 3.800000 0.900000
v 0.800000 3.800000 0.900000
v 0.900000 3.800000 0.900000
v 1.000000 3.800000 0.900000
v 1.200000 3.800000 0.900000
v -1.200000 3.900000 0.900000
v -1.000000 3.900000 0.900000
v -0.900000 3.900000 0.900000
v -0.700000 3.900000 0.900000
v -0.600000 3.900000 0.900000
v -0.500000 3.900000 0.900000
v -0.100000 3.900000 0.900000
v 0.200000 3.900000 0.900000
v 0.500000 3.900000 0.900000
v 0.800000 3.900000 0.900000
v 1.000000 3.900000 0.900000
v 1.200000 3.900000 0.900000
v -1.200000 4.000000 0.900000
v -1.000000 4.000000 0.900000
v -0.900000 4.000000 0.900000
v -0.500000 4.000000 0.900000
v -0.200000 4.000000 0.900000
v 0.200000 4.000000 0.900000
v 0.500000 4.000000 0.900000
v 0.900000 4.000000 0.900000
v 1.000000 4.000000 0.900000
v 1.200000 4.000000 0.900000
v -1.300000 4.000000 1.000000
v 1.300000 4.000000 1.000000
v -1.300000 4.100000 1.000000
v -0.900000 4.100000 1.000000
v -0.800000 4.100000 1.000000
v -0.700000 4.100000 1.000000
v -0.400000 4.100000 1.000000
v -0.300000 4.100000 1.000000
v 0.100000 4.100000 1.000000
v 0.200000 4.100000 1.000000
v 0.700000 4.100000 1.000000
v 0.800000 4.100000 1.000000
v 1.100000 4.100000 1.000000
v 1.200000 4.100000 1.000000
v 1.300000 4.100000 1.000000
v 0.100000 4.200000 1.000000
v 0.200000 4.200000 1.000000
v 0.300000 4.200000 1.000000
v 0.700000 4.200000 1.000000
v 0.800000 4.200000 1.000000
v 1.100000 4.200000 1.000000
v -0.700000 4.300000 1.000000
v -0.400000 4.300000 1.000000
v -0.300000 4.300000 1.000000
v 0.200000 4.300000 1.000000
v 0.300000 4.300000 1.000000
v 0.800000 4.300000 1.000000
v 1.100000 4.300000 1.000000
v -1.400000 4.400000 1.000000
v -1.300000 4.400000 1.000000
v -1.200000 4.400000 1.000000
v -0.900000 4.400000 1.000000
v -0.800000 4.400000 1.000000
v 1.200000 4.400000 1.000000
v 1.300000 4.400000 1.000000
v 1.400000 4.400000 1.000000
v 0.800000 4.500000 1.000000
v 1.100000 4.500000 1.000000
v 1.200000 4.500000 1.000000
v -1.400000 4.600000 1.000000
v -1.300000 4.600000 1.000000
v -1.200000 4.600000 1.000000
v 1.200000 4.600000 1.000000
v 1.300000 4.600000 1.000000
v 1.400000 4.600000 1.000000
v -1.100000 0.000000 1.100000
v -0.400000 0.000000 1.100000
v 0.400000 0.000000 1.100000
v 1.100000 0.000000 1.100000
v -1.100000 0.100000 1.100000
v -0.400000 0.100000 1.100000
v 0.400000 0.100000 1.100000
v 1.100000 0.100000 1.100000
v -1.400000 4.100000 1.100000
v -0.900000 4.100000 1.100000
v -0.700000 4.100000 1.100000
v -0.400000 4.100000 1.100000
v 1.200000 4.100000 1.100000
v 1.400000 4.100000 1.100000
v -0.700000 4.300000 1.100000
v -0.400000 4.300000 1.100000
v 0.800000 4.300000 1.100000
v 1.100000 4.300000 1.100000
v -1.400000 4.400000 1.100000
v -1.300000 4.400000 1.100000
v -1.200000 4.400000 1.100000
v -0.900000 4.400000 1.100000
v 1.200000 4.400000 1.100000
v 1.300000 4.400000 1.100000
v 1.400000 4.400000 1.100000
v 0.800000 4.500000 1.100000
v 1.100000 4.500000 1.100000
v -1.300000 4.600000 1.100000
v -1.200000 4.600000 1.100000
v 1.200000 4.600000 1.100000
v 1.300000 4.600000 1.100000
v -0.400000 0.000000 1.600000
v -0.300000 0.000000 1.600000
v 0.300000 0.000000 1.600000
v 0.400000 0.000000 1.600000
v -0.400000 0.100000 1.600000
v -0.300000 0.100000 1.600000
v 0.300000 0.100000 1.600000
v 0.400000 0.100000 1.600000
v -0.300000 0.000000 1.700000
v -0.200000 0.000000 1.700000
v -0.100000 0.000000 1.700000
v 0.100000 0.000000 1.700000
v 0.300000 0.000000 1.700000
v -0.300000 0.100000 1.700000
v -0.200000 0.100000 1.700000
v -0.100000 0.100000 1.700000
v 0.100000 0.100000 1.700000
v 0.300000 0.100000 1.700000
v -1.400000 4.400000 -1.600000
v -1.400000 4.600000 -1.600000
v -1.400000 4.400000 -1.500000
v -1.400000 4.600000 -1.500000
v -1.400000 -0.000000 -1.400000
v -1.400000 0.100000 -1.400000
v -1.400000 4.200000 -1.400000
v -1.400000 4.400000 -1.400000
v -1.400000 4.200000 -1.100000
v -1.400000 4.400000 -1.100000
v -1.400000 4.300000 -1.000000
v -1.400000 4.500000 -1.000000
v -1.400000 -0.000000 -0.800000
v -1.400000 0.100000 -0.800000
v -1.400000 -0.000000 -0.700000
v -1.400000 0.100000 -0.700000
v -1.400000 0.400000 -0.700000
v -1.400000 0.800000 -0.700000
v -1.400000 1.900000 -0.700000
v -1.400000 2.000000 -0.700000
v -1.400000 3.600000 -0.700000
v -1.400000 3.700000 -0.700000
v -1.400000 4.300000 -0.700000
v -1.400000 4.500000 -0.700000
v -1.400000 0.500000 -0.600000
v -1.400000 0.700000 -0.600000
v -1.400000 0.500000 -0.500000
v -1.400000 0.700000 -0.500000
v -1.400000 0.500000 -0.400000
v -1.400000 0.700000 -0.400000
v -1.400000 0.500000 -0.200000
v -1.400000 0.700000 -0.200000
v -1.400000 0.500000 -0.100000
v -1.400000 0.700000 -0.100000
v -1.400000 0.500000 -0.000000
v -1.400000 0.700000 -0.000000
v -1.400000 0.400000 0.100000
v -1.400000 0.800000 0.100000
v -1.400000 1.900000 0.100000
v -1.400000 2.000000 0.100000
v -1.400000 3.600000 0.100000
v -1.400000 3.700000 0.100000
v -1.400000 0.000000 0.800000
v -1.400000 0.100000 0.800000
v -1.400000 4.100000 0.800000
v -1.400000 4.400000 0.800000
v -1.400000 4.400000 0.900000
v -1.400000 4.600000 0.900000
v -1.400000 4.400000 1.000000
v -1.400000 4.600000 1.000000
v -1.400000 4.100000 1.100000
v -1.400000 4.400000 1.100000
v -1.300000 4.400000 -1.700000
v -1.300000 4.600000 -1.700000
v -1.300000 4.000000 -1.600000
v -1.300000 4.100000 -1.600000
v -1.300000 4.400000 -1.600000
v -1.300000 4.600000 -1.600000
v -1.300000 4.400000 -1.500000
v -1.300000 4.600000 -1.500000
v -1.300000 4.100000 -1.400000
v -1.300000 4.200000 -1.400000
v -1.300000 4.400000 -1.400000
v -1.300000 4.200000 -1.100000
v -1.300000 4.400000 -1.100000
v -1.300000 4.100000 -1.000000
v -1.300000 4.200000 -1.000000
v -1.300000 4.300000 -1.000000
v -1.300000 4.400000 -1.000000
v -1.300000 4.500000 -1.000000
v -1.300000 0.800000 -0.700000
v -1.300000 1.800000 -0.700000
v -1.300000 1.900000 -0.700000
v -1.300000 2.000000 -0.700000
v -1.300000 3.600000 -0.700000
v -1.300000 4.300000 -0.700000
v -1.300000 4.500000 -0.700000
v -1.300000 0.800000 -0.600000
v -1.300000 1.800000 -0.600000
v -1.300000 1.900000 -0.600000
v -1.300000 2.000000 -0.600000
v -1.300000 3.600000 -0.600000
v -1.300000 4.200000 -0.600000
v -1.300000 4.500000 -0.600000
v -1.300000 4.500000 -0.500000
v -1.300000 4.600000 -0.500000
v -1.300000 4.100000 -0.400000
v -1.300000 4.200000 -0.400000
v -1.300000 4.500000 -0.400000
v -1.300000 4.600000 -0.400000
v -1.300000 4.100000 -0.300000
v -1.300000 4.200000 -0.300000
v -1.300000 0.800000 -0.000000
v -1.300000 1.900000 -0.000000
v -1.300000 2.000000 -0.000000
v -1.300000 3.600000 -0.000000
v -1.300000 0.800000 0.100000
v -1.300000 1.900000 0.100000
v -1.300000 2.000000 0.100000
v -1.300000 3.600000 0.100000
v -1.300000 4.200000 0.100000
v -1.300000 4.300000 0.100000
v -1.300000 4.200000 0.200000
v -1.300000 4.300000 0.200000
v -1.300000 4.100000 0.500000
v -1.300000 4.200000 0.500000
v -1.300000 4.100000 0.600000
v -1.300000 4.200000 0.600000
v -1.300000 4.500000 0.600000
v -1.300000 4.600000 0.600000
v -1.300000 4.500000 0.700000
v -1.300000 4.600000 0.700000
v -1.300000 4.100000 0.800000
v -1.300000 4.400000 0.800000
v -1.300000 4.400000 0.900000
v -1.300000 4.600000 0.900000
v -1.300000 4.000000 1.000000
v -1.300000 4.100000 1.000000
v -1.300000 4.400000 1.000000
v -1.300000 4.600000 1.000000
v -1.300000 4.400000 1.100000
v -1.300000 4.600000 1.100000
v -1.200000 -0.000000 -1.500000
v -1.200000 0.100000 -1.500000
v -1.200000 1.800000 -1.500000
v -1.200000 1.900000 -1.500000
v -1.200000 2.000000 -1.500000
v -1.200000 2.400000 -1.500000
v -1.200000 3.800000 -1.500000
v -1.200000 3.900000 -1.500000
v -1.200000 4.000000 -1.500000
v -1.200000 -0.000000 -1.400000
v -1.200000 0.100000 -1.400000
v -1.200000 3.800000 -1.400000
v -1.200000 3.900000 -1.400000
v -1.200000 1.200000 -1.300000
v -1.200000 1.300000 -1.300000
v -1.200000 1.800000 -1.300000
v -1.200000 1.900000 -1.300000
v -1.200000 3.800000 -1.300000
v -1.200000 4.000000 -1.300000
v -1.200000 1.200000 -1.200000
v -1.200000 1.300000 -1.200000
v -1.200000 1.800000 -1.200000
v -1.200000 1.900000 -1.200000
v -1.200000 3.800000 -1.200000
v -1.200000 3.900000 -1.200000
v -1.200000 4.000000 -1.200000
v -1.200000 2.000000 -1.000000
v -1.200000 2.400000 -1.000000
v -1.200000 3.800000 -1.000000
v -1.200000 3.900000 -1.000000
v -1.200000 3.800000 -0.900000
v -1.200000 3.900000 -0.900000
v -1.200000 1.200000 -0.800000
v -1.200000 1.300000 -0.800000
v -1.200000 1.800000 -0.800000
v -1.200000 1.900000 -0.800000
v -1.200000 3.800000 -0.800000
v -1.200000 3.900000 -0.800000
v -1.200000 4.000000 -0.800000
v -1.200000 1.200000 -0.700000
v -1.200000 1.300000 -0.700000
v -1.200000 1.800000 -0.700000
v -1.200000 1.900000 -0.700000
v -1.200000 3.800000 -0.500000
v -1.200000 4.000000 -0.500000
v -1.200000 0.400000 -0.400000
v -1.200000 0.500000 -0.400000
v -1.200000 2.100000 -0.400000
v -1.200000 2.200000 -0.400000
v -1.200000 3.800000 -0.400000
v -1.200000 3.900000 -0.400000
v -1.200000 0.400000 -0.200000
v -1.200000 0.500000 -0.200000
v -1.200000 2.100000 -0.200000
v -1.200000 2.200000 -0.200000
v -1.200000 1.800000 -0.100000
v -1.200000 1.900000 -0.100000
v -1.200000 3.800000 -0.100000
v -1.200000 3.900000 -0.100000
v -1.200000 4.000000 -0.100000
v -1.200000 1.800000 -0.000000
v -1.200000 1.900000 -0.000000
v -1.200000 1.200000 0.100000
v -1.200000 1.300000 0.100000
v -1.200000 1.800000 0.100000
v -1.200000 1.900000 0.100000
v -1.200000 1.200000 0.200000
v -1.200000 1.300000 0.200000
v -1.200000 1.800000 0.200000
v -1.200000 1.900000 0.200000
v -1.200000 3.100000 0.200000
v -1.200000 3.300000 0.200000
v -1.200000 3.800000 0.200000
v -1.200000 3.900000 0.200000
v -1.200000 4.000000 0.200000
v -1.200000 3.800000 0.300000
v -1.200000 3.900000 0.300000
v -1.200000 2.600000 0.400000
v -1.200000 3.000000 0.400000
v -1.200000 3.800000 0.400000
v -1.200000 3.900000 0.400000
v -1.200000 3.100000 0.500000
v -1.200000 3.300000 0.500000
v -1.200000 1.200000 0.600000
v -1.200000 1.300000 0.600000
v -1.200000 1.800000 0.600000
v -1.200000 1.900000 0.600000
v -1.200000 3.800000 0.600000
v -1.200000 3.900000 0.600000
v -1.200000 4.000000 0.600000
v -1.200000 1.200000 0.700000
v -1.200000 1.300000 0.700000
v -1.200000 1.800000 0.700000
v -1.200000 1.900000 0.700000
v -1.200000 3.800000 0.700000
v -1.200000 3.900000 0.700000
v -1.200000 4.000000 0.700000
v -1.200000 0.000000 0.800000
v -1.200000 0.100000 0.800000
v -1.200000 0.000000 0.900000
v -1.200000 0.100000 0.900000
v -1.200000 1.800000 0.900000
v -1.200000 1.900000 0.900000
v -1.200000 2.600000 0.900000
v -1.200000 3.000000 0.900000
v -1.200000 3.800000 0.900000
v -1.200000 3.900000 0.900000
v -1.200000 4.000000 0.900000
v -1.100000 -0.000000 -1.700000
v -1.100000 0.100000 -1.700000
v -1.100000 -0.000000 -1.500000
v -1.100000 0.100000 -1.500000
v -1.100000 0.100000 -1.400000
v -1.100000 0.300000 -1.400000
v -1.100000 1.700000 -1.400000
v -1.100000 1.800000 -1.400000
v -1.100000 1.900000 -1.400000
v -1.100000 2.000000 -1.400000
v -1.100000 2.400000 -1.400000
v -1.100000 3.700000 -1.400000
v -1.100000 3.800000 -1.400000
v -1.100000 0.400000 -1.300000
v -1.100000 0.500000 -1.300000
v -1.100000 1.100000 -1.300000
v -1.100000 1.200000 -1.300000
v -1.100000 1.300000 -1.300000
v -1.100000 1.700000 -1.300000
v -1.100000 1.800000 -1.300000
v -1.100000 1.900000 -1.300000
v -1.100000 3.700000 -1.300000
v -1.100000 3.800000 -1.300000
v -1.100000 3.900000 -1.300000
v -1.100000 4.000000 -1.300000
v -1.100000 0.200000 -1.200000
v -1.100000 0.300000 -1.200000
v -1.100000 0.400000 -1.200000
v -1.100000 0.500000 -1.200000
v -1.100000 1.100000 -1.200000
v -1.100000 1.200000 -1.200000
v -1.100000 1.300000 -1.200000
v -1.100000 1.800000 -1.200000
v -1.100000 1.900000 -1.200000
v -1.100000 3.700000 -1.200000
v -1.100000 3.800000 -1.200000
v -1.100000 3.900000 -1.200000
v -1.100000 4.000000 -1.200000
v -1.100000 1.200000 -1.100000
v -1.100000 1.700000 -1.100000
v -1.100000 2.500000 -1.100000
v -1.100000 2.600000 -1.100000
v -1.100000 3.300000 -1.100000
v -1.100000 3.400000 -1.100000
v -1.100000 2.000000 -1.000000
v -1.100000 2.400000 -1.000000
v -1.100000 2.500000 -1.000000
v -1.100000 2.600000 -1.000000
v -1.100000 3.300000 -1.000000
v -1.100000 3.400000 -1.000000
v -1.100000 3.800000 -1.000000
v -1.100000 0.300000 -0.900000
v -1.100000 0.400000 -0.900000
v -1.100000 2.000000 -0.900000
v -1.100000 2.400000 -0.900000
v -1.100000 3.800000 -0.900000
v -1.100000 0.300000 -0.800000
v -1.100000 0.400000 -0.800000
v -1.100000 0.500000 -0.800000
v -1.100000 0.700000 -0.800000
v -1.100000 0.800000 -0.800000
v -1.100000 1.100000 -0.800000
v -1.100000 1.200000 -0.800000
v -1.100000 1.300000 -0.800000
v -1.100000 1.700000 -0.800000
v -1.100000 1.800000 -0.800000
v -1.100000 1.900000 -0.800000
v -1.100000 3.000000 -0.800000
v -1.100000 3.100000 -0.800000
v -1.100000 3.700000 -0.800000
v -1.100000 3.800000 -0.800000
v -1.100000 3.900000 -0.800000
v -1.100000 4.000000 -0.800000
v -1.100000 0.300000 -0.700000
v -1.100000 0.400000 -0.700000
v -1.100000 0.500000 -0.700000
v -1.100000 0.600000 -0.700000
v -1.100000 0.700000 -0.700000
v -1.100000 0.800000 -0.700000
v -1.100000 1.100000 -0.700000
v -1.100000 1.200000 -0.700000
v -1.100000 1.300000 -0.700000
v -1.100000 1.800000 -0.700000
v -1.100000 1.900000 -0.700000
v -1.100000 2.000000 -0.700000
v -1.100000 3.000000 -0.700000
v -1.100000 3.100000 -0.700000
v -1.100000 3.600000 -0.700000
v -1.100000 3.700000 -0.700000
v -1.100000 0.400000 -0.600000
v -1.100000 0.500000 -0.600000
v -1.100000 0.600000 -0.600000
v -1.100000 0.700000 -0.600000
v -1.100000 0.800000 -0.600000
v -1.100000 1.100000 -0.600000
v -1.100000 1.200000 -0.600000
v -1.100000 1.300000 -0.600000
v -1.100000 1.800000 -0.600000
v -1.100000 1.900000 -0.600000
v -1.100000 2.000000 -0.600000
v -1.100000 3.600000 -0.600000
v -1.100000 0.400000 -0.500000
v -1.100000 0.500000 -0.500000
v -1.100000 0.700000 -0.500000
v -1.100000 0.800000 -0.500000
v -1.100000 1.200000 -0.500000
v -1.100000 1.800000 -0.500000
v -1.100000 1.900000 -0.500000
v -1.100000 2.100000 -0.500000
v -1.100000 2.200000 -0.500000
v -1.100000 3.600000 -0.500000
v -1.100000 3.700000 -0.500000
v -1.100000 3.800000 -0.500000
v -1.100000 3.900000 -0.500000
v -1.100000 4.000000 -0.500000
v -1.100000 0.400000 -0.400000
v -1.100000 0.500000 -0.400000
v -1.100000 2.100000 -0.400000
v -1.100000 2.200000 -0.400000
v -1.100000 3.800000 -0.400000
v -1.100000 0.200000 -0.300000
v -1.100000 0.300000 -0.300000
v -1.100000 0.400000 -0.300000
v -1.100000 0.200000 -0.200000
v -1.100000 0.300000 -0.200000
v -1.100000 0.400000 -0.200000
v -1.100000 0.500000 -0.200000
v -1.100000 2.100000 -0.200000
v -1.100000 2.200000 -0.200000
v -1.100000 0.300000 -0.100000
v -1.100000 0.400000 -0.100000
v -1.100000 0.500000 -0.100000
v -1.100000 0.700000 -0.100000
v -1.100000 0.800000 -0.100000
v -1.100000 1.200000 -0.100000
v -1.100000 1.800000 -0.100000
v -1.100000 2.100000 -0.100000
v -1.100000 2.200000 -0.100000
v -1.100000 3.600000 -0.100000
v -1.100000 3.700000 -0.100000
v -1.100000 3.800000 -0.100000
v -1.100000 3.900000 -0.100000
v -1.100000 4.000000 -0.100000
v -1.100000 0.300000 -0.000000
v -1.100000 0.400000 -0.000000
v -1.100000 0.500000 -0.000000
v -1.100000 0.600000 -0.000000
v -1.100000 0.700000 -0.000000
v -1.100000 0.800000 -0.000000
v -1.100000 1.100000 -0.000000
v -1.100000 1.200000 -0.000000
v -1.100000 1.800000 -0.000000
v -1.100000 2.000000 -0.000000
v -1.100000 3.600000 -0.000000
v -1.100000 0.400000 0.100000
v -1.100000 0.500000 0.100000
v -1.100000 0.600000 0.100000
v -1.100000 0.700000 0.100000
v -1.100000 0.800000 0.100000
v -1.100000 1.100000 0.100000
v -1.100000 1.200000 0.100000
v -1.100000 1.300000 0.100000
v -1.100000 1.800000 0.100000
v -1.100000 1.900000 0.100000
v -1.100000 2.000000 0.100000
v -1.100000 3.600000 0.100000
v -1.100000 3.700000 0.100000
v -1.100000 0.200000 0.200000
v -1.100000 0.300000 0.200000
v -1.100000 0.400000 0.200000
v -1.100000 0.500000 0.200000
v -1.100000 0.700000 0.200000
v -1.100000 0.800000 0.200000
v -1.100000 1.200000 0.200000
v -1.100000 1.300000 0.200000
v -1.100000 1.700000 0.200000
v -1.100000 1.800000 0.200000
v -1.100000 1.900000 0.200000
v -1.100000 3.000000 0.200000
v -1.100000 3.100000 0.200000
v -1.100000 3.300000 0.200000
v -1.100000 3.700000 0.200000
v -1.100000 3.800000 0.200000
v -1.100000 3.900000 0.200000
v -1.100000 4.000000 0.200000
v -1.100000 0.200000 0.300000
v -1.100000 0.300000 0.300000
v -1.100000 1.100000 0.300000
v -1.100000 1.200000 0.300000
v -1.100000 3.800000 0.300000
v -1.100000 0.300000 0.400000
v -1.100000 0.400000 0.400000
v -1.100000 1.100000 0.400000
v -1.100000 1.200000 0.400000
v -1.100000 2.100000 0.400000
v -1.100000 2.200000 0.400000
v -1.100000 2.500000 0.400000
v -1.100000 2.600000 0.400000
v -1.100000 3.000000 0.400000
v -1.100000 3.800000 0.400000
v -1.100000 0.300000 0.500000
v -1.100000 0.400000 0.500000
v -1.100000 1.200000 0.500000
v -1.100000 1.700000 0.500000
v -1.100000 2.100000 0.500000
v -1.100000 2.200000 0.500000
v -1.100000 3.100000 0.500000
v -1.100000 3.300000 0.500000
v -1.100000 0.600000 0.600000
v -1.100000 0.700000 0.600000
v -1.100000 1.100000 0.600000
v -1.100000 1.200000 0.600000
v -1.100000 1.300000 0.600000
v -1.100000 1.800000 0.600000
v -1.100000 1.900000 0.600000
v -1.100000 3.000000 0.600000
v -1.100000 3.300000 0.600000
v -1.100000 3.700000 0.600000
v -1.100000 3.800000 0.600000
v -1.100000 3.900000 0.600000
v -1.100000 4.000000 0.600000
v -1.100000 0.200000 0.700000
v -1.100000 0.300000 0.700000
v -1.100000 1.100000 0.700000
v -1.100000 1.200000 0.700000
v -1.100000 1.300000 0.700000
v -1.100000 1.700000 0.700000
v -1.100000 1.800000 0.700000
v -1.100000 1.900000 0.700000
v -1.100000 3.800000 0.700000
v -1.100000 3.900000 0.700000
v -1.100000 4.000000 0.700000
v -1.100000 0.100000 0.800000
v -1.100000 0.300000 0.800000
v -1.100000 0.600000 0.800000
v -1.100000 0.700000 0.800000
v -1.100000 1.700000 0.800000
v -1.100000 1.800000 0.800000
v -1.100000 1.900000 0.800000
v -1.100000 2.000000 0.800000
v -1.100000 2.500000 0.800000
v -1.100000 2.600000 0.800000
v -1.100000 3.000000 0.800000
v -1.100000 3.800000 0.800000
v -1.100000 0.000000 0.900000
v -1.100000 0.100000 0.900000
v -1.100000 0.000000 1.100000
v -1.100000 0.100000 1.100000
v -1.000000 1.200000 -1.500000
v -1.000000 1.300000 -1.500000
v -1.000000 1.800000 -1.500000
v -1.000000 1.200000 -1.400000
v -1.000000 1.300000 -1.400000
v -1.000000 1.700000 -1.400000
v -1.000000 1.800000 -1.400000
v -1.000000 4.100000 -1.300000
v -1.000000 4.300000 -1.300000
v -1.000000 4.500000 -1.300000
v -1.000000 0.600000 -0.500000
v -1.000000 0.700000 -0.500000
v -1.000000 0.800000 -0.500000
v -1.000000 0.900000 -0.500000
v -1.000000 1.000000 -0.500000
v -1.000000 1.100000 -0.500000
v -1.000000 1.200000 -0.500000
v -1.000000 1.300000 -0.500000
v -1.000000 1.400000 -0.500000
v -1.000000 1.500000 -0.500000
v -1.000000 1.600000 -0.500000
v -1.000000 1.700000 -0.500000
v -1.000000 1.800000 -0.500000
v -1.000000 1.900000 -0.500000
v -1.000000 2.300000 -0.500000
v -1.000000 2.400000 -0.500000
v -1.000000 2.500000 -0.500000
v -1.000000 2.600000 -0.500000
v -1.000000 2.700000 -0.500000
v -1.000000 2.800000 -0.500000
v -1.000000 2.900000 -0.500000
v -1.000000 3.000000 -0.500000
v -1.000000 3.100000 -0.500000
v -1.000000 3.200000 -0.500000
v -1.000000 3.300000 -0.500000
v -1.000000 3.400000 -0.500000
v -1.000000 3.500000 -0.500000
v -1.000000 3.600000 -0.500000
v -1.000000 0.600000 -0.100000
v -1.000000 0.700000 -0.100000
v -1.000000 0.800000 -0.100000
v -1.000000 0.900000 -0.100000
v -1.000000 1.000000 -0.100000
v -1.000000 1.100000 -0.100000
v -1.000000 1.200000 -0.100000
v -1.000000 1.300000 -0.100000
v -1.000000 1.400000 -0.100000
v -1.000000 1.500000 -0.100000
v -1.000000 1.600000 -0.100000
v -1.000000 1.700000 -0.100000
v -1.000000 1.800000 -0.100000
v -1.000000 1.900000 -0.100000
v -1.000000 2.300000 -0.100000
v -1.000000 2.400000 -0.100000
v -1.000000 2.500000 -0.100000
v -1.000000 2.600000 -0.100000
v -1.000000 2.700000 -0.100000
v -1.000000 2.800000 -0.100000
v -1.000000 2.900000 -0.100000
v -1.000000 3.000000 -0.100000
v -1.000000 3.100000 -0.100000
v -1.000000 3.200000 -0.100000
v -1.000000 3.300000 -0.100000
v -1.000000 3.400000 -0.100000
v -1.000000 3.500000 -0.100000
v -1.000000 3.600000 -0.100000
v -1.000000 4.100000 0.700000
v -1.000000 4.300000 0.700000
v -1.000000 4.500000 0.700000
v -1.000000 1.200000 0.800000
v -1.000000 1.300000 0.800000
v -1.000000 1.700000 0.800000
v -1.000000 1.800000 0.800000
v -1.000000 1.200000 0.900000
v -1.000000 1.300000 0.900000
v -1.000000 1.800000 0.900000
v -0.900000 3.800000 -1.500000
v -0.900000 3.900000 -1.500000
v -0.900000 4.000000 -1.500000
v -0.900000 3.800000 -1.400000
v -0.900000 3.900000 -1.400000
v -0.900000 4.000000 -1.400000
v -0.900000 3.800000 0.800000
v -0.900000 3.900000 0.800000
v -0.900000 4.000000 0.800000
v -0.900000 3.800000 0.900000
v -0.900000 3.900000 0.900000
v -0.900000 4.000000 0.900000
v -0.700000 4.300000 -1.700000
v -0.700000 4.500000 -1.700000
v -0.700000 4.300000 -1.600000
v -0.700000 4.500000 -1.600000
v -0.700000 4.100000 1.000000
v -0.700000 4.300000 1.000000
v -0.700000 4.100000 1.100000
v -0.700000 4.300000 1.100000
v -0.500000 1.200000 0.800000
v -0.500000 1.300000 0.800000
v -0.500000 1.700000 0.800000
v -0.500000 1.800000 0.800000
v -0.500000 1.200000 0.900000
v -0.500000 1.300000 0.900000
v -0.500000 1.800000 0.900000
v -0.400000 1.200000 -1.500000
v -0.400000 1.300000 -1.500000
v -0.400000 1.800000 -1.500000
v -0.400000 1.200000 -1.400000
v -0.400000 1.300000 -1.400000
v -0.400000 1.700000 -1.400000
v -0.400000 1.800000 -1.400000
v -0.400000 0.000000 1.100000
v -0.400000 0.100000 1.100000
v -0.400000 0.000000 1.200000
v -0.400000 0.100000 1.200000
v -0.400000 0.000000 1.600000
v -0.400000 0.100000 1.600000
v -0.300000 3.000000 -1.500000
v -0.300000 3.200000 -1.500000
v -0.300000 3.000000 -1.400000
v -0.300000 3.200000 -1.400000
v -0.300000 0.100000 0.600000
v -0.300000 2.800000 0.600000
v -0.300000 0.100000 0.700000
v -0.300000 0.200000 0.700000
v -0.300000 1.200000 0.700000
v -0.300000 1.800000 0.700000
v -0.300000 2.800000 0.700000
v -0.300000 0.000000 1.600000
v -0.300000 0.100000 1.600000
v -0.300000 0.000000 1.700000
v -0.300000 0.100000 1.700000
v -0.200000 3.800000 -1.500000
v -0.200000 4.000000 -1.500000
v -0.200000 3.800000 -1.400000
v -0.200000 3.900000 -1.400000
v -0.200000 4.000000 -1.400000
v -0.200000 3.800000 0.800000
v -0.200000 3.900000 0.800000
v -0.200000 4.000000 0.800000
v -0.200000 3.800000 0.900000
v -0.200000 4.000000 0.900000
v -0.100000 0.300000 0.600000
v -0.100000 0.700000 0.600000
v -0.100000 0.800000 0.600000
v -0.100000 1.200000 0.600000
v -0.100000 1.300000 0.600000
v -0.100000 1.700000 0.600000
v -0.100000 1.800000 0.600000
v -0.100000 2.200000 0.600000
v -0.100000 2.300000 0.600000
v -0.100000 2.700000 0.600000
v -0.100000 2.800000 0.600000
v -0.100000 3.000000 0.600000
v -0.100000 0.300000 0.700000
v -0.100000 0.700000 0.700000
v -0.100000 0.800000 0.700000
v -0.100000 1.200000 0.700000
v -0.100000 1.300000 0.700000
v -0.100000 1.700000 0.700000
v -0.100000 1.800000 0.700000
v -0.100000 2.200000 0.700000
v -0.100000 2.300000 0.700000
v -0.100000 2.700000 0.700000
v -0.100000 2.800000 0.700000
v -0.100000 3.000000 0.700000
v 0.100000 3.200000 -1.500000
v 0.100000 3.400000 -1.500000
v 0.100000 3.200000 -1.400000
v 0.100000 3.300000 -1.400000
v 0.100000 3.400000 -1.400000
v 0.100000 2.800000 0.700000
v 0.100000 3.000000 0.700000
v 0.100000 2.800000 0.800000
v 0.100000 3.000000 0.800000
v 0.200000 4.100000 -1.300000
v 0.200000 4.500000 -1.300000
v 0.200000 4.100000 -1.200000
v 0.200000 4.500000 -1.200000
v 0.200000 0.300000 0.600000
v 0.200000 0.700000 0.600000
v 0.200000 0.800000 0.600000
v 0.200000 1.200000 0.600000
v 0.200000 1.300000 0.600000
v 0.200000 1.700000 0.600000
v 0.200000 1.800000 0.600000
v 0.200000 2.200000 0.600000
v 0.200000 2.300000 0.600000
v 0.200000 2.700000 0.600000
v 0.200000 4.100000 0.600000
v 0.200000 4.500000 0.600000
v 0.200000 0.300000 0.700000
v 0.200000 0.700000 0.700000
v 0.200000 0.800000 0.700000
v 0.200000 1.200000 0.700000
v 0.200000 1.300000 0.700000
v 0.200000 1.700000 0.700000
v 0.200000 1.800000 0.700000
v 0.200000 2.200000 0.700000
v 0.200000 2.300000 0.700000
v 0.200000 2.700000 0.700000
v 0.200000 4.100000 0.700000
v 0.200000 4.500000 0.700000
v 0.200000 3.300000 0.800000
v 0.200000 3.500000 0.800000
v 0.200000 3.300000 0.900000
v 0.200000 3.500000 0.900000
v 0.300000 1.200000 -1.500000
v 0.300000 1.300000 -1.500000
v 0.300000 1.800000 -1.500000
v 0.300000 1.200000 -1.400000
v 0.300000 1.300000 -1.400000
v 0.300000 1.800000 -1.400000
v 0.300000 0.100000 0.700000
v 0.300000 0.200000 0.700000
v 0.300000 1.200000 0.700000
v 0.300000 1.800000 0.700000
v 0.300000 2.800000 0.700000
v 0.300000 0.100000 0.800000
v 0.300000 0.200000 0.800000
v 0.300000 1.200000 0.800000
v 0.300000 1.800000 0.800000
v 0.300000 1.900000 0.800000
v 0.300000 2.800000 0.800000
v 0.300000 1.800000 0.900000
v 0.300000 1.900000 0.900000
v 0.400000 0.600000 -1.500000
v 0.400000 0.800000 -1.500000
v 0.400000 0.600000 -1.400000
v 0.400000 0.800000 -1.400000
v 0.400000 1.200000 0.800000
v 0.400000 1.300000 0.800000
v 0.400000 1.800000 0.800000
v 0.400000 1.200000 0.900000
v 0.400000 1.300000 0.900000
v 0.400000 1.800000 0.900000
v 0.500000 3.800000 -1.500000
v 0.500000 3.900000 -1.500000
v 0.500000 4.000000 -1.500000
v 0.500000 3.800000 -1.400000
v 0.500000 3.900000 -1.400000
v 0.500000 4.000000 -1.400000
v 0.500000 3.000000 0.800000
v 0.500000 3.200000 0.800000
v 0.500000 3.800000 0.800000
v 0.500000 3.900000 0.800000
v 0.500000 4.000000 0.800000
v 0.500000 3.000000 0.900000
v 0.500000 3.200000 0.900000
v 0.500000 3.800000 0.900000
v 0.500000 3.900000 0.900000
v 0.500000 4.000000 0.900000
v 0.700000 0.800000 -1.500000
v 0.700000 1.200000 -1.500000
v 0.700000 0.800000 -1.400000
v 0.700000 1.200000 -1.400000
v 0.700000 0.900000 -1.300000
v 0.700000 1.000000 -1.300000
v 0.700000 0.900000 -1.100000
v 0.700000 1.000000 -1.100000
v 0.800000 1.000000 -1.300000
v 0.800000 1.300000 -1.300000
v 0.800000 4.100000 -1.200000
v 0.800000 4.300000 -1.200000
v 0.800000 4.500000 -1.200000
v 0.800000 1.000000 -1.100000
v 0.800000 1.300000 -1.100000
v 0.800000 0.600000 0.400000
v 0.800000 1.000000 0.400000
v 0.800000 4.100000 0.600000
v 0.800000 4.300000 0.600000
v 0.800000 4.500000 0.600000
v 0.800000 0.600000 0.700000
v 0.800000 1.000000 0.700000
v 0.800000 0.600000 0.800000
v 0.800000 1.000000 0.800000
v 0.800000 0.600000 0.900000
v 0.800000 1.000000 0.900000
v 0.800000 4.300000 1.000000
v 0.800000 4.500000 1.000000
v 0.800000 4.300000 1.100000
v 0.800000 4.500000 1.100000
v 0.900000 1.200000 -1.500000
v 0.900000 1.300000 -1.500000
v 0.900000 1.800000 -1.500000
v 0.900000 1.200000 -1.400000
v 0.900000 1.300000 -1.400000
v 0.900000 1.800000 -1.400000
v 0.900000 1.200000 0.800000
v 0.900000 1.300000 0.800000
v 0.900000 1.800000 0.800000
v 0.900000 1.200000 0.900000
v 0.900000 1.300000 0.900000
v 0.900000 1.800000 0.900000
v 1.000000 3.800000 -1.500000
v 1.000000 3.900000 -1.500000
v 1.000000 4.000000 -1.500000
v 1.000000 3.800000 -1.400000
v 1.000000 3.900000 -1.400000
v 1.000000 4.000000 -1.400000
v 1.000000 -0.000000 -1.300000
v 1.000000 0.200000 -1.300000
v 1.000000 0.400000 -1.300000
v 1.000000 0.500000 -1.300000
v 1.000000 0.700000 -1.300000
v 1.000000 0.800000 -1.300000
v 1.000000 0.900000 -1.300000
v 1.000000 1.300000 -1.300000
v 1.000000 1.800000 -1.300000
v 1.000000 1.900000 -1.300000
v 1.000000 2.000000 -1.300000
v 1.000000 2.200000 -1.300000
v 1.000000 2.300000 -1.300000
v 1.000000 2.400000 -1.300000
v 1.000000 3.800000 -1.300000
v 1.000000 3.900000 -1.300000
v 1.000000 4.000000 -1.300000
v 1.000000 1.300000 -1.200000
v 1.000000 1.800000 -1.200000
v 1.000000 2.200000 -1.200000
v 1.000000 2.300000 -1.200000
v 1.000000 3.700000 -1.200000
v 1.000000 3.800000 -1.200000
v 1.000000 3.900000 -1.200000
v 1.000000 0.700000 -1.100000
v 1.000000 0.800000 -1.100000
v 1.000000 0.900000 -1.100000
v 1.000000 1.300000 -1.100000
v 1.000000 1.700000 -1.100000
v 1.000000 0.400000 -1.000000
v 1.000000 0.500000 -1.000000
v 1.000000 0.200000 -0.900000
v 1.000000 0.300000 -0.900000
v 1.000000 0.400000 -0.900000
v 1.000000 0.500000 -0.900000
v 1.000000 2.200000 -0.900000
v 1.000000 2.300000 -0.900000
v 1.000000 3.000000 -0.900000
v 1.000000 3.300000 -0.900000
v 1.000000 0.200000 -0.800000
v 1.000000 0.300000 -0.800000
v 1.000000 2.200000 -0.800000
v 1.000000 2.300000 -0.800000
v 1.000000 3.700000 -0.800000
v 1.000000 3.800000 -0.800000
v 1.000000 3.900000 -0.800000
v 1.000000 1.100000 -0.700000
v 1.000000 1.200000 -0.700000
v 1.000000 1.700000 -0.700000
v 1.000000 1.800000 -0.700000
v 1.000000 2.000000 -0.700000
v 1.000000 2.100000 -0.700000
v 1.000000 1.100000 -0.600000
v 1.000000 1.200000 -0.600000
v 1.000000 1.800000 -0.600000
v 1.000000 2.000000 -0.600000
v 1.000000 2.100000 -0.600000
v 1.000000 0.200000 -0.500000
v 1.000000 0.300000 -0.500000
v 1.000000 1.200000 -0.500000
v 1.000000 1.700000 -0.500000
v 1.000000 2.100000 -0.500000
v 1.000000 2.200000 -0.500000
v 1.000000 3.000000 -0.500000
v 1.000000 3.300000 -0.500000
v 1.000000 3.700000 -0.500000
v 1.000000 3.800000 -0.500000
v 1.000000 3.900000 -0.500000
v 1.000000 0.200000 -0.300000
v 1.000000 0.300000 -0.300000
v 1.000000 2.100000 -0.300000
v 1.000000 2.200000 -0.300000
v 1.000000 1.200000 -0.100000
v 1.000000 1.700000 -0.100000
v 1.000000 3.700000 -0.100000
v 1.000000 3.800000 -0.100000
v 1.000000 3.900000 -0.100000
v 1.000000 1.000000 -0.000000
v 1.000000 1.200000 -0.000000
v 1.000000 1.800000 -0.000000
v 1.000000 2.000000 -0.000000
v 1.000000 2.100000 -0.000000
v 1.000000 2.900000 -0.000000
v 1.000000 3.000000 -0.000000
v 1.000000 0.300000 0.100000
v 1.000000 0.400000 0.100000
v 1.000000 1.700000 0.100000
v 1.000000 1.800000 0.100000
v 1.000000 2.000000 0.100000
v 1.000000 2.100000 0.100000
v 1.000000 2.200000 0.100000
v 1.000000 2.900000 0.100000
v 1.000000 3.000000 0.100000
v 1.000000 0.300000 0.200000
v 1.000000 0.400000 0.200000
v 1.000000 0.500000 0.200000
v 1.000000 1.000000 0.200000
v 1.000000 2.100000 0.200000
v 1.000000 2.200000 0.200000
v 1.000000 3.300000 0.200000
v 1.000000 3.400000 0.200000
v 1.000000 3.700000 0.200000
v 1.000000 3.800000 0.200000
v 1.000000 3.900000 0.200000
v 1.000000 2.300000 0.300000
v 1.000000 2.400000 0.300000
v 1.000000 0.200000 0.400000
v 1.000000 0.300000 0.400000
v 1.000000 0.600000 0.400000
v 1.000000 1.000000 0.400000
v 1.000000 1.200000 0.400000
v 1.000000 2.000000 0.400000
v 1.000000 2.100000 0.400000
v 1.000000 2.300000 0.400000
v 1.000000 2.400000 0.400000
v 1.000000 3.300000 0.400000
v 1.000000 3.400000 0.400000
v 1.000000 0.200000 0.500000
v 1.000000 0.300000 0.500000
v 1.000000 1.200000 0.500000
v 1.000000 1.700000 0.500000
v 1.000000 2.000000 0.500000
v 1.000000 2.100000 0.500000
v 1.000000 1.100000 0.600000
v 1.000000 1.200000 0.600000
v 1.000000 1.800000 0.600000
v 1.000000 3.700000 0.600000
v 1.000000 3.800000 0.600000
v 1.000000 3.900000 0.600000
v 1.000000 0.000000 0.700000
v 1.000000 0.200000 0.700000
v 1.000000 0.500000 0.700000
v 1.000000 0.600000 0.700000
v 1.000000 1.000000 0.700000
v 1.000000 1.100000 0.700000
v 1.000000 1.200000 0.700000
v 1.000000 1.800000 0.700000
v 1.000000 1.900000 0.700000
v 1.000000 2.000000 0.700000
v 1.000000 3.800000 0.700000
v 1.000000 3.900000 0.700000
v 1.000000 4.000000 0.700000
v 1.000000 3.800000 0.800000
v 1.000000 3.900000 0.800000
v 1.000000 4.000000 0.800000
v 1.000000 3.800000 0.900000
v 1.000000 3.900000 0.900000
v 1.000000 4.000000 0.900000
v 1.200000 4.400000 -1.700000
v 1.200000 4.600000 -1.700000
v 1.200000 4.400000 -1.600000
v 1.200000 4.600000 -1.600000
v 1.200000 4.100000 -1.500000
v 1.200000 4.200000 -1.500000
v 1.200000 4.600000 -1.500000
v 1.200000 4.100000 -1.400000
v 1.200000 4.200000 -1.400000
v 1.200000 4.200000 -1.300000
v 1.200000 4.500000 -1.300000
v 1.200000 4.200000 -0.900000
v 1.200000 4.500000 -0.900000
v 1.200000 4.100000 -0.600000
v 1.200000 4.200000 -0.600000
v 1.200000 4.100000 -0.500000
v 1.200000 4.200000 -0.500000
v 1.200000 4.100000 -0.400000
v 1.200000 4.200000 -0.400000
v 1.200000 4.100000 -0.300000
v 1.200000 4.200000 -0.300000
v 1.200000 4.200000 -0.100000
v 1.200000 4.300000 -0.100000
v 1.200000 4.200000 -0.000000
v 1.200000 4.300000 -0.000000
v 1.200000 4.100000 0.500000
v 1.200000 4.400000 0.500000
v 1.200000 4.100000 0.900000
v 1.200000 4.400000 0.900000
v 1.200000 4.500000 0.900000
v 1.200000 4.600000 0.900000
v 1.200000 4.100000 1.000000
v 1.200000 4.400000 1.000000
v 1.200000 4.500000 1.000000
v 1.200000 4.600000 1.000000
v 1.200000 4.100000 1.100000
v 1.200000 4.400000 1.100000
v 1.200000 4.600000 1.100000
v -1.300000 0.400000 -0.600000
v -1.300000 0.500000 -0.600000
v -1.300000 0.700000 -0.600000
v -1.300000 0.800000 -0.600000
v -1.300000 0.500000 -0.500000
v -1.300000 0.700000 -0.500000
v -1.300000 0.500000 -0.400000
v -1.300000 0.700000 -0.400000
v -1.300000 0.500000 -0.200000
v -1.300000 0.700000 -0.200000
v -1.300000 0.500000 -0.100000
v -1.300000 0.700000 -0.100000
v -1.300000 0.400000 -0.000000
v -1.300000 0.500000 -0.000000
v -1.300000 0.700000 -0.000000
v -1.300000 0.800000 -0.000000
v -1.200000 4.400000 -1.700000
v -1.200000 4.600000 -1.700000
v -1.200000 4.400000 -1.600000
v -1.200000 4.600000 -1.600000
v -1.200000 4.100000 -1.500000
v -1.200000 4.600000 -1.500000
v -1.200000 4.100000 -1.400000
v -1.200000 4.400000 -1.400000
v -1.200000 4.100000 -1.000000
v -1.200000 4.200000 -1.000000
v -1.200000 4.400000 -1.000000
v -1.200000 4.500000 -1.000000
v -1.200000 0.500000 -0.700000
v -1.200000 0.700000 -0.700000
v -1.200000 0.800000 -0.700000
v -1.200000 1.200000 -0.700000
v -1.200000 1.300000 -0.700000
v -1.200000 1.800000 -0.700000
v -1.200000 1.900000 -0.700000
v -1.200000 2.000000 -0.700000
v -1.200000 3.600000 -0.700000
v -1.200000 0.500000 -0.600000
v -1.200000 0.700000 -0.600000
v -1.200000 0.800000 -0.600000
v -1.200000 1.200000 -0.600000
v -1.200000 1.300000 -0.600000
v -1.200000 1.800000 -0.600000
v -1.200000 1.900000 -0.600000
v -1.200000 2.000000 -0.600000
v -1.200000 3.600000 -0.600000
v -1.200000 4.200000 -0.600000
v -1.200000 4.500000 -0.600000
v -1.200000 4.500000 -0.500000
v -1.200000 4.600000 -0.500000
v -1.200000 4.100000 -0.400000
v -1.200000 4.200000 -0.400000
v -1.200000 4.500000 -0.400000
v -1.200000 4.600000 -0.400000
v -1.200000 4.100000 -0.300000
v -1.200000 4.200000 -0.300000
v -1.200000 0.500000 -0.000000
v -1.200000 0.700000 -0.000000
v -1.200000 0.800000 -0.000000
v -1.200000 1.800000 -0.000000
v -1.200000 2.000000 -0.000000
v -1.200000 3.600000 -0.000000
v -1.200000 0.500000 0.100000
v -1.200000 0.700000 0.100000
v -1.200000 0.800000 0.100000
v -1.200000 1.200000 0.100000
v -1.200000 1.300000 0.100000
v -1.200000 1.800000 0.100000
v -1.200000 2.000000 0.100000
v -1.200000 3.600000 0.100000
v -1.200000 4.200000 0.100000
v -1.200000 4.300000 0.100000
v -1.200000 4.200000 0.200000
v -1.200000 4.300000 0.200000
v -1.200000 4.100000 0.500000
v -1.200000 4.200000 0.500000
v -1.200000 4.100000 0.600000
v -1.200000 4.200000 0.600000
v -1.200000 4.500000 0.600000
v -1.200000 4.600000 0.600000
v -1.200000 4.500000 0.700000
v -1.200000 4.600000 0.700000
v -1.200000 4.100000 0.800000
v -1.200000 4.300000 0.800000
v -1.200000 4.100000 0.900000
v -1.200000 4.300000 0.900000
v -1.200000 4.600000 0.900000
v -1.200000 4.400000 1.000000
v -1.200000 4.600000 1.000000
v -1.200000 4.400000 1.100000
v -1.200000 4.600000 1.100000
v -1.000000 3.800000 -1.500000
v -1.000000 3.900000 -1.500000
v -1.000000 4.000000 -1.500000
v -1.000000 3.800000 -1.400000
v -1.000000 3.900000 -1.400000
v -1.000000 4.000000 -1.400000
v -1.000000 -0.000000 -1.300000
v -1.000000 0.200000 -1.300000
v -1.000000 0.300000 -1.300000
v -1.000000 0.400000 -1.300000
v -1.000000 0.500000 -1.300000
v -1.000000 1.100000 -1.300000
v -1.000000 1.200000 -1.300000
v -1.000000 1.800000 -1.300000
v -1.000000 1.900000 -1.300000
v -1.000000 2.000000 -1.300000
v -1.000000 2.400000 -1.300000
v -1.000000 3.800000 -1.300000
v -1.000000 3.900000 -1.300000
v -1.000000 4.000000 -1.300000
v -1.000000 0.200000 -1.200000
v -1.000000 0.300000 -1.200000
v -1.000000 0.400000 -1.200000
v -1.000000 0.500000 -1.200000
v -1.000000 1.100000 -1.200000
v -1.000000 1.200000 -1.200000
v -1.000000 1.800000 -1.200000
v -1.000000 3.700000 -1.200000
v -1.000000 3.800000 -1.200000
v -1.000000 3.900000 -1.200000
v -1.000000 1.200000 -1.100000
v -1.000000 1.700000 -1.100000
v -1.000000 2.500000 -1.100000
v -1.000000 2.600000 -1.100000
v -1.000000 3.300000 -1.100000
v -1.000000 3.400000 -1.100000
v -1.000000 2.000000 -1.000000
v -1.000000 2.400000 -1.000000
v -1.000000 2.500000 -1.000000
v -1.000000 2.600000 -1.000000
v -1.000000 3.300000 -1.000000
v -1.000000 3.400000 -1.000000
v -1.000000 0.300000 -0.900000
v -1.000000 0.400000 -0.900000
v -1.000000 2.000000 -0.900000
v -1.000000 2.400000 -0.900000
v -1.000000 0.300000 -0.800000
v -1.000000 0.400000 -0.800000
v -1.000000 0.500000 -0.800000
v -1.000000 0.700000 -0.800000
v -1.000000 0.800000 -0.800000
v -1.000000 1.100000 -0.800000
v -1.000000 1.200000 -0.800000
v -1.000000 3.000000 -0.800000
v -1.000000 3.100000 -0.800000
v -1.000000 3.700000 -0.800000
v -1.000000 3.800000 -0.800000
v -1.000000 3.900000 -0.800000
v -1.000000 0.300000 -0.700000
v -1.000000 0.400000 -0.700000
v -1.000000 0.500000 -0.700000
v -1.000000 0.600000 -0.700000
v -1.000000 0.700000 -0.700000
v -1.000000 0.800000 -0.700000
v -1.000000 1.100000 -0.700000
v -1.000000 1.200000 -0.700000
v -1.000000 1.700000 -0.700000
v -1.000000 1.800000 -0.700000
v -1.000000 1.900000 -0.700000
v -1.000000 2.000000 -0.700000
v -1.000000 3.000000 -0.700000
v -1.000000 3.100000 -0.700000
v -1.000000 3.600000 -0.700000
v -1.000000 0.400000 -0.600000
v -1.000000 0.600000 -0.600000
v -1.000000 0.700000 -0.600000
v -1.000000 0.800000 -0.600000
v -1.000000 1.100000 -0.600000
v -1.000000 1.200000 -0.600000
v -1.000000 1.900000 -0.600000
v -1.000000 2.000000 -0.600000
v -1.000000 2.100000 -0.600000
v -1.000000 3.600000 -0.600000
v -1.000000 3.700000 -0.500000
v -1.000000 3.800000 -0.500000
v -1.000000 3.900000 -0.500000
v -1.000000 0.200000 -0.300000
v -1.000000 0.300000 -0.300000
v -1.000000 0.400000 -0.300000
v -1.000000 0.200000 -0.200000
v -1.000000 0.300000 -0.200000
v -1.000000 0.300000 -0.100000
v -1.000000 0.400000 -0.100000
v -1.000000 3.700000 -0.100000
v -1.000000 3.800000 -0.100000
v -1.000000 3.900000 -0.100000
v -1.000000 0.300000 -0.000000
v -1.000000 0.400000 -0.000000
v -1.000000 0.600000 -0.000000
v -1.000000 0.700000 -0.000000
v -1.000000 1.100000 -0.000000
v -1.000000 1.200000 -0.000000
v -1.000000 1.800000 -0.000000
v -1.000000 1.900000 -0.000000
v -1.000000 2.000000 -0.000000
v -1.000000 2.100000 -0.000000
v -1.000000 3.600000 -0.000000
v -1.000000 0.400000 0.100000
v -1.000000 0.500000 0.100000
v -1.000000 0.600000 0.100000
v -1.000000 0.700000 0.100000
v -1.000000 0.800000 0.100000
v -1.000000 1.100000 0.100000
v -1.000000 1.200000 0.100000
v -1.000000 1.700000 0.100000
v -1.000000 1.800000 0.100000
v -1.000000 1.900000 0.100000
v -1.000000 2.000000 0.100000
v -1.000000 3.600000 0.100000
v -1.000000 0.200000 0.200000
v -1.000000 0.300000 0.200000
v -1.000000 0.400000 0.200000
v -1.000000 0.500000 0.200000
v -1.000000 0.700000 0.200000
v -1.000000 0.800000 0.200000
v -1.000000 3.000000 0.200000
v -1.000000 3.100000 0.200000
v -1.000000 3.700000 0.200000
v -1.000000 3.800000 0.200000
v -1.000000 3.900000 0.200000
v -1.000000 0.200000 0.300000
v -1.000000 0.300000 0.300000
v -1.000000 1.100000 0.300000
v -1.000000 1.200000 0.300000
v -1.000000 3.100000 0.300000
v -1.000000 3.300000 0.300000
v -1.000000 0.300000 0.400000
v -1.000000 0.400000 0.400000
v -1.000000 1.100000 0.400000
v -1.000000 1.200000 0.400000
v -1.000000 2.100000 0.400000
v -1.000000 2.200000 0.400000
v -1.000000 2.500000 0.400000
v -1.000000 2.600000 0.400000
v -1.000000 3.000000 0.400000
v -1.000000 0.300000 0.500000
v -1.000000 0.400000 0.500000
v -1.000000 1.200000 0.500000
v -1.000000 1.700000 0.500000
v -1.000000 2.100000 0.500000
v -1.000000 2.200000 0.500000
v -1.000000 0.600000 0.600000
v -1.000000 0.700000 0.600000
v -1.000000 1.100000 0.600000
v -1.000000 1.200000 0.600000
v -1.000000 1.800000 0.600000
v -1.000000 3.000000 0.600000
v -1.000000 3.300000 0.600000
v -1.000000 3.700000 0.600000
v -1.000000 3.800000 0.600000
v -1.000000 3.900000 0.600000
v -1.000000 0.000000 0.700000
v -1.000000 0.200000 0.700000
v -1.000000 0.600000 0.700000
v -1.000000 0.700000 0.700000
v -1.000000 1.100000 0.700000
v -1.000000 1.200000 0.700000
v -1.000000 1.800000 0.700000
v -1.000000 1.900000 0.700000
v -1.000000 2.000000 0.700000
v -1.000000 2.100000 0.700000
v -1.000000 2.500000 0.700000
v -1.000000 2.600000 0.700000
v -1.000000 3.000000 0.700000
v -1.000000 3.800000 0.700000
v -1.000000 3.900000 0.700000
v -1.000000 4.000000 0.700000
v -1.000000 3.800000 0.800000
v -1.000000 3.900000 0.800000
v -1.000000 4.000000 0.800000
v -1.000000 3.800000 0.900000
v -1.000000 3.900000 0.900000
v -1.000000 4.000000 0.900000
v -0.900000 1.200000 -1.500000
v -0.900000 1.300000 -1.500000
v -0.900000 1.800000 -1.500000
v -0.900000 2.000000 -1.500000
v -0.900000 2.400000 -1.500000
v -0.900000 1.200000 -1.400000
v -0.900000 1.300000 -1.400000
v -0.900000 1.800000 -1.400000
v -0.900000 2.000000 -1.400000
v -0.900000 2.400000 -1.400000
v -0.900000 2.000000 -1.300000
v -0.900000 2.400000 -1.300000
v -0.900000 2.000000 -1.000000
v -0.900000 2.400000 -1.000000
v -0.900000 0.400000 -0.600000
v -0.900000 1.900000 -0.600000
v -0.900000 2.100000 -0.600000
v -0.900000 3.600000 -0.600000
v -0.900000 0.500000 -0.500000
v -0.900000 0.600000 -0.500000
v -0.900000 0.700000 -0.500000
v -0.900000 0.800000 -0.500000
v -0.900000 0.900000 -0.500000
v -0.900000 1.000000 -0.500000
v -0.900000 1.100000 -0.500000
v -0.900000 1.200000 -0.500000
v -0.900000 1.300000 -0.500000
v -0.900000 1.400000 -0.500000
v -0.900000 1.500000 -0.500000
v -0.900000 1.600000 -0.500000
v -0.900000 1.700000 -0.500000
v -0.900000 1.800000 -0.500000
v -0.900000 2.200000 -0.500000
v -0.900000 2.300000 -0.500000
v -0.900000 2.400000 -0.500000
v -0.900000 2.500000 -0.500000
v -0.900000 2.600000 -0.500000
v -0.900000 2.700000 -0.500000
v -0.900000 2.800000 -0.500000
v -0.900000 2.900000 -0.500000
v -0.900000 3.000000 -0.500000
v -0.900000 3.100000 -0.500000
v -0.900000 3.200000 -0.500000
v -0.900000 3.300000 -0.500000
v -0.900000 3.400000 -0.500000
v -0.900000 3.500000 -0.500000
v -0.900000 0.500000 -0.100000
v -0.900000 0.600000 -0.100000
v -0.900000 0.700000 -0.100000
v -0.900000 0.800000 -0.100000
v -0.900000 0.900000 -0.100000
v -0.900000 1.000000 -0.100000
v -0.900000 1.100000 -0.100000
v -0.900000 1.200000 -0.100000
v -0.900000 1.300000 -0.100000
v -0.900000 1.400000 -0.100000
v -0.900000 1.500000 -0.100000
v -0.900000 1.600000 -0.100000
v -0.900000 1.700000 -0.100000
v -0.900000 1.800000 -0.100000
v -0.900000 2.200000 -0.100000
v -0.900000 2.300000 -0.100000
v -0.900000 2.400000 -0.100000
v -0.900000 2.500000 -0.100000
v -0.900000 2.600000 -0.100000
v -0.900000 2.700000 -0.100000
v -0.900000 2.800000 -0.100000
v -0.900000 2.900000 -0.100000
v -0.900000 3.000000 -0.100000
v -0.900000 3.100000 -0.100000
v -0.900000 3.200000 -0.100000
v -0.900000 3.300000 -0.100000
v -0.900000 3.400000 -0.100000
v -0.900000 3.500000 -0.100000
v -0.900000 0.400000 -0.000000
v -0.900000 1.900000 -0.000000
v -0.900000 2.100000 -0.000000
v -0.900000 3.600000 -0.000000
v -0.900000 1.200000 0.800000
v -0.900000 1.300000 0.800000
v -0.900000 1.800000 0.800000
v -0.900000 1.200000 0.900000
v -0.900000 1.300000 0.900000
v -0.900000 1.800000 0.900000
v -0.900000 4.100000 1.000000
v -0.900000 4.400000 1.000000
v -0.900000 4.100000 1.100000
v -0.900000 4.400000 1.100000
v -0.800000 4.100000 -1.200000
v -0.800000 4.300000 -1.200000
v -0.800000 4.500000 -1.200000
v -0.800000 2.600000 0.400000
v -0.800000 3.000000 0.400000
v -0.800000 4.100000 0.600000
v -0.800000 4.300000 0.600000
v -0.800000 4.500000 0.600000
v -0.800000 2.600000 0.700000
v -0.800000 3.000000 0.700000
v -0.800000 2.600000 0.800000
v -0.800000 3.000000 0.800000
v -0.800000 2.600000 0.900000
v -0.800000 3.000000 0.900000
v -0.500000 3.800000 -1.500000
v -0.500000 3.900000 -1.500000
v -0.500000 4.000000 -1.500000
v -0.500000 3.800000 -1.400000
v -0.500000 3.900000 -1.400000
v -0.500000 4.000000 -1.400000
v -0.500000 3.800000 0.800000
v -0.500000 3.900000 0.800000
v -0.500000 4.000000 0.800000
v -0.500000 3.800000 0.900000
v -0.500000 3.900000 0.900000
v -0.500000 4.000000 0.900000
v -0.400000 4.300000 -1.700000
v -0.400000 4.500000 -1.700000
v -0.400000 4.300000 -1.600000
v -0.400000 4.500000 -1.600000
v -0.400000 1.200000 0.800000
v -0.400000 1.300000 0.800000
v -0.400000 1.800000 0.800000
v -0.400000 1.200000 0.900000
v -0.400000 1.300000 0.900000
v -0.400000 1.800000 0.900000
v -0.400000 4.100000 1.000000
v -0.400000 4.300000 1.000000
v -0.400000 4.100000 1.100000
v -0.400000 4.300000 1.100000
v -0.300000 1.200000 -1.500000
v -0.300000 1.300000 -1.500000
v -0.300000 1.800000 -1.500000
v -0.300000 1.200000 -1.400000
v -0.300000 1.300000 -1.400000
v -0.300000 1.800000 -1.400000
v -0.300000 0.100000 0.700000
v -0.300000 0.200000 0.700000
v -0.300000 1.200000 0.700000
v -0.300000 1.800000 0.700000
v -0.300000 2.800000 0.700000
v -0.300000 0.100000 0.800000
v -0.300000 0.200000 0.800000
v -0.300000 1.200000 0.800000
v -0.300000 1.800000 0.800000
v -0.300000 1.900000 0.800000
v -0.300000 2.800000 0.800000
v -0.300000 1.800000 0.900000
v -0.300000 1.900000 0.900000
v -0.200000 4.100000 -1.300000
v -0.200000 4.500000 -1.300000
v -0.200000 4.100000 -1.200000
v -0.200000 4.500000 -1.200000
v -0.200000 0.300000 0.600000
v -0.200000 0.700000 0.600000
v -0.200000 0.800000 0.600000
v -0.200000 1.200000 0.600000
v -0.200000 1.300000 0.600000
v -0.200000 1.700000 0.600000
v -0.200000 1.800000 0.600000
v -0.200000 2.200000 0.600000
v -0.200000 2.300000 0.600000
v -0.200000 2.700000 0.600000
v -0.200000 4.100000 0.600000
v -0.200000 4.500000 0.600000
v -0.200000 0.300000 0.700000
v -0.200000 0.700000 0.700000
v -0.200000 0.800000 0.700000
v -0.200000 1.200000 0.700000
v -0.200000 1.300000 0.700000
v -0.200000 1.700000 0.700000
v -0.200000 1.800000 0.700000
v -0.200000 2.200000 0.700000
v -0.200000 2.300000 0.700000
v -0.200000 2.700000 0.700000
v -0.200000 4.100000 0.700000
v -0.200000 4.500000 0.700000
v -0.100000 2.800000 0.700000
v -0.100000 3.000000 0.700000
v -0.100000 2.800000 0.800000
v -0.100000 3.000000 0.800000
v 0.000000 3.000000 -1.500000
v 0.000000 3.200000 -1.500000
v 0.000000 3.000000 -1.400000
v 0.000000 3.100000 -1.400000
v 0.000000 3.200000 -1.400000
v 0.100000 0.300000 0.600000
v 0.100000 0.700000 0.600000
v 0.100000 0.800000 0.600000
v 0.100000 1.200000 0.600000
v 0.100000 1.300000 0.600000
v 0.100000 1.700000 0.600000
v 0.100000 1.800000 0.600000
v 0.100000 2.200000 0.600000
v 0.100000 2.300000 0.600000
v 0.100000 2.700000 0.600000
v 0.100000 2.800000 0.600000
v 0.100000 3.000000 0.600000
v 0.100000 0.300000 0.700000
v 0.100000 0.700000 0.700000
v 0.100000 0.800000 0.700000
v 0.100000 1.200000 0.700000
v 0.100000 1.300000 0.700000
v 0.100000 1.700000 0.700000
v 0.100000 1.800000 0.700000
v 0.100000 2.200000 0.700000
v 0.100000 2.300000 0.700000
v 0.100000 2.700000 0.700000
v 0.100000 2.800000 0.700000
v 0.100000 3.000000 0.700000
v 0.200000 3.800000 -1.500000
v 0.200000 3.900000 -1.500000
v 0.200000 4.000000 -1.500000
v 0.200000 3.800000 -1.400000
v 0.200000 3.900000 -1.400000
v 0.200000 4.000000 -1.400000
v 0.200000 3.800000 0.800000
v 0.200000 3.900000 0.800000
v 0.200000 4.000000 0.800000
v 0.200000 3.800000 0.900000
v 0.200000 3.900000 0.900000
v 0.200000 4.000000 0.900000
v 0.300000 0.100000 0.600000
v 0.300000 2.800000 0.600000
v 0.300000 0.100000 0.700000
v 0.300000 0.200000 0.700000
v 0.300000 1.200000 0.700000
v 0.300000 1.800000 0.700000
v 0.300000 2.800000 0.700000
v 0.300000 0.000000 1.600000
v 0.300000 0.100000 1.600000
v 0.300000 0.000000 1.700000
v 0.300000 0.100000 1.700000
v 0.400000 1.200000 -1.500000
v 0.400000 1.300000 -1.500000
v 0.400000 1.800000 -1.500000
v 0.400000 3.200000 -1.500000
v 0.400000 3.400000 -1.500000
v 0.400000 1.200000 -1.400000
v 0.400000 1.300000 -1.400000
v 0.400000 1.700000 -1.400000
v 0.400000 1.800000 -1.400000
v 0.400000 3.200000 -1.400000
v 0.400000 3.400000 -1.400000
v 0.400000 0.000000 1.100000
v 0.400000 0.100000 1.100000
v 0.400000 0.000000 1.300000
v 0.400000 0.100000 1.300000
v 0.400000 0.000000 1.400000
v 0.400000 0.100000 1.400000
v 0.400000 0.000000 1.500000
v 0.400000 0.100000 1.500000
v 0.400000 0.000000 1.600000
v 0.400000 0.100000 1.600000
v 0.500000 1.200000 0.800000
v 0.500000 1.300000 0.800000
v 0.500000 1.700000 0.800000
v 0.500000 1.800000 0.800000
v 0.500000 3.300000 0.800000
v 0.500000 3.500000 0.800000
v 0.500000 1.200000 0.900000
v 0.500000 1.300000 0.900000
v 0.500000 1.800000 0.900000
v 0.500000 3.300000 0.900000
v 0.500000 3.500000 0.900000
v 0.700000 0.600000 -1.500000
v 0.700000 0.800000 -1.500000
v 0.700000 0.600000 -1.400000
v 0.700000 0.700000 -1.400000
v 0.700000 0.800000 -1.400000
v 0.800000 3.000000 0.800000
v 0.800000 3.200000 0.800000
v 0.800000 3.000000 0.900000
v 0.800000 3.200000 0.900000
v 0.900000 3.800000 -1.500000
v 0.900000 3.900000 -1.500000
v 0.900000 4.000000 -1.500000
v 0.900000 3.800000 -1.400000
v 0.900000 3.900000 -1.400000
v 0.900000 4.000000 -1.400000
v 0.900000 3.800000 0.800000
v 0.900000 3.900000 0.800000
v 0.900000 4.000000 0.800000
v 0.900000 3.800000 0.900000
v 0.900000 4.000000 0.900000
v 1.000000 1.200000 -1.500000
v 1.000000 1.300000 -1.500000
v 1.000000 1.800000 -1.500000
v 1.000000 1.200000 -1.400000
v 1.000000 1.300000 -1.400000
v 1.000000 1.700000 -1.400000
v 1.000000 1.800000 -1.400000
v 1.000000 4.100000 -1.300000
v 1.000000 4.300000 -1.300000
v 1.000000 4.500000 -1.300000
v 1.000000 4.100000 0.700000
v 1.000000 4.300000 0.700000
v 1.000000 4.500000 0.700000
v 1.000000 1.200000 0.800000
v 1.000000 1.300000 0.800000
v 1.000000 1.700000 0.800000
v 1.000000 1.800000 0.800000
v 1.000000 1.200000 0.900000
v 1.000000 1.300000 0.900000
v 1.000000 1.800000 0.900000
v 1.100000 -0.000000 -1.700000
v 1.100000 0.100000 -1.700000
v 1.100000 -0.000000 -1.500000
v 1.100000 0.100000 -1.500000
v 1.100000 0.100000 -1.400000
v 1.100000 0.300000 -1.400000
v 1.100000 0.700000 -1.400000
v 1.100000 0.800000 -1.400000
v 1.100000 1.200000 -1.400000
v 1.100000 1.700000 -1.400000
v 1.100000 1.800000 -1.400000
v 1.100000 1.900000 -1.400000
v 1.100000 2.000000 -1.400000
v 1.100000 3.700000 -1.400000
v 1.100000 3.800000 -1.400000
v 1.100000 0.200000 -1.300000
v 1.100000 0.300000 -1.300000
v 1.100000 1.200000 -1.300000
v 1.100000 1.300000 -1.300000
v 1.100000 1.700000 -1.300000
v 1.100000 1.800000 -1.300000
v 1.100000 1.900000 -1.300000
v 1.100000 2.200000 -1.300000
v 1.100000 2.300000 -1.300000
v 1.100000 3.700000 -1.300000
v 1.100000 3.800000 -1.300000
v 1.100000 3.900000 -1.300000
v 1.100000 4.000000 -1.300000
v 1.100000 1.200000 -1.200000
v 1.100000 1.300000 -1.200000
v 1.100000 1.800000 -1.200000
v 1.100000 1.900000 -1.200000
v 1.100000 2.200000 -1.200000
v 1.100000 2.300000 -1.200000
v 1.100000 3.700000 -1.200000
v 1.100000 3.800000 -1.200000
v 1.100000 3.900000 -1.200000
v 1.100000 4.000000 -1.200000
v 1.100000 0.700000 -1.100000
v 1.100000 0.800000 -1.100000
v 1.100000 1.200000 -1.100000
v 1.100000 1.700000 -1.100000
v 1.100000 0.400000 -1.000000
v 1.100000 0.500000 -1.000000
v 1.100000 0.200000 -0.900000
v 1.100000 0.300000 -0.900000
v 1.100000 0.400000 -0.900000
v 1.100000 0.500000 -0.900000
v 1.100000 2.200000 -0.900000
v 1.100000 2.300000 -0.900000
v 1.100000 3.000000 -0.900000
v 1.100000 3.300000 -0.900000
v 1.100000 3.800000 -0.900000
v 1.100000 0.200000 -0.800000
v 1.100000 0.300000 -0.800000
v 1.100000 2.200000 -0.800000
v 1.100000 2.300000 -0.800000
v 1.100000 3.100000 -0.800000
v 1.100000 3.300000 -0.800000
v 1.100000 3.700000 -0.800000
v 1.100000 3.800000 -0.800000
v 1.100000 3.900000 -0.800000
v 1.100000 4.000000 -0.800000
v 1.100000 1.100000 -0.700000
v 1.100000 1.200000 -0.700000
v 1.100000 1.300000 -0.700000
v 1.100000 1.700000 -0.700000
v 1.100000 1.800000 -0.700000
v 1.100000 1.900000 -0.700000
v 1.100000 2.000000 -0.700000
v 1.100000 2.100000 -0.700000
v 1.100000 1.100000 -0.600000
v 1.100000 1.200000 -0.600000
v 1.100000 1.300000 -0.600000
v 1.100000 1.800000 -0.600000
v 1.100000 1.900000 -0.600000
v 1.100000 2.000000 -0.600000
v 1.100000 2.100000 -0.600000
v 1.100000 0.200000 -0.500000
v 1.100000 0.300000 -0.500000
v 1.100000 1.200000 -0.500000
v 1.100000 1.700000 -0.500000
v 1.100000 2.100000 -0.500000
v 1.100000 2.200000 -0.500000
v 1.100000 3.000000 -0.500000
v 1.100000 3.100000 -0.500000
v 1.100000 3.300000 -0.500000
v 1.100000 3.700000 -0.500000
v 1.100000 3.800000 -0.500000
v 1.100000 3.900000 -0.500000
v 1.100000 4.000000 -0.500000
v 1.100000 3.800000 -0.400000
v 1.100000 0.200000 -0.300000
v 1.100000 0.300000 -0.300000
v 1.100000 2.100000 -0.300000
v 1.100000 2.200000 -0.300000
v 1.100000 3.800000 -0.300000
v 1.100000 1.200000 -0.100000
v 1.100000 1.700000 -0.100000
v 1.100000 3.700000 -0.100000
v 1.100000 3.800000 -0.100000
v 1.100000 3.900000 -0.100000
v 1.100000 4.000000 -0.100000
v 1.100000 1.000000 -0.000000
v 1.100000 1.200000 -0.000000
v 1.100000 1.300000 -0.000000
v 1.100000 1.800000 -0.000000
v 1.100000 1.900000 -0.000000
v 1.100000 2.000000 -0.000000
v 1.100000 2.100000 -0.000000
v 1.100000 2.900000 -0.000000
v 1.100000 3.000000 -0.000000
v 1.100000 0.300000 0.100000
v 1.100000 0.400000 0.100000
v 1.100000 1.100000 0.100000
v 1.100000 1.200000 0.100000
v 1.100000 1.300000 0.100000
v 1.100000 1.700000 0.100000
v 1.100000 1.800000 0.100000
v 1.100000 1.900000 0.100000
v 1.100000 2.000000 0.100000
v 1.100000 2.100000 0.100000
v 1.100000 2.200000 0.100000
v 1.100000 2.900000 0.100000
v 1.100000 3.000000 0.100000
v 1.100000 0.300000 0.200000
v 1.100000 0.400000 0.200000
v 1.100000 0.500000 0.200000
v 1.100000 1.000000 0.200000
v 1.100000 2.100000 0.200000
v 1.100000 2.200000 0.200000
v 1.100000 3.300000 0.200000
v 1.100000 3.400000 0.200000
v 1.100000 3.700000 0.200000
v 1.100000 3.800000 0.200000
v 1.100000 3.900000 0.200000
v 1.100000 4.000000 0.200000
v 1.100000 0.600000 0.300000
v 1.100000 1.000000 0.300000
v 1.100000 2.300000 0.300000
v 1.100000 2.400000 0.300000
v 1.100000 0.200000 0.400000
v 1.100000 0.300000 0.400000
v 1.100000 1.000000 0.400000
v 1.100000 1.100000 0.400000
v 1.100000 1.300000 0.400000
v 1.100000 2.000000 0.400000
v 1.100000 2.100000 0.400000
v 1.100000 2.300000 0.400000
v 1.100000 2.400000 0.400000
v 1.100000 3.300000 0.400000
v 1.100000 3.400000 0.400000
v 1.100000 3.800000 0.400000
v 1.100000 0.200000 0.500000
v 1.100000 0.300000 0.500000
v 1.100000 1.200000 0.500000
v 1.100000 1.700000 0.500000
v 1.100000 2.000000 0.500000
v 1.100000 2.100000 0.500000
v 1.100000 3.800000 0.500000
v 1.100000 1.100000 0.600000
v 1.100000 1.200000 0.600000
v 1.100000 1.300000 0.600000
v 1.100000 1.800000 0.600000
v 1.100000 1.900000 0.600000
v 1.100000 3.700000 0.600000
v 1.100000 3.800000 0.600000
v 1.100000 3.900000 0.600000
v 1.100000 4.000000 0.600000
v 1.100000 1.100000 0.700000
v 1.100000 1.200000 0.700000
v 1.100000 1.300000 0.700000
v 1.100000 1.700000 0.700000
v 1.100000 1.800000 0.700000
v 1.100000 1.900000 0.700000
v 1.100000 3.700000 0.700000
v 1.100000 3.800000 0.700000
v 1.100000 3.900000 0.700000
v 1.100000 4.000000 0.700000
v 1.100000 0.100000 0.800000
v 1.100000 0.200000 0.800000
v 1.100000 0.500000 0.800000
v 1.100000 0.600000 0.800000
v 1.100000 1.000000 0.800000
v 1.100000 1.700000 0.800000
v 1.100000 1.800000 0.800000
v 1.100000 1.900000 0.800000
v 1.100000 2.000000 0.800000
v 1.100000 3.700000 0.800000
v 1.100000 3.800000 0.800000
v 1.100000 0.000000 0.900000
v 1.100000 0.100000 0.900000
v 1.100000 4.300000 1.000000
v 1.100000 4.500000 1.000000
v 1.100000 0.000000 1.100000
v 1.100000 0.100000 1.100000
v 1.100000 4.300000 1.100000
v 1.100000 4.500000 1.100000
v 1.200000 -0.000000 -1.500000
v 1.200000 0.100000 -1.500000
v 1.200000 0.800000 -1.500000
v 1.200000 1.200000 -1.500000
v 1.200000 1.800000 -1.500000
v 1.200000 1.900000 -1.500000
v 1.200000 3.800000 -1.500000
v 1.200000 3.900000 -1.500000
v 1.200000 4.000000 -1.500000
v 1.200000 -0.000000 -1.400000
v 1.200000 0.100000 -1.400000
v 1.200000 1.200000 -1.300000
v 1.200000 1.300000 -1.300000
v 1.200000 1.800000 -1.300000
v 1.200000 1.900000 -1.300000
v 1.200000 3.800000 -1.300000
v 1.200000 3.900000 -1.300000
v 1.200000 4.000000 -1.300000
v 1.200000 1.200000 -1.200000
v 1.200000 1.300000 -1.200000
v 1.200000 1.800000 -1.200000
v 1.200000 1.900000 -1.200000
v 1.200000 3.800000 -1.200000
v 1.200000 3.900000 -1.200000
v 1.200000 4.000000 -1.200000
v 1.200000 0.800000 -1.100000
v 1.200000 1.200000 -1.100000
v 1.200000 3.800000 -0.900000
v 1.200000 3.900000 -0.900000
v 1.200000 3.100000 -0.800000
v 1.200000 3.300000 -0.800000
v 1.200000 3.800000 -0.800000
v 1.200000 4.000000 -0.800000
v 1.200000 1.200000 -0.700000
v 1.200000 1.300000 -0.700000
v 1.200000 1.800000 -0.700000
v 1.200000 1.900000 -0.700000
v 1.200000 1.200000 -0.600000
v 1.200000 1.300000 -0.600000
v 1.200000 1.800000 -0.600000
v 1.200000 1.900000 -0.600000
v 1.200000 3.100000 -0.500000
v 1.200000 3.300000 -0.500000
v 1.200000 3.800000 -0.500000
v 1.200000 3.900000 -0.500000
v 1.200000 4.000000 -0.500000
v 1.200000 3.800000 -0.400000
v 1.200000 3.900000 -0.400000
v 1.200000 3.800000 -0.300000
v 1.200000 3.900000 -0.300000
v 1.200000 3.800000 -0.100000
v 1.200000 3.900000 -0.100000
v 1.200000 4.000000 -0.100000
v 1.200000 1.200000 -0.000000
v 1.200000 1.300000 -0.000000
v 1.200000 1.800000 -0.000000
v 1.200000 1.900000 -0.000000
v 1.200000 1.100000 0.100000
v 1.200000 1.200000 0.100000
v 1.200000 1.300000 0.100000
v 1.200000 1.800000 0.100000
v 1.200000 1.900000 0.100000
v 1.200000 3.800000 0.200000
v 1.200000 3.900000 0.200000
v 1.200000 4.000000 0.200000
v 1.200000 0.600000 0.300000
v 1.200000 1.000000 0.300000
v 1.200000 1.100000 0.400000
v 1.200000 1.300000 0.400000
v 1.200000 3.800000 0.400000
v 1.200000 3.900000 0.400000
v 1.200000 3.800000 0.500000
v 1.200000 3.900000 0.500000
v 1.200000 1.200000 0.600000
v 1.200000 1.300000 0.600000
v 1.200000 1.800000 0.600000
v 1.200000 1.900000 0.600000
v 1.200000 3.800000 0.600000
v 1.200000 3.900000 0.600000
v 1.200000 4.000000 0.600000
v 1.200000 1.200000 0.700000
v 1.200000 1.300000 0.700000
v 1.200000 1.800000 0.700000
v 1.200000 1.900000 0.700000
v 1.200000 3.800000 0.700000
v 1.200000 4.000000 0.700000
v 1.200000 0.000000 0.800000
v 1.200000 0.100000 0.800000
v 1.200000 3.900000 0.800000
v 1.200000 4.000000 0.800000
v 1.200000 0.000000 0.900000
v 1.200000 0.100000 0.900000
v 1.200000 0.600000 0.900000
v 1.200000 1.000000 0.900000
v 1.200000 1.800000 0.900000
v 1.200000 1.900000 0.900000
v 1.200000 3.800000 0.900000
v 1.200000 3.900000 0.900000
v 1.200000 4.000000 0.900000
v 1.300000 4.400000 -1.700000
v 1.300000 4.600000 -1.700000
v 1.300000 4.000000 -1.600000
v 1.300000 4.100000 -1.600000
v 1.300000 4.400000 -1.600000
v 1.300000 4.600000 -1.600000
v 1.300000 4.100000 -1.500000
v 1.300000 4.200000 -1.500000
v 1.300000 4.400000 -1.500000
v 1.300000 4.600000 -1.500000
v 1.300000 4.000000 -1.400000
v 1.300000 4.200000 -1.400000
v 1.300000 4.200000 -1.300000
v 1.300000 4.500000 -1.300000
v 1.300000 4.300000 -1.200000
v 1.300000 4.500000 -1.200000
v 1.300000 4.000000 -1.100000
v 1.300000 4.100000 -1.100000
v 1.300000 4.200000 -1.100000
v 1.300000 4.200000 -0.900000
v 1.300000 4.300000 -0.900000
v 1.300000 4.500000 -0.900000
v 1.300000 4.100000 -0.600000
v 1.300000 4.200000 -0.600000
v 1.300000 4.100000 -0.500000
v 1.300000 4.200000 -0.500000
v 1.300000 4.100000 -0.400000
v 1.300000 4.200000 -0.400000
v 1.300000 4.100000 -0.300000
v 1.300000 4.200000 -0.300000
v 1.300000 4.200000 -0.100000
v 1.300000 4.300000 -0.100000
v 1.300000 4.200000 -0.000000
v 1.300000 4.300000 -0.000000
v 1.300000 4.100000 0.500000
v 1.300000 4.400000 0.500000
v 1.300000 4.100000 0.600000
v 1.300000 4.400000 0.600000
v 1.300000 4.400000 0.900000
v 1.300000 4.600000 0.900000
v 1.300000 4.000000 1.000000
v 1.300000 4.100000 1.000000
v 1.300000 4.400000 1.000000
v 1.300000 4.600000 1.000000
v 1.300000 4.400000 1.100000
v 1.300000 4.600000 1.100000
v 1.400000 4.400000 -1.600000
v 1.400000 4.600000 -1.600000
v 1.400000 4.400000 -1.500000
v 1.400000 4.600000 -1.500000
v 1.400000 -0.000000 -1.400000
v 1.400000 0.100000 -1.400000
v 1.400000 4.000000 -1.400000
v 1.400000 4.200000 -1.400000
v 1.400000 4.300000 -1.200000
v 1.400000 4.500000 -1.200000
v 1.400000 4.000000 -1.100000
v 1.400000 4.200000 -1.100000
v 1.400000 4.300000 -0.900000
v 1.400000 4.500000 -0.900000
v 1.400000 4.100000 0.600000
v 1.400000 4.400000 0.600000
v 1.400000 0.000000 0.800000
v 1.400000 0.100000 0.800000
v 1.400000 4.400000 0.900000
v 1.400000 4.600000 0.900000
v 1.400000 4.400000 1.000000
v 1.400000 4.600000 1.000000
v 1.400000 4.100000 1.100000
v 1.400000 4.400000 1.100000
v -1.400000 -0.000000 -1.400000
v -1.400000 -0.000000 -0.800000
v -1.400000 -0.000000 -0.700000
v -1.400000 0.000000 0.800000
v -1.300000 -0.000000 -1.200000
v -1.300000 -0.000000 -1.000000
v -1.300000 -0.000000 -0.900000
v -1.300000 -0.000000 -0.800000
v -1.300000 -0.000000 -0.700000
v -1.300000 -0.000000 -0.600000
v -1.300000 -0.000000 -0.500000
v -1.300000 0.000000 0.200000
v -1.300000 0.000000 0.300000
v -1.300000 0.000000 0.400000
v -1.300000 0.000000 0.600000
v -1.200000 -0.000000 -1.500000
v -1.200000 -0.000000 -1.400000
v -1.200000 -0.000000 -1.200000
v -1.200000 -0.000000 -1.000000
v -1.200000 -0.000000 -0.900000
v -1.200000 -0.000000 -0.800000
v -1.200000 -0.000000 -0.600000
v -1.200000 -0.000000 -0.500000
v -1.200000 0.000000 0.200000
v -1.200000 0.000000 0.300000
v -1.200000 0.000000 0.400000
v -1.200000 0.000000 0.600000
v -1.200000 0.000000 0.800000
v -1.200000 0.000000 0.900000
v -1.100000 -0.000000 -1.700000
v -1.100000 -0.000000 -1.500000
v -1.100000 0.000000 0.900000
v -1.100000 0.000000 1.100000
v -1.000000 -0.000000 -1.300000
v -1.000000 0.000000 0.700000
v -0.700000 0.000000 0.900000
v -0.700000 0.000000 1.000000
v -0.600000 0.000000 0.900000
v -0.600000 0.000000 1.000000
v -0.500000 -0.000000 -1.600000
v -0.500000 -0.000000 -1.500000
v -0.500000 0.000000 0.900000
v -0.500000 0.000000 1.000000
v -0.400000 -0.000000 -1.600000
v -0.400000 -0.000000 -1.500000
v -0.400000 0.000000 0.800000
v -0.400000 0.000000 0.900000
v -0.400000 0.000000 1.000000
v -0.400000 0.000000 1.100000
v -0.400000 0.000000 1.200000
v -0.400000 0.000000 1.600000
v -0.300000 0.000000 0.700000
v -0.300000 0.000000 0.800000
v -0.300000 0.000000 0.900000
v -0.300000 0.000000 1.200000
v -0.300000 0.000000 1.600000
v -0.300000 0.000000 1.700000
v -0.200000 0.000000 1.600000
v -0.200000 0.000000 1.700000
v -0.100000 0.000000 1.600000
v -0.100000 0.000000 1.700000
v 0.100000 -0.000000 -1.600000
v 0.100000 -0.000000 -1.500000
v 0.100000 0.000000 1.600000
v 0.100000 0.000000 1.700000
v 0.300000 -0.000000 -1.700000
v 0.300000 -0.000000 -1.600000
v 0.300000 -0.000000 -1.500000
v 0.300000 0.000000 0.700000
v 0.300000 0.000000 0.800000
v 0.300000 0.000000 0.900000
v 0.300000 0.000000 1.300000
v 0.300000 0.000000 1.400000
v 0.300000 0.000000 1.500000
v 0.300000 0.000000 1.600000
v 0.300000 0.000000 1.700000
v 0.400000 -0.000000 -1.700000
v 0.400000 -0.000000 -1.600000
v 0.400000 -0.000000 -1.500000
v 0.400000 0.000000 0.800000
v 0.400000 0.000000 0.900000
v 0.400000 0.000000 1.000000
v 0.400000 0.000000 1.100000
v 0.400000 0.000000 1.300000
v 0.400000 0.000000 1.400000
v 0.400000 0.000000 1.500000
v 0.400000 0.000000 1.600000
v 0.500000 -0.000000 -1.600000
v 0.500000 -0.000000 -1.500000
v 0.500000 0.000000 0.900000
v 0.500000 0.000000 1.000000
v 0.800000 -0.000000 -1.700000
v 0.800000 -0.000000 -1.600000
v 0.900000 -0.000000 -1.700000
v 0.900000 -0.000000 -1.600000
v 1.000000 -0.000000 -1.300000
v 1.000000 0.000000 0.700000
v 1.100000 -0.000000 -1.700000
v 1.100000 -0.000000 -1.500000
v 1.100000 0.000000 0.900000
v 1.100000 0.000000 1.100000
v 1.200000 -0.000000 -1.500000
v 1.200000 -0.000000 -1.400000
v 1.200000 -0.000000 -1.300000
v 1.200000 -0.000000 -1.100000
v 1.200000 -0.000000 -0.800000
v 1.200000 -0.000000 -0.600000
v 1.200000 0.000000 0.200000
v 1.200000 0.000000 0.300000
v 1.200000 0.000000 0.400000
v 1.200000 0.000000 0.500000
v 1.200000 0.000000 0.800000
v 1.200000 0.000000 0.900000
v 1.300000 -0.000000 -1.300000
v 1.300000 -0.000000 -1.100000
v 1.300000 -0.000000 -0.800000
v 1.300000 -0.000000 -0.600000
v 1.300000 0.000000 0.200000
v 1.300000 0.000000 0.300000
v 1.300000 0.000000 0.400000
v 1.300000 0.000000 0.500000
v 1.400000 -0.000000 -1.400000
v 1.400000 0.000000 0.800000
v -0.300000 0.100000 0.600000
v -0.300000 0.100000 0.700000
v 0.300000 0.100000 0.600000
v 0.300000 0.100000 0.700000
v -1.400000 0.400000 -0.700000
v -1.400000 0.400000 0.100000
v -1.300000 0.400000 -0.600000
v -1.300000 0.400000 -0.000000
v -1.200000 0.400000 -0.400000
v -1.200000 0.400000 -0.200000
v -1.100000 0.400000 -0.700000
v -1.100000 0.400000 -0.600000
v -1.100000 0.400000 -0.400000
v -1.100000 0.400000 -0.300000
v -1.100000 0.400000 -0.200000
v -1.100000 0.400000 -0.000000
v -1.100000 0.400000 0.100000
v -1.000000 0.400000 -0.600000
v -1.000000 0.400000 -0.300000
v -1.000000 0.400000 -0.100000
v -1.000000 0.400000 -0.000000
v -0.900000 0.400000 -0.600000
v -0.900000 0.400000 -0.000000
v -1.000000 0.600000 -0.500000
v -1.000000 0.600000 -0.100000
v -0.900000 0.600000 -0.500000
v -0.900000 0.600000 -0.100000
v 0.400000 0.600000 -1.500000
v 0.400000 0.600000 -1.400000
v 0.700000 0.600000 -1.500000
v 0.700000 0.600000 -1.400000
v 0.800000 0.600000 0.400000
v 0.800000 0.600000 0.700000
v 0.800000 0.600000 0.800000
v 0.800000 0.600000 0.900000
v 1.000000 0.600000 0.400000
v 1.000000 0.600000 0.700000
v 1.100000 0.600000 0.300000
v 1.100000 0.600000 0.800000
v 1.200000 0.600000 0.300000
v 1.200000 0.600000 0.900000
v -1.400000 0.700000 -0.600000
v -1.400000 0.700000 -0.500000
v -1.400000 0.700000 -0.400000
v -1.400000 0.700000 -0.200000
v -1.400000 0.700000 -0.100000
v -1.400000 0.700000 -0.000000
v -1.300000 0.700000 -0.600000
v -1.300000 0.700000 -0.500000
v -1.300000 0.700000 -0.400000
v -1.300000 0.700000 -0.200000
v -1.300000 0.700000 -0.100000
v -1.300000 0.700000 -0.000000
v -1.200000 0.700000 -0.700000
v -1.200000 0.700000 -0.600000
v -1.200000 0.700000 -0.000000
v -1.200000 0.700000 0.100000
v -1.100000 0.700000 -0.700000
v -1.100000 0.700000 -0.600000
v -1.100000 0.700000 -0.000000
v -1.100000 0.700000 0.100000
v -0.200000 0.700000 0.600000
v -0.200000 0.700000 0.700000
v -0.100000 0.700000 0.600000
v -0.100000 0.700000 0.700000
v 0.100000 0.700000 0.600000
v 0.100000 0.700000 0.700000
v 0.200000 0.700000 0.600000
v 0.200000 0.700000 0.700000
v -1.000000 0.800000 -0.500000
v -1.000000 0.800000 -0.100000
v -0.900000 0.800000 -0.500000
v -0.900000 0.800000 -0.100000
v 0.700000 0.800000 -1.500000
v 0.700000 0.800000 -1.400000
v 1.100000 0.800000 -1.400000
v 1.100000 0.800000 -1.100000
v 1.200000 0.800000 -1.500000
v 1.200000 0.800000 -1.100000
v 0.700000 0.900000 -1.300000
v 0.700000 0.900000 -1.100000
v 1.000000 0.900000 -1.300000
v 1.000000 0.900000 -1.100000
v -1.000000 1.000000 -0.500000
v -1.000000 1.000000 -0.100000
v -0.900000 1.000000 -0.500000
v -0.900000 1.000000 -0.100000
v 1.100000 1.100000 0.100000
v 1.100000 1.100000 0.400000
v 1.200000 1.100000 0.100000
v 1.200000 1.100000 0.400000
v -1.200000 1.200000 -1.300000
v -1.200000 1.200000 -1.200000
v -1.200000 1.200000 -0.800000
v -1.200000 1.200000 -0.700000
v -1.200000 1.200000 -0.600000
v -1.200000 1.200000 0.100000
v -1.200000 1.200000 0.200000
v -1.200000 1.200000 0.600000
v -1.200000 1.200000 0.700000
v -1.100000 1.200000 -1.300000
v -1.100000 1.200000 -1.200000
v -1.100000 1.200000 -0.800000
v -1.100000 1.200000 -0.700000
v -1.100000 1.200000 -0.600000
v -1.100000 1.200000 0.100000
v -1.100000 1.200000 0.200000
v -1.100000 1.200000 0.600000
v -1.100000 1.200000 0.700000
v -1.000000 1.200000 -1.500000
v -1.000000 1.200000 -1.400000
v -1.000000 1.200000 -0.500000
v -1.000000 1.200000 -0.100000
v -1.000000 1.200000 0.800000
v -1.000000 1.200000 0.900000
v -0.900000 1.200000 -1.500000
v -0.900000 1.200000 -1.400000
v -0.900000 1.200000 -0.500000
v -0.900000 1.200000 -0.100000
v -0.900000 1.200000 0.800000
v -0.900000 1.200000 0.900000
v -0.500000 1.200000 0.800000
v -0.500000 1.200000 0.900000
v -0.400000 1.200000 -1.500000
v -0.400000 1.200000 -1.400000
v -0.400000 1.200000 0.800000
v -0.400000 1.200000 0.900000
v -0.300000 1.200000 -1.500000
v -0.300000 1.200000 -1.400000
v -0.200000 1.200000 0.600000
v -0.200000 1.200000 0.700000
v -0.100000 1.200000 0.600000
v -0.100000 1.200000 0.700000
v 0.100000 1.200000 0.600000
v 0.100000 1.200000 0.700000
v 0.200000 1.200000 0.600000
v 0.200000 1.200000 0.700000
v 0.300000 1.200000 -1.500000
v 0.300000 1.200000 -1.400000
v 0.400000 1.200000 -1.500000
v 0.400000 1.200000 -1.400000
v 0.400000 1.200000 0.800000
v 0.400000 1.200000 0.900000
v 0.500000 1.200000 0.800000
v 0.500000 1.200000 0.900000
v 0.900000 1.200000 0.800000
v 0.900000 1.200000 0.900000
v 1.000000 1.200000 0.800000
v 1.000000 1.200000 0.900000
v 1.100000 1.200000 -0.700000
v 1.100000 1.200000 -0.600000
v 1.100000 1.200000 -0.000000
v 1.100000 1.200000 0.100000
v 1.100000 1.200000 0.600000
v 1.100000 1.200000 0.700000
v 1.200000 1.200000 -0.700000
v 1.200000 1.200000 -0.600000
v 1.200000 1.200000 -0.000000
v 1.200000 1.200000 0.100000
v 1.200000 1.200000 0.600000
v 1.200000 1.200000 0.700000
v -1.000000 1.400000 -0.500000
v -1.000000 1.400000 -0.100000
v -0.900000 1.400000 -0.500000
v -0.900000 1.400000 -0.100000
v -1.000000 1.600000 -0.500000
v -1.000000 1.600000 -0.100000
v -0.900000 1.600000 -0.500000
v -0.900000 1.600000 -0.100000
v -0.200000 1.700000 0.600000
v -0.200000 1.700000 0.700000
v -0.100000 1.700000 0.600000
v -0.100000 1.700000 0.700000
v 0.100000 1.700000 0.600000
v 0.100000 1.700000 0.700000
v 0.200000 1.700000 0.600000
v 0.200000 1.700000 0.700000
v -1.200000 1.800000 -1.500000
v -1.200000 1.800000 -1.300000
v -1.200000 1.800000 -1.200000
v -1.200000 1.800000 -0.800000
v -1.200000 1.800000 -0.100000
v -1.200000 1.800000 -0.000000
v -1.200000 1.800000 0.100000
v -1.200000 1.800000 0.200000
v -1.200000 1.800000 0.600000
v -1.200000 1.800000 0.700000
v -1.200000 1.800000 0.900000
v -1.100000 1.800000 -1.400000
v -1.100000 1.800000 -1.300000
v -1.100000 1.800000 -1.200000
v -1.100000 1.800000 -0.800000
v -1.100000 1.800000 -0.100000
v -1.100000 1.800000 -0.000000
v -1.100000 1.800000 0.100000
v -1.100000 1.800000 0.200000
v -1.100000 1.800000 0.600000
v -1.100000 1.800000 0.700000
v -1.100000 1.800000 0.800000
v -1.000000 1.800000 -1.500000
v -1.000000 1.800000 -1.400000
v -1.000000 1.800000 -0.500000
v -1.000000 1.800000 -0.100000
v -1.000000 1.800000 0.800000
v -1.000000 1.800000 0.900000
v -0.900000 1.800000 -1.500000
v -0.900000 1.800000 -1.400000
v -0.900000 1.800000 -0.500000
v -0.900000 1.800000 -0.100000
v -0.900000 1.800000 0.800000
v -0.900000 1.800000 0.900000
v -0.500000 1.800000 0.800000
v -0.500000 1.800000 0.900000
v -0.400000 1.800000 -1.500000
v -0.400000 1.800000 -1.400000
v -0.400000 1.800000 0.800000
v -0.400000 1.800000 0.900000
v -0.300000 1.800000 -1.500000
v -0.300000 1.800000 -1.400000
v -0.300000 1.800000 0.800000
v -0.300000 1.800000 0.900000
v 0.300000 1.800000 -1.500000
v 0.300000 1.800000 -1.400000
v 0.300000 1.800000 0.800000
v 0.300000 1.800000 0.900000
v 0.400000 1.800000 -1.500000
v 0.400000 1.800000 -1.400000
v 0.400000 1.800000 0.800000
v 0.400000 1.800000 0.900000
v 0.500000 1.800000 0.800000
v 0.500000 1.800000 0.900000
v 0.900000 1.800000 -1.500000
v 0.900000 1.800000 -1.400000
v 0.900000 1.800000 0.800000
v 0.900000 1.800000 0.900000
v 1.000000 1.800000 -1.500000
v 1.000000 1.800000 -1.400000
v 1.000000 1.800000 0.800000
v 1.000000 1.800000 0.900000
v 1.100000 1.800000 -1.500000
v 1.100000 1.800000 -1.400000
v 1.100000 1.800000 -1.300000
v 1.100000 1.800000 -1.200000
v 1.100000 1.800000 -0.700000
v 1.100000 1.800000 -0.600000
v 1.100000 1.800000 -0.000000
v 1.100000 1.800000 0.100000
v 1.100000 1.800000 0.600000
v 1.100000 1.800000 0.700000
v 1.100000 1.800000 0.800000
v 1.200000 1.800000 -1.500000
v 1.200000 1.800000 -1.300000
v 1.200000 1.800000 -1.200000
v 1.200000 1.800000 -0.700000
v 1.200000 1.800000 -0.600000
v 1.200000 1.800000 -0.000000
v 1.200000 1.800000 0.100000
v 1.200000 1.800000 0.600000
v 1.200000 1.800000 0.700000
v 1.200000 1.800000 0.900000
v -1.400000 1.900000 -0.700000
v -1.400000 1.900000 0.100000
v -1.300000 1.900000 -0.700000
v -1.300000 1.900000 -0.600000
v -1.300000 1.900000 -0.000000
v -1.300000 1.900000 0.100000
v -1.200000 1.900000 -0.700000
v -1.200000 1.900000 -0.600000
v -1.200000 1.900000 -0.100000
v -1.200000 1.900000 -0.000000
v -1.100000 1.900000 -0.700000
v -1.100000 1.900000 -0.600000
v -1.100000 1.900000 -0.500000
v -1.100000 1.900000 -0.100000
v -1.000000 1.900000 -0.500000
v -1.000000 1.900000 -0.100000
v -1.200000 2.000000 -1.500000
v -1.200000 2.000000 -1.000000
v -1.100000 2.000000 -1.400000
v -1.100000 2.000000 -1.000000
v -1.000000 2.000000 -1.300000
v -1.000000 2.000000 -1.000000
v -0.900000 2.000000 -1.500000
v -0.900000 2.000000 -1.400000
v -0.900000 2.000000 -1.300000
v -0.900000 2.000000 -1.000000
v -1.200000 2.100000 -0.400000
v -1.200000 2.100000 -0.200000
v -1.100000 2.100000 -0.400000
v -1.100000 2.100000 -0.200000
v -1.000000 2.100000 -0.600000
v -1.000000 2.100000 -0.000000
v -0.900000 2.100000 -0.600000
v -0.900000 2.100000 -0.000000
v -0.200000 2.200000 0.600000
v -0.200000 2.200000 0.700000
v -0.100000 2.200000 0.600000
v -0.100000 2.200000 0.700000
v 0.100000 2.200000 0.600000
v 0.100000 2.200000 0.700000
v 0.200000 2.200000 0.600000
v 0.200000 2.200000 0.700000
v -1.000000 2.300000 -0.500000
v -1.000000 2.300000 -0.100000
v -0.900000 2.300000 -0.500000
v -0.900000 2.300000 -0.100000
v -1.000000 2.500000 -0.500000
v -1.000000 2.500000 -0.100000
v -0.900000 2.500000 -0.500000
v -0.900000 2.500000 -0.100000
v -1.200000 2.600000 0.400000
v -1.200000 2.600000 0.900000
v -1.100000 2.600000 0.400000
v -1.100000 2.600000 0.800000
v -1.000000 2.600000 0.400000
v -1.000000 2.600000 0.700000
v -0.800000 2.600000 0.400000
v -0.800000 2.600000 0.700000
v -0.800000 2.600000 0.800000
v -0.800000 2.600000 0.900000
v -1.000000 2.700000 -0.500000
v -1.000000 2.700000 -0.100000
v -0.900000 2.700000 -0.500000
v -0.900000 2.700000 -0.100000
v -0.200000 2.700000 0.600000
v -0.200000 2.700000 0.700000
v -0.100000 2.700000 0.600000
v -0.100000 2.700000 0.700000
v 0.100000 2.700000 0.600000
v 0.100000 2.700000 0.700000
v 0.200000 2.700000 0.600000
v 0.200000 2.700000 0.700000
v -0.300000 2.800000 0.700000
v -0.300000 2.800000 0.800000
v -0.100000 2.800000 0.700000
v -0.100000 2.800000 0.800000
v 0.100000 2.800000 0.700000
v 0.100000 2.800000 0.800000
v 0.300000 2.800000 0.700000
v 0.300000 2.800000 0.800000
v -1.000000 2.900000 -0.500000
v -1.000000 2.900000 -0.100000
v -0.900000 2.900000 -0.500000
v -0.900000 2.900000 -0.100000
v -0.300000 3.000000 -1.500000
v -0.300000 3.000000 -1.400000
v -0.100000 3.000000 0.700000
v -0.100000 3.000000 0.800000
v 0.000000 3.000000 -1.500000
v 0.000000 3.000000 -1.400000
v 0.100000 3.000000 0.700000
v 0.100000 3.000000 0.800000
v 0.500000 3.000000 0.800000
v 0.500000 3.000000 0.900000
v 0.800000 3.000000 0.800000
v 0.800000 3.000000 0.900000
v -1.200000 3.100000 0.200000
v -1.200000 3.100000 0.500000
v -1.100000 3.100000 0.200000
v -1.100000 3.100000 0.500000
v -1.000000 3.100000 -0.500000
v -1.000000 3.100000 -0.100000
v -0.900000 3.100000 -0.500000
v -0.900000 3.100000 -0.100000
v 1.100000 3.100000 -0.800000
v 1.100000 3.100000 -0.500000
v 1.200000 3.100000 -0.800000
v 1.200000 3.100000 -0.500000
v 0.100000 3.200000 -1.500000
v 0.100000 3.200000 -1.400000
v 0.400000 3.200000 -1.500000
v 0.400000 3.200000 -1.400000
v -1.000000 3.300000 -0.500000
v -1.000000 3.300000 -0.100000
v -0.900000 3.300000 -0.500000
v -0.900000 3.300000 -0.100000
v 0.200000 3.300000 0.800000
v 0.200000 3.300000 0.900000
v 0.500000 3.300000 0.800000
v 0.500000 3.300000 0.900000
v -1.000000 3.500000 -0.500000
v -1.000000 3.500000 -0.100000
v -0.900000 3.500000 -0.500000
v -0.900000 3.500000 -0.100000
v -1.400000 3.600000 -0.700000
v -1.400000 3.600000 0.100000
v -1.300000 3.600000 -0.700000
v -1.300000 3.600000 -0.600000
v -1.300000 3.600000 -0.000000
v -1.300000 3.600000 0.100000
v -1.200000 3.600000 -0.700000
v -1.200000 3.600000 -0.600000
v -1.200000 3.600000 -0.000000
v -1.200000 3.600000 0.100000
v -1.100000 3.600000 -0.700000
v -1.100000 3.600000 -0.600000
v -1.100000 3.600000 -0.500000
v -1.100000 3.600000 -0.100000
v -1.100000 3.600000 -0.000000
v -1.100000 3.600000 0.100000
v -1.000000 3.600000 -0.500000
v -1.000000 3.600000 -0.100000
v -1.200000 3.800000 -1.500000
v -1.200000 3.800000 -1.400000
v -1.200000 3.800000 -1.300000
v -1.200000 3.800000 -1.200000
v -1.200000 3.800000 -1.000000
v -1.200000 3.800000 -0.900000
v -1.200000 3.800000 -0.800000
v -1.200000 3.800000 -0.500000
v -1.200000 3.800000 -0.400000
v -1.200000 3.800000 -0.100000
v -1.200000 3.800000 0.200000
v -1.200000 3.800000 0.300000
v -1.200000 3.800000 0.400000
v -1.200000 3.800000 0.600000
v -1.200000 3.800000 0.700000
v -1.200000 3.800000 0.900000
v -1.100000 3.800000 -1.400000
v -1.100000 3.800000 -1.300000
v -1.100000 3.800000 -1.200000
v -1.100000 3.800000 -1.000000
v -1.100000 3.800000 -0.900000
v -1.100000 3.800000 -0.800000
v -1.100000 3.800000 -0.500000
v -1.100000 3.800000 -0.400000
v -1.100000 3.800000 -0.100000
v -1.100000 3.800000 0.200000
v -1.100000 3.800000 0.300000
v -1.100000 3.800000 0.400000
v -1.100000 3.800000 0.600000
v -1.100000 3.800000 0.700000
v -1.100000 3.800000 0.800000
v -1.000000 3.800000 -1.500000
v -1.000000 3.800000 -1.400000
v -1.000000 3.800000 0.800000
v -1.000000 3.800000 0.900000
v -0.900000 3.800000 -1.500000
v -0.900000 3.800000 -1.400000
v -0.900000 3.800000 0.800000
v -0.900000 3.800000 0.900000
v -0.700000 3.800000 -1.500000
v -0.700000 3.800000 -1.400000
v -0.700000 3.800000 0.800000
v -0.700000 3.800000 0.900000
v -0.600000 3.800000 -1.500000
v -0.600000 3.800000 -1.400000
v -0.600000 3.800000 0.800000
v -0.600000 3.800000 0.900000
v -0.500000 3.800000 -1.500000
v -0.500000 3.800000 -1.400000
v -0.500000 3.800000 0.800000
v -0.500000 3.800000 0.900000
v -0.200000 3.800000 -1.500000
v -0.200000 3.800000 -1.400000
v -0.200000 3.800000 0.800000
v -0.200000 3.800000 0.900000
v -0.100000 3.800000 -1.500000
v -0.100000 3.800000 -1.400000
v -0.100000 3.800000 0.800000
v -0.100000 3.800000 0.900000
v 0.200000 3.800000 -1.500000
v 0.200000 3.800000 -1.400000
v 0.200000 3.800000 0.800000
v 0.200000 3.800000 0.900000
v 0.500000 3.800000 -1.500000
v 0.500000 3.800000 -1.400000
v 0.500000 3.800000 0.800000
v 0.500000 3.800000 0.900000
v 0.600000 3.800000 -1.500000
v 0.600000 3.800000 -1.400000
v 0.700000 3.800000 -1.500000
v 0.700000 3.800000 -1.400000
v 0.800000 3.800000 0.800000
v 0.800000 3.800000 0.900000
v 0.900000 3.800000 -1.500000
v 0.900000 3.800000 -1.400000
v 0.900000 3.800000 0.800000
v 0.900000 3.800000 0.900000
v 1.000000 3.800000 -1.500000
v 1.000000 3.800000 -1.400000
v 1.000000 3.800000 0.800000
v 1.000000 3.800000 0.900000
v 1.100000 3.800000 -1.400000
v 1.100000 3.800000 -1.300000
v 1.100000 3.800000 -1.200000
v 1.100000 3.800000 -0.900000
v 1.100000 3.800000 -0.800000
v 1.100000 3.800000 -0.500000
v 1.100000 3.800000 -0.400000
v 1.100000 3.800000 -0.300000
v 1.100000 3.800000 -0.100000
v 1.100000 3.800000 0.200000
v 1.100000 3.800000 0.400000
v 1.100000 3.800000 0.500000
v 1.100000 3.800000 0.600000
v 1.100000 3.800000 0.700000
v 1.100000 3.800000 0.800000
v 1.200000 3.800000 -1.500000
v 1.200000 3.800000 -1.300000
v 1.200000 3.800000 -1.200000
v 1.200000 3.800000 -0.900000
v 1.200000 3.800000 -0.800000
v 1.200000 3.800000 -0.500000
v 1.200000 3.800000 -0.400000
v 1.200000 3.800000 -0.300000
v 1.200000 3.800000 -0.100000
v 1.200000 3.800000 0.200000
v 1.200000 3.800000 0.400000
v 1.200000 3.800000 0.500000
v 1.200000 3.800000 0.600000
v 1.200000 3.800000 0.700000
v 1.200000 3.800000 0.900000
v -1.300000 4.000000 -1.600000
v -1.300000 4.000000 1.000000
v -1.200000 4.000000 -1.500000
v -1.200000 4.000000 -1.300000
v -1.200000 4.000000 -1.200000
v -1.200000 4.000000 -0.800000
v -1.200000 4.000000 -0.500000
v -1.200000 4.000000 -0.100000
v -1.200000 4.000000 0.200000
v -1.200000 4.000000 0.600000
v -1.200000 4.000000 0.700000
v -1.200000 4.000000 0.900000
v -1.100000 4.000000 -1.300000
v -1.100000 4.000000 -1.200000
v -1.100000 4.000000 -0.800000
v -1.100000 4.000000 -0.500000
v -1.100000 4.000000 -0.100000
v -1.100000 4.000000 0.200000
v -1.100000 4.000000 0.600000
v -1.100000 4.000000 0.700000
v -1.000000 4.000000 -1.500000
v -1.000000 4.000000 -1.400000
v -1.000000 4.000000 -1.300000
v -1.000000 4.000000 0.700000
v -1.000000 4.000000 0.800000
v -1.000000 4.000000 0.900000
v -0.900000 4.000000 -1.500000
v -0.900000 4.000000 -1.400000
v -0.900000 4.000000 0.800000
v -0.900000 4.000000 0.900000
v -0.800000 4.000000 -1.200000
v -0.800000 4.000000 0.600000
v -0.700000 4.000000 -1.100000
v -0.700000 4.000000 0.500000
v -0.600000 4.000000 0.200000
v -0.600000 4.000000 0.500000
v -0.500000 4.000000 -1.500000
v -0.500000 4.000000 -1.400000
v -0.500000 4.000000 -1.000000
v -0.500000 4.000000 -0.300000
v -0.500000 4.000000 -0.000000
v -0.500000 4.000000 0.100000
v -0.500000 4.000000 0.200000
v -0.500000 4.000000 0.500000
v -0.500000 4.000000 0.800000
v -0.500000 4.000000 0.900000
v -0.400000 4.000000 -1.000000
v -0.400000 4.000000 -0.300000
v -0.400000 4.000000 -0.000000
v -0.400000 4.000000 0.100000
v -0.200000 4.000000 -1.500000
v -0.200000 4.000000 -1.400000
v -0.200000 4.000000 -1.300000
v -0.200000 4.000000 -1.200000
v -0.200000 4.000000 -1.100000
v -0.200000 4.000000 0.400000
v -0.200000 4.000000 0.500000
v -0.200000 4.000000 0.600000
v -0.200000 4.000000 0.700000
v -0.200000 4.000000 0.800000
v -0.200000 4.000000 0.900000
v -0.100000 4.000000 -1.300000
v -0.100000 4.000000 -1.200000
v -0.100000 4.000000 0.100000
v -0.100000 4.000000 0.400000
v -0.100000 4.000000 0.700000
v 0.000000 4.000000 -1.200000
v 0.000000 4.000000 -0.500000
v 0.000000 4.000000 0.100000
v 0.000000 4.000000 0.400000
v 0.100000 4.000000 -1.300000
v 0.100000 4.000000 -1.200000
v 0.100000 4.000000 -0.500000
v 0.100000 4.000000 0.600000
v 0.100000 4.000000 0.700000
v 0.200000 4.000000 -1.500000
v 0.200000 4.000000 -1.400000
v 0.200000 4.000000 -1.300000
v 0.200000 4.000000 -1.200000
v 0.200000 4.000000 -1.100000
v 0.200000 4.000000 -0.300000
v 0.200000 4.000000 0.200000
v 0.200000 4.000000 0.500000
v 0.200000 4.000000 0.600000
v 0.200000 4.000000 0.700000
v 0.200000 4.000000 0.800000
v 0.200000 4.000000 0.900000
v 0.300000 4.000000 -0.300000
v 0.300000 4.000000 0.200000
v 0.300000 4.000000 0.400000
v 0.400000 4.000000 -0.800000
v 0.400000 4.000000 -0.500000
v 0.400000 4.000000 -0.100000
v 0.400000 4.000000 0.100000
v 0.400000 4.000000 0.200000
v 0.400000 4.000000 0.400000
v 0.500000 4.000000 -1.500000
v 0.500000 4.000000 -1.400000
v 0.500000 4.000000 -0.800000
v 0.500000 4.000000 -0.500000
v 0.500000 4.000000 -0.100000
v 0.500000 4.000000 0.100000
v 0.500000 4.000000 0.800000
v 0.500000 4.000000 0.900000
v 0.700000 4.000000 -1.100000
v 0.700000 4.000000 0.500000
v 0.800000 4.000000 -1.200000
v 0.800000 4.000000 0.600000
v 0.900000 4.000000 -1.500000
v 0.900000 4.000000 -1.400000
v 0.900000 4.000000 0.800000
v 0.900000 4.000000 0.900000
v 1.000000 4.000000 -1.500000
v 1.000000 4.000000 -1.400000
v 1.000000 4.000000 -1.300000
v 1.000000 4.000000 0.700000
v 1.000000 4.000000 0.800000
v 1.000000 4.000000 0.900000
v 1.100000 4.000000 -1.300000
v 1.100000 4.000000 -1.200000
v 1.100000 4.000000 -0.800000
v 1.100000 4.000000 -0.500000
v 1.100000 4.000000 -0.100000
v 1.100000 4.000000 0.200000
v 1.100000 4.000000 0.600000
v 1.100000 4.000000 0.700000
v 1.200000 4.000000 -1.500000
v 1.200000 4.000000 -1.300000
v 1.200000 4.000000 -1.200000
v 1.200000 4.000000 -0.800000
v 1.200000 4.000000 -0.500000
v 1.200000 4.000000 -0.100000
v 1.200000 4.000000 0.200000
v 1.200000 4.000000 0.600000
v 1.200000 4.000000 0.700000
v 1.200000 4.000000 0.800000
v 1.200000 4.000000 0.900000
v 1.300000 4.000000 -1.600000
v 1.300000 4.000000 -1.400000
v 1.300000 4.000000 -1.100000
v 1.300000 4.000000 1.000000
v 1.400000 4.000000 -1.400000
v 1.400000 4.000000 -1.100000
v -1.400000 4.100000 0.800000
v -1.400000 4.100000 1.100000
v -1.300000 4.100000 0.800000
v -1.300000 4.100000 1.000000
v -0.900000 4.100000 1.000000
v -0.900000 4.100000 1.100000
v -0.700000 4.100000 1.000000
v -0.700000 4.100000 1.100000
v -0.400000 4.100000 1.000000
v -0.400000 4.100000 1.100000
v 1.200000 4.100000 1.000000
v 1.200000 4.100000 1.100000
v 1.300000 4.100000 0.600000
v 1.300000 4.100000 1.000000
v 1.400000 4.100000 0.600000
v 1.400000 4.100000 1.100000
v -1.400000 4.200000 -1.400000
v -1.400000 4.200000 -1.100000
v -1.300000 4.200000 -1.400000
v -1.300000 4.200000 -1.100000
v -1.400000 4.300000 -1.000000
v -1.400000 4.300000 -0.700000
v -1.300000 4.300000 -1.000000
v -1.300000 4.300000 -0.700000
v -0.700000 4.300000 -1.700000
v -0.700000 4.300000 -1.600000
v -0.400000 4.300000 -1.700000
v -0.400000 4.300000 -1.600000
v 0.800000 4.300000 1.000000
v 0.800000 4.300000 1.100000
v 1.100000 4.300000 1.000000
v 1.100000 4.300000 1.100000
v 1.300000 4.300000 -1.200000
v 1.300000 4.300000 -0.900000
v 1.400000 4.300000 -1.200000
v 1.400000 4.300000 -0.900000
v -1.400000 4.400000 -1.600000
v -1.400000 4.400000 -1.500000
v -1.300000 4.400000 -1.700000
v -1.300000 4.400000 -1.600000
v -1.300000 4.400000 -1.500000
v -1.200000 4.400000 -1.700000
v -1.200000 4.400000 -1.600000
v 1.200000 4.400000 -1.700000
v 1.200000 4.400000 -1.600000
v 1.300000 4.400000 -1.700000
v 1.300000 4.400000 -1.600000
v 1.300000 4.400000 -1.500000
v 1.400000 4.400000 -1.600000
v 1.400000 4.400000 -1.500000
v -1.400000 0.100000 -1.400000
v -1.400000 0.100000 -0.800000
v -1.400000 0.100000 -0.700000
v -1.400000 0.100000 0.800000
v -1.300000 0.100000 -1.200000
v -1.300000 0.100000 -1.000000
v -1.300000 0.100000 -0.900000
v -1.300000 0.100000 -0.800000
v -1.300000 0.100000 -0.700000
v -1.300000 0.100000 -0.600000
v -1.300000 0.100000 -0.500000
v -1.300000 0.100000 0.200000
v -1.300000 0.100000 0.300000
v -1.300000 0.100000 0.400000
v -1.300000 0.100000 0.600000
v -1.200000 0.100000 -1.500000
v -1.200000 0.100000 -1.400000
v -1.200000 0.100000 -1.200000
v -1.200000 0.100000 -1.000000
v -1.200000 0.100000 -0.900000
v -1.200000 0.100000 -0.800000
v -1.200000 0.100000 -0.600000
v -1.200000 0.100000 -0.500000
v -1.200000 0.100000 0.200000
v -1.200000 0.100000 0.300000
v -1.200000 0.100000 0.400000
v -1.200000 0.100000 0.600000
v -1.200000 0.100000 0.800000
v -1.200000 0.100000 0.900000
v -1.100000 0.100000 -1.700000
v -1.100000 0.100000 -1.500000
v -1.100000 0.100000 -1.400000
v -1.100000 0.100000 0.800000
v -1.100000 0.100000 0.900000
v -1.100000 0.100000 1.100000
v -0.700000 0.100000 0.900000
v -0.700000 0.100000 1.000000
v -0.600000 0.100000 0.900000
v -0.600000 0.100000 1.000000
v -0.500000 0.100000 -1.600000
v -0.500000 0.100000 -1.500000
v -0.500000 0.100000 0.900000
v -0.500000 0.100000 1.000000
v -0.400000 0.100000 -1.600000
v -0.400000 0.100000 -1.500000
v -0.400000 0.100000 0.800000
v -0.400000 0.100000 0.900000
v -0.400000 0.100000 1.000000
v -0.400000 0.100000 1.100000
v -0.400000 0.100000 1.200000
v -0.400000 0.100000 1.600000
v -0.300000 0.100000 0.700000
v -0.300000 0.100000 0.800000
v -0.300000 0.100000 0.900000
v -0.300000 0.100000 1.200000
v -0.300000 0.100000 1.600000
v -0.300000 0.100000 1.700000
v -0.200000 0.100000 1.600000
v -0.200000 0.100000 1.700000
v -0.100000 0.100000 1.600000
v -0.100000 0.100000 1.700000
v 0.100000 0.100000 -1.600000
v 0.100000 0.100000 -1.500000
v 0.100000 0.100000 1.600000
v 0.100000 0.100000 1.700000
v 0.300000 0.100000 -1.700000
v 0.300000 0.100000 -1.600000
v 0.300000 0.100000 -1.500000
v 0.300000 0.100000 0.700000
v 0.300000 0.100000 0.800000
v 0.300000 0.100000 0.900000
v 0.300000 0.100000 1.300000
v 0.300000 0.100000 1.400000
v 0.300000 0.100000 1.500000
v 0.300000 0.100000 1.600000
v 0.300000 0.100000 1.700000
v 0.400000 0.100000 -1.700000
v 0.400000 0.100000 -1.600000
v 0.400000 0.100000 -1.500000
v 0.400000 0.100000 0.800000
v 0.400000 0.100000 0.900000
v 0.400000 0.100000 1.000000
v 0.400000 0.100000 1.100000
v 0.400000 0.100000 1.300000
v 0.400000 0.100000 1.400000
v 0.400000 0.100000 1.500000
v 0.400000 0.100000 1.600000
v 0.500000 0.100000 -1.600000
v 0.500000 0.100000 -1.500000
v 0.500000 0.100000 0.900000
v 0.500000 0.100000 1.000000
v 0.800000 0.100000 -1.700000
v 0.800000 0.100000 -1.600000
v 0.900000 0.100000 -1.700000
v 0.900000 0.100000 -1.600000
v 1.100000 0.100000 -1.700000
v 1.100000 0.100000 -1.500000
v 1.100000 0.100000 -1.400000
v 1.100000 0.100000 0.800000
v 1.100000 0.100000 0.900000
v 1.100000 0.100000 1.100000
v 1.200000 0.100000 -1.500000
v 1.200000 0.100000 -1.400000
v 1.200000 0.100000 -1.300000
v 1.200000 0.100000 -1.100000
v 1.200000 0.100000 -0.800000
v 1.200000 0.100000 -0.600000
v 1.200000 0.100000 0.200000
v 1.200000 0.100000 0.300000
v 1.200000 0.100000 0.400000
v 1.200000 0.100000 0.500000
v 1.200000 0.100000 0.800000
v 1.200000 0.100000 0.900000
v 1.300000 0.100000 -1.300000
v 1.300000 0.100000 -1.100000
v 1.300000 0.100000 -0.800000
v 1.300000 0.100000 -0.600000
v 1.300000 0.100000 0.200000
v 1.300000 0.100000 0.300000
v 1.300000 0.100000 0.400000
v 1.300000 0.100000 0.500000
v 1.400000 0.100000 -1.400000
v 1.400000 0.100000 0.800000
v -0.200000 0.300000 0.600000
v -0.200000 0.300000 0.700000
v -0.100000 0.300000 0.600000
v -0.100000 0.300000 0.700000
v 0.100000 0.300000 0.600000
v 0.100000 0.300000 0.700000
v 0.200000 0.300000 0.600000
v 0.200000 0.300000 0.700000
v -1.400000 0.500000 -0.600000
v -1.400000 0.500000 -0.500000
v -1.400000 0.500000 -0.400000
v -1.400000 0.500000 -0.200000
v -1.400000 0.500000 -0.100000
v -1.400000 0.500000 -0.000000
v -1.300000 0.500000 -0.600000
v -1.300000 0.500000 -0.500000
v -1.300000 0.500000 -0.400000
v -1.300000 0.500000 -0.200000
v -1.300000 0.500000 -0.100000
v -1.300000 0.500000 -0.000000
v -1.200000 0.500000 -0.700000
v -1.200000 0.500000 -0.600000
v -1.200000 0.500000 -0.400000
v -1.200000 0.500000 -0.200000
v -1.200000 0.500000 -0.000000
v -1.200000 0.500000 0.100000
v -1.100000 0.500000 -0.700000
v -1.100000 0.500000 -0.600000
v -1.100000 0.500000 -0.500000
v -1.100000 0.500000 -0.400000
v -1.100000 0.500000 -0.200000
v -1.100000 0.500000 -0.100000
v -1.100000 0.500000 -0.000000
v -1.100000 0.500000 0.100000
v -1.000000 0.500000 -0.500000
v -1.000000 0.500000 -0.100000
v -0.900000 0.500000 -0.500000
v -0.900000 0.500000 -0.100000
v -1.000000 0.700000 -0.500000
v -1.000000 0.700000 -0.100000
v -0.900000 0.700000 -0.500000
v -0.900000 0.700000 -0.100000
v -1.400000 0.800000 -0.700000
v -1.400000 0.800000 0.100000
v -1.300000 0.800000 -0.700000
v -1.300000 0.800000 -0.600000
v -1.300000 0.800000 -0.000000
v -1.300000 0.800000 0.100000
v -1.200000 0.800000 -0.700000
v -1.200000 0.800000 -0.600000
v -1.200000 0.800000 -0.000000
v -1.200000 0.800000 0.100000
v -1.100000 0.800000 -0.700000
v -1.100000 0.800000 -0.600000
v -1.100000 0.800000 -0.000000
v -1.100000 0.800000 0.100000
v -0.200000 0.800000 0.600000
v -0.200000 0.800000 0.700000
v -0.100000 0.800000 0.600000
v -0.100000 0.800000 0.700000
v 0.100000 0.800000 0.600000
v 0.100000 0.800000 0.700000
v 0.200000 0.800000 0.600000
v 0.200000 0.800000 0.700000
v 0.400000 0.800000 -1.500000
v 0.400000 0.800000 -1.400000
v 0.600000 0.800000 -1.400000
v 0.700000 0.800000 -1.500000
v 0.700000 0.800000 -1.400000
v -1.000000 0.900000 -0.500000
v -1.000000 0.900000 -0.100000
v -0.900000 0.900000 -0.500000
v -0.900000 0.900000 -0.100000
v 0.700000 1.000000 -1.300000
v 0.700000 1.000000 -1.100000
v 0.800000 1.000000 -1.300000
v 0.800000 1.000000 -1.100000
v 0.800000 1.000000 0.400000
v 0.800000 1.000000 0.700000
v 0.800000 1.000000 0.800000
v 0.800000 1.000000 0.900000
v 1.000000 1.000000 0.400000
v 1.000000 1.000000 0.700000
v 1.100000 1.000000 0.300000
v 1.100000 1.000000 0.400000
v 1.100000 1.000000 0.800000
v 1.200000 1.000000 0.300000
v 1.200000 1.000000 0.900000
v -1.000000 1.100000 -0.500000
v -1.000000 1.100000 -0.100000
v -0.900000 1.100000 -0.500000
v -0.900000 1.100000 -0.100000
v 0.700000 1.200000 -1.500000
v 0.700000 1.200000 -1.400000
v 0.800000 1.200000 -1.400000
v 0.900000 1.200000 -1.500000
v 0.900000 1.200000 -1.400000
v 1.000000 1.200000 -1.500000
v 1.000000 1.200000 -1.400000
v 1.100000 1.200000 -1.400000
v 1.100000 1.200000 -1.300000
v 1.100000 1.200000 -1.200000
v 1.100000 1.200000 -1.100000
v 1.200000 1.200000 -1.500000
v 1.200000 1.200000 -1.300000
v 1.200000 1.200000 -1.200000
v 1.200000 1.200000 -1.100000
v -1.200000 1.300000 -0.700000
v -1.200000 1.300000 -0.600000
v -1.100000 1.300000 -0.700000
v -1.100000 1.300000 -0.600000
v -1.000000 1.300000 -0.500000
v -1.000000 1.300000 -0.100000
v -0.900000 1.300000 -0.500000
v -0.900000 1.300000 -0.100000
v -0.200000 1.300000 0.600000
v -0.200000 1.300000 0.700000
v -0.100000 1.300000 0.600000
v -0.100000 1.300000 0.700000
v 0.100000 1.300000 0.600000
v 0.100000 1.300000 0.700000
v 0.200000 1.300000 0.600000
v 0.200000 1.300000 0.700000
v 0.800000 1.300000 -1.300000
v 0.800000 1.300000 -1.100000
v 0.900000 1.300000 -1.300000
v 1.000000 1.300000 -1.300000
v 1.000000 1.300000 -1.200000
v 1.000000 1.300000 -1.100000
v 1.100000 1.300000 0.100000
v 1.100000 1.300000 0.400000
v 1.200000 1.300000 0.100000
v 1.200000 1.300000 0.400000
v -1.000000 1.500000 -0.500000
v -1.000000 1.500000 -0.100000
v -0.900000 1.500000 -0.500000
v -0.900000 1.500000 -0.100000
v -1.000000 1.700000 -0.500000
v -1.000000 1.700000 -0.100000
v -0.900000 1.700000 -0.500000
v -0.900000 1.700000 -0.100000
v -0.200000 1.800000 0.600000
v -0.200000 1.800000 0.700000
v -0.100000 1.800000 0.600000
v -0.100000 1.800000 0.700000
v 0.100000 1.800000 0.600000
v 0.100000 1.800000 0.700000
v 0.200000 1.800000 0.600000
v 0.200000 1.800000 0.700000
v -1.200000 1.900000 -1.500000
v -1.200000 1.900000 -1.300000
v -1.200000 1.900000 -1.200000
v -1.200000 1.900000 -0.800000
v -1.200000 1.900000 -0.700000
v -1.200000 1.900000 0.100000
v -1.200000 1.900000 0.200000
v -1.200000 1.900000 0.600000
v -1.200000 1.900000 0.700000
v -1.200000 1.900000 0.900000
v -1.100000 1.900000 -1.400000
v -1.100000 1.900000 -1.300000
v -1.100000 1.900000 -1.200000
v -1.100000 1.900000 -0.800000
v -1.100000 1.900000 -0.700000
v -1.100000 1.900000 0.100000
v -1.100000 1.900000 0.200000
v -1.100000 1.900000 0.600000
v -1.100000 1.900000 0.700000
v -1.100000 1.900000 0.800000
v -1.000000 1.900000 -1.500000
v -1.000000 1.900000 -1.400000
v -1.000000 1.900000 -0.600000
v -1.000000 1.900000 -0.000000
v -1.000000 1.900000 0.800000
v -1.000000 1.900000 0.900000
v -0.900000 1.900000 -1.500000
v -0.900000 1.900000 -1.400000
v -0.900000 1.900000 -0.600000
v -0.900000 1.900000 -0.000000
v -0.900000 1.900000 0.800000
v -0.900000 1.900000 0.900000
v -0.500000 1.900000 0.800000
v -0.500000 1.900000 0.900000
v -0.400000 1.900000 -1.500000
v -0.400000 1.900000 -1.400000
v -0.400000 1.900000 0.800000
v -0.400000 1.900000 0.900000
v -0.300000 1.900000 -1.500000
v -0.300000 1.900000 -1.400000
v -0.300000 1.900000 0.800000
v -0.300000 1.900000 0.900000
v 0.300000 1.900000 -1.500000
v 0.300000 1.900000 -1.400000
v 0.300000 1.900000 0.800000
v 0.300000 1.900000 0.900000
v 0.400000 1.900000 -1.500000
v 0.400000 1.900000 -1.400000
v 0.400000 1.900000 0.800000
v 0.400000 1.900000 0.900000
v 0.500000 1.900000 0.800000
v 0.500000 1.900000 0.900000
v 0.900000 1.900000 -1.500000
v 0.900000 1.900000 -1.400000
v 0.900000 1.900000 0.800000
v 0.900000 1.900000 0.900000
v 1.000000 1.900000 -1.400000
v 1.000000 1.900000 0.800000
v 1.000000 1.900000 0.900000
v 1.100000 1.900000 -1.500000
v 1.100000 1.900000 -1.400000
v 1.100000 1.900000 -1.300000
v 1.100000 1.900000 -1.200000
v 1.100000 1.900000 -0.700000
v 1.100000 1.900000 -0.600000
v 1.100000 1.900000 -0.000000
v 1.100000 1.900000 0.100000
v 1.100000 1.900000 0.600000
v 1.100000 1.900000 0.700000
v 1.100000 1.900000 0.800000
v 1.200000 1.900000 -1.500000
v 1.200000 1.900000 -1.300000
v 1.200000 1.900000 -1.200000
v 1.200000 1.900000 -0.700000
v 1.200000 1.900000 -0.600000
v 1.200000 1.900000 -0.000000
v 1.200000 1.900000 0.100000
v 1.200000 1.900000 0.600000
v 1.200000 1.900000 0.700000
v 1.200000 1.900000 0.900000
v -1.400000 2.000000 -0.700000
v -1.400000 2.000000 0.100000
v -1.300000 2.000000 -0.700000
v -1.300000 2.000000 -0.600000
v -1.300000 2.000000 -0.000000
v -1.300000 2.000000 0.100000
v -1.200000 2.000000 -0.700000
v -1.200000 2.000000 -0.600000
v -1.200000 2.000000 -0.000000
v -1.200000 2.000000 0.100000
v -1.100000 2.000000 -0.700000
v -1.100000 2.000000 -0.600000
v -1.100000 2.000000 -0.000000
v -1.100000 2.000000 0.100000
v -1.200000 2.200000 -0.400000
v -1.200000 2.200000 -0.200000
v -1.100000 2.200000 -0.500000
v -1.100000 2.200000 -0.400000
v -1.100000 2.200000 -0.200000
v -1.100000 2.200000 -0.100000
v -1.000000 2.200000 -0.500000
v -1.000000 2.200000 -0.100000
v -0.900000 2.200000 -0.500000
v -0.900000 2.200000 -0.100000
v -0.200000 2.300000 0.600000
v -0.200000 2.300000 0.700000
v -0.100000 2.300000 0.600000
v -0.100000 2.300000 0.700000
v 0.100000 2.300000 0.600000
v 0.100000 2.300000 0.700000
v 0.200000 2.300000 0.600000
v 0.200000 2.300000 0.700000
v -1.200000 2.400000 -1.500000
v -1.200000 2.400000 -1.000000
v -1.100000 2.400000 -1.400000
v -1.100000 2.400000 -1.000000
v -1.000000 2.400000 -1.300000
v -1.000000 2.400000 -1.000000
v -1.000000 2.400000 -0.500000
v -1.000000 2.400000 -0.100000
v -0.900000 2.400000 -1.500000
v -0.900000 2.400000 -1.400000
v -0.900000 2.400000 -1.300000
v -0.900000 2.400000 -1.000000
v -0.900000 2.400000 -0.500000
v -0.900000 2.400000 -0.100000
v -1.000000 2.600000 -0.500000
v -1.000000 2.600000 -0.100000
v -0.900000 2.600000 -0.500000
v -0.900000 2.600000 -0.100000
v -1.000000 2.800000 -0.500000
v -1.000000 2.800000 -0.100000
v -0.900000 2.800000 -0.500000
v -0.900000 2.800000 -0.100000
v -0.300000 2.800000 0.600000
v -0.300000 2.800000 0.700000
v -0.100000 2.800000 0.600000
v -0.100000 2.800000 0.700000
v 0.100000 2.800000 0.600000
v 0.100000 2.800000 0.700000
v 0.300000 2.800000 0.600000
v 0.300000 2.800000 0.700000
v -1.200000 3.000000 0.400000
v -1.200000 3.000000 0.900000
v -1.100000 3.000000 0.400000
v -1.100000 3.000000 0.600000
v -1.100000 3.000000 0.800000
v -1.000000 3.000000 -0.500000
v -1.000000 3.000000 -0.100000
v -1.000000 3.000000 0.400000
v -1.000000 3.000000 0.600000
v -1.000000 3.000000 0.700000
v -0.900000 3.000000 -0.500000
v -0.900000 3.000000 -0.100000
v -0.800000 3.000000 0.400000
v -0.800000 3.000000 0.700000
v -0.800000 3.000000 0.800000
v -0.800000 3.000000 0.900000
v -0.100000 3.000000 0.600000
v -0.100000 3.000000 0.700000
v 0.100000 3.000000 0.600000
v 0.100000 3.000000 0.700000
v -1.000000 3.200000 -0.500000
v -1.000000 3.200000 -0.100000
v -0.900000 3.200000 -0.500000
v -0.900000 3.200000 -0.100000
v -0.300000 3.200000 -1.500000
v -0.300000 3.200000 -1.400000
v 0.000000 3.200000 -1.500000
v 0.000000 3.200000 -1.400000
v 0.500000 3.200000 0.800000
v 0.500000 3.200000 0.900000
v 0.600000 3.200000 0.800000
v 0.800000 3.200000 0.800000
v 0.800000 3.200000 0.900000
v -1.200000 3.300000 0.200000
v -1.200000 3.300000 0.500000
v -1.100000 3.300000 0.200000
v -1.100000 3.300000 0.500000
v 1.100000 3.300000 -0.800000
v 1.100000 3.300000 -0.500000
v 1.200000 3.300000 -0.800000
v 1.200000 3.300000 -0.500000
v -1.000000 3.400000 -0.500000
v -1.000000 3.400000 -0.100000
v -0.900000 3.400000 -0.500000
v -0.900000 3.400000 -0.100000
v 0.100000 3.400000 -1.500000
v 0.100000 3.400000 -1.400000
v 0.400000 3.400000 -1.500000
v 0.400000 3.400000 -1.400000
v 0.200000 3.500000 0.800000
v 0.200000 3.500000 0.900000
v 0.500000 3.500000 0.800000
v 0.500000 3.500000 0.900000
v -1.000000 3.600000 -0.600000
v -1.000000 3.600000 -0.000000
v -0.900000 3.600000 -0.600000
v -0.900000 3.600000 -0.000000
v -1.400000 3.700000 -0.700000
v -1.400000 3.700000 0.100000
v -1.100000 3.700000 -0.700000
v -1.100000 3.700000 -0.500000
v -1.100000 3.700000 -0.100000
v -1.100000 3.700000 0.100000
v -1.200000 4.100000 -1.500000
v -1.200000 4.100000 -1.400000
v -1.200000 4.100000 -1.000000
v -1.200000 4.100000 -0.400000
v -1.200000 4.100000 -0.300000
v -1.200000 4.100000 0.500000
v -1.200000 4.100000 0.600000
v -1.200000 4.100000 0.800000
v -1.200000 4.100000 0.900000
v -1.100000 4.100000 -1.500000
v -1.100000 4.100000 -1.400000
v -1.100000 4.100000 0.800000
v -1.000000 4.100000 -1.500000
v -1.000000 4.100000 -1.300000
v -1.000000 4.100000 0.700000
v -0.800000 4.100000 -1.200000
v -0.800000 4.100000 0.600000
v -0.800000 4.100000 0.900000
v -0.700000 4.100000 -1.100000
v -0.700000 4.100000 0.500000
v -0.700000 4.100000 0.900000
v -0.600000 4.100000 0.200000
v -0.600000 4.100000 0.500000
v -0.500000 4.100000 -1.000000
v -0.500000 4.100000 -0.300000
v -0.500000 4.100000 -0.000000
v -0.500000 4.100000 0.100000
v -0.500000 4.100000 0.200000
v -0.500000 4.100000 0.500000
v -0.400000 4.100000 -1.500000
v -0.400000 4.100000 -1.000000
v -0.400000 4.100000 -0.300000
v -0.400000 4.100000 -0.000000
v -0.400000 4.100000 0.100000
v -0.300000 4.100000 -1.500000
v -0.300000 4.100000 -1.300000
v -0.300000 4.100000 -1.200000
v -0.300000 4.100000 0.600000
v -0.300000 4.100000 0.700000
v -0.300000 4.100000 0.900000
v -0.200000 4.100000 -1.300000
v -0.200000 4.100000 -1.200000
v -0.200000 4.100000 -1.100000
v -0.200000 4.100000 0.400000
v -0.200000 4.100000 0.500000
v -0.200000 4.100000 0.600000
v -0.200000 4.100000 0.700000
v -0.100000 4.100000 -1.300000
v -0.100000 4.100000 -1.200000
v -0.100000 4.100000 0.100000
v -0.100000 4.100000 0.400000
v -0.100000 4.100000 0.700000
v 0.000000 4.100000 -1.200000
v 0.000000 4.100000 -0.500000
v 0.000000 4.100000 0.100000
v 0.000000 4.100000 0.400000
v 0.100000 4.100000 -1.300000
v 0.100000 4.100000 -1.200000
v 0.100000 4.100000 -0.500000
v 0.100000 4.100000 0.600000
v 0.100000 4.100000 0.700000
v 0.100000 4.100000 0.900000
v 0.200000 4.100000 -1.300000
v 0.200000 4.100000 -1.200000
v 0.200000 4.100000 -1.100000
v 0.200000 4.100000 -0.300000
v 0.200000 4.100000 0.200000
v 0.200000 4.100000 0.500000
v 0.200000 4.100000 0.600000
v 0.200000 4.100000 0.700000
v 0.200000 4.100000 0.900000
v 0.300000 4.100000 -1.300000
v 0.300000 4.100000 -1.200000
v 0.300000 4.100000 -0.300000
v 0.300000 4.100000 0.200000
v 0.300000 4.100000 0.400000
v 0.300000 4.100000 0.600000
v 0.300000 4.100000 0.700000
v 0.400000 4.100000 -0.800000
v 0.400000 4.100000 -0.500000
v 0.400000 4.100000 -0.100000
v 0.400000 4.100000 0.100000
v 0.400000 4.100000 0.200000
v 0.400000 4.100000 0.400000
v 0.500000 4.100000 -1.500000
v 0.500000 4.100000 -0.800000
v 0.500000 4.100000 -0.500000
v 0.500000 4.100000 -0.100000
v 0.500000 4.100000 0.100000
v 0.600000 4.100000 -1.500000
v 0.700000 4.100000 -1.500000
v 0.700000 4.100000 -1.100000
v 0.700000 4.100000 0.500000
v 0.700000 4.100000 0.900000
v 0.800000 4.100000 -1.500000
v 0.800000 4.100000 -1.200000
v 0.800000 4.100000 0.600000
v 0.800000 4.100000 0.900000
v 1.000000 4.100000 -1.300000
v 1.000000 4.100000 0.700000
v 1.100000 4.100000 -1.400000
v 1.100000 4.100000 0.800000
v 1.100000 4.100000 0.900000
v 1.200000 4.100000 -1.500000
v 1.200000 4.100000 -1.400000
v 1.200000 4.100000 -0.600000
v 1.200000 4.100000 -0.500000
v 1.200000 4.100000 -0.400000
v 1.200000 4.100000 -0.300000
v 1.200000 4.100000 0.500000
v 1.200000 4.100000 0.900000
v 1.300000 4.200000 -1.400000
v 1.300000 4.200000 -1.300000
v 1.300000 4.200000 -1.100000
v 1.400000 4.200000 -1.400000
v 1.400000 4.200000 -1.100000
v -0.700000 4.300000 1.000000
v -0.700000 4.300000 1.100000
v -0.400000 4.300000 1.000000
v -0.400000 4.300000 1.100000
v -1.400000 4.400000 -1.400000
v -1.400000 4.400000 -1.100000
v -1.400000 4.400000 0.800000
v -1.400000 4.400000 0.900000
v -1.400000 4.400000 1.000000
v -1.400000 4.400000 1.100000
v -1.300000 4.400000 -1.400000
v -1.300000 4.400000 -1.100000
v -1.300000 4.400000 0.800000
v -1.300000 4.400000 0.900000
v -1.300000 4.400000 1.000000
v -1.300000 4.400000 1.100000
v -1.200000 4.400000 1.000000
v -1.200000 4.400000 1.100000
v -0.900000 4.400000 1.000000
v -0.900000 4.400000 1.100000
v 1.300000 4.400000 0.600000
v 1.300000 4.400000 0.900000
v 1.300000 4.400000 1.000000
v 1.300000 4.400000 1.100000
v 1.400000 4.400000 0.600000
v 1.400000 4.400000 0.900000
v 1.400000 4.400000 1.000000
v 1.400000 4.400000 1.100000
v -1.400000 4.500000 -1.000000
v -1.400000 4.500000 -0.700000
v -1.300000 4.500000 -1.000000
v -1.300000 4.500000 -0.700000
v -1.000000 4.500000 -1.300000
v -1.000000 4.500000 0.700000
v -0.800000 4.500000 -1.200000
v -0.800000 4.500000 0.600000
v -0.700000 4.500000 -1.700000
v -0.700000 4.500000 -1.600000
v -0.400000 4.500000 -1.700000
v -0.400000 4.500000 -1.600000
v -0.300000 4.500000 -1.300000
v -0.300000 4.500000 -1.200000
v -0.300000 4.500000 0.600000
v -0.300000 4.500000 0.700000
v -0.200000 4.500000 -1.300000
v -0.200000 4.500000 -1.200000
v -0.200000 4.500000 0.600000
v -0.200000 4.500000 0.700000
v 0.200000 4.500000 -1.300000
v 0.200000 4.500000 -1.200000
v 0.200000 4.500000 0.600000
v 0.200000 4.500000 0.700000
v 0.300000 4.500000 -1.300000
v 0.300000 4.500000 -1.200000
v 0.300000 4.500000 0.600000
v 0.300000 4.500000 0.700000
v 0.800000 4.500000 -1.200000
v 0.800000 4.500000 0.600000
v 0.800000 4.500000 1.000000
v 0.800000 4.500000 1.100000
v 1.000000 4.500000 -1.300000
v 1.000000 4.500000 0.700000
v 1.100000 4.500000 1.000000
v 1.100000 4.500000 1.100000
v 1.300000 4.500000 -1.200000
v 1.300000 4.500000 -0.900000
v 1.400000 4.500000 -1.200000
v 1.400000 4.500000 -0.900000
v -1.400000 4.600000 -1.600000
v -1.400000 4.600000 -1.500000
v -1.400000 4.600000 0.900000
v -1.400000 4.600000 1.000000
v -1.300000 4.600000 -1.700000
v -1.300000 4.600000 -1.600000
v -1.300000 4.600000 -1.500000
v -1.300000 4.600000 -0.500000
v -1.300000 4.600000 -0.400000
v -1.300000 4.600000 0.600000
v -1.300000 4.600000 0.700000
v -1.300000 4.600000 0.900000
v -1.300000 4.600000 1.000000
v -1.300000 4.600000 1.100000
v -1.200000 4.600000 -1.700000
v -1.200000 4.600000 -1.600000
v -1.200000 4.600000 -1.500000
v -1.200000 4.600000 -0.500000
v -1.200000 4.600000 -0.400000
v -1.200000 4.600000 0.600000
v -1.200000 4.600000 0.700000
v -1.200000 4.600000 0.900000
v -1.200000 4.600000 1.000000
v -1.200000 4.600000 1.100000
v 0.200000 4.600000 -1.600000
v 0.200000 4.600000 -1.500000
v 0.400000 4.600000 -1.600000
v 0.400000 4.600000 -1.500000
v 0.600000 4.600000 -1.600000
v 0.600000 4.600000 -1.500000
v 0.700000 4.600000 -1.600000
v 0.700000 4.600000 -1.500000
v 1.200000 4.600000 -1.700000
v 1.200000 4.600000 -1.600000
v 1.200000 4.600000 -1.500000
v 1.200000 4.600000 0.900000
v 1.200000 4.600000 1.000000
v 1.200000 4.600000 1.100000
v 1.300000 4.600000 -1.700000
v 1.300000 4.600000 -1.600000
v 1.300000 4.600000 -1.500000
v 1.300000 4.600000 0.900000
v 1.300000 4.600000 1.000000
v 1.300000 4.600000 1.100000
v 1.400000 4.600000 -1.600000
v 1.400000 4.600000 -1.500000
v 1.400000 4.600000 0.900000
v 1.400000 4.600000 1.000000
vn -0.0000 -0.0000 -1.0000
vn -0.0000 -0.0000 1.0000
vn -1.0000 -0.0000 -0.0000
vn 1.0000 -0.0000 -0.0000
vn -0.0000 -1.0000 -0.0000
vn -0.0000 1.0000 -0.0000
vn -0.0000 1.0000 0.0001
vn -0.0000 1.0000 -0.0001
vt 0.947266 0.500000
vt 0.943359 0.500000
vt 0.939453 0.500000
vt 0.912109 0.500000
vt 0.724609 0.500000
vt 0.759766 0.500000
vt 0.755859 0.500000
vt 0.908203 0.500000
s 1
usemtl palette.002
f 7/1/1 2/1/1 1/1/1
f 8/2/1 3/2/1 2/2/1
f 8/1/1 2/1/1 7/1/1
f 9/1/1 4/1/1 3/1/1
f 9/2/1 3/2/1 8/2/1
f 10/2/1 5/2/1 4/2/1
f 10/1/1 4/1/1 9/1/1
f 11/1/1 6/1/1 5/1/1
f 11/2/1 5/2/1 10/2/1
f 12/1/1 6/1/1 11/1/1
f 19/3/1 14/3/1 13/3/1
f 20/3/1 14/3/1 19/3/1
f 21/4/1 16/4/1 15/4/1
f 22/4/1 16/4/1 21/4/1
f 23/4/1 18/4/1 17/4/1
f 24/4/1 18/4/1 23/4/1
f 27/3/1 26/3/1 25/3/1
f 28/3/1 26/3/1 27/3/1
f 29/3/1 26/3/1 28/3/1
f 30/3/1 26/3/1 29/3/1
f 31/3/1 26/3/1 30/3/1
f 32/3/1 26/3/1 31/3/1
f 33/3/1 26/3/1 32/3/1
f 34/3/1 26/3/1 33/3/1
f 35/3/1 26/3/1 34/3/1
f 36/3/1 26/3/1 35/3/1
f 37/2/1 28/2/1 27/2/1
f 37/3/1 29/3/1 28/3/1
f 38/2/1 30/2/1 29/2/1
f 38/3/1 29/3/1 37/3/1
f 39/2/1 30/2/1 38/2/1
f 40/3/1 31/3/1 30/3/1
f 40/2/1 30/2/1 39/2/1
f 41/2/1 32/2/1 31/2/1
f 41/3/1 31/3/1 40/3/1
f 42/3/1 33/3/1 32/3/1
f 42/2/1 32/2/1 41/2/1
f 43/2/1 34/2/1 33/2/1
f 43/3/1 33/3/1 42/3/1
f 44/3/1 35/3/1 34/3/1
f 44/2/1 34/2/1 43/2/1
f 45/2/1 36/2/1 35/2/1
f 45/3/1 35/3/1 44/3/1
f 46/2/1 36/2/1 45/2/1
f 47/2/1 36/2/1 46/2/1
f 48/3/1 40/3/1 39/3/1
f 49/2/1 41/2/1 40/2/1
f 49/3/1 40/3/1 48/3/1
f 49/2/1 42/2/1 41/2/1
f 49/2/1 43/2/1 42/2/1
f 50/2/1 43/2/1 49/2/1
f 51/2/1 43/2/1 50/2/1
f 52/3/1 44/3/1 43/3/1
f 52/2/1 43/2/1 51/2/1
f 53/2/1 46/2/1 45/2/1
f 53/3/1 44/3/1 52/3/1
f 53/2/1 45/2/1 44/2/1
f 54/3/1 47/3/1 46/3/1
f 54/2/1 46/2/1 53/2/1
f 55/2/1 36/2/1 47/2/1
f 55/3/1 47/3/1 54/3/1
f 57/2/1 37/2/1 27/2/1
f 57/2/1 39/2/1 38/2/1
f 57/2/1 38/2/1 37/2/1
f 58/2/1 39/2/1 57/2/1
f 59/3/1 51/3/1 50/3/1
f 59/2/1 50/2/1 49/2/1
f 60/2/1 55/2/1 54/2/1
f 60/3/1 51/3/1 59/3/1
f 60/2/1 54/2/1 53/2/1
f 60/2/1 53/2/1 52/2/1
f 60/2/1 52/2/1 51/2/1
f 61/2/1 36/2/1 55/2/1
f 61/2/1 55/2/1 60/2/1
f 62/2/1 36/2/1 61/2/1
f 64/2/1 39/2/1 58/2/1
f 64/3/1 48/3/1 39/3/1
f 65/3/1 48/3/1 64/3/1
f 66/2/1 61/2/1 60/2/1
f 66/2/1 59/2/1 49/2/1
f 66/2/1 60/2/1 59/2/1
f 67/2/1 61/2/1 66/2/1
f 68/2/1 61/2/1 67/2/1
f 69/2/1 61/2/1 68/2/1
f 70/2/1 61/2/1 69/2/1
f 71/4/1 57/4/1 56/4/1
f 72/4/1 57/4/1 71/4/1
f 73/2/1 65/2/1 64/2/1
f 73/2/1 64/2/1 58/2/1
f 73/2/1 66/2/1 65/2/1
f 73/2/1 67/2/1 66/2/1
f 74/3/1 68/3/1 67/3/1
f 74/2/1 67/2/1 73/2/1
f 75/2/1 69/2/1 68/2/1
f 75/3/1 68/3/1 74/3/1
f 76/3/1 70/3/1 69/3/1
f 76/2/1 69/2/1 75/2/1
f 77/2/1 61/2/1 70/2/1
f 77/3/1 70/3/1 76/3/1
f 78/2/1 61/2/1 77/2/1
f 79/4/1 63/4/1 62/4/1
f 80/4/1 63/4/1 79/4/1
f 85/2/1 82/2/1 81/2/1
f 86/2/1 82/2/1 85/2/1
f 87/2/1 84/2/1 83/2/1
f 88/2/1 84/2/1 87/2/1
f 91/3/1 90/3/1 89/3/1
f 92/3/1 90/3/1 91/3/1
f 100/3/1 93/3/1 92/3/1
f 101/3/1 93/3/1 100/3/1
f 102/3/1 93/3/1 101/3/1
f 103/3/1 93/3/1 102/3/1
f 104/5/1 95/5/1 94/5/1
f 105/5/1 95/5/1 104/5/1
f 106/5/1 97/5/1 96/5/1
f 107/5/1 97/5/1 106/5/1
f 108/5/1 99/5/1 98/5/1
f 109/5/1 99/5/1 108/5/1
f 110/5/1 102/5/1 101/5/1
f 111/5/1 102/5/1 110/5/1
f 113/6/1 105/6/1 104/6/1
f 114/6/1 105/6/1 113/6/1
f 115/6/1 107/6/1 106/6/1
f 116/6/1 107/6/1 115/6/1
f 117/6/1 109/6/1 108/6/1
f 118/6/1 109/6/1 117/6/1
f 119/6/1 111/6/1 110/6/1
f 120/6/1 111/6/1 119/6/1
f 123/6/1 113/6/1 112/6/1
f 124/7/1 114/7/1 113/7/1
f 124/6/1 113/6/1 123/6/1
f 125/6/1 115/6/1 114/6/1
f 125/7/1 114/7/1 124/7/1
f 126/7/1 116/7/1 115/7/1
f 126/6/1 115/6/1 125/6/1
f 127/6/1 117/6/1 116/6/1
f 127/7/1 116/7/1 126/7/1
f 128/7/1 118/7/1 117/7/1
f 128/6/1 117/6/1 127/6/1
f 129/6/1 119/6/1 118/6/1
f 129/7/1 118/7/1 128/7/1
f 130/7/1 120/7/1 119/7/1
f 130/6/1 119/6/1 129/6/1
f 130/7/1 121/7/1 120/7/1
f 131/6/1 122/6/1 121/6/1
f 131/7/1 121/7/1 130/7/1
f 132/6/1 122/6/1 131/6/1
f 135/3/1 134/3/1 133/3/1
f 136/3/1 134/3/1 135/3/1
f 139/3/1 138/3/1 137/3/1
f 140/3/1 138/3/1 139/3/1
f 143/3/1 142/3/1 141/3/1
f 144/3/1 142/3/1 143/3/1
f 160/2/1 146/2/1 145/2/1
f 161/2/1 146/2/1 160/2/1
f 162/2/1 148/2/1 147/2/1
f 163/3/1 149/3/1 148/3/1
f 163/2/1 148/2/1 162/2/1
f 164/2/1 150/2/1 149/2/1
f 164/3/1 149/3/1 163/3/1
f 165/2/1 150/2/1 164/2/1
f 166/2/1 153/2/1 152/2/1
f 166/3/1 152/3/1 151/3/1
f 167/2/1 153/2/1 166/2/1
f 168/2/1 155/2/1 154/2/1
f 169/3/1 156/3/1 155/3/1
f 169/2/1 155/2/1 168/2/1
f 170/2/1 157/2/1 156/2/1
f 170/3/1 156/3/1 169/3/1
f 171/2/1 157/2/1 170/2/1
f 172/2/1 159/2/1 158/2/1
f 173/2/1 159/2/1 172/2/1
f 174/3/1 161/3/1 160/3/1
f 175/3/1 161/3/1 174/3/1
f 176/3/1 165/3/1 164/3/1
f 176/3/1 163/3/1 162/3/1
f 176/3/1 164/3/1 163/3/1
f 177/3/1 165/3/1 176/3/1
f 178/3/1 167/3/1 166/3/1
f 178/3/1 166/3/1 151/3/1
f 179/3/1 167/3/1 178/3/1
f 180/3/1 171/3/1 170/3/1
f 180/3/1 169/3/1 168/3/1
f 180/3/1 170/3/1 169/3/1
f 181/3/1 171/3/1 180/3/1
f 182/3/1 173/3/1 172/3/1
f 183/3/1 173/3/1 182/3/1
f 188/1/1 185/1/1 184/1/1
f 189/1/1 185/1/1 188/1/1
f 192/1/1 187/1/1 186/1/1
f 193/1/1 187/1/1 192/1/1
f 194/2/1 191/2/1 190/2/1
f 195/2/1 191/2/1 194/2/1
f 196/2/1 191/2/1 195/2/1
f 197/2/1 191/2/1 196/2/1
f 198/2/1 191/2/1 197/2/1
f 199/2/1 191/2/1 198/2/1
f 200/2/1 191/2/1 199/2/1
f 201/2/1 191/2/1 200/2/1
f 202/2/1 194/2/1 190/2/1
f 203/1/1 195/1/1 194/1/1
f 203/2/1 194/2/1 202/2/1
f 204/2/1 196/2/1 195/2/1
f 204/1/1 195/1/1 203/1/1
f 205/1/1 197/1/1 196/1/1
f 205/2/1 196/2/1 204/2/1
f 206/2/1 198/2/1 197/2/1
f 206/1/1 197/1/1 205/1/1
f 207/1/1 199/1/1 198/1/1
f 207/2/1 198/2/1 206/2/1
f 208/2/1 200/2/1 199/2/1
f 208/1/1 199/1/1 207/1/1
f 209/1/1 201/1/1 200/1/1
f 209/2/1 200/2/1 208/2/1
f 210/2/1 191/2/1 201/2/1
f 210/1/1 201/1/1 209/1/1
f 211/2/1 191/2/1 210/2/1
f 212/1/1 209/1/1 208/1/1
f 212/1/1 203/1/1 202/1/1
f 212/1/1 211/1/1 210/1/1
f 212/1/1 210/1/1 209/1/1
f 212/1/1 208/1/1 207/1/1
f 212/1/1 207/1/1 206/1/1
f 212/1/1 206/1/1 205/1/1
f 212/1/1 205/1/1 204/1/1
f 212/1/1 204/1/1 203/1/1
f 213/1/1 211/1/1 212/1/1
f 214/1/1 211/1/1 213/1/1
f 215/1/1 211/1/1 214/1/1
f 216/1/1 212/1/1 202/1/1
f 217/1/1 212/1/1 216/1/1
f 218/2/1 213/2/1 212/2/1
f 218/1/1 212/1/1 217/1/1
f 219/1/1 214/1/1 213/1/1
f 219/2/1 213/2/1 218/2/1
f 220/1/1 214/1/1 219/1/1
f 221/1/1 214/1/1 220/1/1
f 222/2/1 215/2/1 214/2/1
f 222/1/1 214/1/1 221/1/1
f 223/1/1 211/1/1 215/1/1
f 223/2/1 215/2/1 222/2/1
f 224/2/1 217/2/1 216/2/1
f 224/1/1 216/1/1 202/1/1
f 225/1/1 218/1/1 217/1/1
f 225/2/1 217/2/1 224/2/1
f 225/1/1 219/1/1 218/1/1
f 225/1/1 220/1/1 219/1/1
f 226/2/1 221/2/1 220/2/1
f 227/1/1 222/1/1 221/1/1
f 227/2/1 221/2/1 226/2/1
f 227/1/1 223/1/1 222/1/1
f 228/1/1 223/1/1 227/1/1
f 229/1/1 211/1/1 223/1/1
f 229/1/1 223/1/1 228/1/1
f 230/2/1 226/2/1 220/2/1
f 230/1/1 220/1/1 225/1/1
f 230/1/1 225/1/1 224/1/1
f 231/2/1 226/2/1 230/2/1
f 233/2/1 229/2/1 228/2/1
f 234/2/1 229/2/1 233/2/1
f 235/1/1 224/1/1 202/1/1
f 235/1/1 232/1/1 231/1/1
f 235/1/1 230/1/1 224/1/1
f 235/1/1 231/1/1 230/1/1
f 236/1/1 232/1/1 235/1/1
f 237/1/1 232/1/1 236/1/1
f 238/1/1 232/1/1 237/1/1
f 239/1/1 232/1/1 238/1/1
f 240/1/1 232/1/1 239/1/1
f 241/1/1 235/1/1 202/1/1
f 241/2/1 236/2/1 235/2/1
f 242/1/1 237/1/1 236/1/1
f 242/2/1 236/2/1 241/2/1
f 243/1/1 237/1/1 242/1/1
f 244/2/1 238/2/1 237/2/1
f 244/1/1 237/1/1 243/1/1
f 245/1/1 239/1/1 238/1/1
f 245/2/1 238/2/1 244/2/1
f 246/1/1 239/1/1 245/1/1
f 247/1/1 239/1/1 246/1/1
f 248/1/1 239/1/1 247/1/1
f 249/1/1 239/1/1 248/1/1
f 250/2/1 240/2/1 239/2/1
f 250/1/1 239/1/1 249/1/1
f 251/1/1 232/1/1 240/1/1
f 251/2/1 240/2/1 250/2/1
f 252/2/1 233/2/1 232/2/1
f 252/1/1 232/1/1 251/1/1
f 253/2/1 233/2/1 252/2/1
f 258/1/1 241/1/1 202/1/1
f 259/2/1 243/2/1 242/2/1
f 260/1/1 244/1/1 243/1/1
f 260/1/1 245/1/1 244/1/1
f 261/2/1 247/2/1 246/2/1
f 262/2/1 249/2/1 248/2/1
f 263/1/1 251/1/1 250/1/1
f 263/1/1 254/1/1 253/1/1
f 263/1/1 253/1/1 252/1/1
f 263/1/1 252/1/1 251/1/1
f 264/2/1 255/2/1 254/2/1
f 265/1/1 257/1/1 256/1/1
f 266/1/1 258/1/1 202/1/1
f 267/1/1 258/1/1 266/1/1
f 268/2/1 243/2/1 259/2/1
f 268/1/1 260/1/1 243/1/1
f 269/1/1 260/1/1 268/1/1
f 270/2/1 247/2/1 261/2/1
f 270/1/1 248/1/1 247/1/1
f 271/2/1 262/2/1 248/2/1
f 271/1/1 248/1/1 270/1/1
f 272/1/1 254/1/1 263/1/1
f 273/2/1 264/2/1 254/2/1
f 273/1/1 254/1/1 272/1/1
f 274/1/1 257/1/1 265/1/1
f 275/1/1 257/1/1 274/1/1
f 276/2/1 267/2/1 266/2/1
f 277/2/1 267/2/1 276/2/1
f 278/2/1 269/2/1 268/2/1
f 278/2/1 268/2/1 259/2/1
f 279/2/1 269/2/1 278/2/1
f 280/2/1 270/2/1 261/2/1
f 280/2/1 271/2/1 270/2/1
f 281/2/1 262/2/1 271/2/1
f 281/2/1 271/2/1 280/2/1
f 282/2/1 273/2/1 272/2/1
f 283/2/1 264/2/1 273/2/1
f 283/2/1 273/2/1 282/2/1
f 284/2/1 275/2/1 274/2/1
f 285/2/1 275/2/1 284/2/1
f 296/3/1 287/3/1 286/3/1
f 296/3/1 288/3/1 287/3/1
f 296/3/1 289/3/1 288/3/1
f 296/3/1 293/3/1 292/3/1
f 296/3/1 292/3/1 291/3/1
f 296/3/1 291/3/1 290/3/1
f 296/3/1 290/3/1 289/3/1
f 297/3/1 293/3/1 296/3/1
f 298/3/1 293/3/1 297/3/1
f 299/3/1 293/3/1 298/3/1
f 300/3/1 293/3/1 299/3/1
f 301/3/1 293/3/1 300/3/1
f 302/2/1 294/2/1 293/2/1
f 302/3/1 293/3/1 301/3/1
f 303/3/1 295/3/1 294/3/1
f 303/2/1 294/2/1 302/2/1
f 304/3/1 295/3/1 303/3/1
f 305/2/1 298/2/1 297/2/1
f 305/3/1 299/3/1 298/3/1
f 306/2/1 300/2/1 299/2/1
f 306/3/1 299/3/1 305/3/1
f 307/3/1 301/3/1 300/3/1
f 307/2/1 300/2/1 306/2/1
f 308/2/1 302/2/1 301/2/1
f 308/3/1 301/3/1 307/3/1
f 308/2/1 304/2/1 303/2/1
f 308/2/1 303/2/1 302/2/1
f 309/2/1 304/2/1 308/2/1
f 310/2/1 304/2/1 309/2/1
f 311/2/1 307/2/1 306/2/1
f 311/2/1 306/2/1 305/2/1
f 311/3/1 310/3/1 309/3/1
f 311/2/1 309/2/1 308/2/1
f 311/2/1 308/2/1 307/2/1
f 312/2/1 304/2/1 310/2/1
f 312/3/1 310/3/1 311/3/1
f 313/2/1 312/2/1 311/2/1
f 313/2/1 304/2/1 312/2/1
f 314/2/1 304/2/1 313/2/1
f 316/2/1 311/2/1 305/2/1
f 316/2/1 305/2/1 297/2/1
f 316/2/1 313/2/1 311/2/1
f 317/2/1 313/2/1 316/2/1
f 318/2/1 313/2/1 317/2/1
f 319/3/1 314/3/1 313/3/1
f 319/2/1 313/2/1 318/2/1
f 320/2/1 304/2/1 314/2/1
f 320/3/1 314/3/1 319/3/1
f 321/3/1 318/3/1 317/3/1
f 321/2/1 316/2/1 315/2/1
f 321/2/1 317/2/1 316/2/1
f 322/2/1 319/2/1 318/2/1
f 322/3/1 318/3/1 321/3/1
f 322/2/1 320/2/1 319/2/1
f 323/2/1 321/2/1 315/2/1
f 323/2/1 322/2/1 321/2/1
f 324/2/1 320/2/1 322/2/1
f 324/2/1 322/2/1 323/2/1
f 325/3/1 324/3/1 323/3/1
f 326/2/1 320/2/1 324/2/1
f 326/3/1 324/3/1 325/3/1
f 327/2/1 320/2/1 326/2/1
f 328/2/1 320/2/1 327/2/1
f 329/2/1 323/2/1 315/2/1
f 329/3/1 325/3/1 323/3/1
f 330/3/1 325/3/1 329/3/1
f 331/3/1 328/3/1 327/3/1
f 332/3/1 328/3/1 331/3/1
f 333/2/1 320/2/1 328/2/1
f 333/3/1 328/3/1 332/3/1
f 334/3/1 332/3/1 331/3/1
f 334/2/1 330/2/1 329/2/1
f 334/2/1 331/2/1 330/2/1
f 335/3/1 332/3/1 334/3/1
f 336/2/1 335/2/1 334/2/1
f 337/2/1 320/2/1 333/2/1
f 338/2/1 336/2/1 334/2/1
f 338/2/1 337/2/1 336/2/1
f 338/2/1 329/2/1 315/2/1
f 338/2/1 334/2/1 329/2/1
f 339/2/1 337/2/1 338/2/1
f 340/2/1 337/2/1 339/2/1
f 341/2/1 337/2/1 340/2/1
f 342/2/1 337/2/1 341/2/1
f 343/2/1 337/2/1 342/2/1
f 344/2/1 320/2/1 337/2/1
f 344/2/1 337/2/1 343/2/1
f 345/2/1 320/2/1 344/2/1
f 346/2/1 304/2/1 320/2/1
f 346/2/1 320/2/1 345/2/1
f 347/2/1 304/2/1 346/2/1
f 348/3/1 339/3/1 338/3/1
f 349/2/1 340/2/1 339/2/1
f 349/3/1 339/3/1 348/3/1
f 350/3/1 341/3/1 340/3/1
f 350/2/1 340/2/1 349/2/1
f 351/3/1 341/3/1 350/3/1
f 352/3/1 341/3/1 351/3/1
f 353/2/1 342/2/1 341/2/1
f 353/3/1 341/3/1 352/3/1
f 354/3/1 343/3/1 342/3/1
f 354/2/1 342/2/1 353/2/1
f 355/3/1 343/3/1 354/3/1
f 356/2/1 344/2/1 343/2/1
f 356/3/1 343/3/1 355/3/1
f 357/3/1 345/3/1 344/3/1
f 357/2/1 344/2/1 356/2/1
f 358/3/1 345/3/1 357/3/1
f 359/3/1 345/3/1 358/3/1
f 360/2/1 346/2/1 345/2/1
f 360/3/1 345/3/1 359/3/1
f 361/3/1 347/3/1 346/3/1
f 361/2/1 346/2/1 360/2/1
f 362/3/1 347/3/1 361/3/1
f 363/3/1 350/3/1 349/3/1
f 364/3/1 350/3/1 363/3/1
f 365/3/1 354/3/1 353/3/1
f 366/3/1 354/3/1 365/3/1
f 367/3/1 357/3/1 356/3/1
f 368/3/1 357/3/1 367/3/1
f 369/3/1 361/3/1 360/3/1
f 370/3/1 361/3/1 369/3/1
f 371/4/1 364/4/1 363/4/1
f 372/4/1 364/4/1 371/4/1
f 373/4/1 366/4/1 365/4/1
f 374/4/1 366/4/1 373/4/1
f 375/4/1 368/4/1 367/4/1
f 376/4/1 368/4/1 375/4/1
f 377/4/1 370/4/1 369/4/1
f 378/4/1 370/4/1 377/4/1
f 383/3/1 380/3/1 379/3/1
f 384/3/1 380/3/1 383/3/1
f 385/3/1 382/3/1 381/3/1
f 386/3/1 382/3/1 385/3/1
f 391/5/1 388/5/1 387/5/1
f 392/5/1 388/5/1 391/5/1
f 393/5/1 390/5/1 389/5/1
f 394/5/1 390/5/1 393/5/1
f 395/6/1 392/6/1 391/6/1
f 396/6/1 394/6/1 393/6/1
f 397/6/1 395/6/1 391/6/1
f 398/6/1 395/6/1 397/6/1
f 399/6/1 394/6/1 396/6/1
f 400/6/1 394/6/1 399/6/1
f 407/3/1 402/3/1 401/3/1
f 408/6/1 403/6/1 402/6/1
f 408/3/1 402/3/1 407/3/1
f 409/3/1 406/3/1 405/3/1
f 409/6/1 405/6/1 404/6/1
f 410/3/1 406/3/1 409/3/1
f 411/2/1 408/2/1 407/2/1
f 412/6/1 403/6/1 408/6/1
f 412/2/1 408/2/1 411/2/1
f 413/6/1 403/6/1 412/6/1
f 414/6/1 409/6/1 404/6/1
f 415/2/1 410/2/1 409/2/1
f 415/6/1 409/6/1 414/6/1
f 416/2/1 410/2/1 415/2/1
f 421/2/1 418/2/1 417/2/1
f 422/2/1 418/2/1 421/2/1
f 423/2/1 420/2/1 419/2/1
f 424/2/1 420/2/1 423/2/1
f 425/3/1 422/3/1 421/3/1
f 426/3/1 422/3/1 425/3/1
f 427/3/1 424/3/1 423/3/1
f 428/3/1 424/3/1 427/3/1
f 431/3/1 430/3/1 429/3/1
f 432/3/1 430/3/1 431/3/1
f 435/3/1 434/3/1 433/3/1
f 436/3/1 435/3/1 433/3/1
f 437/3/1 435/3/1 436/3/1
f 440/5/1 439/5/1 438/5/1
f 441/5/1 439/5/1 440/5/1
f 442/6/1 441/6/1 440/6/1
f 443/6/1 442/6/1 440/6/1
f 444/6/1 442/6/1 443/6/1
f 447/3/1 446/3/1 445/3/1
f 448/3/1 446/3/1 447/3/1
f 451/4/1 450/4/1 449/4/1
f 452/4/1 450/4/1 451/4/1
f 453/4/1 451/4/1 449/4/1
f 455/4/1 453/4/1 449/4/1
f 455/4/1 454/4/1 453/4/1
f 456/4/1 454/4/1 455/4/1
f 457/4/1 454/4/1 456/4/1
f 458/4/1 454/4/1 457/4/1
f 459/6/1 457/6/1 456/6/1
f 462/6/1 459/6/1 456/6/1
f 463/5/1 461/5/1 460/5/1
f 464/5/1 461/5/1 463/5/1
f 465/6/1 464/6/1 463/6/1
f 466/6/1 462/6/1 456/6/1
f 467/6/1 462/6/1 466/6/1
f 468/6/1 464/6/1 465/6/1
f 469/6/1 464/6/1 468/6/1
f 471/4/1 467/4/1 466/4/1
f 472/4/1 467/4/1 471/4/1
f 474/4/1 471/4/1 470/4/1
f 474/4/1 473/4/1 472/4/1
f 474/4/1 472/4/1 471/4/1
f 475/4/1 473/4/1 474/4/1
f 476/4/1 473/4/1 475/4/1
f 477/4/1 473/4/1 476/4/1
f 479/4/1 476/4/1 475/4/1
f 480/4/1 476/4/1 479/4/1
f 482/4/1 479/4/1 478/4/1
f 482/4/1 481/4/1 480/4/1
f 482/4/1 480/4/1 479/4/1
f 483/4/1 481/4/1 482/4/1
f 486/4/1 485/4/1 484/4/1
f 487/4/1 485/4/1 486/4/1
f 488/4/1 485/4/1 487/4/1
f 489/4/1 485/4/1 488/4/1
f 490/4/1 485/4/1 489/4/1
f 491/4/1 485/4/1 490/4/1
f 492/4/1 485/4/1 491/4/1
f 495/4/1 494/4/1 493/4/1
f 496/4/1 494/4/1 495/4/1
f 499/4/1 498/4/1 497/4/1
f 500/4/1 498/4/1 499/4/1
f 505/3/1 502/3/1 501/3/1
f 506/2/1 504/2/1 503/2/1
f 507/2/1 504/2/1 506/2/1
f 508/3/1 505/3/1 501/3/1
f 509/3/1 505/3/1 508/3/1
f 510/3/1 507/3/1 506/3/1
f 511/3/1 507/3/1 510/3/1
f 514/4/1 513/4/1 512/4/1
f 515/4/1 513/4/1 514/4/1
f 518/4/1 517/4/1 516/4/1
f 519/4/1 517/4/1 518/4/1
f 522/4/1 521/4/1 520/4/1
f 523/4/1 521/4/1 522/4/1
f 527/1/1 525/1/1 524/1/1
f 527/4/1 526/4/1 525/4/1
f 528/4/1 526/4/1 527/4/1
f 529/1/1 527/1/1 524/1/1
f 530/1/1 527/1/1 529/1/1
f 532/2/1 530/2/1 529/2/1
f 533/4/1 531/4/1 530/4/1
f 533/2/1 530/2/1 532/2/1
f 534/4/1 531/4/1 533/4/1
f 535/1/1 533/1/1 532/1/1
f 537/1/1 535/1/1 532/1/1
f 537/4/1 536/4/1 535/4/1
f 538/4/1 536/4/1 537/4/1
f 539/1/1 537/1/1 532/1/1
f 541/1/1 539/1/1 532/1/1
f 542/4/1 540/4/1 539/4/1
f 542/1/1 539/1/1 541/1/1
f 543/4/1 540/4/1 542/4/1
f 544/2/1 542/2/1 541/2/1
f 546/2/1 544/2/1 541/2/1
f 546/4/1 545/4/1 544/4/1
f 547/4/1 545/4/1 546/4/1
f 548/2/1 546/2/1 541/2/1
f 550/2/1 548/2/1 541/2/1
f 550/4/1 549/4/1 548/4/1
f 551/4/1 549/4/1 550/4/1
f 552/2/1 550/2/1 541/2/1
f 555/2/1 552/2/1 541/2/1
f 556/4/1 553/4/1 552/4/1
f 556/2/1 552/2/1 555/2/1
f 557/4/1 553/4/1 556/4/1
f 558/6/1 555/6/1 554/6/1
f 558/6/1 556/6/1 555/6/1
f 559/6/1 556/6/1 558/6/1
f 560/6/1 556/6/1 559/6/1
f 564/6/1 562/6/1 561/6/1
f 564/4/1 563/4/1 562/4/1
f 565/4/1 563/4/1 564/4/1
f 566/6/1 564/6/1 561/6/1
f 568/6/1 566/6/1 561/6/1
f 568/4/1 567/4/1 566/4/1
f 569/4/1 567/4/1 568/4/1
f 570/6/1 568/6/1 561/6/1
f 572/6/1 570/6/1 561/6/1
f 572/4/1 571/4/1 570/4/1
f 573/4/1 571/4/1 572/4/1
f 574/6/1 572/6/1 561/6/1
f 576/6/1 574/6/1 561/6/1
f 576/4/1 575/4/1 574/4/1
f 577/4/1 575/4/1 576/4/1
f 578/6/1 576/6/1 561/6/1
f 580/6/1 578/6/1 561/6/1
f 580/4/1 579/4/1 578/4/1
f 581/4/1 579/4/1 580/4/1
f 582/6/1 580/6/1 561/6/1
f 584/6/1 582/6/1 561/6/1
f 584/4/1 583/4/1 582/4/1
f 585/4/1 583/4/1 584/4/1
f 586/6/1 584/6/1 561/6/1
f 588/6/1 586/6/1 561/6/1
f 588/4/1 587/4/1 586/4/1
f 589/4/1 587/4/1 588/4/1
f 590/6/1 588/6/1 561/6/1
f 591/6/1 588/6/1 590/6/1
f 595/4/1 593/4/1 592/4/1
f 596/4/1 593/4/1 595/4/1
f 597/4/1 593/4/1 596/4/1
f 598/4/1 595/4/1 594/4/1
f 598/4/1 596/4/1 595/4/1
f 599/4/1 596/4/1 598/4/1
f 600/4/1 596/4/1 599/4/1
f 602/4/1 601/4/1 600/4/1
f 602/4/1 600/4/1 599/4/1
f 603/4/1 601/4/1 602/4/1
f 604/4/1 601/4/1 603/4/1
f 607/5/1 606/5/1 605/5/1
f 608/5/1 606/5/1 607/5/1
f 609/4/1 603/4/1 602/4/1
f 610/6/1 608/6/1 607/6/1
f 611/6/1 608/6/1 610/6/1
f 612/4/1 609/4/1 602/4/1
f 613/4/1 609/4/1 612/4/1
f 616/4/1 615/4/1 614/4/1
f 617/4/1 615/4/1 616/4/1
f 622/3/1 619/3/1 618/3/1
f 623/3/1 619/3/1 622/3/1
f 624/5/1 621/5/1 620/5/1
f 625/5/1 621/5/1 624/5/1
f 626/6/1 625/6/1 624/6/1
f 627/6/1 625/6/1 626/6/1
f 630/3/1 629/3/1 628/3/1
f 631/3/1 629/3/1 630/3/1
f 636/2/1 633/2/1 632/2/1
f 637/2/1 633/2/1 636/2/1
f 638/2/1 635/2/1 634/2/1
f 639/2/1 635/2/1 638/2/1
f 640/3/1 637/3/1 636/3/1
f 641/3/1 637/3/1 640/3/1
f 642/3/1 639/3/1 638/3/1
f 643/3/1 639/3/1 642/3/1
f 646/3/1 645/3/1 644/3/1
f 647/3/1 645/3/1 646/3/1
f 650/3/1 649/3/1 648/3/1
f 651/3/1 649/3/1 650/3/1
f 656/3/1 653/3/1 652/3/1
f 657/3/1 653/3/1 656/3/1
f 658/3/1 655/3/1 654/3/1
f 659/3/1 655/3/1 658/3/1
f 662/4/1 661/4/1 660/4/1
f 663/4/1 661/4/1 662/4/1
f 664/4/1 661/4/1 663/4/1
f 665/4/1 661/4/1 664/4/1
f 666/4/1 662/4/1 660/4/1
f 667/4/1 664/4/1 663/4/1
f 668/4/1 664/4/1 667/4/1
f 669/4/1 661/4/1 665/4/1
f 670/4/1 668/4/1 667/4/1
f 670/4/1 669/4/1 668/4/1
f 670/4/1 666/4/1 660/4/1
f 670/4/1 667/4/1 666/4/1
f 671/4/1 669/4/1 670/4/1
f 672/4/1 669/4/1 671/4/1
f 673/4/1 661/4/1 669/4/1
f 673/4/1 669/4/1 672/4/1
f 676/4/1 670/4/1 660/4/1
f 677/4/1 672/4/1 671/4/1
f 678/4/1 672/4/1 677/4/1
f 679/4/1 661/4/1 673/4/1
f 682/5/1 675/5/1 674/5/1
f 683/5/1 675/5/1 682/5/1
f 684/4/1 676/4/1 660/4/1
f 684/4/1 678/4/1 677/4/1
f 684/4/1 677/4/1 676/4/1
f 684/4/1 679/4/1 678/4/1
f 685/4/1 679/4/1 684/4/1
f 686/4/1 679/4/1 685/4/1
f 687/4/1 661/4/1 679/4/1
f 687/4/1 679/4/1 686/4/1
f 688/5/1 681/5/1 680/5/1
f 689/5/1 681/5/1 688/5/1
f 690/4/1 684/4/1 660/4/1
f 691/4/1 686/4/1 685/4/1
f 692/4/1 686/4/1 691/4/1
f 693/4/1 661/4/1 687/4/1
f 694/6/1 683/6/1 682/6/1
f 695/6/1 683/6/1 694/6/1
f 696/4/1 693/4/1 692/4/1
f 696/4/1 692/4/1 691/4/1
f 696/4/1 690/4/1 660/4/1
f 696/4/1 691/4/1 690/4/1
f 697/4/1 693/4/1 696/4/1
f 698/4/1 693/4/1 697/4/1
f 699/4/1 661/4/1 693/4/1
f 699/4/1 693/4/1 698/4/1
f 700/6/1 689/6/1 688/6/1
f 701/6/1 689/6/1 700/6/1
f 702/4/1 696/4/1 660/4/1
f 703/4/1 698/4/1 697/4/1
f 704/4/1 698/4/1 703/4/1
f 705/4/1 661/4/1 699/4/1
f 706/4/1 702/4/1 660/4/1
f 706/4/1 705/4/1 704/4/1
f 706/4/1 704/4/1 703/4/1
f 706/4/1 703/4/1 702/4/1
f 707/4/1 705/4/1 706/4/1
f 708/4/1 705/4/1 707/4/1
f 709/4/1 661/4/1 705/4/1
f 709/4/1 705/4/1 708/4/1
f 710/4/1 706/4/1 660/4/1
f 711/4/1 708/4/1 707/4/1
f 712/4/1 708/4/1 711/4/1
f 713/4/1 661/4/1 709/4/1
f 714/4/1 710/4/1 660/4/1
f 714/4/1 713/4/1 712/4/1
f 714/4/1 712/4/1 711/4/1
f 714/4/1 711/4/1 710/4/1
f 715/4/1 713/4/1 714/4/1
f 716/4/1 713/4/1 715/4/1
f 717/4/1 661/4/1 713/4/1
f 717/4/1 713/4/1 716/4/1
f 718/4/1 716/4/1 715/4/1
f 719/4/1 716/4/1 718/4/1
f 728/3/1 721/3/1 720/3/1
f 729/6/1 722/6/1 721/6/1
f 729/3/1 721/3/1 728/3/1
f 730/3/1 725/3/1 724/3/1
f 730/6/1 724/6/1 723/6/1
f 731/3/1 725/3/1 730/3/1
f 732/3/1 727/3/1 726/3/1
f 733/3/1 727/3/1 732/3/1
f 734/2/1 729/2/1 728/2/1
f 735/6/1 722/6/1 729/6/1
f 735/2/1 729/2/1 734/2/1
f 736/6/1 722/6/1 735/6/1
f 737/6/1 730/6/1 723/6/1
f 738/2/1 731/2/1 730/2/1
f 738/6/1 730/6/1 737/6/1
f 739/2/1 731/2/1 738/2/1
f 744/2/1 741/2/1 740/2/1
f 744/3/1 742/3/1 741/3/1
f 745/2/1 743/2/1 742/2/1
f 745/3/1 742/3/1 744/3/1
f 746/2/1 744/2/1 740/2/1
f 747/2/1 744/2/1 746/2/1
f 748/2/1 743/2/1 745/2/1
f 749/2/1 743/2/1 748/2/1
f 750/1/1 747/1/1 746/1/1
f 751/1/1 747/1/1 750/1/1
f 752/1/1 750/1/1 746/1/1
f 752/2/1 751/2/1 750/2/1
f 753/1/1 747/1/1 751/1/1
f 753/2/1 751/2/1 752/2/1
f 754/1/1 749/1/1 748/1/1
f 755/1/1 749/1/1 754/1/1
f 756/1/1 752/1/1 746/1/1
f 756/1/1 753/1/1 752/1/1
f 757/2/1 755/2/1 754/2/1
f 757/1/1 754/1/1 748/1/1
f 758/2/1 755/2/1 757/2/1
f 759/1/1 753/1/1 756/1/1
f 760/1/1 753/1/1 759/1/1
f 761/1/1 753/1/1 760/1/1
f 762/1/1 760/1/1 759/1/1
f 762/2/1 761/2/1 760/2/1
f 763/1/1 753/1/1 761/1/1
f 763/2/1 761/2/1 762/2/1
f 764/1/1 757/1/1 748/1/1
f 766/1/1 762/1/1 759/1/1
f 766/1/1 763/1/1 762/1/1
f 767/1/1 763/1/1 766/1/1
f 768/1/1 747/1/1 753/1/1
f 768/1/1 763/1/1 767/1/1
f 768/1/1 753/1/1 763/1/1
f 769/1/1 747/1/1 768/1/1
f 770/1/1 765/1/1 764/1/1
f 770/1/1 764/1/1 748/1/1
f 771/1/1 765/1/1 770/1/1
f 772/1/1 765/1/1 771/1/1
f 773/1/1 765/1/1 772/1/1
f 774/2/1 767/2/1 766/2/1
f 775/1/1 768/1/1 767/1/1
f 775/2/1 767/2/1 774/2/1
f 776/1/1 768/1/1 775/1/1
f 777/2/1 769/2/1 768/2/1
f 777/1/1 768/1/1 776/1/1
f 778/1/1 747/1/1 769/1/1
f 778/2/1 769/2/1 777/2/1
f 779/1/1 747/1/1 778/1/1
f 780/1/1 770/1/1 748/1/1
f 781/2/1 771/2/1 770/2/1
f 781/1/1 770/1/1 780/1/1
f 782/1/1 772/1/1 771/1/1
f 782/2/1 771/2/1 781/2/1
f 783/1/1 772/1/1 782/1/1
f 784/2/1 773/2/1 772/2/1
f 784/1/1 772/1/1 783/1/1
f 785/2/1 773/2/1 784/2/1
f 786/1/1 777/1/1 776/1/1
f 786/2/1 776/2/1 775/2/1
f 786/1/1 778/1/1 777/1/1
f 787/2/1 779/2/1 778/2/1
f 787/1/1 778/1/1 786/1/1
f 788/2/1 781/2/1 780/2/1
f 788/1/1 783/1/1 782/1/1
f 788/1/1 782/1/1 781/1/1
f 789/2/1 784/2/1 783/2/1
f 789/1/1 783/1/1 788/1/1
f 790/1/1 775/1/1 774/1/1
f 791/2/1 786/2/1 775/2/1
f 791/1/1 775/1/1 790/1/1
f 791/2/1 787/2/1 786/2/1
f 792/2/1 779/2/1 787/2/1
f 792/2/1 787/2/1 791/2/1
f 793/2/1 789/2/1 788/2/1
f 793/2/1 788/2/1 780/2/1
f 794/1/1 785/1/1 784/1/1
f 794/2/1 789/2/1 793/2/1
f 794/2/1 784/2/1 789/2/1
f 795/1/1 785/1/1 794/1/1
f 796/6/1 791/6/1 790/6/1
f 796/6/1 792/6/1 791/6/1
f 797/6/1 792/6/1 796/6/1
f 798/6/1 795/6/1 794/6/1
f 798/6/1 794/6/1 793/6/1
f 799/6/1 795/6/1 798/6/1
f 800/3/1 797/3/1 796/3/1
f 801/3/1 797/3/1 800/3/1
f 802/3/1 797/3/1 801/3/1
f 803/3/1 797/3/1 802/3/1
f 804/6/1 792/6/1 797/6/1
f 804/3/1 797/3/1 803/3/1
f 805/3/1 799/3/1 798/3/1
f 806/3/1 799/3/1 805/3/1
f 807/3/1 799/3/1 806/3/1
f 808/3/1 799/3/1 807/3/1
f 809/3/1 801/3/1 800/3/1
f 810/2/1 802/2/1 801/2/1
f 810/3/1 801/3/1 809/3/1
f 811/3/1 803/3/1 802/3/1
f 811/2/1 802/2/1 810/2/1
f 812/2/1 804/2/1 803/2/1
f 812/3/1 803/3/1 811/3/1
f 813/6/1 798/6/1 793/6/1
f 813/3/1 805/3/1 798/3/1
f 814/2/1 806/2/1 805/2/1
f 814/3/1 805/3/1 813/3/1
f 815/3/1 807/3/1 806/3/1
f 815/2/1 806/2/1 814/2/1
f 816/2/1 808/2/1 807/2/1
f 816/3/1 807/3/1 815/3/1
f 817/2/1 810/2/1 809/2/1
f 817/2/1 811/2/1 810/2/1
f 817/2/1 812/2/1 811/2/1
f 818/2/1 812/2/1 817/2/1
f 819/2/1 817/2/1 809/2/1
f 819/3/1 818/3/1 817/3/1
f 820/2/1 812/2/1 818/2/1
f 820/3/1 818/3/1 819/3/1
f 821/2/1 819/2/1 809/2/1
f 821/2/1 820/2/1 819/2/1
f 822/2/1 820/2/1 821/2/1
f 823/3/1 822/3/1 821/3/1
f 824/3/1 822/3/1 823/3/1
f 825/6/1 792/6/1 804/6/1
f 828/6/1 813/6/1 793/6/1
f 829/2/1 804/2/1 812/2/1
f 829/6/1 826/6/1 825/6/1
f 829/2/1 812/2/1 820/2/1
f 829/2/1 820/2/1 822/2/1
f 829/6/1 825/6/1 804/6/1
f 830/6/1 826/6/1 829/6/1
f 831/6/1 826/6/1 830/6/1
f 832/6/1 828/6/1 827/6/1
f 833/2/1 816/2/1 815/2/1
f 833/6/1 828/6/1 832/6/1
f 833/2/1 815/2/1 814/2/1
f 833/6/1 813/6/1 828/6/1
f 833/2/1 814/2/1 813/2/1
f 834/2/1 816/2/1 833/2/1
f 835/2/1 808/2/1 816/2/1
f 835/2/1 816/2/1 834/2/1
f 837/3/1 822/3/1 824/3/1
f 838/2/1 830/2/1 829/2/1
f 838/2/1 829/2/1 822/2/1
f 838/3/1 822/3/1 837/3/1
f 839/3/1 831/3/1 830/3/1
f 839/2/1 830/2/1 838/2/1
f 840/6/1 826/6/1 831/6/1
f 840/3/1 831/3/1 839/3/1
f 841/6/1 826/6/1 840/6/1
f 842/6/1 832/6/1 827/6/1
f 843/2/1 839/2/1 838/2/1
f 843/6/1 842/6/1 841/6/1
f 843/6/1 841/6/1 840/6/1
f 843/2/1 838/2/1 837/2/1
f 843/2/1 840/2/1 839/2/1
f 843/2/1 837/2/1 836/2/1
f 844/2/1 834/2/1 833/2/1
f 844/6/1 842/6/1 843/6/1
f 844/6/1 832/6/1 842/6/1
f 844/2/1 833/2/1 832/2/1
f 845/2/1 844/2/1 843/2/1
f 845/2/1 834/2/1 844/2/1
f 846/3/1 835/3/1 834/3/1
f 846/2/1 834/2/1 845/2/1
f 847/3/1 835/3/1 846/3/1
f 848/2/1 808/2/1 835/2/1
f 848/3/1 835/3/1 847/3/1
f 849/2/1 843/2/1 836/2/1
f 849/2/1 845/2/1 843/2/1
f 850/2/1 845/2/1 849/2/1
f 851/2/1 849/2/1 836/2/1
f 851/3/1 850/3/1 849/3/1
f 852/2/1 845/2/1 850/2/1
f 852/3/1 850/3/1 851/3/1
f 853/3/1 847/3/1 846/3/1
f 853/2/1 845/2/1 852/2/1
f 853/3/1 846/3/1 845/3/1
f 854/2/1 848/2/1 847/2/1
f 854/3/1 847/3/1 853/3/1
f 855/2/1 848/2/1 854/2/1
f 856/2/1 808/2/1 848/2/1
f 856/2/1 848/2/1 855/2/1
f 857/2/1 855/2/1 854/2/1
f 857/2/1 852/2/1 851/2/1
f 857/2/1 853/2/1 852/2/1
f 857/2/1 854/2/1 853/2/1
f 858/2/1 855/2/1 857/2/1
f 859/3/1 856/3/1 855/3/1
f 859/2/1 855/2/1 858/2/1
f 860/2/1 808/2/1 856/2/1
f 860/3/1 856/3/1 859/3/1
f 861/2/1 851/2/1 836/2/1
f 861/2/1 857/2/1 851/2/1
f 862/3/1 858/3/1 857/3/1
f 862/2/1 857/2/1 861/2/1
f 863/2/1 859/2/1 858/2/1
f 863/3/1 858/3/1 862/3/1
f 863/2/1 860/2/1 859/2/1
f 864/2/1 860/2/1 863/2/1
f 865/2/1 860/2/1 864/2/1
f 866/2/1 860/2/1 865/2/1
f 867/2/1 808/2/1 860/2/1
f 867/2/1 860/2/1 866/2/1
f 870/2/1 861/2/1 836/2/1
f 871/3/1 862/3/1 861/3/1
f 871/2/1 861/2/1 870/2/1
f 872/2/1 863/2/1 862/2/1
f 872/3/1 862/3/1 871/3/1
f 872/2/1 864/2/1 863/2/1
f 873/3/1 865/3/1 864/3/1
f 873/2/1 864/2/1 872/2/1
f 874/2/1 866/2/1 865/2/1
f 874/3/1 865/3/1 873/3/1
f 875/3/1 867/3/1 866/3/1
f 875/2/1 866/2/1 874/2/1
f 876/2/1 808/2/1 867/2/1
f 876/3/1 867/3/1 875/3/1
f 877/2/1 808/2/1 876/2/1
f 880/2/1 869/2/1 868/2/1
f 881/2/1 869/2/1 880/2/1
f 882/3/1 871/3/1 870/3/1
f 883/2/1 872/2/1 871/2/1
f 883/3/1 871/3/1 882/3/1
f 884/3/1 873/3/1 872/3/1
f 884/2/1 872/2/1 883/2/1
f 885/2/1 874/2/1 873/2/1
f 885/3/1 873/3/1 884/3/1
f 886/3/1 875/3/1 874/3/1
f 886/2/1 874/2/1 885/2/1
f 887/2/1 876/2/1 875/2/1
f 887/3/1 875/3/1 886/3/1
f 888/3/1 877/3/1 876/3/1
f 888/2/1 876/2/1 887/2/1
f 889/3/1 877/3/1 888/3/1
f 890/2/1 879/2/1 878/2/1
f 891/3/1 881/3/1 880/3/1
f 892/3/1 881/3/1 891/3/1
f 893/4/1 887/4/1 886/4/1
f 893/4/1 886/4/1 885/4/1
f 893/4/1 884/4/1 883/4/1
f 893/4/1 885/4/1 884/4/1
f 893/4/1 888/4/1 887/4/1
f 893/4/1 889/4/1 888/4/1
f 893/4/1 883/4/1 882/4/1
f 894/4/1 889/4/1 893/4/1
f 895/4/1 889/4/1 894/4/1
f 896/4/1 889/4/1 895/4/1
f 897/4/1 889/4/1 896/4/1
f 898/4/1 889/4/1 897/4/1
f 899/2/1 879/2/1 890/2/1
f 900/2/1 879/2/1 899/2/1
f 903/3/1 902/3/1 901/3/1
f 904/3/1 902/3/1 903/3/1
f 915/2/1 909/2/1 908/2/1
f 915/3/1 910/3/1 909/3/1
f 916/2/1 911/2/1 910/2/1
f 916/3/1 910/3/1 915/3/1
f 917/2/1 911/2/1 916/2/1
f 918/3/1 912/3/1 911/3/1
f 918/2/1 911/2/1 917/2/1
f 919/2/1 913/2/1 912/2/1
f 919/3/1 912/3/1 918/3/1
f 920/3/1 914/3/1 913/3/1
f 920/2/1 913/2/1 919/2/1
f 921/3/1 906/3/1 905/3/1
f 922/3/1 906/3/1 921/3/1
f 923/2/1 907/2/1 906/2/1
f 923/3/1 908/3/1 907/3/1
f 924/2/1 915/2/1 908/2/1
f 924/3/1 908/3/1 923/3/1
f 924/2/1 916/2/1 915/2/1
f 925/3/1 917/3/1 916/3/1
f 925/2/1 916/2/1 924/2/1
f 926/2/1 919/2/1 918/2/1
f 926/3/1 917/3/1 925/3/1
f 926/2/1 918/2/1 917/2/1
f 929/3/1 906/3/1 922/3/1
f 929/2/1 922/2/1 921/2/1
f 930/2/1 925/2/1 924/2/1
f 930/3/1 906/3/1 929/3/1
f 930/2/1 923/2/1 906/2/1
f 930/2/1 926/2/1 925/2/1
f 930/2/1 924/2/1 923/2/1
f 931/3/1 914/3/1 920/3/1
f 931/3/1 920/3/1 919/3/1
f 934/2/1 926/2/1 930/2/1
f 934/2/1 919/2/1 926/2/1
f 934/3/1 931/3/1 919/3/1
f 934/2/1 930/2/1 929/2/1
f 935/3/1 931/3/1 934/3/1
f 936/4/1 928/4/1 927/4/1
f 937/4/1 928/4/1 936/4/1
f 938/2/1 929/2/1 921/2/1
f 938/2/1 934/2/1 929/2/1
f 938/2/1 935/2/1 934/2/1
f 939/2/1 935/2/1 938/2/1
f 940/4/1 933/4/1 932/4/1
f 941/4/1 933/4/1 940/4/1
f 942/2/2 943/2/2 952/2/2
f 943/3/2 944/3/2 952/3/2
f 944/2/2 945/2/2 953/2/2
f 952/3/2 944/3/2 953/3/2
f 953/2/2 945/2/2 954/2/2
f 945/3/2 946/3/2 955/3/2
f 954/2/2 945/2/2 955/2/2
f 946/2/2 947/2/2 956/2/2
f 955/3/2 946/3/2 956/3/2
f 947/3/2 948/3/2 957/3/2
f 956/2/2 947/2/2 957/2/2
f 948/2/2 949/2/2 958/2/2
f 957/3/2 948/3/2 958/3/2
f 949/3/2 950/3/2 959/3/2
f 958/2/2 949/2/2 959/2/2
f 950/2/2 951/2/2 960/2/2
f 959/3/2 950/3/2 960/3/2
f 960/2/2 951/2/2 961/2/2
f 961/2/2 951/2/2 962/2/2
f 962/2/2 951/2/2 963/2/2
f 957/2/2 958/2/2 964/2/2
f 955/2/2 956/2/2 964/2/2
f 956/2/2 957/2/2 964/2/2
f 964/2/2 958/2/2 965/2/2
f 958/3/2 959/3/2 966/3/2
f 965/2/2 958/2/2 966/2/2
f 959/2/2 960/2/2 967/2/2
f 966/3/2 959/3/2 967/3/2
f 960/2/2 961/2/2 967/2/2
f 961/3/2 962/3/2 968/3/2
f 967/2/2 961/2/2 968/2/2
f 962/2/2 963/2/2 969/2/2
f 968/3/2 962/3/2 969/3/2
f 964/3/2 965/3/2 972/3/2
f 955/2/2 964/2/2 972/2/2
f 967/2/2 968/2/2 973/2/2
f 972/3/2 965/3/2 973/3/2
f 966/2/2 967/2/2 973/2/2
f 968/2/2 969/2/2 973/2/2
f 965/2/2 966/2/2 973/2/2
f 953/2/2 954/2/2 976/2/2
f 954/3/2 955/3/2 976/3/2
f 952/2/2 953/2/2 976/2/2
f 972/2/2 973/2/2 977/2/2
f 976/3/2 955/3/2 977/3/2
f 955/2/2 972/2/2 977/2/2
f 973/2/2 969/2/2 978/2/2
f 977/2/2 973/2/2 978/2/2
f 978/2/2 969/2/2 979/2/2
f 979/2/2 969/2/2 980/2/2
f 980/2/2 969/2/2 981/2/2
f 970/4/2 971/4/2 982/4/2
f 982/4/2 971/4/2 983/4/2
f 976/2/2 977/2/2 984/2/2
f 942/2/2 952/2/2 984/2/2
f 952/2/2 976/2/2 984/2/2
f 977/2/2 978/2/2 984/2/2
f 978/3/2 979/3/2 985/3/2
f 984/2/2 978/2/2 985/2/2
f 979/2/2 980/2/2 986/2/2
f 985/3/2 979/3/2 986/3/2
f 980/3/2 981/3/2 987/3/2
f 986/2/2 980/2/2 987/2/2
f 981/2/2 969/2/2 988/2/2
f 987/3/2 981/3/2 988/3/2
f 969/2/2 963/2/2 989/2/2
f 988/2/2 969/2/2 989/2/2
f 974/4/2 975/4/2 990/4/2
f 990/4/2 975/4/2 991/4/2
f 992/2/2 993/2/2 994/2/2
f 994/2/2 993/2/2 995/2/2
f 995/2/2 993/2/2 996/2/2
f 996/2/2 993/2/2 997/2/2
f 997/2/2 993/2/2 998/2/2
f 998/2/2 993/2/2 999/2/2
f 999/2/2 993/2/2 1000/2/2
f 1000/2/2 993/2/2 1001/2/2
f 994/1/2 995/1/2 1002/1/2
f 995/2/2 996/2/2 1003/2/2
f 1002/1/2 995/1/2 1003/1/2
f 996/1/2 997/1/2 1004/1/2
f 1003/2/2 996/2/2 1004/2/2
f 997/2/2 998/2/2 1005/2/2
f 1004/1/2 997/1/2 1005/1/2
f 998/1/2 999/1/2 1006/1/2
f 1005/2/2 998/2/2 1006/2/2
f 999/2/2 1000/2/2 1007/2/2
f 1006/1/2 999/1/2 1007/1/2
f 1000/1/2 1001/1/2 1008/1/2
f 1007/2/2 1000/2/2 1008/2/2
f 1002/1/2 1003/1/2 1009/1/2
f 1003/1/2 1004/1/2 1009/1/2
f 1007/1/2 1008/1/2 1009/1/2
f 1006/1/2 1007/1/2 1009/1/2
f 1005/1/2 1006/1/2 1009/1/2
f 1004/1/2 1005/1/2 1009/1/2
f 1009/1/2 1008/1/2 1010/1/2
f 1010/1/2 1008/1/2 1011/1/2
f 1008/1/2 1001/1/2 1012/1/2
f 1011/1/2 1008/1/2 1012/1/2
f 1012/1/2 1001/1/2 1013/1/2
f 1009/1/2 1010/1/2 1014/1/2
f 1014/1/2 1010/1/2 1015/1/2
f 1015/1/2 1010/1/2 1016/1/2
f 1010/2/2 1011/2/2 1017/2/2
f 1016/1/2 1010/1/2 1017/1/2
f 1011/1/2 1012/1/2 1018/1/2
f 1017/2/2 1011/2/2 1018/2/2
f 1018/1/2 1012/1/2 1019/1/2
f 1019/1/2 1012/1/2 1020/1/2
f 1012/2/2 1013/2/2 1021/2/2
f 1020/1/2 1012/1/2 1021/1/2
f 1021/2/2 1013/2/2 1022/2/2
f 1015/2/2 1016/2/2 1023/2/2
f 1014/1/2 1015/1/2 1023/1/2
f 1016/1/2 1017/1/2 1024/1/2
f 1023/2/2 1016/2/2 1024/2/2
f 1017/1/2 1018/1/2 1024/1/2
f 1018/1/2 1019/1/2 1024/1/2
f 1019/2/2 1020/2/2 1025/2/2
f 1021/1/2 1022/1/2 1025/1/2
f 1020/1/2 1021/1/2 1025/1/2
f 1025/1/2 1022/1/2 1026/1/2
f 1024/1/2 1019/1/2 1027/1/2
f 1023/1/2 1024/1/2 1027/1/2
f 1025/2/2 1026/2/2 1027/2/2
f 1019/2/2 1025/2/2 1027/2/2
f 1027/2/2 1026/2/2 1028/2/2
f 1028/2/2 1026/2/2 1029/2/2
f 1029/2/2 1026/2/2 1030/2/2
f 1028/2/2 1029/2/2 1031/2/2
f 1029/1/2 1030/1/2 1031/1/2
f 1031/1/2 1030/1/2 1032/1/2
f 1028/2/2 1031/2/2 1033/2/2
f 1014/1/2 1023/1/2 1035/1/2
f 1023/1/2 1027/1/2 1035/1/2
f 1027/1/2 1028/1/2 1035/1/2
f 1035/1/2 1028/1/2 1036/1/2
f 1036/1/2 1028/1/2 1037/1/2
f 1037/1/2 1028/1/2 1038/1/2
f 1038/1/2 1028/1/2 1039/1/2
f 1039/1/2 1028/1/2 1040/1/2
f 1035/2/2 1036/2/2 1041/2/2
f 1036/1/2 1037/1/2 1042/1/2
f 1041/2/2 1036/2/2 1042/2/2
f 1042/1/2 1037/1/2 1043/1/2
f 1037/2/2 1038/2/2 1044/2/2
f 1043/1/2 1037/1/2 1044/1/2
f 1038/1/2 1039/1/2 1045/1/2
f 1044/2/2 1038/2/2 1045/2/2
f 1045/1/2 1039/1/2 1046/1/2
f 1046/1/2 1039/1/2 1047/1/2
f 1039/2/2 1040/2/2 1048/2/2
f 1047/1/2 1039/1/2 1048/1/2
f 1040/1/2 1028/1/2 1049/1/2
f 1048/2/2 1040/2/2 1049/2/2
f 1028/2/2 1033/2/2 1050/2/2
f 1049/1/2 1028/1/2 1050/1/2
f 1033/1/2 1034/1/2 1051/1/2
f 1050/2/2 1033/2/2 1051/2/2
f 1049/1/2 1050/1/2 1052/1/2
f 1051/1/2 1034/1/2 1052/1/2
f 1050/1/2 1051/1/2 1052/1/2
f 1048/1/2 1049/1/2 1052/1/2
f 1044/1/2 1045/1/2 1055/1/2
f 1042/2/2 1043/2/2 1055/2/2
f 1043/1/2 1044/1/2 1055/1/2
f 1045/2/2 1046/2/2 1056/2/2
f 1055/1/2 1045/1/2 1056/1/2
f 1046/1/2 1047/1/2 1057/1/2
f 1056/2/2 1046/2/2 1057/2/2
f 1047/2/2 1048/2/2 1058/2/2
f 1057/1/2 1047/1/2 1058/1/2
f 1048/1/2 1052/1/2 1059/1/2
f 1058/2/2 1048/2/2 1059/2/2
f 1052/2/2 1053/2/2 1060/2/2
f 1059/1/2 1052/1/2 1060/1/2
f 1041/1/2 1042/1/2 1061/1/2
f 1042/2/2 1055/2/2 1062/2/2
f 1061/1/2 1042/1/2 1062/1/2
f 1056/2/2 1057/2/2 1062/2/2
f 1059/2/2 1060/2/2 1062/2/2
f 1058/2/2 1059/2/2 1062/2/2
f 1055/2/2 1056/2/2 1062/2/2
f 1057/2/2 1058/2/2 1062/2/2
f 1053/1/2 1054/1/2 1063/1/2
f 1062/2/2 1060/2/2 1063/2/2
f 1060/2/2 1053/2/2 1063/2/2
f 1063/1/2 1054/1/2 1064/1/2
f 1061/6/2 1062/6/2 1065/6/2
f 1062/6/2 1063/6/2 1065/6/2
f 1063/6/2 1064/6/2 1065/6/2
f 1065/6/2 1064/6/2 1066/6/2
f 1066/6/2 1064/6/2 1067/6/2
f 1065/3/2 1066/3/2 1068/3/2
f 1068/3/2 1066/3/2 1069/3/2
f 1069/3/2 1066/3/2 1070/3/2
f 1070/3/2 1066/3/2 1071/3/2
f 1071/3/2 1066/3/2 1072/3/2
f 1072/3/2 1066/3/2 1073/3/2
f 1066/2/2 1067/2/2 1074/2/2
f 1073/3/2 1066/3/2 1074/3/2
f 1074/2/2 1067/2/2 1075/2/2
f 1069/2/2 1070/2/2 1076/2/2
f 1070/3/2 1071/3/2 1076/3/2
f 1071/2/2 1072/2/2 1077/2/2
f 1076/3/2 1071/3/2 1077/3/2
f 1072/3/2 1073/3/2 1078/3/2
f 1077/2/2 1072/2/2 1078/2/2
f 1074/2/2 1075/2/2 1079/2/2
f 1078/3/2 1073/3/2 1079/3/2
f 1073/2/2 1074/2/2 1079/2/2
f 1079/2/2 1075/2/2 1080/2/2
f 1080/2/2 1075/2/2 1081/2/2
f 1076/2/2 1077/2/2 1082/2/2
f 1077/2/2 1078/2/2 1082/2/2
f 1080/3/2 1081/3/2 1082/3/2
f 1079/2/2 1080/2/2 1082/2/2
f 1078/2/2 1079/2/2 1082/2/2
f 1081/2/2 1075/2/2 1083/2/2
f 1082/3/2 1081/3/2 1083/3/2
f 1083/2/2 1075/2/2 1084/2/2
f 1082/2/2 1083/2/2 1085/2/2
f 1083/2/2 1084/2/2 1085/2/2
f 1085/2/2 1084/2/2 1086/2/2
f 1076/2/2 1082/2/2 1088/2/2
f 1069/2/2 1076/2/2 1088/2/2
f 1082/2/2 1085/2/2 1088/2/2
f 1088/2/2 1085/2/2 1089/2/2
f 1089/2/2 1085/2/2 1090/2/2
f 1085/3/2 1086/3/2 1091/3/2
f 1090/2/2 1085/2/2 1091/2/2
f 1091/3/2 1086/3/2 1092/3/2
f 1089/3/2 1090/3/2 1093/3/2
f 1087/2/2 1088/2/2 1093/2/2
f 1088/2/2 1089/2/2 1093/2/2
f 1091/2/2 1092/2/2 1094/2/2
f 1093/3/2 1090/3/2 1094/3/2
f 1090/2/2 1091/2/2 1094/2/2
f 1087/2/2 1093/2/2 1095/2/2
f 1093/2/2 1094/2/2 1095/2/2
f 1094/2/2 1092/2/2 1096/2/2
f 1095/2/2 1094/2/2 1096/2/2
f 1095/3/2 1096/3/2 1097/3/2
f 1096/2/2 1092/2/2 1097/2/2
f 1097/2/2 1092/2/2 1098/2/2
f 1087/2/2 1095/2/2 1099/2/2
f 1095/3/2 1097/3/2 1099/3/2
f 1097/3/2 1098/3/2 1099/3/2
f 1099/3/2 1098/3/2 1100/3/2
f 1099/2/2 1100/2/2 1101/2/2
f 1100/3/2 1098/3/2 1101/3/2
f 1098/2/2 1092/2/2 1102/2/2
f 1101/3/2 1098/3/2 1102/3/2
f 1099/2/2 1101/2/2 1103/2/2
f 1087/2/2 1099/2/2 1103/2/2
f 1101/2/2 1102/2/2 1103/2/2
f 1103/2/2 1102/2/2 1104/2/2
f 1104/2/2 1102/2/2 1105/2/2
f 1105/2/2 1102/2/2 1106/2/2
f 1102/2/2 1092/2/2 1107/2/2
f 1106/2/2 1102/2/2 1107/2/2
f 1107/2/2 1092/2/2 1108/2/2
f 1087/2/2 1103/2/2 1111/2/2
f 1103/3/2 1104/3/2 1112/3/2
f 1111/2/2 1103/2/2 1112/2/2
f 1104/2/2 1105/2/2 1113/2/2
f 1112/3/2 1104/3/2 1113/3/2
f 1105/3/2 1106/3/2 1114/3/2
f 1113/2/2 1105/2/2 1114/2/2
f 1106/2/2 1107/2/2 1115/2/2
f 1114/3/2 1106/3/2 1115/3/2
f 1107/3/2 1108/3/2 1116/3/2
f 1115/2/2 1107/2/2 1116/2/2
f 1108/2/2 1092/2/2 1117/2/2
f 1116/3/2 1108/3/2 1117/3/2
f 1117/2/2 1092/2/2 1118/2/2
f 1109/3/2 1110/3/2 1121/3/2
f 1111/3/2 1112/3/2 1122/3/2
f 1112/2/2 1113/2/2 1123/2/2
f 1122/3/2 1112/3/2 1123/3/2
f 1113/3/2 1114/3/2 1124/3/2
f 1123/2/2 1113/2/2 1124/2/2
f 1114/2/2 1115/2/2 1125/2/2
f 1124/3/2 1114/3/2 1125/3/2
f 1115/3/2 1116/3/2 1126/3/2
f 1125/2/2 1115/2/2 1126/2/2
f 1116/2/2 1117/2/2 1127/2/2
f 1126/3/2 1116/3/2 1127/3/2
f 1117/3/2 1118/3/2 1128/3/2
f 1127/2/2 1117/2/2 1128/2/2
f 1128/3/2 1118/3/2 1129/3/2
f 1119/2/2 1120/2/2 1130/2/2
f 1130/2/2 1120/2/2 1131/2/2
f 1109/3/2 1121/3/2 1132/3/2
f 1132/3/2 1121/3/2 1133/3/2
f 1126/4/2 1127/4/2 1134/4/2
f 1125/4/2 1126/4/2 1134/4/2
f 1124/4/2 1125/4/2 1134/4/2
f 1123/4/2 1124/4/2 1134/4/2
f 1122/4/2 1123/4/2 1134/4/2
f 1127/4/2 1128/4/2 1134/4/2
f 1128/4/2 1129/4/2 1134/4/2
f 1134/4/2 1129/4/2 1135/4/2
f 1135/4/2 1129/4/2 1136/4/2
f 1136/4/2 1129/4/2 1137/4/2
f 1137/4/2 1129/4/2 1138/4/2
f 1138/4/2 1129/4/2 1139/4/2
f 1130/3/2 1131/3/2 1140/3/2
f 1140/3/2 1131/3/2 1141/3/2
f 1142/5/2 1143/5/2 1146/5/2
f 1146/5/2 1143/5/2 1147/5/2
f 1144/5/2 1145/5/2 1148/5/2
f 1148/5/2 1145/5/2 1149/5/2
f 1146/6/2 1147/6/2 1150/6/2
f 1150/6/2 1147/6/2 1151/6/2
f 1148/6/2 1149/6/2 1152/6/2
f 1152/6/2 1149/6/2 1153/6/2
f 1154/3/2 1155/3/2 1160/3/2
f 1155/6/2 1156/6/2 1161/6/2
f 1160/3/2 1155/3/2 1161/3/2
f 1158/3/2 1159/3/2 1162/3/2
f 1157/6/2 1158/6/2 1162/6/2
f 1162/3/2 1159/3/2 1163/3/2
f 1160/2/2 1161/2/2 1164/2/2
f 1161/6/2 1156/6/2 1165/6/2
f 1164/2/2 1161/2/2 1165/2/2
f 1165/6/2 1156/6/2 1166/6/2
f 1157/6/2 1162/6/2 1167/6/2
f 1162/2/2 1163/2/2 1168/2/2
f 1167/6/2 1162/6/2 1168/6/2
f 1168/2/2 1163/2/2 1169/2/2
f 1172/3/2 1173/3/2 1174/3/2
f 1174/3/2 1173/3/2 1175/3/2
f 1170/3/2 1171/3/2 1176/3/2
f 1176/3/2 1171/3/2 1177/3/2
f 1175/3/2 1173/3/2 1178/3/2
f 1178/3/2 1173/3/2 1179/3/2
f 1180/3/2 1181/3/2 1182/3/2
f 1182/3/2 1181/3/2 1185/3/2
f 1185/3/2 1181/3/2 1186/3/2
f 1183/3/2 1184/3/2 1187/3/2
f 1187/3/2 1184/3/2 1188/3/2
f 1189/3/2 1190/3/2 1193/3/2
f 1193/3/2 1190/3/2 1194/3/2
f 1191/3/2 1192/3/2 1195/3/2
f 1195/3/2 1192/3/2 1196/3/2
f 1197/3/2 1198/3/2 1199/3/2
f 1199/3/2 1198/3/2 1200/3/2
f 1201/2/2 1202/2/2 1205/2/2
f 1205/2/2 1202/2/2 1206/2/2
f 1203/3/2 1204/3/2 1207/3/2
f 1205/3/2 1206/3/2 1208/3/2
f 1208/3/2 1206/3/2 1209/3/2
f 1207/3/2 1204/3/2 1210/3/2
f 1210/3/2 1204/3/2 1211/3/2
f 1212/6/2 1213/6/2 1214/6/2
f 1214/6/2 1213/6/2 1215/6/2
f 1214/7/2 1215/7/2 1216/7/2
f 1216/7/2 1215/7/2 1217/7/2
f 1218/3/2 1219/3/2 1220/3/2
f 1220/3/2 1219/3/2 1221/3/2
f 1222/4/2 1223/4/2 1225/4/2
f 1225/4/2 1223/4/2 1226/4/2
f 1226/4/2 1223/4/2 1227/4/2
f 1224/4/2 1225/4/2 1228/4/2
f 1225/4/2 1226/4/2 1228/4/2
f 1228/4/2 1226/4/2 1229/4/2
f 1229/4/2 1226/4/2 1230/4/2
f 1230/4/2 1231/4/2 1232/4/2
f 1229/4/2 1230/4/2 1232/4/2
f 1232/4/2 1231/4/2 1233/4/2
f 1233/4/2 1231/4/2 1234/4/2
f 1232/6/2 1233/6/2 1235/6/2
f 1235/6/2 1236/6/2 1239/6/2
f 1232/6/2 1235/6/2 1239/6/2
f 1239/6/2 1236/6/2 1240/6/2
f 1237/5/2 1238/5/2 1241/5/2
f 1241/5/2 1238/5/2 1242/5/2
f 1232/6/2 1239/6/2 1243/6/2
f 1243/6/2 1239/6/2 1244/6/2
f 1241/6/2 1242/6/2 1245/6/2
f 1245/6/2 1242/6/2 1246/6/2
f 1243/4/2 1244/4/2 1247/4/2
f 1247/4/2 1244/4/2 1248/4/2
f 1249/4/2 1250/4/2 1251/4/2
f 1251/4/2 1250/4/2 1252/4/2
f 1253/1/2 1254/1/2 1256/1/2
f 1254/4/2 1255/4/2 1256/4/2
f 1256/4/2 1255/4/2 1257/4/2
f 1253/1/2 1256/1/2 1258/1/2
f 1258/1/2 1256/1/2 1259/1/2
f 1258/2/2 1259/2/2 1261/2/2
f 1259/4/2 1260/4/2 1262/4/2
f 1261/2/2 1259/2/2 1262/2/2
f 1262/4/2 1260/4/2 1263/4/2
f 1261/1/2 1262/1/2 1264/1/2
f 1261/1/2 1264/1/2 1266/1/2
f 1264/4/2 1265/4/2 1266/4/2
f 1266/4/2 1265/4/2 1267/4/2
f 1261/1/2 1266/1/2 1268/1/2
f 1261/1/2 1268/1/2 1270/1/2
f 1268/4/2 1269/4/2 1271/4/2
f 1270/1/2 1268/1/2 1271/1/2
f 1271/4/2 1269/4/2 1272/4/2
f 1270/2/2 1271/2/2 1273/2/2
f 1270/2/2 1273/2/2 1275/2/2
f 1273/4/2 1274/4/2 1275/4/2
f 1275/4/2 1274/4/2 1276/4/2
f 1270/2/2 1275/2/2 1277/2/2
f 1270/2/2 1277/2/2 1279/2/2
f 1277/4/2 1278/4/2 1279/4/2
f 1279/4/2 1278/4/2 1280/4/2
f 1270/2/2 1279/2/2 1281/2/2
f 1270/2/2 1281/2/2 1283/2/2
f 1281/4/2 1282/4/2 1284/4/2
f 1283/2/2 1281/2/2 1284/2/2
f 1284/4/2 1282/4/2 1285/4/2
f 1283/1/2 1284/1/2 1286/1/2
f 1286/1/2 1284/1/2 1287/1/2
f 1288/6/2 1289/6/2 1291/6/2
f 1289/4/2 1290/4/2 1291/4/2
f 1291/4/2 1290/4/2 1292/4/2
f 1288/6/2 1291/6/2 1293/6/2
f 1288/6/2 1293/6/2 1295/6/2
f 1293/4/2 1294/4/2 1295/4/2
f 1295/4/2 1294/4/2 1296/4/2
f 1288/6/2 1295/6/2 1297/6/2
f 1288/6/2 1297/6/2 1299/6/2
f 1297/4/2 1298/4/2 1299/4/2
f 1299/4/2 1298/4/2 1300/4/2
f 1288/6/2 1299/6/2 1301/6/2
f 1288/6/2 1301/6/2 1303/6/2
f 1301/4/2 1302/4/2 1303/4/2
f 1303/4/2 1302/4/2 1304/4/2
f 1288/6/2 1303/6/2 1305/6/2
f 1288/6/2 1305/6/2 1307/6/2
f 1305/4/2 1306/4/2 1307/4/2
f 1307/4/2 1306/4/2 1308/4/2
f 1288/6/2 1307/6/2 1311/6/2
f 1288/6/2 1311/6/2 1313/6/2
f 1311/4/2 1312/4/2 1313/4/2
f 1313/4/2 1312/4/2 1314/4/2
f 1309/3/2 1310/3/2 1315/3/2
f 1315/3/2 1310/3/2 1316/3/2
f 1288/6/2 1313/6/2 1317/6/2
f 1288/6/2 1317/6/2 1319/6/2
f 1317/4/2 1318/4/2 1319/4/2
f 1319/4/2 1318/4/2 1320/4/2
f 1288/6/2 1319/6/2 1321/6/2
f 1321/6/2 1319/6/2 1322/6/2
f 1323/4/2 1324/4/2 1325/4/2
f 1325/4/2 1324/4/2 1326/4/2
f 1327/4/2 1328/4/2 1329/4/2
f 1329/4/2 1328/4/2 1330/4/2
f 1331/4/2 1332/4/2 1333/4/2
f 1333/4/2 1332/4/2 1334/4/2
f 1335/4/2 1336/4/2 1337/4/2
f 1337/4/2 1336/4/2 1338/4/2
f 1339/2/2 1340/2/2 1343/2/2
f 1343/2/2 1340/2/2 1344/2/2
f 1341/2/2 1342/2/2 1345/2/2
f 1345/2/2 1342/2/2 1346/2/2
f 1343/3/2 1344/3/2 1347/3/2
f 1347/3/2 1344/3/2 1348/3/2
f 1345/3/2 1346/3/2 1349/3/2
f 1349/3/2 1346/3/2 1350/3/2
f 1351/4/2 1352/4/2 1353/4/2
f 1353/4/2 1352/4/2 1354/4/2
f 1354/4/2 1352/4/2 1355/4/2
f 1355/4/2 1352/4/2 1356/4/2
f 1356/4/2 1352/4/2 1357/4/2
f 1357/4/2 1352/4/2 1358/4/2
f 1358/4/2 1352/4/2 1359/4/2
f 1360/4/2 1361/4/2 1362/4/2
f 1362/4/2 1361/4/2 1363/4/2
f 1364/4/2 1365/4/2 1366/4/2
f 1366/4/2 1365/4/2 1367/4/2
f 1364/4/2 1366/4/2 1368/4/2
f 1364/4/2 1368/4/2 1370/4/2
f 1368/4/2 1369/4/2 1370/4/2
f 1370/4/2 1369/4/2 1371/4/2
f 1371/4/2 1369/4/2 1372/4/2
f 1372/4/2 1369/4/2 1373/4/2
f 1371/4/2 1372/4/2 1374/4/2
f 1371/4/2 1374/4/2 1375/4/2
f 1376/6/2 1377/6/2 1378/6/2
f 1371/4/2 1375/4/2 1379/4/2
f 1378/6/2 1377/6/2 1380/6/2
f 1380/6/2 1377/6/2 1381/6/2
f 1371/4/2 1379/4/2 1383/4/2
f 1383/4/2 1379/4/2 1384/4/2
f 1382/4/2 1383/4/2 1386/4/2
f 1384/4/2 1385/4/2 1386/4/2
f 1383/4/2 1384/4/2 1386/4/2
f 1386/4/2 1385/4/2 1387/4/2
f 1387/4/2 1385/4/2 1388/4/2
f 1388/4/2 1385/4/2 1389/4/2
f 1387/4/2 1388/4/2 1391/4/2
f 1391/4/2 1388/4/2 1392/4/2
f 1390/4/2 1391/4/2 1394/4/2
f 1392/4/2 1393/4/2 1394/4/2
f 1391/4/2 1392/4/2 1394/4/2
f 1394/4/2 1393/4/2 1395/4/2
f 1396/5/2 1397/5/2 1398/5/2
f 1398/5/2 1397/5/2 1399/5/2
f 1398/6/2 1399/6/2 1400/6/2
f 1398/6/2 1400/6/2 1401/6/2
f 1401/6/2 1400/6/2 1402/6/2
f 1403/3/2 1404/3/2 1405/3/2
f 1405/3/2 1404/3/2 1406/3/2
f 1407/3/2 1408/3/2 1409/3/2
f 1409/3/2 1408/3/2 1410/3/2
f 1411/2/2 1412/2/2 1415/2/2
f 1415/2/2 1412/2/2 1416/2/2
f 1413/2/2 1414/2/2 1417/2/2
f 1417/2/2 1414/2/2 1418/2/2
f 1415/3/2 1416/3/2 1419/3/2
f 1419/3/2 1416/3/2 1420/3/2
f 1417/3/2 1418/3/2 1421/3/2
f 1421/3/2 1418/3/2 1422/3/2
f 1423/4/2 1424/4/2 1425/4/2
f 1425/4/2 1424/4/2 1426/4/2
f 1425/4/2 1426/4/2 1427/4/2
f 1427/4/2 1426/4/2 1428/4/2
f 1428/4/2 1426/4/2 1429/4/2
f 1429/4/2 1426/4/2 1430/4/2
f 1425/4/2 1427/4/2 1431/4/2
f 1428/4/2 1429/4/2 1432/4/2
f 1432/4/2 1429/4/2 1433/4/2
f 1430/4/2 1426/4/2 1434/4/2
f 1432/4/2 1433/4/2 1435/4/2
f 1433/4/2 1434/4/2 1435/4/2
f 1425/4/2 1431/4/2 1435/4/2
f 1431/4/2 1432/4/2 1435/4/2
f 1435/4/2 1434/4/2 1436/4/2
f 1436/4/2 1434/4/2 1437/4/2
f 1434/4/2 1426/4/2 1438/4/2
f 1437/4/2 1434/4/2 1438/4/2
f 1425/4/2 1435/4/2 1441/4/2
f 1441/4/2 1435/4/2 1442/4/2
f 1436/4/2 1437/4/2 1443/4/2
f 1443/4/2 1437/4/2 1444/4/2
f 1438/4/2 1426/4/2 1445/4/2
f 1445/4/2 1426/4/2 1446/4/2
f 1439/5/2 1440/5/2 1449/5/2
f 1449/5/2 1440/5/2 1450/5/2
f 1445/4/2 1446/4/2 1451/4/2
f 1441/4/2 1442/4/2 1451/4/2
f 1443/4/2 1444/4/2 1451/4/2
f 1444/4/2 1445/4/2 1451/4/2
f 1442/4/2 1443/4/2 1451/4/2
f 1451/4/2 1446/4/2 1452/4/2
f 1452/4/2 1446/4/2 1453/4/2
f 1453/4/2 1446/4/2 1454/4/2
f 1447/5/2 1448/5/2 1455/5/2
f 1455/5/2 1448/5/2 1456/5/2
f 1449/6/2 1450/6/2 1457/6/2
f 1441/4/2 1451/4/2 1458/4/2
f 1452/4/2 1453/4/2 1459/4/2
f 1459/4/2 1453/4/2 1460/4/2
f 1454/4/2 1446/4/2 1461/4/2
f 1455/6/2 1456/6/2 1462/6/2
f 1449/6/2 1457/6/2 1463/6/2
f 1463/6/2 1457/6/2 1464/6/2
f 1459/4/2 1460/4/2 1465/4/2
f 1460/4/2 1461/4/2 1465/4/2
f 1441/4/2 1458/4/2 1465/4/2
f 1458/4/2 1459/4/2 1465/4/2
f 1465/4/2 1461/4/2 1466/4/2
f 1466/4/2 1461/4/2 1467/4/2
f 1467/4/2 1461/4/2 1468/4/2
f 1461/4/2 1446/4/2 1469/4/2
f 1468/4/2 1461/4/2 1469/4/2
f 1469/4/2 1446/4/2 1470/4/2
f 1462/6/2 1456/6/2 1471/6/2
f 1471/6/2 1456/6/2 1472/6/2
f 1465/4/2 1466/4/2 1473/4/2
f 1467/4/2 1468/4/2 1474/4/2
f 1474/4/2 1468/4/2 1475/4/2
f 1469/4/2 1470/4/2 1476/4/2
f 1474/4/2 1475/4/2 1477/4/2
f 1475/4/2 1476/4/2 1477/4/2
f 1465/4/2 1473/4/2 1477/4/2
f 1473/4/2 1474/4/2 1477/4/2
f 1477/4/2 1476/4/2 1478/4/2
f 1478/4/2 1476/4/2 1479/4/2
f 1476/4/2 1470/4/2 1480/4/2
f 1479/4/2 1476/4/2 1480/4/2
f 1465/4/2 1477/4/2 1481/4/2
f 1478/4/2 1479/4/2 1482/4/2
f 1482/4/2 1479/4/2 1483/4/2
f 1480/4/2 1470/4/2 1484/4/2
f 1465/4/2 1481/4/2 1485/4/2
f 1483/4/2 1484/4/2 1485/4/2
f 1482/4/2 1483/4/2 1485/4/2
f 1481/4/2 1482/4/2 1485/4/2
f 1485/4/2 1484/4/2 1486/4/2
f 1486/4/2 1484/4/2 1487/4/2
f 1484/4/2 1470/4/2 1488/4/2
f 1487/4/2 1484/4/2 1488/4/2
f 1486/4/2 1487/4/2 1489/4/2
f 1489/4/2 1487/4/2 1490/4/2
f 1491/3/2 1492/3/2 1497/3/2
f 1492/6/2 1493/6/2 1498/6/2
f 1497/3/2 1492/3/2 1498/3/2
f 1494/6/2 1495/6/2 1499/6/2
f 1495/3/2 1496/3/2 1499/3/2
f 1499/3/2 1496/3/2 1500/3/2
f 1497/2/2 1498/2/2 1501/2/2
f 1498/6/2 1493/6/2 1502/6/2
f 1501/2/2 1498/2/2 1502/2/2
f 1502/6/2 1493/6/2 1503/6/2
f 1494/6/2 1499/6/2 1504/6/2
f 1499/2/2 1500/2/2 1505/2/2
f 1504/6/2 1499/6/2 1505/6/2
f 1505/2/2 1500/2/2 1506/2/2
f 1507/1/2 1508/1/2 1511/1/2
f 1511/1/2 1508/1/2 1512/1/2
f 1509/1/2 1510/1/2 1519/1/2
f 1519/1/2 1510/1/2 1520/1/2
f 1513/2/2 1514/2/2 1521/2/2
f 1514/2/2 1515/2/2 1521/2/2
f 1521/2/2 1515/2/2 1522/2/2
f 1517/2/2 1518/2/2 1523/2/2
f 1516/2/2 1517/2/2 1523/2/2
f 1523/2/2 1518/2/2 1524/2/2
f 1513/2/2 1521/2/2 1525/2/2
f 1521/1/2 1522/1/2 1526/1/2
f 1525/2/2 1521/2/2 1526/2/2
f 1526/1/2 1522/1/2 1527/1/2
f 1527/1/2 1522/1/2 1528/1/2
f 1525/1/2 1526/1/2 1529/1/2
f 1526/1/2 1527/1/2 1529/1/2
f 1527/2/2 1528/2/2 1529/2/2
f 1528/1/2 1522/1/2 1530/1/2
f 1529/2/2 1528/2/2 1530/2/2
f 1523/1/2 1524/1/2 1531/1/2
f 1531/1/2 1524/1/2 1532/1/2
f 1525/1/2 1529/1/2 1533/1/2
f 1529/1/2 1530/1/2 1533/1/2
f 1533/1/2 1530/1/2 1534/1/2
f 1531/2/2 1532/2/2 1535/2/2
f 1523/1/2 1531/1/2 1535/1/2
f 1535/2/2 1532/2/2 1536/2/2
f 1533/2/2 1534/2/2 1537/2/2
f 1534/1/2 1530/1/2 1538/1/2
f 1537/2/2 1534/2/2 1538/2/2
f 1537/1/2 1538/1/2 1539/1/2
f 1538/1/2 1530/1/2 1539/1/2
f 1539/1/2 1530/1/2 1540/1/2
f 1537/1/2 1539/1/2 1541/1/2
f 1539/2/2 1540/2/2 1541/2/2
f 1540/1/2 1530/1/2 1542/1/2
f 1541/2/2 1540/2/2 1542/2/2
f 1523/1/2 1535/1/2 1543/1/2
f 1537/1/2 1541/1/2 1545/1/2
f 1541/1/2 1542/1/2 1545/1/2
f 1545/1/2 1542/1/2 1546/1/2
f 1530/1/2 1522/1/2 1547/1/2
f 1546/1/2 1542/1/2 1547/1/2
f 1542/1/2 1530/1/2 1547/1/2
f 1547/1/2 1522/1/2 1548/1/2
f 1543/1/2 1544/1/2 1549/1/2
f 1523/1/2 1543/1/2 1549/1/2
f 1549/1/2 1544/1/2 1550/1/2
f 1550/1/2 1544/1/2 1551/1/2
f 1551/1/2 1544/1/2 1552/1/2
f 1545/2/2 1546/2/2 1553/2/2
f 1537/1/2 1545/1/2 1553/1/2
f 1546/1/2 1547/1/2 1554/1/2
f 1553/2/2 1546/2/2 1554/2/2
f 1554/1/2 1547/1/2 1555/1/2
f 1547/2/2 1548/2/2 1556/2/2
f 1555/1/2 1547/1/2 1556/1/2
f 1548/1/2 1522/1/2 1557/1/2
f 1556/2/2 1548/2/2 1557/2/2
f 1557/1/2 1522/1/2 1558/1/2
f 1523/1/2 1549/1/2 1559/1/2
f 1549/2/2 1550/2/2 1560/2/2
f 1559/1/2 1549/1/2 1560/1/2
f 1550/1/2 1551/1/2 1561/1/2
f 1560/2/2 1550/2/2 1561/2/2
f 1561/1/2 1551/1/2 1562/1/2
f 1551/2/2 1552/2/2 1563/2/2
f 1562/1/2 1551/1/2 1563/1/2
f 1552/1/2 1544/1/2 1564/1/2
f 1563/2/2 1552/2/2 1564/2/2
f 1537/1/2 1553/1/2 1565/1/2
f 1554/2/2 1555/2/2 1566/2/2
f 1555/1/2 1556/1/2 1567/1/2
f 1557/2/2 1558/2/2 1568/2/2
f 1559/2/2 1560/2/2 1569/2/2
f 1561/1/2 1562/1/2 1570/1/2
f 1562/2/2 1563/2/2 1571/2/2
f 1564/1/2 1544/1/2 1572/1/2
f 1537/1/2 1565/1/2 1573/1/2
f 1573/1/2 1565/1/2 1574/1/2
f 1566/2/2 1555/2/2 1575/2/2
f 1555/1/2 1567/1/2 1575/1/2
f 1575/1/2 1567/1/2 1576/1/2
f 1570/1/2 1562/1/2 1577/1/2
f 1562/2/2 1571/2/2 1578/2/2
f 1577/1/2 1562/1/2 1578/1/2
f 1572/1/2 1544/1/2 1579/1/2
f 1579/1/2 1544/1/2 1580/1/2
f 1573/2/2 1574/2/2 1581/2/2
f 1581/2/2 1574/2/2 1582/2/2
f 1575/2/2 1576/2/2 1583/2/2
f 1566/2/2 1575/2/2 1583/2/2
f 1583/2/2 1576/2/2 1584/2/2
f 1568/2/2 1558/2/2 1585/2/2
f 1585/2/2 1558/2/2 1586/2/2
f 1559/2/2 1569/2/2 1587/2/2
f 1587/2/2 1569/2/2 1588/2/2
f 1577/2/2 1578/2/2 1589/2/2
f 1578/2/2 1571/2/2 1590/2/2
f 1589/2/2 1578/2/2 1590/2/2
f 1579/2/2 1580/2/2 1591/2/2
f 1591/2/2 1580/2/2 1592/2/2
f 1593/3/2 1594/3/2 1605/3/2
f 1594/3/2 1595/3/2 1605/3/2
f 1595/3/2 1596/3/2 1605/3/2
f 1596/3/2 1597/3/2 1605/3/2
f 1605/3/2 1597/3/2 1606/3/2
f 1606/3/2 1597/3/2 1607/3/2
f 1607/3/2 1597/3/2 1608/3/2
f 1608/3/2 1597/3/2 1609/3/2
f 1597/6/2 1598/6/2 1610/6/2
f 1609/3/2 1597/3/2 1610/3/2
f 1603/3/2 1604/3/2 1611/3/2
f 1602/3/2 1603/3/2 1611/3/2
f 1601/3/2 1602/3/2 1611/3/2
f 1600/3/2 1601/3/2 1611/3/2
f 1611/3/2 1604/3/2 1612/3/2
f 1612/3/2 1604/3/2 1613/3/2
f 1613/3/2 1604/3/2 1614/3/2
f 1606/3/2 1607/3/2 1615/3/2
f 1605/2/2 1606/2/2 1615/2/2
f 1607/2/2 1608/2/2 1616/2/2
f 1615/3/2 1607/3/2 1616/3/2
f 1608/3/2 1609/3/2 1617/3/2
f 1616/2/2 1608/2/2 1617/2/2
f 1609/2/2 1610/2/2 1618/2/2
f 1617/3/2 1609/3/2 1618/3/2
f 1599/6/2 1600/6/2 1619/6/2
f 1600/3/2 1611/3/2 1619/3/2
f 1611/2/2 1612/2/2 1620/2/2
f 1619/3/2 1611/3/2 1620/3/2
f 1612/3/2 1613/3/2 1621/3/2
f 1620/2/2 1612/2/2 1621/2/2
f 1613/2/2 1614/2/2 1622/2/2
f 1621/3/2 1613/3/2 1622/3/2
f 1616/2/2 1617/2/2 1623/2/2
f 1615/2/2 1616/2/2 1623/2/2
f 1617/2/2 1618/2/2 1623/2/2
f 1623/2/2 1618/2/2 1624/2/2
f 1615/2/2 1623/2/2 1625/2/2
f 1623/3/2 1624/3/2 1625/3/2
f 1624/2/2 1618/2/2 1626/2/2
f 1625/3/2 1624/3/2 1626/3/2
f 1605/2/2 1615/2/2 1627/2/2
f 1615/2/2 1625/2/2 1627/2/2
f 1625/2/2 1626/2/2 1627/2/2
f 1627/2/2 1626/2/2 1628/2/2
f 1627/3/2 1628/3/2 1629/3/2
f 1629/3/2 1628/3/2 1630/3/2
f 1610/6/2 1598/6/2 1631/6/2
f 1599/6/2 1619/6/2 1634/6/2
f 1626/2/2 1618/2/2 1635/2/2
f 1618/2/2 1610/2/2 1635/2/2
f 1631/6/2 1632/6/2 1635/6/2
f 1628/2/2 1626/2/2 1635/2/2
f 1610/6/2 1631/6/2 1635/6/2
f 1635/6/2 1632/6/2 1636/6/2
f 1636/6/2 1632/6/2 1637/6/2
f 1633/6/2 1634/6/2 1638/6/2
f 1621/2/2 1622/2/2 1639/2/2
f 1638/6/2 1634/6/2 1639/6/2
f 1634/6/2 1619/6/2 1639/6/2
f 1620/2/2 1621/2/2 1639/2/2
f 1619/2/2 1620/2/2 1639/2/2
f 1639/2/2 1622/2/2 1640/2/2
f 1622/2/2 1614/2/2 1641/2/2
f 1640/2/2 1622/2/2 1641/2/2
f 1630/3/2 1628/3/2 1643/3/2
f 1635/2/2 1636/2/2 1644/2/2
f 1628/2/2 1635/2/2 1644/2/2
f 1643/3/2 1628/3/2 1644/3/2
f 1636/3/2 1637/3/2 1645/3/2
f 1644/2/2 1636/2/2 1645/2/2
f 1637/6/2 1632/6/2 1646/6/2
f 1645/3/2 1637/3/2 1646/3/2
f 1646/6/2 1632/6/2 1647/6/2
f 1633/6/2 1638/6/2 1648/6/2
f 1639/2/2 1640/2/2 1649/2/2
f 1638/2/2 1639/2/2 1649/2/2
f 1640/3/2 1641/3/2 1649/3/2
f 1649/3/2 1641/3/2 1650/3/2
f 1647/6/2 1648/6/2 1651/6/2
f 1644/2/2 1645/2/2 1651/2/2
f 1646/6/2 1647/6/2 1651/6/2
f 1645/2/2 1646/2/2 1651/2/2
f 1643/2/2 1644/2/2 1651/2/2
f 1642/2/2 1643/2/2 1651/2/2
f 1638/2/2 1649/2/2 1652/2/2
f 1651/6/2 1648/6/2 1652/6/2
f 1648/6/2 1638/6/2 1652/6/2
f 1651/2/2 1652/2/2 1653/2/2
f 1652/2/2 1649/2/2 1653/2/2
f 1653/2/2 1649/2/2 1654/2/2
f 1650/3/2 1641/3/2 1656/3/2
f 1641/2/2 1614/2/2 1657/2/2
f 1656/3/2 1641/3/2 1657/3/2
f 1654/3/2 1655/3/2 1658/3/2
f 1651/2/2 1653/2/2 1658/2/2
f 1653/3/2 1654/3/2 1658/3/2
f 1658/3/2 1655/3/2 1659/3/2
f 1642/2/2 1651/2/2 1660/2/2
f 1651/2/2 1658/2/2 1660/2/2
f 1660/2/2 1658/2/2 1661/2/2
f 1642/2/2 1660/2/2 1662/2/2
f 1660/3/2 1661/3/2 1662/3/2
f 1661/2/2 1658/2/2 1663/2/2
f 1662/3/2 1661/3/2 1663/3/2
f 1663/2/2 1658/2/2 1664/2/2
f 1659/3/2 1655/3/2 1665/3/2
f 1655/2/2 1656/2/2 1666/2/2
f 1656/2/2 1657/2/2 1666/2/2
f 1665/3/2 1655/3/2 1666/3/2
f 1666/2/2 1657/2/2 1667/2/2
f 1657/2/2 1614/2/2 1668/2/2
f 1667/2/2 1657/2/2 1668/2/2
f 1664/2/2 1665/2/2 1669/2/2
f 1666/2/2 1667/2/2 1669/2/2
f 1663/2/2 1664/2/2 1669/2/2
f 1665/2/2 1666/2/2 1669/2/2
f 1662/2/2 1663/2/2 1669/2/2
f 1669/2/2 1667/2/2 1670/2/2
f 1667/3/2 1668/3/2 1671/3/2
f 1670/2/2 1667/2/2 1671/2/2
f 1668/2/2 1614/2/2 1672/2/2
f 1671/3/2 1668/3/2 1672/3/2
f 1642/2/2 1662/2/2 1673/2/2
f 1662/2/2 1669/2/2 1673/2/2
f 1669/3/2 1670/3/2 1674/3/2
f 1673/2/2 1669/2/2 1674/2/2
f 1670/2/2 1671/2/2 1675/2/2
f 1674/3/2 1670/3/2 1675/3/2
f 1671/2/2 1672/2/2 1675/2/2
f 1675/2/2 1672/2/2 1676/2/2
f 1676/2/2 1672/2/2 1677/2/2
f 1677/2/2 1672/2/2 1678/2/2
f 1672/2/2 1614/2/2 1679/2/2
f 1678/2/2 1672/2/2 1679/2/2
f 1679/2/2 1614/2/2 1680/2/2
f 1680/2/2 1614/2/2 1681/2/2
f 1642/2/2 1673/2/2 1682/2/2
f 1682/2/2 1673/2/2 1683/2/2
f 1673/3/2 1674/3/2 1684/3/2
f 1683/2/2 1673/2/2 1684/2/2
f 1684/3/2 1674/3/2 1685/3/2
f 1685/3/2 1674/3/2 1686/3/2
f 1674/2/2 1675/2/2 1687/2/2
f 1686/3/2 1674/3/2 1687/3/2
f 1675/2/2 1676/2/2 1687/2/2
f 1676/3/2 1677/3/2 1688/3/2
f 1687/2/2 1676/2/2 1688/2/2
f 1688/3/2 1677/3/2 1689/3/2
f 1677/2/2 1678/2/2 1690/2/2
f 1689/3/2 1677/3/2 1690/3/2
f 1678/3/2 1679/3/2 1691/3/2
f 1690/2/2 1678/2/2 1691/2/2
f 1691/3/2 1679/3/2 1692/3/2
f 1679/2/2 1680/2/2 1693/2/2
f 1692/3/2 1679/3/2 1693/3/2
f 1680/3/2 1681/3/2 1694/3/2
f 1693/2/2 1680/2/2 1694/2/2
f 1694/3/2 1681/3/2 1695/3/2
f 1683/3/2 1684/3/2 1696/3/2
f 1696/3/2 1684/3/2 1697/3/2
f 1687/3/2 1688/3/2 1698/3/2
f 1698/3/2 1688/3/2 1699/3/2
f 1690/3/2 1691/3/2 1700/3/2
f 1700/3/2 1691/3/2 1701/3/2
f 1693/3/2 1694/3/2 1702/3/2
f 1702/3/2 1694/3/2 1703/3/2
f 1696/4/2 1697/4/2 1704/4/2
f 1704/4/2 1697/4/2 1705/4/2
f 1698/4/2 1699/4/2 1706/4/2
f 1706/4/2 1699/4/2 1707/4/2
f 1700/4/2 1701/4/2 1708/4/2
f 1708/4/2 1701/4/2 1709/4/2
f 1702/4/2 1703/4/2 1710/4/2
f 1710/4/2 1703/4/2 1711/4/2
f 1712/2/2 1713/2/2 1716/2/2
f 1716/2/2 1713/2/2 1717/2/2
f 1714/2/2 1715/2/2 1718/2/2
f 1718/2/2 1715/2/2 1719/2/2
f 1720/3/2 1721/3/2 1722/3/2
f 1722/3/2 1721/3/2 1723/3/2
f 1724/5/2 1725/5/2 1732/5/2
f 1732/5/2 1725/5/2 1733/5/2
f 1726/5/2 1727/5/2 1734/5/2
f 1734/5/2 1727/5/2 1735/5/2
f 1728/5/2 1729/5/2 1736/5/2
f 1736/5/2 1729/5/2 1737/5/2
f 1730/5/2 1731/5/2 1738/5/2
f 1738/5/2 1731/5/2 1739/5/2
f 1732/6/2 1733/6/2 1741/6/2
f 1741/6/2 1733/6/2 1742/6/2
f 1734/6/2 1735/6/2 1743/6/2
f 1743/6/2 1735/6/2 1744/6/2
f 1736/6/2 1737/6/2 1747/6/2
f 1747/6/2 1737/6/2 1748/6/2
f 1738/6/2 1739/6/2 1749/6/2
f 1749/6/2 1739/6/2 1750/6/2
f 1740/6/2 1741/6/2 1752/6/2
f 1741/7/2 1742/7/2 1753/7/2
f 1752/6/2 1741/6/2 1753/6/2
f 1742/6/2 1743/6/2 1754/6/2
f 1753/7/2 1742/7/2 1754/7/2
f 1743/7/2 1744/7/2 1755/7/2
f 1754/6/2 1743/6/2 1755/6/2
f 1744/6/2 1745/6/2 1756/6/2
f 1755/7/2 1744/7/2 1756/7/2
f 1756/6/2 1745/6/2 1757/6/2
f 1746/6/2 1747/6/2 1758/6/2
f 1747/7/2 1748/7/2 1759/7/2
f 1758/6/2 1747/6/2 1759/6/2
f 1748/6/2 1749/6/2 1760/6/2
f 1759/7/2 1748/7/2 1760/7/2
f 1749/7/2 1750/7/2 1761/7/2
f 1760/6/2 1749/6/2 1761/6/2
f 1750/6/2 1751/6/2 1762/6/2
f 1761/7/2 1750/7/2 1762/7/2
f 1762/6/2 1751/6/2 1763/6/2
f 1764/3/2 1765/3/2 1766/3/2
f 1766/3/2 1765/3/2 1767/3/2
f 1768/3/2 1769/3/2 1770/3/2
f 1770/3/2 1769/3/2 1771/3/2
f 1772/3/2 1773/3/2 1774/3/2
f 1774/3/2 1773/3/2 1775/3/2
f 1776/2/2 1777/2/2 1790/2/2
f 1790/2/2 1777/2/2 1791/2/2
f 1778/2/2 1779/2/2 1792/2/2
f 1779/3/2 1780/3/2 1793/3/2
f 1792/2/2 1779/2/2 1793/2/2
f 1780/2/2 1781/2/2 1794/2/2
f 1793/3/2 1780/3/2 1794/3/2
f 1794/2/2 1781/2/2 1795/2/2
f 1783/2/2 1784/2/2 1796/2/2
f 1782/3/2 1783/3/2 1796/3/2
f 1796/2/2 1784/2/2 1797/2/2
f 1785/2/2 1786/2/2 1798/2/2
f 1786/3/2 1787/3/2 1799/3/2
f 1798/2/2 1786/2/2 1799/2/2
f 1788/2/2 1789/2/2 1800/2/2
f 1800/2/2 1789/2/2 1801/2/2
f 1790/3/2 1791/3/2 1802/3/2
f 1802/3/2 1791/3/2 1803/3/2
f 1794/3/2 1795/3/2 1804/3/2
f 1792/3/2 1793/3/2 1804/3/2
f 1793/3/2 1794/3/2 1804/3/2
f 1804/3/2 1795/3/2 1805/3/2
f 1796/3/2 1797/3/2 1806/3/2
f 1782/3/2 1796/3/2 1806/3/2
f 1806/3/2 1797/3/2 1807/3/2
f 1798/3/2 1799/3/2 1808/3/2
f 1799/3/2 1787/3/2 1809/3/2
f 1808/3/2 1799/3/2 1809/3/2
f 1800/3/2 1801/3/2 1810/3/2
f 1810/3/2 1801/3/2 1811/3/2
f 1812/3/2 1813/3/2 1814/3/2
f 1814/3/2 1813/3/2 1815/3/2
f 1815/3/2 1813/3/2 1816/3/2
f 1816/3/2 1813/3/2 1817/3/2
f 1817/3/2 1813/3/2 1818/3/2
f 1818/3/2 1813/3/2 1819/3/2
f 1819/3/2 1813/3/2 1820/3/2
f 1820/3/2 1813/3/2 1821/3/2
f 1821/3/2 1813/3/2 1822/3/2
f 1822/3/2 1813/3/2 1823/3/2
f 1823/3/2 1813/3/2 1824/3/2
f 1824/3/2 1813/3/2 1825/3/2
f 1825/3/2 1813/3/2 1826/3/2
f 1819/2/2 1820/2/2 1827/2/2
f 1820/3/2 1821/3/2 1827/3/2
f 1821/2/2 1822/2/2 1828/2/2
f 1827/3/2 1821/3/2 1828/3/2
f 1828/2/2 1822/2/2 1829/2/2
f 1822/3/2 1823/3/2 1830/3/2
f 1829/2/2 1822/2/2 1830/2/2
f 1823/2/2 1824/2/2 1831/2/2
f 1830/3/2 1823/3/2 1831/3/2
f 1824/3/2 1825/3/2 1832/3/2
f 1831/2/2 1824/2/2 1832/2/2
f 1816/2/2 1817/2/2 1833/2/2
f 1818/3/2 1819/3/2 1834/3/2
f 1819/2/2 1827/2/2 1835/2/2
f 1827/2/2 1828/2/2 1835/2/2
f 1834/3/2 1819/3/2 1835/3/2
f 1828/3/2 1829/3/2 1836/3/2
f 1835/2/2 1828/2/2 1836/2/2
f 1830/2/2 1831/2/2 1837/2/2
f 1836/3/2 1829/3/2 1837/3/2
f 1829/2/2 1830/2/2 1837/2/2
f 1831/3/2 1832/3/2 1838/3/2
f 1837/2/2 1831/2/2 1838/2/2
f 1832/3/2 1825/3/2 1839/3/2
f 1838/3/2 1832/3/2 1839/3/2
f 1815/3/2 1816/3/2 1843/3/2
f 1837/2/2 1838/2/2 1844/2/2
f 1835/2/2 1836/2/2 1844/2/2
f 1843/3/2 1816/3/2 1844/3/2
f 1816/2/2 1833/2/2 1844/2/2
f 1836/2/2 1837/2/2 1844/2/2
f 1834/2/2 1835/2/2 1844/2/2
f 1833/2/2 1834/2/2 1844/2/2
f 1839/3/2 1825/3/2 1845/3/2
f 1842/2/2 1843/2/2 1848/2/2
f 1844/2/2 1838/2/2 1848/2/2
f 1843/2/2 1844/2/2 1848/2/2
f 1839/3/2 1845/3/2 1849/3/2
f 1849/3/2 1845/3/2 1850/3/2
f 1840/4/2 1841/4/2 1851/4/2
f 1851/4/2 1841/4/2 1852/4/2
f 1842/2/2 1848/2/2 1853/2/2
f 1848/2/2 1849/2/2 1853/2/2
f 1849/2/2 1850/2/2 1853/2/2
f 1853/2/2 1850/2/2 1854/2/2
f 1846/4/2 1847/4/2 1855/4/2
f 1855/4/2 1847/4/2 1856/4/2
f 1857/1/2 1858/1/2 1861/1/2
f 1861/1/2 1858/1/2 1862/1/2
f 1859/1/2 1860/1/2 1863/1/2
f 1863/1/2 1860/1/2 1864/1/2
f 1867/3/2 1868/3/2 1871/3/2
f 1871/3/2 1868/3/2 1872/3/2
f 1865/3/2 1866/3/2 1875/3/2
f 1875/3/2 1866/3/2 1876/3/2
f 1876/3/2 1866/3/2 1877/3/2
f 1877/3/2 1866/3/2 1878/3/2
f 1869/3/2 1870/3/2 1879/3/2
f 1879/3/2 1870/3/2 1880/3/2
f 1880/3/2 1870/3/2 1881/3/2
f 1873/3/2 1874/3/2 1882/3/2
f 1882/3/2 1874/3/2 1883/3/2
f 1876/4/2 1877/4/2 1884/4/2
f 1884/4/2 1877/4/2 1885/4/2
f 1879/4/2 1880/4/2 1886/4/2
f 1886/4/2 1880/4/2 1887/4/2
f 1888/3/2 1889/3/2 1892/3/2
f 1892/3/2 1889/3/2 1893/3/2
f 1890/3/2 1891/3/2 1894/3/2
f 1894/3/2 1891/3/2 1895/3/2
f 1896/2/2 1897/2/2 1901/2/2
f 1897/3/2 1898/3/2 1902/3/2
f 1901/2/2 1897/2/2 1902/2/2
f 1898/2/2 1899/2/2 1903/2/2
f 1902/3/2 1898/3/2 1903/3/2
f 1899/3/2 1900/3/2 1904/3/2
f 1903/2/2 1899/2/2 1904/2/2
f 1904/3/2 1900/3/2 1905/3/2
f 1908/4/3 1907/4/3 1906/4/3
f 1909/4/3 1907/4/3 1908/4/3
f 1914/3/3 1913/3/3 1912/3/3
f 1915/3/3 1913/3/3 1914/3/3
f 1918/1/3 1911/1/3 1910/1/3
f 1919/1/3 1911/1/3 1918/1/3
f 1920/2/3 1919/2/3 1918/2/3
f 1921/2/3 1919/2/3 1920/2/3
f 1928/3/3 1917/3/3 1916/3/3
f 1929/3/3 1917/3/3 1928/3/3
f 1930/4/3 1923/4/3 1922/4/3
f 1931/4/3 1923/4/3 1930/4/3
f 1932/4/3 1930/4/3 1922/4/3
f 1933/4/3 1923/4/3 1931/4/3
f 1934/4/3 1932/4/3 1922/4/3
f 1934/4/3 1933/4/3 1932/4/3
f 1935/4/3 1923/4/3 1933/4/3
f 1935/4/3 1933/4/3 1934/4/3
f 1936/4/3 1934/4/3 1922/4/3
f 1937/4/3 1923/4/3 1935/4/3
f 1938/4/3 1936/4/3 1922/4/3
f 1938/4/3 1937/4/3 1936/4/3
f 1939/4/3 1923/4/3 1937/4/3
f 1939/4/3 1937/4/3 1938/4/3
f 1940/4/3 1938/4/3 1922/4/3
f 1941/4/3 1923/4/3 1939/4/3
f 1942/4/3 1940/4/3 1922/4/3
f 1942/4/3 1941/4/3 1940/4/3
f 1943/4/3 1923/4/3 1941/4/3
f 1943/4/3 1941/4/3 1942/4/3
f 1944/4/3 1925/4/3 1924/4/3
f 1945/4/3 1925/4/3 1944/4/3
f 1946/4/3 1927/4/3 1926/4/3
f 1947/4/3 1927/4/3 1946/4/3
f 1948/1/3 1921/1/3 1920/1/3
f 1949/1/3 1921/1/3 1948/1/3
f 1952/3/3 1951/3/3 1950/3/3
f 1954/3/3 1952/3/3 1950/3/3
f 1954/4/3 1953/4/3 1952/4/3
f 1955/4/3 1953/4/3 1954/4/3
f 1956/3/3 1954/3/3 1950/3/3
f 1957/3/3 1954/3/3 1956/3/3
f 1962/4/3 1959/4/3 1958/4/3
f 1963/4/3 1959/4/3 1962/4/3
f 1964/2/3 1962/2/3 1961/2/3
f 1966/3/3 1961/3/3 1960/3/3
f 1966/2/3 1965/2/3 1964/2/3
f 1966/2/3 1964/2/3 1961/2/3
f 1967/2/3 1965/2/3 1966/2/3
f 1968/2/3 1965/2/3 1967/2/3
f 1969/3/3 1967/3/3 1966/3/3
f 1970/2/3 1965/2/3 1968/2/3
f 1971/3/3 1966/3/3 1960/3/3
f 1971/3/3 1970/3/3 1969/3/3
f 1971/3/3 1969/3/3 1966/3/3
f 1972/3/3 1970/3/3 1971/3/3
f 1973/3/3 1970/3/3 1972/3/3
f 1974/2/3 1965/2/3 1970/2/3
f 1974/3/3 1970/3/3 1973/3/3
f 1975/2/3 1965/2/3 1974/2/3
f 1981/3/3 1973/3/3 1972/3/3
f 1982/2/3 1965/2/3 1975/2/3
f 1983/6/3 1977/6/3 1976/6/3
f 1984/4/3 1978/4/3 1977/4/3
f 1984/6/3 1977/6/3 1983/6/3
f 1985/4/3 1978/4/3 1984/4/3
f 1986/4/3 1980/4/3 1979/4/3
f 1987/4/3 1980/4/3 1986/4/3
f 1988/2/3 1972/2/3 1971/2/3
f 1988/3/3 1981/3/3 1972/3/3
f 1988/3/3 1982/3/3 1981/3/3
f 1989/2/3 1965/2/3 1982/2/3
f 1989/3/3 1982/3/3 1988/3/3
f 1990/2/3 1965/2/3 1989/2/3
f 1990/2/3 1989/2/3 1988/2/3
f 1991/2/3 1965/2/3 1990/2/3
f 1992/2/3 1988/2/3 1971/2/3
f 1992/3/3 1971/3/3 1960/3/3
f 1992/2/3 1990/2/3 1988/2/3
f 1993/2/3 1990/2/3 1992/2/3
f 1994/3/3 1991/3/3 1990/3/3
f 1994/2/3 1990/2/3 1993/2/3
f 1995/3/3 1991/3/3 1994/3/3
f 1996/3/3 1993/3/3 1992/3/3
f 1996/3/3 1992/3/3 1960/3/3
f 1997/2/3 1995/2/3 1994/2/3
f 1997/3/3 1993/3/3 1996/3/3
f 1997/2/3 1994/2/3 1993/2/3
f 2002/4/3 1999/4/3 1998/4/3
f 2003/4/3 1999/4/3 2002/4/3
f 2004/4/3 2001/4/3 2000/4/3
f 2005/4/3 2001/4/3 2004/4/3
f 2006/2/3 1997/2/3 1996/2/3
f 2006/2/3 1995/2/3 1997/2/3
f 2007/2/3 1995/2/3 2006/2/3
f 2008/3/3 2007/3/3 2006/3/3
f 2008/2/3 2006/2/3 1996/2/3
f 2009/2/3 1995/2/3 2007/2/3
f 2009/3/3 2007/3/3 2008/3/3
f 2010/3/3 1996/3/3 1960/3/3
f 2010/2/3 2008/2/3 1996/2/3
f 2010/2/3 2009/2/3 2008/2/3
f 2011/2/3 2009/2/3 2010/2/3
f 2012/3/3 2010/3/3 1960/3/3
f 2012/3/3 2011/3/3 2010/3/3
f 2013/2/3 2009/2/3 2011/2/3
f 2013/3/3 2011/3/3 2012/3/3
f 2014/2/3 1995/2/3 2009/2/3
f 2014/2/3 2009/2/3 2013/2/3
f 2015/2/3 1995/2/3 2014/2/3
f 2016/2/3 2013/2/3 2012/2/3
f 2016/2/3 2014/2/3 2013/2/3
f 2016/3/3 2015/3/3 2014/3/3
f 2017/3/3 2015/3/3 2016/3/3
f 2018/3/3 2012/3/3 1960/3/3
f 2018/2/3 2016/2/3 2012/2/3
f 2018/2/3 2017/2/3 2016/2/3
f 2019/2/3 2017/2/3 2018/2/3
f 2020/2/3 2017/2/3 2019/2/3
f 2021/2/3 2017/2/3 2020/2/3
f 2022/3/3 2018/3/3 1960/3/3
f 2023/3/3 2018/3/3 2022/3/3
f 2026/4/3 2025/4/3 2024/4/3
f 2027/4/3 2025/4/3 2026/4/3
f 2037/2/3 2029/2/3 2028/2/3
f 2038/2/3 2029/2/3 2037/2/3
f 2039/2/3 2035/2/3 2034/2/3
f 2040/3/3 2036/3/3 2035/3/3
f 2040/2/3 2035/2/3 2039/2/3
f 2043/6/3 2031/6/3 2030/6/3
f 2044/6/3 2031/6/3 2043/6/3
f 2045/3/3 2040/3/3 2039/3/3
f 2046/3/3 2036/3/3 2040/3/3
f 2046/3/3 2040/3/3 2045/3/3
f 2047/5/3 2042/5/3 2041/5/3
f 2048/6/3 2043/6/3 2042/6/3
f 2048/5/3 2042/5/3 2047/5/3
f 2049/7/3 2044/7/3 2043/7/3
f 2049/6/3 2043/6/3 2048/6/3
f 2050/7/3 2044/7/3 2049/7/3
f 2054/3/3 2033/3/3 2032/3/3
f 2055/3/3 2033/3/3 2054/3/3
f 2056/2/3 2052/2/3 2051/2/3
f 2057/3/3 2053/3/3 2052/3/3
f 2057/2/3 2052/2/3 2056/2/3
f 2058/3/3 2057/3/3 2056/3/3
f 2059/3/3 2053/3/3 2057/3/3
f 2059/3/3 2057/3/3 2058/3/3
f 2062/6/3 2050/6/3 2049/6/3
f 2063/6/3 2050/6/3 2062/6/3
f 2064/2/3 2059/2/3 2058/2/3
f 2065/3/3 2053/3/3 2059/3/3
f 2065/2/3 2059/2/3 2064/2/3
f 2066/3/3 2053/3/3 2065/3/3
f 2067/5/3 2061/5/3 2060/5/3
f 2068/6/3 2062/6/3 2061/6/3
f 2068/5/3 2061/5/3 2067/5/3
f 2069/7/3 2063/7/3 2062/7/3
f 2069/6/3 2062/6/3 2068/6/3
f 2070/7/3 2063/7/3 2069/7/3
f 2077/3/3 2072/3/3 2071/3/3
f 2078/3/3 2072/3/3 2077/3/3
f 2079/4/3 2074/4/3 2073/4/3
f 2080/4/3 2074/4/3 2079/4/3
f 2081/4/3 2076/4/3 2075/4/3
f 2082/4/3 2076/4/3 2081/4/3
f 2085/2/3 2078/2/3 2077/2/3
f 2086/3/3 2072/3/3 2078/3/3
f 2086/2/3 2078/2/3 2085/2/3
f 2087/3/3 2072/3/3 2086/3/3
f 2088/6/3 2084/6/3 2083/6/3
f 2089/6/3 2084/6/3 2088/6/3
f 2094/5/3 2091/5/3 2090/5/3
f 2095/6/3 2092/6/3 2091/6/3
f 2095/5/3 2091/5/3 2094/5/3
f 2096/7/3 2093/7/3 2092/7/3
f 2096/6/3 2092/6/3 2095/6/3
f 2097/7/3 2093/7/3 2096/7/3
f 2103/2/3 2101/2/3 2100/2/3
f 2104/3/3 2102/3/3 2101/3/3
f 2104/2/3 2101/2/3 2103/2/3
f 2107/3/3 2104/3/3 2103/3/3
f 2108/3/3 2102/3/3 2104/3/3
f 2108/3/3 2104/3/3 2107/3/3
f 2109/3/3 2099/3/3 2098/3/3
f 2110/3/3 2099/3/3 2109/3/3
f 2113/6/3 2097/6/3 2096/6/3
f 2114/6/3 2097/6/3 2113/6/3
f 2115/2/3 2108/2/3 2107/2/3
f 2116/3/3 2102/3/3 2108/3/3
f 2116/2/3 2108/2/3 2115/2/3
f 2117/3/3 2102/3/3 2116/3/3
f 2118/5/3 2112/5/3 2111/5/3
f 2119/6/3 2113/6/3 2112/6/3
f 2119/5/3 2112/5/3 2118/5/3
f 2120/7/3 2114/7/3 2113/7/3
f 2120/6/3 2113/6/3 2119/6/3
f 2121/7/3 2114/7/3 2120/7/3
f 2127/2/3 2126/2/3 2125/2/3
f 2128/2/3 2126/2/3 2127/2/3
f 2129/6/3 2121/6/3 2120/6/3
f 2130/6/3 2121/6/3 2129/6/3
f 2131/3/3 2106/3/3 2105/3/3
f 2132/3/3 2106/3/3 2131/3/3
f 2133/2/3 2123/2/3 2122/2/3
f 2134/3/3 2124/3/3 2123/3/3
f 2134/2/3 2123/2/3 2133/2/3
f 2135/3/3 2124/3/3 2134/3/3
f 2138/1/3 2137/1/3 2136/1/3
f 2139/1/3 2137/1/3 2138/1/3
f 2149/1/3 2142/1/3 2141/1/3
f 2150/1/3 2142/1/3 2149/1/3
f 2151/1/3 2142/1/3 2150/1/3
f 2152/1/3 2142/1/3 2151/1/3
f 2153/1/3 2142/1/3 2152/1/3
f 2154/2/3 2143/2/3 2142/2/3
f 2154/1/3 2142/1/3 2153/1/3
f 2155/2/3 2143/2/3 2154/2/3
f 2156/3/3 2145/3/3 2144/3/3
f 2157/3/3 2148/3/3 2147/3/3
f 2157/2/3 2147/2/3 2146/2/3
f 2158/3/3 2148/3/3 2157/3/3
f 2161/2/3 2141/2/3 2140/2/3
f 2162/1/3 2149/1/3 2141/1/3
f 2162/2/3 2141/2/3 2161/2/3
f 2163/2/3 2150/2/3 2149/2/3
f 2163/1/3 2149/1/3 2162/1/3
f 2164/1/3 2151/1/3 2150/1/3
f 2164/2/3 2150/2/3 2163/2/3
f 2165/2/3 2152/2/3 2151/2/3
f 2165/1/3 2151/1/3 2164/1/3
f 2166/2/3 2152/2/3 2165/2/3
f 2169/3/3 2145/3/3 2156/3/3
f 2170/2/3 2158/2/3 2157/2/3
f 2170/2/3 2157/2/3 2146/2/3
f 2171/3/3 2159/3/3 2158/3/3
f 2171/2/3 2158/2/3 2170/2/3
f 2172/4/3 2160/4/3 2159/4/3
f 2172/3/3 2159/3/3 2171/3/3
f 2173/4/3 2160/4/3 2172/4/3
f 2174/2/3 2168/2/3 2167/2/3
f 2174/1/3 2162/1/3 2161/1/3
f 2174/2/3 2167/2/3 2166/2/3
f 2174/1/3 2166/1/3 2165/1/3
f 2174/1/3 2165/1/3 2164/1/3
f 2174/1/3 2163/1/3 2162/1/3
f 2174/1/3 2164/1/3 2163/1/3
f 2175/2/3 2168/2/3 2174/2/3
f 2176/2/3 2170/2/3 2146/2/3
f 2177/2/3 2170/2/3 2176/2/3
f 2178/2/3 2170/2/3 2177/2/3
f 2179/2/3 2170/2/3 2178/2/3
f 2180/3/3 2145/3/3 2169/3/3
f 2181/2/3 2176/2/3 2146/2/3
f 2182/3/3 2177/3/3 2176/3/3
f 2182/2/3 2176/2/3 2181/2/3
f 2183/2/3 2178/2/3 2177/2/3
f 2183/3/3 2177/3/3 2182/3/3
f 2184/3/3 2179/3/3 2178/3/3
f 2184/2/3 2178/2/3 2183/2/3
f 2185/2/3 2170/2/3 2179/2/3
f 2185/3/3 2179/3/3 2184/3/3
f 2186/3/3 2171/3/3 2170/3/3
f 2187/1/3 2174/1/3 2161/1/3
f 2187/1/3 2175/1/3 2174/1/3
f 2188/1/3 2175/1/3 2187/1/3
f 2189/3/3 2180/3/3 2169/3/3
f 2189/3/3 2181/3/3 2180/3/3
f 2190/2/3 2184/2/3 2183/2/3
f 2190/3/3 2181/3/3 2189/3/3
f 2190/2/3 2182/2/3 2181/2/3
f 2190/2/3 2183/2/3 2182/2/3
f 2190/2/3 2185/2/3 2184/2/3
f 2191/3/3 2186/3/3 2170/3/3
f 2192/2/3 2188/2/3 2187/2/3
f 2192/1/3 2187/1/3 2161/1/3
f 2193/1/3 2175/1/3 2188/1/3
f 2193/2/3 2188/2/3 2192/2/3
f 2194/1/3 2175/1/3 2193/1/3
f 2195/1/3 2175/1/3 2194/1/3
f 2196/1/3 2175/1/3 2195/1/3
f 2197/1/3 2175/1/3 2196/1/3
f 2198/1/3 2175/1/3 2197/1/3
f 2199/1/3 2175/1/3 2198/1/3
f 2200/2/3 2168/2/3 2175/2/3
f 2200/1/3 2175/1/3 2199/1/3
f 2201/2/3 2168/2/3 2200/2/3
f 2202/3/3 2189/3/3 2169/3/3
f 2203/2/3 2185/2/3 2190/2/3
f 2203/2/3 2190/2/3 2189/2/3
f 2204/2/3 2185/2/3 2203/2/3
f 2205/2/3 2170/2/3 2185/2/3
f 2205/2/3 2185/2/3 2204/2/3
f 2205/3/3 2191/3/3 2170/3/3
f 2206/3/3 2191/3/3 2205/3/3
f 2209/1/3 2192/1/3 2161/1/3
f 2209/1/3 2193/1/3 2192/1/3
f 2210/2/3 2194/2/3 2193/2/3
f 2210/1/3 2193/1/3 2209/1/3
f 2211/1/3 2195/1/3 2194/1/3
f 2211/2/3 2194/2/3 2210/2/3
f 2212/1/3 2195/1/3 2211/1/3
f 2213/2/3 2196/2/3 2195/2/3
f 2213/1/3 2195/1/3 2212/1/3
f 2214/1/3 2197/1/3 2196/1/3
f 2214/2/3 2196/2/3 2213/2/3
f 2215/2/3 2198/2/3 2197/2/3
f 2215/1/3 2197/1/3 2214/1/3
f 2216/2/3 2198/2/3 2215/2/3
f 2219/3/3 2189/3/3 2202/3/3
f 2220/2/3 2203/2/3 2189/2/3
f 2220/3/3 2189/3/3 2219/3/3
f 2221/3/3 2204/3/3 2203/3/3
f 2221/2/3 2203/2/3 2220/2/3
f 2222/2/3 2206/2/3 2205/2/3
f 2222/3/3 2204/3/3 2221/3/3
f 2222/2/3 2205/2/3 2204/2/3
f 2223/2/3 2206/2/3 2222/2/3
f 2224/2/3 2206/2/3 2223/2/3
f 2225/2/3 2210/2/3 2209/2/3
f 2226/1/3 2212/1/3 2211/1/3
f 2227/2/3 2213/2/3 2212/2/3
f 2227/1/3 2212/1/3 2226/1/3
f 2228/2/3 2213/2/3 2227/2/3
f 2229/6/3 2215/6/3 2214/6/3
f 2230/2/3 2216/2/3 2215/2/3
f 2230/6/3 2215/6/3 2229/6/3
f 2231/2/3 2216/2/3 2230/2/3
f 2232/6/3 2218/6/3 2217/6/3
f 2232/6/3 2219/6/3 2218/6/3
f 2233/6/3 2219/6/3 2232/6/3
f 2234/6/3 2219/6/3 2233/6/3
f 2235/3/3 2221/3/3 2220/3/3
f 2235/3/3 2223/3/3 2222/3/3
f 2235/3/3 2222/3/3 2221/3/3
f 2236/3/3 2223/3/3 2235/3/3
f 2237/2/3 2226/2/3 2225/2/3
f 2237/2/3 2225/2/3 2209/2/3
f 2238/1/3 2228/1/3 2227/1/3
f 2238/2/3 2226/2/3 2237/2/3
f 2238/1/3 2227/1/3 2226/1/3
f 2239/2/3 2229/2/3 2228/2/3
f 2239/1/3 2228/1/3 2238/1/3
f 2240/1/3 2231/1/3 2230/1/3
f 2240/2/3 2229/2/3 2239/2/3
f 2240/1/3 2230/1/3 2229/1/3
f 2241/2/3 2233/2/3 2232/2/3
f 2241/1/3 2231/1/3 2240/1/3
f 2241/2/3 2232/2/3 2231/2/3
f 2242/1/3 2234/1/3 2233/1/3
f 2242/2/3 2233/2/3 2241/2/3
f 2243/1/3 2234/1/3 2242/1/3
f 2244/6/3 2236/6/3 2235/6/3
f 2245/6/3 2236/6/3 2244/6/3
f 2246/6/3 2236/6/3 2245/6/3
f 2247/2/3 2206/2/3 2224/2/3
f 2248/3/3 2207/3/3 2206/3/3
f 2248/2/3 2206/2/3 2247/2/3
f 2249/4/3 2208/4/3 2207/4/3
f 2249/3/3 2207/3/3 2248/3/3
f 2250/4/3 2208/4/3 2249/4/3
f 2251/2/3 2237/2/3 2209/2/3
f 2251/4/3 2238/4/3 2237/4/3
f 2252/4/3 2238/4/3 2251/4/3
f 2253/6/3 2244/6/3 2235/6/3
f 2253/4/3 2245/4/3 2244/4/3
f 2254/4/3 2245/4/3 2253/4/3
f 2255/3/3 2248/3/3 2247/3/3
f 2256/2/3 2161/2/3 2140/2/3
f 2256/1/3 2209/1/3 2161/1/3
f 2257/2/3 2251/2/3 2209/2/3
f 2257/1/3 2209/1/3 2256/1/3
f 2258/2/3 2251/2/3 2257/2/3
f 2259/2/3 2256/2/3 2140/2/3
f 2259/2/3 2257/2/3 2256/2/3
f 2260/1/3 2258/1/3 2257/1/3
f 2260/2/3 2257/2/3 2259/2/3
f 2261/1/3 2258/1/3 2260/1/3
f 2263/6/3 2253/6/3 2235/6/3
f 2265/1/3 2261/1/3 2260/1/3
f 2265/1/3 2260/1/3 2259/1/3
f 2266/4/3 2262/4/3 2261/4/3
f 2266/1/3 2261/1/3 2265/1/3
f 2267/4/3 2262/4/3 2266/4/3
f 2272/4/3 2264/4/3 2263/4/3
f 2272/6/3 2263/6/3 2235/6/3
f 2273/4/3 2264/4/3 2272/4/3
f 2275/3/3 2255/3/3 2247/3/3
f 2276/3/3 2255/3/3 2275/3/3
f 2279/1/3 2265/1/3 2259/1/3
f 2279/2/3 2266/2/3 2265/2/3
f 2279/2/3 2267/2/3 2266/2/3
f 2280/2/3 2267/2/3 2279/2/3
f 2281/1/3 2268/1/3 2267/1/3
f 2281/2/3 2267/2/3 2280/2/3
f 2282/1/3 2268/1/3 2281/1/3
f 2283/2/3 2269/2/3 2268/2/3
f 2283/1/3 2268/1/3 2282/1/3
f 2284/1/3 2270/1/3 2269/1/3
f 2284/2/3 2269/2/3 2283/2/3
f 2285/1/3 2270/1/3 2284/1/3
f 2286/2/3 2271/2/3 2270/2/3
f 2286/1/3 2270/1/3 2285/1/3
f 2287/2/3 2271/2/3 2286/2/3
f 2288/6/3 2274/6/3 2273/6/3
f 2288/6/3 2272/6/3 2235/6/3
f 2288/6/3 2273/6/3 2272/6/3
f 2289/6/3 2274/6/3 2288/6/3
f 2290/1/3 2280/1/3 2279/1/3
f 2291/1/3 2282/1/3 2281/1/3
f 2292/2/3 2283/2/3 2282/2/3
f 2292/1/3 2282/1/3 2291/1/3
f 2293/2/3 2283/2/3 2292/2/3
f 2294/1/3 2285/1/3 2284/1/3
f 2295/2/3 2286/2/3 2285/2/3
f 2295/1/3 2285/1/3 2294/1/3
f 2296/1/3 2287/1/3 2286/1/3
f 2296/2/3 2286/2/3 2295/2/3
f 2297/1/3 2287/1/3 2296/1/3
f 2298/1/3 2287/1/3 2297/1/3
f 2300/3/3 2289/3/3 2288/3/3
f 2301/3/3 2289/3/3 2300/3/3
f 2302/2/3 2276/2/3 2275/2/3
f 2303/2/3 2259/2/3 2140/2/3
f 2303/1/3 2290/1/3 2279/1/3
f 2303/1/3 2279/1/3 2259/1/3
f 2304/1/3 2290/1/3 2303/1/3
f 2305/2/3 2291/2/3 2290/2/3
f 2305/1/3 2290/1/3 2304/1/3
f 2306/1/3 2293/1/3 2292/1/3
f 2306/2/3 2291/2/3 2305/2/3
f 2306/1/3 2292/1/3 2291/1/3
f 2307/2/3 2294/2/3 2293/2/3
f 2307/1/3 2293/1/3 2306/1/3
f 2308/1/3 2295/1/3 2294/1/3
f 2308/2/3 2294/2/3 2307/2/3
f 2308/1/3 2296/1/3 2295/1/3
f 2309/1/3 2296/1/3 2308/1/3
f 2313/3/3 2300/3/3 2299/3/3
f 2314/2/3 2301/2/3 2300/2/3
f 2314/2/3 2302/2/3 2301/2/3
f 2315/2/3 2302/2/3 2314/2/3
f 2316/2/3 2302/2/3 2315/2/3
f 2317/2/3 2276/2/3 2302/2/3
f 2317/2/3 2302/2/3 2316/2/3
f 2318/3/3 2277/3/3 2276/3/3
f 2318/2/3 2276/2/3 2317/2/3
f 2319/4/3 2278/4/3 2277/4/3
f 2319/3/3 2277/3/3 2318/3/3
f 2320/4/3 2278/4/3 2319/4/3
f 2321/2/3 2304/2/3 2303/2/3
f 2321/2/3 2303/2/3 2140/2/3
f 2322/1/3 2307/1/3 2306/1/3
f 2322/2/3 2304/2/3 2321/2/3
f 2322/1/3 2305/1/3 2304/1/3
f 2322/1/3 2311/1/3 2310/1/3
f 2322/1/3 2310/1/3 2309/1/3
f 2322/1/3 2309/1/3 2308/1/3
f 2322/1/3 2308/1/3 2307/1/3
f 2322/1/3 2306/1/3 2305/1/3
f 2323/1/3 2311/1/3 2322/1/3
f 2324/1/3 2311/1/3 2323/1/3
f 2325/3/3 2318/3/3 2317/3/3
f 2326/1/3 2322/1/3 2321/1/3
f 2326/1/3 2323/1/3 2322/1/3
f 2327/1/3 2323/1/3 2326/1/3
f 2328/2/3 2324/2/3 2323/2/3
f 2328/1/3 2323/1/3 2327/1/3
f 2329/1/3 2311/1/3 2324/1/3
f 2329/2/3 2324/2/3 2328/2/3
f 2330/2/3 2314/2/3 2300/2/3
f 2331/2/3 2314/2/3 2330/2/3
f 2332/2/3 2314/2/3 2331/2/3
f 2333/2/3 2314/2/3 2332/2/3
f 2334/3/3 2315/3/3 2314/3/3
f 2334/2/3 2314/2/3 2333/2/3
f 2335/3/3 2325/3/3 2317/3/3
f 2336/2/3 2327/2/3 2326/2/3
f 2336/1/3 2326/1/3 2321/1/3
f 2337/1/3 2328/1/3 2327/1/3
f 2337/2/3 2327/2/3 2336/2/3
f 2337/1/3 2329/1/3 2328/1/3
f 2338/1/3 2311/1/3 2329/1/3
f 2338/1/3 2329/1/3 2337/1/3
f 2339/2/3 2312/2/3 2311/2/3
f 2339/1/3 2311/1/3 2338/1/3
f 2340/2/3 2330/2/3 2300/2/3
f 2340/3/3 2331/3/3 2330/3/3
f 2341/2/3 2332/2/3 2331/2/3
f 2341/3/3 2331/3/3 2340/3/3
f 2342/3/3 2315/3/3 2334/3/3
f 2343/2/3 2317/2/3 2316/2/3
f 2344/1/3 2338/1/3 2337/1/3
f 2344/1/3 2337/1/3 2336/1/3
f 2345/1/3 2338/1/3 2344/1/3
f 2346/1/3 2338/1/3 2345/1/3
f 2347/2/3 2339/2/3 2338/2/3
f 2347/1/3 2338/1/3 2346/1/3
f 2348/2/3 2339/2/3 2347/2/3
f 2349/2/3 2312/2/3 2339/2/3
f 2349/2/3 2339/2/3 2348/2/3
f 2350/3/3 2300/3/3 2313/3/3
f 2351/3/3 2342/3/3 2334/3/3
f 2351/3/3 2343/3/3 2342/3/3
f 2352/2/3 2317/2/3 2343/2/3
f 2352/3/3 2343/3/3 2351/3/3
f 2353/3/3 2335/3/3 2317/3/3
f 2353/2/3 2317/2/3 2352/2/3
f 2354/3/3 2335/3/3 2353/3/3
f 2357/2/3 2321/2/3 2140/2/3
f 2357/1/3 2336/1/3 2321/1/3
f 2357/1/3 2344/1/3 2336/1/3
f 2358/1/3 2344/1/3 2357/1/3
f 2359/2/3 2347/2/3 2346/2/3
f 2359/1/3 2346/1/3 2345/1/3
f 2360/2/3 2347/2/3 2359/2/3
f 2364/3/3 2300/3/3 2350/3/3
f 2365/3/3 2355/3/3 2354/3/3
f 2365/2/3 2354/2/3 2353/2/3
f 2365/2/3 2353/2/3 2352/2/3
f 2365/2/3 2352/2/3 2351/2/3
f 2366/4/3 2356/4/3 2355/4/3
f 2366/3/3 2355/3/3 2365/3/3
f 2367/4/3 2356/4/3 2366/4/3
f 2368/2/3 2358/2/3 2357/2/3
f 2368/2/3 2357/2/3 2140/2/3
f 2369/1/3 2344/1/3 2358/1/3
f 2369/2/3 2358/2/3 2368/2/3
f 2370/2/3 2345/2/3 2344/2/3
f 2370/1/3 2344/1/3 2369/1/3
f 2371/1/3 2362/1/3 2361/1/3
f 2371/2/3 2345/2/3 2370/2/3
f 2371/1/3 2361/1/3 2360/1/3
f 2371/1/3 2359/1/3 2345/1/3
f 2371/1/3 2360/1/3 2359/1/3
f 2372/2/3 2363/2/3 2362/2/3
f 2372/1/3 2362/1/3 2371/1/3
f 2373/2/3 2363/2/3 2372/2/3
f 2374/3/3 2300/3/3 2364/3/3
f 2375/2/3 2340/2/3 2300/2/3
f 2375/3/3 2300/3/3 2374/3/3
f 2375/2/3 2341/2/3 2340/2/3
f 2376/3/3 2333/3/3 2332/3/3
f 2376/2/3 2341/2/3 2375/2/3
f 2376/2/3 2332/2/3 2341/2/3
f 2377/3/3 2333/3/3 2376/3/3
f 2378/2/3 2365/2/3 2351/2/3
f 2379/2/3 2365/2/3 2378/2/3
f 2382/1/3 2381/1/3 2380/1/3
f 2383/1/3 2381/1/3 2382/1/3
f 2387/5/3 2385/5/3 2384/5/3
f 2388/6/3 2386/6/3 2385/6/3
f 2388/5/3 2385/5/3 2387/5/3
f 2389/6/3 2386/6/3 2388/6/3
f 2390/6/3 2386/6/3 2389/6/3
f 2422/4/3 2395/4/3 2394/4/3
f 2423/4/3 2395/4/3 2422/4/3
f 2424/4/3 2397/4/3 2396/4/3
f 2425/4/3 2397/4/3 2424/4/3
f 2426/4/3 2399/4/3 2398/4/3
f 2427/4/3 2399/4/3 2426/4/3
f 2428/4/3 2401/4/3 2400/4/3
f 2429/4/3 2401/4/3 2428/4/3
f 2430/4/3 2403/4/3 2402/4/3
f 2431/4/3 2403/4/3 2430/4/3
f 2432/4/3 2405/4/3 2404/4/3
f 2433/4/3 2405/4/3 2432/4/3
f 2434/4/3 2407/4/3 2406/4/3
f 2435/4/3 2407/4/3 2434/4/3
f 2436/4/3 2409/4/3 2408/4/3
f 2437/4/3 2409/4/3 2436/4/3
f 2438/4/3 2411/4/3 2410/4/3
f 2439/4/3 2411/4/3 2438/4/3
f 2440/4/3 2413/4/3 2412/4/3
f 2441/4/3 2413/4/3 2440/4/3
f 2442/4/3 2415/4/3 2414/4/3
f 2443/4/3 2415/4/3 2442/4/3
f 2444/4/3 2417/4/3 2416/4/3
f 2445/4/3 2417/4/3 2444/4/3
f 2446/4/3 2419/4/3 2418/4/3
f 2447/4/3 2419/4/3 2446/4/3
f 2448/4/3 2421/4/3 2420/4/3
f 2449/4/3 2421/4/3 2448/4/3
f 2450/3/3 2392/3/3 2391/3/3
f 2451/2/3 2393/2/3 2392/2/3
f 2451/3/3 2392/3/3 2450/3/3
f 2452/2/3 2393/2/3 2451/2/3
f 2457/5/3 2454/5/3 2453/5/3
f 2458/6/3 2456/6/3 2455/6/3
f 2458/5/3 2454/5/3 2457/5/3
f 2458/6/3 2455/6/3 2454/6/3
f 2459/6/3 2456/6/3 2458/6/3
f 2463/2/3 2461/2/3 2460/2/3
f 2464/3/3 2462/3/3 2461/3/3
f 2464/2/3 2461/2/3 2463/2/3
f 2465/3/3 2462/3/3 2464/3/3
f 2469/2/3 2467/2/3 2466/2/3
f 2470/3/3 2468/3/3 2467/3/3
f 2470/2/3 2467/2/3 2469/2/3
f 2471/3/3 2468/3/3 2470/3/3
f 2474/3/3 2473/3/3 2472/3/3
f 2475/3/3 2473/3/3 2474/3/3
f 2478/3/3 2477/3/3 2476/3/3
f 2479/3/3 2477/3/3 2478/3/3
f 2484/5/3 2481/5/3 2480/5/3
f 2485/6/3 2483/6/3 2482/6/3
f 2485/5/3 2481/5/3 2484/5/3
f 2485/6/3 2482/6/3 2481/6/3
f 2486/6/3 2483/6/3 2485/6/3
f 2490/5/3 2488/5/3 2487/5/3
f 2491/6/3 2489/6/3 2488/6/3
f 2491/5/3 2488/5/3 2490/5/3
f 2492/6/3 2489/6/3 2491/6/3
f 2493/6/3 2489/6/3 2492/6/3
f 2496/2/3 2495/2/3 2494/2/3
f 2497/2/3 2495/2/3 2496/2/3
f 2498/3/3 2497/3/3 2496/3/3
f 2499/3/3 2497/3/3 2498/3/3
f 2502/3/3 2501/3/3 2500/3/3
f 2503/3/3 2501/3/3 2502/3/3
f 2506/4/3 2505/4/3 2504/4/3
f 2507/4/3 2505/4/3 2506/4/3
f 2508/4/3 2505/4/3 2507/4/3
f 2509/4/3 2505/4/3 2508/4/3
f 2510/4/3 2505/4/3 2509/4/3
f 2513/2/3 2512/2/3 2511/2/3
f 2514/2/3 2512/2/3 2513/2/3
f 2517/3/3 2516/3/3 2515/3/3
f 2518/3/3 2516/3/3 2517/3/3
f 2519/3/3 2516/3/3 2518/3/3
f 2523/3/3 2521/3/3 2520/3/3
f 2523/3/3 2522/3/3 2521/3/3
f 2524/3/3 2522/3/3 2523/3/3
f 2537/4/3 2526/4/3 2525/4/3
f 2538/4/3 2526/4/3 2537/4/3
f 2539/4/3 2528/4/3 2527/4/3
f 2540/4/3 2528/4/3 2539/4/3
f 2541/4/3 2530/4/3 2529/4/3
f 2542/4/3 2530/4/3 2541/4/3
f 2543/4/3 2532/4/3 2531/4/3
f 2544/4/3 2532/4/3 2543/4/3
f 2545/4/3 2534/4/3 2533/4/3
f 2546/4/3 2534/4/3 2545/4/3
f 2547/4/3 2536/4/3 2535/4/3
f 2548/4/3 2536/4/3 2547/4/3
f 2551/3/3 2550/3/3 2549/3/3
f 2552/3/3 2550/3/3 2551/3/3
f 2553/3/3 2550/3/3 2552/3/3
f 2556/6/3 2555/6/3 2554/6/3
f 2557/6/3 2555/6/3 2556/6/3
f 2560/6/3 2559/6/3 2558/6/3
f 2561/6/3 2559/6/3 2560/6/3
f 2574/4/3 2563/4/3 2562/4/3
f 2575/4/3 2563/4/3 2574/4/3
f 2576/4/3 2565/4/3 2564/4/3
f 2577/4/3 2565/4/3 2576/4/3
f 2578/4/3 2567/4/3 2566/4/3
f 2579/4/3 2567/4/3 2578/4/3
f 2580/4/3 2569/4/3 2568/4/3
f 2581/4/3 2569/4/3 2580/4/3
f 2582/4/3 2571/4/3 2570/4/3
f 2583/4/3 2571/4/3 2582/4/3
f 2584/6/3 2573/6/3 2572/6/3
f 2585/6/3 2573/6/3 2584/6/3
f 2588/3/3 2587/3/3 2586/3/3
f 2589/3/3 2587/3/3 2588/3/3
f 2593/5/3 2591/5/3 2590/5/3
f 2594/6/3 2592/6/3 2591/6/3
f 2594/5/3 2591/5/3 2593/5/3
f 2595/6/3 2592/6/3 2594/6/3
f 2601/2/3 2597/2/3 2596/2/3
f 2602/1/3 2598/1/3 2597/1/3
f 2602/2/3 2597/2/3 2601/2/3
f 2603/2/3 2599/2/3 2598/2/3
f 2603/1/3 2598/1/3 2602/1/3
f 2604/6/3 2600/6/3 2599/6/3
f 2604/2/3 2599/2/3 2603/2/3
f 2605/6/3 2600/6/3 2604/6/3
f 2606/6/3 2600/6/3 2605/6/3
f 2607/6/3 2605/6/3 2604/6/3
f 2608/6/3 2605/6/3 2607/6/3
f 2611/3/3 2610/3/3 2609/3/3
f 2612/3/3 2610/3/3 2611/3/3
f 2616/5/3 2614/5/3 2613/5/3
f 2617/6/3 2615/6/3 2614/6/3
f 2617/5/3 2614/5/3 2616/5/3
f 2618/6/3 2615/6/3 2617/6/3
f 2622/2/3 2620/2/3 2619/2/3
f 2623/3/3 2621/3/3 2620/3/3
f 2623/2/3 2620/2/3 2622/2/3
f 2624/3/3 2621/3/3 2623/3/3
f 2630/3/3 2626/3/3 2625/3/3
f 2631/3/3 2626/3/3 2630/3/3
f 2632/2/3 2628/2/3 2627/2/3
f 2633/3/3 2629/3/3 2628/3/3
f 2633/2/3 2628/2/3 2632/2/3
f 2634/3/3 2629/3/3 2633/3/3
f 2637/3/3 2636/3/3 2635/3/3
f 2638/3/3 2636/3/3 2637/3/3
f 2641/3/3 2640/3/3 2639/3/3
f 2642/3/3 2640/3/3 2641/3/3
f 2648/3/3 2644/3/3 2643/3/3
f 2649/3/3 2644/3/3 2648/3/3
f 2652/3/3 2646/3/3 2645/3/3
f 2653/2/3 2647/2/3 2646/2/3
f 2653/3/3 2646/3/3 2652/3/3
f 2654/2/3 2647/2/3 2653/2/3
f 2655/3/3 2651/3/3 2650/3/3
f 2656/3/3 2651/3/3 2655/3/3
f 2659/3/3 2658/3/3 2657/3/3
f 2660/3/3 2658/3/3 2659/3/3
f 2663/3/3 2662/3/3 2661/3/3
f 2664/3/3 2662/3/3 2663/3/3
f 2668/5/3 2666/5/3 2665/5/3
f 2669/6/3 2667/6/3 2666/6/3
f 2669/5/3 2666/5/3 2668/5/3
f 2670/6/3 2667/6/3 2669/6/3
f 2674/5/3 2672/5/3 2671/5/3
f 2675/6/3 2673/6/3 2672/6/3
f 2675/5/3 2672/5/3 2674/5/3
f 2676/6/3 2673/6/3 2675/6/3
f 2680/2/3 2678/2/3 2677/2/3
f 2681/3/3 2679/3/3 2678/3/3
f 2681/2/3 2678/2/3 2680/2/3
f 2682/3/3 2679/3/3 2681/3/3
f 2700/1/3 2691/1/3 2690/1/3
f 2701/6/3 2692/6/3 2691/6/3
f 2701/1/3 2691/1/3 2700/1/3
f 2702/2/3 2694/2/3 2693/2/3
f 2702/3/3 2695/3/3 2694/3/3
f 2703/2/3 2696/2/3 2695/2/3
f 2703/3/3 2695/3/3 2702/3/3
f 2703/2/3 2697/2/3 2696/2/3
f 2704/2/3 2697/2/3 2703/2/3
f 2705/3/3 2698/3/3 2697/3/3
f 2705/2/3 2697/2/3 2704/2/3
f 2706/4/3 2699/4/3 2698/4/3
f 2706/3/3 2698/3/3 2705/3/3
f 2707/1/3 2685/1/3 2684/1/3
f 2707/1/3 2686/1/3 2685/1/3
f 2707/1/3 2687/1/3 2686/1/3
f 2707/2/3 2688/2/3 2687/2/3
f 2708/1/3 2689/1/3 2688/1/3
f 2708/2/3 2688/2/3 2707/2/3
f 2709/1/3 2689/1/3 2708/1/3
f 2710/2/3 2701/2/3 2700/2/3
f 2711/2/3 2701/2/3 2710/2/3
f 2712/1/3 2707/1/3 2684/1/3
f 2712/1/3 2709/1/3 2708/1/3
f 2712/1/3 2711/1/3 2710/1/3
f 2712/1/3 2710/1/3 2709/1/3
f 2712/1/3 2708/1/3 2707/1/3
f 2713/1/3 2711/1/3 2712/1/3
f 2714/2/3 2684/2/3 2683/2/3
f 2714/1/3 2712/1/3 2684/1/3
f 2715/1/3 2712/1/3 2714/1/3
f 2716/2/3 2713/2/3 2712/2/3
f 2716/1/3 2712/1/3 2715/1/3
f 2717/1/3 2711/1/3 2713/1/3
f 2717/2/3 2713/2/3 2716/2/3
f 2718/2/3 2703/2/3 2702/2/3
f 2718/2/3 2704/2/3 2703/2/3
f 2718/2/3 2702/2/3 2693/2/3
f 2719/2/3 2704/2/3 2718/2/3
f 2720/2/3 2704/2/3 2719/2/3
f 2721/2/3 2704/2/3 2720/2/3
f 2722/2/3 2714/2/3 2683/2/3
f 2722/2/3 2715/2/3 2714/2/3
f 2723/1/3 2716/1/3 2715/1/3
f 2723/2/3 2715/2/3 2722/2/3
f 2723/1/3 2717/1/3 2716/1/3
f 2724/2/3 2718/2/3 2693/2/3
f 2724/3/3 2719/3/3 2718/3/3
f 2725/2/3 2720/2/3 2719/2/3
f 2725/3/3 2719/3/3 2724/3/3
f 2726/3/3 2705/3/3 2704/3/3
f 2726/2/3 2704/2/3 2721/2/3
f 2727/2/3 2706/2/3 2705/2/3
f 2727/3/3 2705/3/3 2726/3/3
f 2728/4/3 2699/4/3 2706/4/3
f 2728/2/3 2706/2/3 2727/2/3
f 2729/1/3 2711/1/3 2717/1/3
f 2729/1/3 2717/1/3 2723/1/3
f 2729/1/3 2723/1/3 2722/1/3
f 2730/1/3 2711/1/3 2729/1/3
f 2731/2/3 2701/2/3 2711/2/3
f 2731/1/3 2711/1/3 2730/1/3
f 2732/6/3 2692/6/3 2701/6/3
f 2732/2/3 2701/2/3 2731/2/3
f 2733/2/3 2724/2/3 2693/2/3
f 2733/3/3 2693/3/3 2692/3/3
f 2733/2/3 2725/2/3 2724/2/3
f 2734/2/3 2725/2/3 2733/2/3
f 2735/2/3 2730/2/3 2729/2/3
f 2735/1/3 2729/1/3 2722/1/3
f 2736/1/3 2732/1/3 2731/1/3
f 2736/2/3 2730/2/3 2735/2/3
f 2736/1/3 2731/1/3 2730/1/3
f 2737/6/3 2692/6/3 2732/6/3
f 2737/1/3 2732/1/3 2736/1/3
f 2738/3/3 2733/3/3 2692/3/3
f 2738/3/3 2734/3/3 2733/3/3
f 2739/2/3 2725/2/3 2734/2/3
f 2739/3/3 2734/3/3 2738/3/3
f 2740/2/3 2722/2/3 2683/2/3
f 2740/1/3 2736/1/3 2735/1/3
f 2740/1/3 2735/1/3 2722/1/3
f 2741/1/3 2736/1/3 2740/1/3
f 2742/2/3 2737/2/3 2736/2/3
f 2742/1/3 2736/1/3 2741/1/3
f 2743/2/3 2737/2/3 2742/2/3
f 2744/2/3 2725/2/3 2739/2/3
f 2744/2/3 2739/2/3 2738/2/3
f 2745/2/3 2725/2/3 2744/2/3
f 2746/2/3 2720/2/3 2725/2/3
f 2746/2/3 2725/2/3 2745/2/3
f 2746/3/3 2721/3/3 2720/3/3
f 2747/2/3 2727/2/3 2726/2/3
f 2747/3/3 2721/3/3 2746/3/3
f 2747/2/3 2726/2/3 2721/2/3
f 2748/2/3 2727/2/3 2747/2/3
f 2749/3/3 2728/3/3 2727/3/3
f 2749/2/3 2727/2/3 2748/2/3
f 2750/4/3 2699/4/3 2728/4/3
f 2750/3/3 2728/3/3 2749/3/3
f 2751/2/3 2741/2/3 2740/2/3
f 2751/2/3 2740/2/3 2683/2/3
f 2752/1/3 2742/1/3 2741/1/3
f 2752/2/3 2741/2/3 2751/2/3
f 2752/1/3 2743/1/3 2742/1/3
f 2753/3/3 2745/3/3 2744/3/3
f 2753/2/3 2744/2/3 2738/2/3
f 2754/2/3 2746/2/3 2745/2/3
f 2754/3/3 2745/3/3 2753/3/3
f 2754/2/3 2747/2/3 2746/2/3
f 2754/2/3 2748/2/3 2747/2/3
f 2755/1/3 2743/1/3 2752/1/3
f 2755/1/3 2752/1/3 2751/1/3
f 2756/2/3 2737/2/3 2743/2/3
f 2756/1/3 2743/1/3 2755/1/3
f 2757/3/3 2749/3/3 2748/3/3
f 2757/2/3 2748/2/3 2754/2/3
f 2757/2/3 2754/2/3 2753/2/3
f 2758/2/3 2750/2/3 2749/2/3
f 2758/3/3 2749/3/3 2757/3/3
f 2759/4/3 2699/4/3 2750/4/3
f 2759/2/3 2750/2/3 2758/2/3
f 2760/1/3 2755/1/3 2751/1/3
f 2761/2/3 2756/2/3 2755/2/3
f 2761/1/3 2755/1/3 2760/1/3
f 2762/2/3 2737/2/3 2756/2/3
f 2762/2/3 2756/2/3 2761/2/3
f 2762/6/3 2692/6/3 2737/6/3
f 2763/2/3 2753/2/3 2738/2/3
f 2763/2/3 2757/2/3 2753/2/3
f 2763/3/3 2738/3/3 2692/3/3
f 2763/2/3 2758/2/3 2757/2/3
f 2764/2/3 2758/2/3 2763/2/3
f 2765/2/3 2758/2/3 2764/2/3
f 2766/2/3 2758/2/3 2765/2/3
f 2767/1/3 2760/1/3 2751/1/3
f 2768/1/3 2760/1/3 2767/1/3
f 2769/1/3 2762/1/3 2761/1/3
f 2770/6/3 2692/6/3 2762/6/3
f 2770/1/3 2762/1/3 2769/1/3
f 2771/3/3 2763/3/3 2692/3/3
f 2771/3/3 2764/3/3 2763/3/3
f 2772/2/3 2765/2/3 2764/2/3
f 2772/3/3 2764/3/3 2771/3/3
f 2773/2/3 2765/2/3 2772/2/3
f 2774/3/3 2766/3/3 2765/3/3
f 2774/2/3 2765/2/3 2773/2/3
f 2775/2/3 2758/2/3 2766/2/3
f 2775/3/3 2766/3/3 2774/3/3
f 2776/1/3 2767/1/3 2751/1/3
f 2776/2/3 2768/2/3 2767/2/3
f 2777/1/3 2760/1/3 2768/1/3
f 2777/2/3 2768/2/3 2776/2/3
f 2778/1/3 2760/1/3 2777/1/3
f 2779/2/3 2761/2/3 2760/2/3
f 2779/1/3 2760/1/3 2778/1/3
f 2780/3/3 2773/3/3 2772/3/3
f 2780/2/3 2772/2/3 2771/2/3
f 2781/2/3 2774/2/3 2773/2/3
f 2781/3/3 2773/3/3 2780/3/3
f 2781/2/3 2775/2/3 2774/2/3
f 2782/2/3 2758/2/3 2775/2/3
f 2782/2/3 2775/2/3 2781/2/3
f 2783/2/3 2758/2/3 2782/2/3
f 2784/2/3 2758/2/3 2783/2/3
f 2785/3/3 2759/3/3 2758/3/3
f 2785/2/3 2758/2/3 2784/2/3
f 2786/4/3 2699/4/3 2759/4/3
f 2786/3/3 2759/3/3 2785/3/3
f 2787/2/3 2781/2/3 2780/2/3
f 2787/2/3 2782/2/3 2781/2/3
f 2788/2/3 2782/2/3 2787/2/3
f 2789/2/3 2751/2/3 2683/2/3
f 2789/1/3 2778/1/3 2777/1/3
f 2789/1/3 2776/1/3 2751/1/3
f 2789/1/3 2777/1/3 2776/1/3
f 2790/1/3 2778/1/3 2789/1/3
f 2791/2/3 2779/2/3 2778/2/3
f 2792/2/3 2761/2/3 2779/2/3
f 2792/2/3 2779/2/3 2791/2/3
f 2793/1/3 2769/1/3 2761/1/3
f 2793/2/3 2761/2/3 2792/2/3
f 2794/2/3 2787/2/3 2780/2/3
f 2794/2/3 2780/2/3 2771/2/3
f 2794/3/3 2771/3/3 2692/3/3
f 2795/2/3 2787/2/3 2794/2/3
f 2796/3/3 2788/3/3 2787/3/3
f 2796/2/3 2787/2/3 2795/2/3
f 2797/2/3 2782/2/3 2788/2/3
f 2797/3/3 2788/3/3 2796/3/3
f 2798/3/3 2783/3/3 2782/3/3
f 2798/2/3 2782/2/3 2797/2/3
f 2799/2/3 2784/2/3 2783/2/3
f 2799/3/3 2783/3/3 2798/3/3
f 2800/2/3 2790/2/3 2789/2/3
f 2800/2/3 2789/2/3 2683/2/3
f 2801/1/3 2778/1/3 2790/1/3
f 2801/2/3 2790/2/3 2800/2/3
f 2802/1/3 2769/1/3 2793/1/3
f 2802/1/3 2793/1/3 2792/1/3
f 2803/2/3 2770/2/3 2769/2/3
f 2803/1/3 2769/1/3 2802/1/3
f 2804/3/3 2795/3/3 2794/3/3
f 2804/3/3 2794/3/3 2692/3/3
f 2805/2/3 2796/2/3 2795/2/3
f 2805/3/3 2795/3/3 2804/3/3
f 2805/2/3 2798/2/3 2797/2/3
f 2805/2/3 2799/2/3 2798/2/3
f 2805/2/3 2797/2/3 2796/2/3
f 2806/1/3 2802/1/3 2792/1/3
f 2807/2/3 2803/2/3 2802/2/3
f 2807/1/3 2802/1/3 2806/1/3
f 2808/2/3 2770/2/3 2803/2/3
f 2808/2/3 2803/2/3 2807/2/3
f 2808/6/3 2692/6/3 2770/6/3
f 2809/3/3 2785/3/3 2784/3/3
f 2809/2/3 2784/2/3 2799/2/3
f 2809/2/3 2805/2/3 2804/2/3
f 2809/2/3 2799/2/3 2805/2/3
f 2810/2/3 2786/2/3 2785/2/3
f 2810/3/3 2785/3/3 2809/3/3
f 2811/4/3 2699/4/3 2786/4/3
f 2811/2/3 2786/2/3 2810/2/3
f 2812/2/3 2800/2/3 2683/2/3
f 2813/1/3 2801/1/3 2800/1/3
f 2813/2/3 2800/2/3 2812/2/3
f 2814/1/3 2778/1/3 2801/1/3
f 2814/1/3 2801/1/3 2813/1/3
f 2814/2/3 2791/2/3 2778/2/3
f 2815/2/3 2791/2/3 2814/2/3
f 2816/1/3 2806/1/3 2792/1/3
f 2817/2/3 2807/2/3 2806/2/3
f 2817/1/3 2806/1/3 2816/1/3
f 2818/1/3 2808/1/3 2807/1/3
f 2818/2/3 2807/2/3 2817/2/3
f 2819/6/3 2692/6/3 2808/6/3
f 2819/1/3 2808/1/3 2818/1/3
f 2820/3/3 2804/3/3 2692/3/3
f 2820/6/3 2692/6/3 2819/6/3
f 2821/2/3 2810/2/3 2809/2/3
f 2821/3/3 2804/3/3 2820/3/3
f 2821/2/3 2809/2/3 2804/2/3
f 2822/3/3 2811/3/3 2810/3/3
f 2822/2/3 2810/2/3 2821/2/3
f 2823/4/3 2699/4/3 2811/4/3
f 2823/3/3 2811/3/3 2822/3/3
f 2824/4/3 2699/4/3 2823/4/3
f 2828/2/3 2826/2/3 2825/2/3
f 2829/3/3 2827/3/3 2826/3/3
f 2829/2/3 2826/2/3 2828/2/3
f 2830/3/3 2827/3/3 2829/3/3
f 2833/4/3 2832/4/3 2831/4/3
f 2834/4/3 2832/4/3 2833/4/3
f 2838/3/3 2836/3/3 2835/3/3
f 2839/2/3 2837/2/3 2836/2/3
f 2839/3/3 2836/3/3 2838/3/3
f 2840/2/3 2839/2/3 2838/2/3
f 2840/2/3 2837/2/3 2839/2/3
f 2841/2/3 2837/2/3 2840/2/3
f 2842/2/3 2840/2/3 2838/2/3
f 2842/3/3 2841/3/3 2840/3/3
f 2843/2/3 2837/2/3 2841/2/3
f 2843/3/3 2841/3/3 2842/3/3
f 2844/2/3 2842/2/3 2838/2/3
f 2844/2/3 2843/2/3 2842/2/3
f 2845/2/3 2843/2/3 2844/2/3
f 2846/3/3 2845/3/3 2844/3/3
f 2847/2/3 2843/2/3 2845/2/3
f 2847/3/3 2845/3/3 2846/3/3
f 2848/2/3 2847/2/3 2846/2/3
f 2849/2/3 2843/2/3 2847/2/3
f 2849/2/3 2847/2/3 2848/2/3
f 2850/3/3 2849/3/3 2848/3/3
f 2851/2/3 2843/2/3 2849/2/3
f 2851/3/3 2849/3/3 2850/3/3
f 2852/2/3 2851/2/3 2850/2/3
f 2852/2/3 2843/2/3 2851/2/3
f 2853/2/3 2843/2/3 2852/2/3
f 2854/2/3 2852/2/3 2850/2/3
f 2854/3/3 2853/3/3 2852/3/3
f 2855/2/3 2843/2/3 2853/2/3
f 2855/3/3 2853/3/3 2854/3/3
f 2856/2/3 2854/2/3 2850/2/3
f 2856/2/3 2855/2/3 2854/2/3
f 2857/2/3 2843/2/3 2855/2/3
f 2857/2/3 2855/2/3 2856/2/3
f 2858/3/3 2857/3/3 2856/3/3
f 2859/2/3 2843/2/3 2857/2/3
f 2859/3/3 2857/3/3 2858/3/3
f 2860/2/3 2837/2/3 2843/2/3
f 2860/2/3 2843/2/3 2859/2/3
f 2861/2/3 2837/2/3 2860/2/3
f 2866/3/3 2863/3/3 2862/3/3
f 2867/4/3 2865/4/3 2864/4/3
f 2867/3/3 2863/3/3 2866/3/3
f 2867/4/3 2864/4/3 2863/4/3
f 2868/4/3 2865/4/3 2867/4/3
f 2869/4/4 2870/4/4 2873/4/4
f 2871/4/4 2872/4/4 2874/4/4
f 2869/4/4 2873/4/4 2875/4/4
f 2873/4/4 2874/4/4 2875/4/4
f 2874/4/4 2872/4/4 2876/4/4
f 2875/4/4 2874/4/4 2876/4/4
f 2869/4/4 2875/4/4 2877/4/4
f 2876/4/4 2872/4/4 2878/4/4
f 2869/4/4 2877/4/4 2879/4/4
f 2877/4/4 2878/4/4 2879/4/4
f 2878/4/4 2872/4/4 2880/4/4
f 2879/4/4 2878/4/4 2880/4/4
f 2869/4/4 2879/4/4 2881/4/4
f 2881/4/4 2879/4/4 2882/4/4
f 2880/4/4 2872/4/4 2883/4/4
f 2883/4/4 2872/4/4 2884/4/4
f 2885/4/4 2886/4/4 2887/4/4
f 2887/4/4 2886/4/4 2888/4/4
f 2889/2/4 2890/2/4 2891/2/4
f 2891/2/4 2890/2/4 2892/2/4
f 2891/3/4 2892/3/4 2893/3/4
f 2893/3/4 2892/3/4 2894/3/4
f 2892/2/4 2890/2/4 2895/2/4
f 2894/3/4 2892/3/4 2895/3/4
f 2895/2/4 2890/2/4 2896/2/4
f 2897/4/4 2898/4/4 2906/4/4
f 2906/4/4 2898/4/4 2907/4/4
f 2899/6/4 2900/6/4 2908/6/4
f 2908/6/4 2900/6/4 2909/6/4
f 2901/6/4 2902/6/4 2910/6/4
f 2902/4/4 2903/4/4 2911/4/4
f 2910/6/4 2902/6/4 2911/6/4
f 2911/4/4 2903/4/4 2912/4/4
f 2904/4/4 2905/4/4 2913/4/4
f 2913/4/4 2905/4/4 2914/4/4
f 2893/2/4 2894/2/4 2915/2/4
f 2894/3/4 2895/3/4 2915/3/4
f 2895/3/4 2896/3/4 2915/3/4
f 2896/2/4 2890/2/4 2916/2/4
f 2915/3/4 2896/3/4 2916/3/4
f 2916/2/4 2890/2/4 2917/2/4
f 2915/2/4 2916/2/4 2917/2/4
f 2917/2/4 2890/2/4 2918/2/4
f 2893/2/4 2915/2/4 2919/2/4
f 2915/2/4 2917/2/4 2919/2/4
f 2919/2/4 2917/2/4 2920/2/4
f 2917/3/4 2918/3/4 2921/3/4
f 2920/2/4 2917/2/4 2921/2/4
f 2921/3/4 2918/3/4 2922/3/4
f 2919/3/4 2920/3/4 2923/3/4
f 2920/2/4 2921/2/4 2924/2/4
f 2923/3/4 2920/3/4 2924/3/4
f 2921/2/4 2922/2/4 2924/2/4
f 2925/4/4 2926/4/4 2931/4/4
f 2931/4/4 2926/4/4 2932/4/4
f 2927/4/4 2928/4/4 2933/4/4
f 2933/4/4 2928/4/4 2934/4/4
f 2934/4/4 2928/4/4 2935/4/4
f 2935/4/4 2928/4/4 2936/4/4
f 2929/4/4 2930/4/4 2937/4/4
f 2937/4/4 2930/4/4 2938/4/4
f 2923/2/4 2924/2/4 2939/2/4
f 2924/2/4 2922/2/4 2939/2/4
f 2939/2/4 2922/2/4 2940/2/4
f 2939/3/4 2940/3/4 2941/3/4
f 2923/2/4 2939/2/4 2941/2/4
f 2940/2/4 2922/2/4 2942/2/4
f 2941/3/4 2940/3/4 2942/3/4
f 2923/2/4 2941/2/4 2943/2/4
f 2941/2/4 2942/2/4 2943/2/4
f 2943/2/4 2942/2/4 2944/2/4
f 2943/3/4 2944/3/4 2945/3/4
f 2944/2/4 2942/2/4 2946/2/4
f 2945/3/4 2944/3/4 2946/3/4
f 2942/2/4 2922/2/4 2947/2/4
f 2946/2/4 2942/2/4 2947/2/4
f 2947/2/4 2922/2/4 2948/2/4
f 2945/2/4 2946/2/4 2949/2/4
f 2946/2/4 2947/2/4 2949/2/4
f 2947/3/4 2948/3/4 2949/3/4
f 2949/3/4 2948/3/4 2950/3/4
f 2945/2/4 2949/2/4 2951/2/4
f 2949/2/4 2950/2/4 2951/2/4
f 2951/2/4 2950/2/4 2952/2/4
f 2951/3/4 2952/3/4 2953/3/4
f 2952/2/4 2950/2/4 2954/2/4
f 2953/3/4 2952/3/4 2954/3/4
f 2954/2/4 2950/2/4 2955/2/4
f 2956/4/4 2957/4/4 2958/4/4
f 2958/4/4 2957/4/4 2959/4/4
f 2960/2/4 2961/2/4 2963/2/4
f 2961/3/4 2962/3/4 2964/3/4
f 2963/2/4 2961/2/4 2964/2/4
f 2964/3/4 2962/3/4 2965/3/4
f 2966/2/4 2967/2/4 2980/2/4
f 2967/2/4 2968/2/4 2980/2/4
f 2968/1/4 2969/1/4 2981/1/4
f 2980/2/4 2968/2/4 2981/2/4
f 2969/2/4 2970/2/4 2982/2/4
f 2981/1/4 2969/1/4 2982/1/4
f 2970/1/4 2971/1/4 2983/1/4
f 2982/2/4 2970/2/4 2983/2/4
f 2971/2/4 2972/2/4 2984/2/4
f 2983/1/4 2971/1/4 2984/1/4
f 2972/1/4 2973/1/4 2985/1/4
f 2984/2/4 2972/2/4 2985/2/4
f 2973/6/4 2974/6/4 2986/6/4
f 2985/1/4 2973/1/4 2986/1/4
f 2976/2/4 2977/2/4 2987/2/4
f 2977/3/4 2978/3/4 2988/3/4
f 2987/2/4 2977/2/4 2988/2/4
f 2978/4/4 2979/4/4 2989/4/4
f 2988/3/4 2978/3/4 2989/3/4
f 2980/1/4 2981/1/4 2990/1/4
f 2981/1/4 2982/1/4 2990/1/4
f 2982/1/4 2983/1/4 2990/1/4
f 2985/2/4 2986/2/4 2990/2/4
f 2983/1/4 2984/1/4 2990/1/4
f 2984/1/4 2985/1/4 2990/1/4
f 2990/2/4 2986/2/4 2991/2/4
f 2976/2/4 2987/2/4 2992/2/4
f 2992/2/4 2987/2/4 2993/2/4
f 2993/2/4 2987/2/4 2994/2/4
f 2994/2/4 2987/2/4 2995/2/4
f 2974/3/4 2975/3/4 2996/3/4
f 2976/2/4 2992/2/4 2997/2/4
f 2992/3/4 2993/3/4 2998/3/4
f 2997/2/4 2992/2/4 2998/2/4
f 2993/2/4 2994/2/4 2999/2/4
f 2998/3/4 2993/3/4 2999/3/4
f 2994/3/4 2995/3/4 3000/3/4
f 2999/2/4 2994/2/4 3000/2/4
f 2995/2/4 2987/2/4 3001/2/4
f 3000/3/4 2995/3/4 3001/3/4
f 2980/1/4 2990/1/4 3002/1/4
f 2990/1/4 2991/1/4 3002/1/4
f 3002/1/4 2991/1/4 3003/1/4
f 2974/3/4 2996/3/4 3004/3/4
f 2996/3/4 2997/3/4 3004/3/4
f 2999/2/4 3000/2/4 3005/2/4
f 3004/3/4 2997/3/4 3005/3/4
f 3000/2/4 3001/2/4 3005/2/4
f 2997/2/4 2998/2/4 3005/2/4
f 2998/2/4 2999/2/4 3005/2/4
f 2980/1/4 3002/1/4 3006/1/4
f 3002/2/4 3003/2/4 3006/2/4
f 3003/1/4 2991/1/4 3007/1/4
f 3006/2/4 3003/2/4 3007/2/4
f 3007/1/4 2991/1/4 3008/1/4
f 3008/1/4 2991/1/4 3009/1/4
f 3009/1/4 2991/1/4 3010/1/4
f 3010/1/4 2991/1/4 3011/1/4
f 3011/1/4 2991/1/4 3012/1/4
f 3005/2/4 3001/2/4 3013/2/4
f 3004/2/4 3005/2/4 3013/2/4
f 3013/2/4 3001/2/4 3014/2/4
f 2987/3/4 2988/3/4 3015/3/4
f 3014/2/4 3001/2/4 3015/2/4
f 3001/2/4 2987/2/4 3015/2/4
f 2988/2/4 2989/2/4 3016/2/4
f 3015/3/4 2988/3/4 3016/3/4
f 2989/4/4 2979/4/4 3017/4/4
f 3016/2/4 2989/2/4 3017/2/4
f 2980/1/4 3006/1/4 3018/1/4
f 3006/1/4 3007/1/4 3018/1/4
f 3007/2/4 3008/2/4 3019/2/4
f 3018/1/4 3007/1/4 3019/1/4
f 3008/1/4 3009/1/4 3020/1/4
f 3019/2/4 3008/2/4 3020/2/4
f 3020/1/4 3009/1/4 3021/1/4
f 3009/2/4 3010/2/4 3022/2/4
f 3021/1/4 3009/1/4 3022/1/4
f 3010/1/4 3011/1/4 3023/1/4
f 3022/2/4 3010/2/4 3023/2/4
f 3011/2/4 3012/2/4 3024/2/4
f 3023/1/4 3011/1/4 3024/1/4
f 3012/1/4 2991/1/4 3025/1/4
f 3024/2/4 3012/2/4 3025/2/4
f 2991/2/4 2986/2/4 3026/2/4
f 3025/1/4 2991/1/4 3026/1/4
f 2986/6/4 2974/6/4 3027/6/4
f 3026/2/4 2986/2/4 3027/2/4
f 2974/3/4 3004/3/4 3028/3/4
f 3027/6/4 2974/6/4 3028/6/4
f 3004/2/4 3013/2/4 3029/2/4
f 3028/3/4 3004/3/4 3029/3/4
f 3013/3/4 3014/3/4 3030/3/4
f 3029/2/4 3013/2/4 3030/2/4
f 3015/2/4 3016/2/4 3031/2/4
f 3030/3/4 3014/3/4 3031/3/4
f 3014/2/4 3015/2/4 3031/2/4
f 3031/2/4 3016/2/4 3032/2/4
f 3019/1/4 3020/1/4 3033/1/4
f 3018/2/4 3019/2/4 3033/2/4
f 3020/1/4 3021/1/4 3033/1/4
f 3021/2/4 3022/2/4 3034/2/4
f 3033/1/4 3021/1/4 3034/1/4
f 3022/1/4 3023/1/4 3035/1/4
f 3034/2/4 3022/2/4 3035/2/4
f 3023/6/4 3024/6/4 3036/6/4
f 3035/1/4 3023/1/4 3036/1/4
f 3024/2/4 3025/2/4 3037/2/4
f 3036/6/4 3024/6/4 3037/6/4
f 3025/6/4 3026/6/4 3038/6/4
f 3037/2/4 3025/2/4 3038/2/4
f 3026/6/4 3027/6/4 3038/6/4
f 3027/6/4 3028/6/4 3038/6/4
f 3028/2/4 3029/2/4 3039/2/4
f 3038/6/4 3028/6/4 3039/6/4
f 3029/3/4 3030/3/4 3040/3/4
f 3039/2/4 3029/2/4 3040/2/4
f 3030/3/4 3031/3/4 3040/3/4
f 3031/3/4 3032/3/4 3040/3/4
f 3040/3/4 3032/3/4 3041/3/4
f 3032/2/4 3016/2/4 3042/2/4
f 3041/3/4 3032/3/4 3042/3/4
f 3042/2/4 3016/2/4 3043/2/4
f 3016/3/4 3017/3/4 3044/3/4
f 3043/2/4 3016/2/4 3044/2/4
f 3017/4/4 2979/4/4 3045/4/4
f 3044/3/4 3017/3/4 3045/3/4
f 2966/2/4 2980/2/4 3046/2/4
f 2980/1/4 3018/1/4 3046/1/4
f 3018/2/4 3033/2/4 3047/2/4
f 3046/1/4 3018/1/4 3047/1/4
f 3047/2/4 3033/2/4 3048/2/4
f 2966/2/4 3046/2/4 3049/2/4
f 3046/2/4 3047/2/4 3049/2/4
f 3047/1/4 3048/1/4 3050/1/4
f 3049/2/4 3047/2/4 3050/2/4
f 3049/1/4 3050/1/4 3051/1/4
f 3050/1/4 3048/1/4 3051/1/4
f 3051/1/4 3048/1/4 3052/1/4
f 3042/2/4 3043/2/4 3053/2/4
f 3043/3/4 3044/3/4 3053/3/4
f 3044/2/4 3045/2/4 3054/2/4
f 3053/3/4 3044/3/4 3054/3/4
f 3045/4/4 2979/4/4 3055/4/4
f 3054/2/4 3045/2/4 3055/2/4
f 3051/2/4 3052/2/4 3056/2/4
f 3049/1/4 3051/1/4 3056/1/4
f 3056/2/4 3052/2/4 3057/2/4
f 3039/2/4 3040/2/4 3063/2/4
f 3040/6/4 3041/6/4 3064/6/4
f 3063/2/4 3040/2/4 3064/2/4
f 3064/6/4 3041/6/4 3065/6/4
f 3053/2/4 3054/2/4 3066/2/4
f 3042/2/4 3053/2/4 3066/2/4
f 3056/1/4 3057/1/4 3067/1/4
f 3057/1/4 3058/1/4 3067/1/4
f 3067/1/4 3058/1/4 3068/1/4
f 3058/2/4 3059/2/4 3069/2/4
f 3068/1/4 3058/1/4 3069/1/4
f 3059/1/4 3060/1/4 3070/1/4
f 3069/2/4 3059/2/4 3070/2/4
f 3070/1/4 3060/1/4 3071/1/4
f 3060/2/4 3061/2/4 3072/2/4
f 3071/1/4 3060/1/4 3072/1/4
f 3061/1/4 3062/1/4 3073/1/4
f 3072/2/4 3061/2/4 3073/2/4
f 3073/1/4 3062/1/4 3074/1/4
f 3062/6/4 3063/6/4 3075/6/4
f 3074/1/4 3062/1/4 3075/1/4
f 3063/2/4 3064/2/4 3076/2/4
f 3075/6/4 3063/6/4 3076/6/4
f 3064/3/4 3065/3/4 3077/3/4
f 3076/2/4 3064/2/4 3077/2/4
f 3065/3/4 3066/3/4 3077/3/4
f 3066/2/4 3054/2/4 3078/2/4
f 3077/3/4 3066/3/4 3078/3/4
f 2966/2/4 3049/2/4 3079/2/4
f 3049/1/4 3056/1/4 3079/1/4
f 3056/1/4 3067/1/4 3079/1/4
f 3079/1/4 3067/1/4 3080/1/4
f 3067/2/4 3068/2/4 3081/2/4
f 3080/1/4 3067/1/4 3081/1/4
f 3068/1/4 3069/1/4 3082/1/4
f 3081/2/4 3068/2/4 3082/2/4
f 3069/1/4 3070/1/4 3082/1/4
f 3070/2/4 3071/2/4 3083/2/4
f 3082/1/4 3070/1/4 3083/1/4
f 3071/1/4 3072/1/4 3084/1/4
f 3083/2/4 3071/2/4 3084/2/4
f 3073/1/4 3074/1/4 3084/1/4
f 3072/1/4 3073/1/4 3084/1/4
f 3077/2/4 3078/2/4 3085/2/4
f 3085/2/4 3078/2/4 3086/2/4
f 3078/2/4 3054/2/4 3087/2/4
f 3086/2/4 3078/2/4 3087/2/4
f 3054/3/4 3055/3/4 3088/3/4
f 3087/2/4 3054/2/4 3088/2/4
f 3055/4/4 2979/4/4 3089/4/4
f 3088/3/4 3055/3/4 3089/3/4
f 2966/2/4 3079/2/4 3090/2/4
f 3079/2/4 3080/2/4 3090/2/4
f 3082/1/4 3083/1/4 3091/1/4
f 3090/2/4 3080/2/4 3091/2/4
f 3080/1/4 3081/1/4 3091/1/4
f 3081/1/4 3082/1/4 3091/1/4
f 3083/1/4 3084/1/4 3091/1/4
f 3084/1/4 3074/1/4 3092/1/4
f 3091/1/4 3084/1/4 3092/1/4
f 3092/1/4 3074/1/4 3093/1/4
f 3086/2/4 3087/2/4 3094/2/4
f 3085/3/4 3086/3/4 3094/3/4
f 3094/2/4 3087/2/4 3095/2/4
f 3090/1/4 3091/1/4 3096/1/4
f 3091/1/4 3092/1/4 3096/1/4
f 3096/1/4 3092/1/4 3097/1/4
f 3092/2/4 3093/2/4 3098/2/4
f 3097/1/4 3092/1/4 3098/1/4
f 3093/1/4 3074/1/4 3099/1/4
f 3098/2/4 3093/2/4 3099/2/4
f 3077/2/4 3085/2/4 3100/2/4
f 3100/2/4 3085/2/4 3101/2/4
f 3101/2/4 3085/2/4 3102/2/4
f 3102/2/4 3085/2/4 3103/2/4
f 3094/3/4 3095/3/4 3104/3/4
f 3103/2/4 3085/2/4 3104/2/4
f 3085/3/4 3094/3/4 3104/3/4
f 3096/2/4 3097/2/4 3105/2/4
f 3090/1/4 3096/1/4 3105/1/4
f 3097/1/4 3098/1/4 3106/1/4
f 3105/2/4 3097/2/4 3106/2/4
f 3098/1/4 3099/1/4 3106/1/4
f 3099/1/4 3074/1/4 3107/1/4
f 3106/1/4 3099/1/4 3107/1/4
f 3074/2/4 3075/2/4 3108/2/4
f 3107/1/4 3074/1/4 3108/1/4
f 3100/3/4 3101/3/4 3109/3/4
f 3077/2/4 3100/2/4 3109/2/4
f 3101/2/4 3102/2/4 3110/2/4
f 3109/3/4 3101/3/4 3110/3/4
f 3106/1/4 3107/1/4 3111/1/4
f 3105/1/4 3106/1/4 3111/1/4
f 3111/1/4 3107/1/4 3112/1/4
f 3112/1/4 3107/1/4 3113/1/4
f 3107/2/4 3108/2/4 3114/2/4
f 3113/1/4 3107/1/4 3114/1/4
f 3075/6/4 3076/6/4 3115/6/4
f 3114/2/4 3108/2/4 3115/2/4
f 3108/2/4 3075/2/4 3115/2/4
f 3104/3/4 3095/3/4 3116/3/4
f 3095/2/4 3087/2/4 3117/2/4
f 3116/3/4 3095/3/4 3117/3/4
f 3087/3/4 3088/3/4 3118/3/4
f 3117/2/4 3087/2/4 3118/2/4
f 3088/2/4 3089/2/4 3119/2/4
f 3118/3/4 3088/3/4 3119/3/4
f 3089/4/4 2979/4/4 3120/4/4
f 3119/2/4 3089/2/4 3120/2/4
f 2966/2/4 3090/2/4 3121/2/4
f 3090/1/4 3105/1/4 3122/1/4
f 3121/2/4 3090/2/4 3122/2/4
f 3105/1/4 3111/1/4 3122/1/4
f 3111/2/4 3112/2/4 3123/2/4
f 3122/1/4 3111/1/4 3123/1/4
f 3112/1/4 3113/1/4 3124/1/4
f 3123/2/4 3112/2/4 3124/2/4
f 3113/2/4 3114/2/4 3125/2/4
f 3124/1/4 3113/1/4 3125/1/4
f 3114/1/4 3115/1/4 3126/1/4
f 3125/2/4 3114/2/4 3126/2/4
f 3115/6/4 3076/6/4 3127/6/4
f 3126/1/4 3115/1/4 3127/1/4
f 3076/3/4 3077/3/4 3128/3/4
f 3127/6/4 3076/6/4 3128/6/4
f 3109/2/4 3110/2/4 3129/2/4
f 3128/3/4 3077/3/4 3129/3/4
f 3077/2/4 3109/2/4 3129/2/4
f 3129/2/4 3110/2/4 3130/2/4
f 3110/2/4 3102/2/4 3131/2/4
f 3130/2/4 3110/2/4 3131/2/4
f 3102/3/4 3103/3/4 3131/3/4
f 3131/3/4 3103/3/4 3132/3/4
f 3116/2/4 3117/2/4 3133/2/4
f 3118/2/4 3119/2/4 3133/2/4
f 3117/2/4 3118/2/4 3133/2/4
f 3119/3/4 3120/3/4 3134/3/4
f 3133/2/4 3119/2/4 3134/2/4
f 3120/4/4 2979/4/4 3135/4/4
f 3134/3/4 3120/3/4 3135/3/4
f 3135/4/4 2979/4/4 3136/4/4
f 3137/2/4 3138/2/4 3140/2/4
f 3138/3/4 3139/3/4 3141/3/4
f 3140/2/4 3138/2/4 3141/2/4
f 3141/3/4 3139/3/4 3142/3/4
f 3143/5/4 3144/5/4 3148/5/4
f 3144/6/4 3145/6/4 3149/6/4
f 3148/5/4 3144/5/4 3149/5/4
f 3149/6/4 3145/6/4 3150/6/4
f 3146/3/4 3147/3/4 3151/3/4
f 3151/3/4 3147/3/4 3152/3/4
f 3153/3/4 3154/3/4 3155/3/4
f 3155/3/4 3154/3/4 3156/3/4
f 3157/4/4 3158/4/4 3161/4/4
f 3161/4/4 3158/4/4 3162/4/4
f 3162/4/4 3158/4/4 3163/4/4
f 3163/4/4 3158/4/4 3164/4/4
f 3164/4/4 3158/4/4 3165/4/4
f 3165/4/4 3158/4/4 3166/4/4
f 3166/4/4 3158/4/4 3167/4/4
f 3167/4/4 3158/4/4 3168/4/4
f 3168/4/4 3158/4/4 3169/4/4
f 3169/4/4 3158/4/4 3170/4/4
f 3170/4/4 3158/4/4 3171/4/4
f 3171/4/4 3158/4/4 3172/4/4
f 3172/4/4 3158/4/4 3173/4/4
f 3173/4/4 3158/4/4 3174/4/4
f 3159/4/4 3160/4/4 3175/4/4
f 3175/4/4 3160/4/4 3176/4/4
f 3176/4/4 3160/4/4 3177/4/4
f 3177/4/4 3160/4/4 3178/4/4
f 3178/4/4 3160/4/4 3179/4/4
f 3179/4/4 3160/4/4 3180/4/4
f 3180/4/4 3160/4/4 3181/4/4
f 3181/4/4 3160/4/4 3182/4/4
f 3182/4/4 3160/4/4 3183/4/4
f 3183/4/4 3160/4/4 3184/4/4
f 3184/4/4 3160/4/4 3185/4/4
f 3185/4/4 3160/4/4 3186/4/4
f 3186/4/4 3160/4/4 3187/4/4
f 3187/4/4 3160/4/4 3188/4/4
f 3157/4/4 3161/4/4 3189/4/4
f 3162/4/4 3163/4/4 3190/4/4
f 3190/4/4 3163/4/4 3191/4/4
f 3164/4/4 3165/4/4 3192/4/4
f 3192/4/4 3165/4/4 3193/4/4
f 3166/4/4 3167/4/4 3194/4/4
f 3194/4/4 3167/4/4 3195/4/4
f 3168/4/4 3169/4/4 3196/4/4
f 3196/4/4 3169/4/4 3197/4/4
f 3170/4/4 3171/4/4 3198/4/4
f 3198/4/4 3171/4/4 3199/4/4
f 3172/4/4 3173/4/4 3200/4/4
f 3200/4/4 3173/4/4 3201/4/4
f 3174/4/4 3158/4/4 3202/4/4
f 3159/4/4 3175/4/4 3203/4/4
f 3176/4/4 3177/4/4 3204/4/4
f 3204/4/4 3177/4/4 3205/4/4
f 3178/4/4 3179/4/4 3206/4/4
f 3206/4/4 3179/4/4 3207/4/4
f 3180/4/4 3181/4/4 3208/4/4
f 3208/4/4 3181/4/4 3209/4/4
f 3182/4/4 3183/4/4 3210/4/4
f 3210/4/4 3183/4/4 3211/4/4
f 3184/4/4 3185/4/4 3212/4/4
f 3212/4/4 3185/4/4 3213/4/4
f 3186/4/4 3187/4/4 3214/4/4
f 3214/4/4 3187/4/4 3215/4/4
f 3188/4/4 3160/4/4 3216/4/4
f 3200/4/4 3201/4/4 3217/4/4
f 3157/4/4 3189/4/4 3217/4/4
f 3190/4/4 3191/4/4 3217/4/4
f 3192/4/4 3193/4/4 3217/4/4
f 3194/4/4 3195/4/4 3217/4/4
f 3196/4/4 3197/4/4 3217/4/4
f 3198/4/4 3199/4/4 3217/4/4
f 3201/4/4 3202/4/4 3217/4/4
f 3189/4/4 3190/4/4 3217/4/4
f 3191/4/4 3192/4/4 3217/4/4
f 3193/4/4 3194/4/4 3217/4/4
f 3195/4/4 3196/4/4 3217/4/4
f 3197/4/4 3198/4/4 3217/4/4
f 3199/4/4 3200/4/4 3217/4/4
f 3202/4/4 3158/4/4 3218/4/4
f 3217/4/4 3202/4/4 3218/4/4
f 3215/4/4 3216/4/4 3219/4/4
f 3214/4/4 3215/4/4 3219/4/4
f 3212/4/4 3213/4/4 3219/4/4
f 3210/4/4 3211/4/4 3219/4/4
f 3208/4/4 3209/4/4 3219/4/4
f 3203/4/4 3204/4/4 3219/4/4
f 3213/4/4 3214/4/4 3219/4/4
f 3206/4/4 3207/4/4 3219/4/4
f 3204/4/4 3205/4/4 3219/4/4
f 3205/4/4 3206/4/4 3219/4/4
f 3211/4/4 3212/4/4 3219/4/4
f 3159/4/4 3203/4/4 3219/4/4
f 3209/4/4 3210/4/4 3219/4/4
f 3207/4/4 3208/4/4 3219/4/4
f 3216/4/4 3160/4/4 3220/4/4
f 3219/4/4 3216/4/4 3220/4/4
f 3221/5/4 3222/5/4 3224/5/4
f 3222/6/4 3223/6/4 3225/6/4
f 3224/5/4 3222/5/4 3225/5/4
f 3225/6/4 3223/6/4 3226/6/4
f 3227/3/4 3228/3/4 3229/3/4
f 3229/3/4 3228/3/4 3230/3/4
f 3231/3/4 3232/3/4 3236/3/4
f 3232/2/4 3233/2/4 3237/2/4
f 3236/3/4 3232/3/4 3237/3/4
f 3237/2/4 3233/2/4 3238/2/4
f 3234/3/4 3235/3/4 3239/3/4
f 3239/3/4 3235/3/4 3240/3/4
f 3241/3/4 3242/3/4 3243/3/4
f 3243/3/4 3242/3/4 3244/3/4
f 3245/2/4 3246/2/4 3248/2/4
f 3246/3/4 3247/3/4 3249/3/4
f 3248/2/4 3246/2/4 3249/2/4
f 3249/3/4 3247/3/4 3250/3/4
f 3251/2/4 3252/2/4 3254/2/4
f 3252/3/4 3253/3/4 3255/3/4
f 3254/2/4 3252/2/4 3255/2/4
f 3255/3/4 3253/3/4 3256/3/4
f 3257/3/4 3258/3/4 3259/3/4
f 3259/3/4 3258/3/4 3260/3/4
f 3261/5/4 3262/5/4 3264/5/4
f 3262/6/4 3263/6/4 3265/6/4
f 3264/5/4 3262/5/4 3265/5/4
f 3265/6/4 3263/6/4 3266/6/4
f 3267/3/4 3268/3/4 3269/3/4
f 3269/3/4 3268/3/4 3270/3/4
f 3271/5/4 3272/5/4 3274/5/4
f 3272/6/4 3273/6/4 3275/6/4
f 3274/5/4 3272/5/4 3275/5/4
f 3275/6/4 3273/6/4 3276/6/4
f 3277/2/4 3278/2/4 3282/2/4
f 3278/1/4 3279/1/4 3283/1/4
f 3282/2/4 3278/2/4 3283/2/4
f 3279/2/4 3280/2/4 3284/2/4
f 3283/1/4 3279/1/4 3284/1/4
f 3280/6/4 3281/6/4 3285/6/4
f 3284/2/4 3280/2/4 3285/2/4
f 3285/6/4 3281/6/4 3286/6/4
f 3286/6/4 3281/6/4 3287/6/4
f 3285/6/4 3286/6/4 3288/6/4
f 3288/6/4 3286/6/4 3289/6/4
f 3290/6/4 3291/6/4 3292/6/4
f 3292/6/4 3291/6/4 3293/6/4
f 3294/4/4 3295/4/4 3306/4/4
f 3306/4/4 3295/4/4 3307/4/4
f 3296/4/4 3297/4/4 3308/4/4
f 3308/4/4 3297/4/4 3309/4/4
f 3298/4/4 3299/4/4 3310/4/4
f 3310/4/4 3299/4/4 3311/4/4
f 3300/4/4 3301/4/4 3312/4/4
f 3312/4/4 3301/4/4 3313/4/4
f 3302/4/4 3303/4/4 3314/4/4
f 3314/4/4 3303/4/4 3315/4/4
f 3304/6/4 3305/6/4 3316/6/4
f 3316/6/4 3305/6/4 3317/6/4
f 3318/6/4 3319/6/4 3320/6/4
f 3320/6/4 3319/6/4 3321/6/4
f 3322/3/4 3323/3/4 3324/3/4
f 3324/3/4 3323/3/4 3325/3/4
f 3325/3/4 3323/3/4 3326/3/4
f 3327/4/4 3328/4/4 3339/4/4
f 3339/4/4 3328/4/4 3340/4/4
f 3329/4/4 3330/4/4 3341/4/4
f 3341/4/4 3330/4/4 3342/4/4
f 3331/4/4 3332/4/4 3343/4/4
f 3343/4/4 3332/4/4 3344/4/4
f 3333/4/4 3334/4/4 3345/4/4
f 3345/4/4 3334/4/4 3346/4/4
f 3335/4/4 3336/4/4 3347/4/4
f 3347/4/4 3336/4/4 3348/4/4
f 3337/4/4 3338/4/4 3349/4/4
f 3349/4/4 3338/4/4 3350/4/4
f 3351/2/4 3352/2/4 3354/2/4
f 3352/3/4 3353/3/4 3355/3/4
f 3354/2/4 3352/2/4 3355/2/4
f 3355/3/4 3353/3/4 3356/3/4
f 3357/2/4 3358/2/4 3360/2/4
f 3358/3/4 3359/3/4 3361/3/4
f 3360/2/4 3358/2/4 3361/2/4
f 3361/3/4 3359/3/4 3362/3/4
f 3363/4/4 3364/4/4 3365/4/4
f 3365/4/4 3364/4/4 3366/4/4
f 3366/4/4 3364/4/4 3367/4/4
f 3367/4/4 3364/4/4 3368/4/4
f 3368/4/4 3364/4/4 3369/4/4
f 3370/3/4 3371/3/4 3372/3/4
f 3372/3/4 3371/3/4 3373/3/4
f 3374/5/4 3375/5/4 3379/5/4
f 3375/6/4 3376/6/4 3380/6/4
f 3379/5/4 3375/5/4 3380/5/4
f 3380/6/4 3376/6/4 3381/6/4
f 3381/6/4 3376/6/4 3382/6/4
f 3377/3/4 3378/3/4 3383/3/4
f 3383/3/4 3378/3/4 3384/3/4
f 3385/2/4 3386/2/4 3387/2/4
f 3387/2/4 3386/2/4 3388/2/4
f 3387/3/4 3388/3/4 3389/3/4
f 3389/3/4 3388/3/4 3390/3/4
f 3389/2/4 3390/2/4 3391/2/4
f 3391/2/4 3390/2/4 3392/2/4
f 3391/3/4 3392/3/4 3393/3/4
f 3393/3/4 3392/3/4 3394/3/4
f 3395/5/4 3396/5/4 3401/5/4
f 3396/6/4 3397/6/4 3402/6/4
f 3401/5/4 3396/5/4 3402/5/4
f 3397/6/4 3398/6/4 3402/6/4
f 3402/6/4 3398/6/4 3403/6/4
f 3399/3/4 3400/3/4 3404/3/4
f 3404/3/4 3400/3/4 3405/3/4
f 3406/3/4 3407/3/4 3408/3/4
f 3408/3/4 3407/3/4 3409/3/4
f 3409/3/4 3407/3/4 3410/3/4
f 3411/3/4 3412/3/4 3413/3/4
f 3413/3/4 3412/3/4 3414/3/4
f 3415/2/4 3416/2/4 3418/2/4
f 3416/3/4 3417/3/4 3419/3/4
f 3418/2/4 3416/2/4 3419/2/4
f 3419/3/4 3417/3/4 3420/3/4
f 3421/3/4 3422/3/4 3424/3/4
f 3422/3/4 3423/3/4 3424/3/4
f 3424/3/4 3423/3/4 3425/3/4
f 3426/5/4 3427/5/4 3429/5/4
f 3427/6/4 3428/6/4 3430/6/4
f 3429/5/4 3427/5/4 3430/5/4
f 3430/6/4 3428/6/4 3431/6/4
f 3431/6/4 3428/6/4 3432/6/4
f 3433/3/4 3434/3/4 3436/3/4
f 3434/2/4 3435/2/4 3437/2/4
f 3436/3/4 3434/3/4 3437/3/4
f 3437/2/4 3435/2/4 3438/2/4
f 3439/5/4 3440/5/4 3443/5/4
f 3441/6/4 3442/6/4 3444/6/4
f 3443/5/4 3440/5/4 3444/5/4
f 3440/6/4 3441/6/4 3444/6/4
f 3444/6/4 3442/6/4 3445/6/4
f 3446/1/4 3447/1/4 3448/1/4
f 3448/1/4 3447/1/4 3449/1/4
f 3450/2/4 3451/2/4 3461/2/4
f 3451/1/4 3452/1/4 3462/1/4
f 3461/2/4 3451/2/4 3462/2/4
f 3454/1/4 3455/1/4 3463/1/4
f 3463/1/4 3455/1/4 3464/1/4
f 3455/2/4 3456/2/4 3465/2/4
f 3464/1/4 3455/1/4 3465/1/4
f 3465/2/4 3456/2/4 3466/2/4
f 3457/3/4 3458/3/4 3467/3/4
f 3458/2/4 3459/2/4 3468/2/4
f 3468/2/4 3459/2/4 3469/2/4
f 3459/3/4 3460/3/4 3470/3/4
f 3469/2/4 3459/2/4 3470/2/4
f 3470/3/4 3460/3/4 3471/3/4
f 3467/3/4 3458/3/4 3477/3/4
f 3468/3/4 3469/3/4 3478/3/4
f 3458/2/4 3468/2/4 3478/2/4
f 3470/2/4 3471/2/4 3479/2/4
f 3478/3/4 3469/3/4 3479/3/4
f 3469/2/4 3470/2/4 3479/2/4
f 3479/2/4 3471/2/4 3480/2/4
f 3471/3/4 3472/3/4 3481/3/4
f 3480/2/4 3471/2/4 3481/2/4
f 3472/4/4 3473/4/4 3482/4/4
f 3481/3/4 3472/3/4 3482/3/4
f 3482/4/4 3473/4/4 3483/4/4
f 3452/2/4 3453/2/4 3484/2/4
f 3462/1/4 3452/1/4 3484/1/4
f 3461/1/4 3462/1/4 3484/1/4
f 3484/2/4 3453/2/4 3485/2/4
f 3475/2/4 3476/2/4 3486/2/4
f 3474/2/4 3475/2/4 3486/2/4
f 3486/2/4 3476/2/4 3487/2/4
f 3484/1/4 3485/1/4 3488/1/4
f 3461/1/4 3484/1/4 3488/1/4
f 3486/1/4 3487/1/4 3488/1/4
f 3485/1/4 3486/1/4 3488/1/4
f 3488/1/4 3487/1/4 3489/1/4
f 3450/2/4 3461/2/4 3490/2/4
f 3461/1/4 3488/1/4 3490/1/4
f 3490/1/4 3488/1/4 3491/1/4
f 3488/2/4 3489/2/4 3492/2/4
f 3491/1/4 3488/1/4 3492/1/4
f 3489/1/4 3487/1/4 3493/1/4
f 3492/2/4 3489/2/4 3493/2/4
f 3478/2/4 3479/2/4 3494/2/4
f 3479/2/4 3480/2/4 3494/2/4
f 3458/2/4 3478/2/4 3494/2/4
f 3494/2/4 3480/2/4 3495/2/4
f 3495/2/4 3480/2/4 3496/2/4
f 3496/2/4 3480/2/4 3497/2/4
f 3480/3/4 3481/3/4 3498/3/4
f 3450/2/4 3490/2/4 3499/2/4
f 3490/2/4 3491/2/4 3499/2/4
f 3491/1/4 3492/1/4 3500/1/4
f 3499/2/4 3491/2/4 3500/2/4
f 3492/1/4 3493/1/4 3500/1/4
f 3458/2/4 3494/2/4 3501/2/4
f 3494/3/4 3495/3/4 3501/3/4
f 3495/2/4 3496/2/4 3502/2/4
f 3501/3/4 3495/3/4 3502/3/4
f 3496/3/4 3497/3/4 3503/3/4
f 3497/2/4 3480/2/4 3504/2/4
f 3503/3/4 3497/3/4 3504/3/4
f 3480/3/4 3498/3/4 3505/3/4
f 3504/2/4 3480/2/4 3505/2/4
f 3505/3/4 3498/3/4 3506/3/4
f 3493/1/4 3487/1/4 3509/1/4
f 3500/1/4 3493/1/4 3509/1/4
f 3499/1/4 3500/1/4 3509/1/4
f 3509/1/4 3487/1/4 3510/1/4
f 3510/1/4 3487/1/4 3511/1/4
f 3487/2/4 3476/2/4 3512/2/4
f 3511/1/4 3487/1/4 3512/1/4
f 3512/2/4 3476/2/4 3513/2/4
f 3477/3/4 3458/3/4 3514/3/4
f 3501/2/4 3502/2/4 3515/2/4
f 3514/3/4 3458/3/4 3515/3/4
f 3458/2/4 3501/2/4 3515/2/4
f 3515/2/4 3502/2/4 3516/2/4
f 3499/1/4 3509/1/4 3517/1/4
f 3509/2/4 3510/2/4 3517/2/4
f 3517/2/4 3510/2/4 3518/2/4
f 3515/3/4 3516/3/4 3521/3/4
f 3514/3/4 3515/3/4 3521/3/4
f 3521/3/4 3516/3/4 3522/3/4
f 3516/2/4 3502/2/4 3523/2/4
f 3522/3/4 3516/3/4 3523/3/4
f 3450/2/4 3499/2/4 3524/2/4
f 3499/1/4 3517/1/4 3524/1/4
f 3517/1/4 3518/1/4 3524/1/4
f 3524/1/4 3518/1/4 3525/1/4
f 3519/2/4 3520/2/4 3526/2/4
f 3525/1/4 3518/1/4 3526/1/4
f 3518/2/4 3519/2/4 3526/2/4
f 3526/2/4 3520/2/4 3527/2/4
f 3523/2/4 3502/2/4 3528/2/4
f 3522/2/4 3523/2/4 3528/2/4
f 3528/2/4 3502/2/4 3529/2/4
f 3496/3/4 3503/3/4 3530/3/4
f 3529/2/4 3502/2/4 3530/2/4
f 3502/2/4 3496/2/4 3530/2/4
f 3530/3/4 3503/3/4 3531/3/4
f 3505/2/4 3506/2/4 3532/2/4
f 3504/2/4 3505/2/4 3532/2/4
f 3532/2/4 3506/2/4 3533/2/4
f 3506/3/4 3507/3/4 3534/3/4
f 3533/2/4 3506/2/4 3534/2/4
f 3507/4/4 3508/4/4 3535/4/4
f 3534/3/4 3507/3/4 3535/3/4
f 3535/4/4 3508/4/4 3536/4/4
f 3533/3/4 3534/3/4 3537/3/4
f 3524/2/4 3525/2/4 3538/2/4
f 3450/2/4 3524/2/4 3538/2/4
f 3526/1/4 3527/1/4 3539/1/4
f 3538/2/4 3525/2/4 3539/2/4
f 3525/1/4 3526/1/4 3539/1/4
f 3528/3/4 3529/3/4 3540/3/4
f 3522/2/4 3528/2/4 3540/2/4
f 3530/2/4 3531/2/4 3541/2/4
f 3540/3/4 3529/3/4 3541/3/4
f 3532/2/4 3533/2/4 3541/2/4
f 3529/2/4 3530/2/4 3541/2/4
f 3531/2/4 3532/2/4 3541/2/4
f 3533/3/4 3537/3/4 3542/3/4
f 3539/1/4 3527/1/4 3543/1/4
f 3538/1/4 3539/1/4 3543/1/4
f 3527/2/4 3520/2/4 3544/2/4
f 3543/1/4 3527/1/4 3544/1/4
f 3533/3/4 3542/3/4 3545/3/4
f 3541/2/4 3533/2/4 3545/2/4
f 3540/2/4 3541/2/4 3545/2/4
f 3545/3/4 3542/3/4 3546/3/4
f 3538/1/4 3543/1/4 3549/1/4
f 3543/2/4 3544/2/4 3550/2/4
f 3549/1/4 3543/1/4 3550/1/4
f 3550/2/4 3544/2/4 3551/2/4
f 3544/2/4 3520/2/4 3552/2/4
f 3551/2/4 3544/2/4 3552/2/4
f 3521/3/4 3522/3/4 3553/3/4
f 3545/2/4 3546/2/4 3554/2/4
f 3553/3/4 3522/3/4 3554/3/4
f 3540/2/4 3545/2/4 3554/2/4
f 3522/2/4 3540/2/4 3554/2/4
f 3554/2/4 3546/2/4 3555/2/4
f 3555/2/4 3546/2/4 3556/2/4
f 3556/2/4 3546/2/4 3557/2/4
f 3538/1/4 3549/1/4 3558/1/4
f 3558/1/4 3549/1/4 3559/1/4
f 3549/2/4 3550/2/4 3560/2/4
f 3560/2/4 3550/2/4 3561/2/4
f 3553/3/4 3554/3/4 3565/3/4
f 3554/3/4 3555/3/4 3565/3/4
f 3565/3/4 3555/3/4 3566/3/4
f 3555/2/4 3556/2/4 3567/2/4
f 3566/3/4 3555/3/4 3567/3/4
f 3567/2/4 3556/2/4 3568/2/4
f 3556/3/4 3557/3/4 3569/3/4
f 3568/2/4 3556/2/4 3569/2/4
f 3557/2/4 3546/2/4 3570/2/4
f 3569/3/4 3557/3/4 3570/3/4
f 3538/1/4 3558/1/4 3571/1/4
f 3558/2/4 3559/2/4 3571/2/4
f 3559/1/4 3549/1/4 3572/1/4
f 3571/2/4 3559/2/4 3572/2/4
f 3572/1/4 3549/1/4 3573/1/4
f 3549/2/4 3560/2/4 3574/2/4
f 3573/1/4 3549/1/4 3574/1/4
f 3567/3/4 3568/3/4 3575/3/4
f 3566/2/4 3567/2/4 3575/2/4
f 3568/2/4 3569/2/4 3576/2/4
f 3575/3/4 3568/3/4 3576/3/4
f 3569/2/4 3570/2/4 3576/2/4
f 3570/2/4 3546/2/4 3577/2/4
f 3576/2/4 3570/2/4 3577/2/4
f 3577/2/4 3546/2/4 3578/2/4
f 3578/2/4 3546/2/4 3579/2/4
f 3546/3/4 3547/3/4 3580/3/4
f 3579/2/4 3546/2/4 3580/2/4
f 3547/4/4 3548/4/4 3581/4/4
f 3580/3/4 3547/3/4 3581/3/4
f 3581/4/4 3548/4/4 3582/4/4
f 3573/2/4 3574/2/4 3583/2/4
f 3574/2/4 3560/2/4 3584/2/4
f 3583/2/4 3574/2/4 3584/2/4
f 3575/2/4 3576/2/4 3585/2/4
f 3576/2/4 3577/2/4 3585/2/4
f 3585/2/4 3577/2/4 3586/2/4
f 3538/1/4 3571/1/4 3587/1/4
f 3450/2/4 3538/2/4 3587/2/4
f 3571/1/4 3572/1/4 3587/1/4
f 3572/1/4 3573/1/4 3587/1/4
f 3587/1/4 3573/1/4 3588/1/4
f 3584/2/4 3560/2/4 3589/2/4
f 3589/2/4 3560/2/4 3590/2/4
f 3562/1/4 3563/1/4 3591/1/4
f 3566/2/4 3575/2/4 3592/2/4
f 3565/3/4 3566/3/4 3592/3/4
f 3575/2/4 3585/2/4 3592/2/4
f 3592/2/4 3585/2/4 3593/2/4
f 3585/3/4 3586/3/4 3594/3/4
f 3593/2/4 3585/2/4 3594/2/4
f 3586/2/4 3577/2/4 3595/2/4
f 3594/3/4 3586/3/4 3595/3/4
f 3577/3/4 3578/3/4 3596/3/4
f 3595/2/4 3577/2/4 3596/2/4
f 3578/2/4 3579/2/4 3597/2/4
f 3596/3/4 3578/3/4 3597/3/4
f 3579/3/4 3580/3/4 3598/3/4
f 3450/2/4 3587/2/4 3599/2/4
f 3587/2/4 3588/2/4 3599/2/4
f 3588/1/4 3573/1/4 3600/1/4
f 3599/2/4 3588/2/4 3600/2/4
f 3590/1/4 3591/1/4 3601/1/4
f 3589/1/4 3590/1/4 3601/1/4
f 3591/1/4 3563/1/4 3602/1/4
f 3601/1/4 3591/1/4 3602/1/4
f 3563/2/4 3564/2/4 3602/2/4
f 3592/3/4 3593/3/4 3603/3/4
f 3565/3/4 3592/3/4 3603/3/4
f 3593/2/4 3594/2/4 3604/2/4
f 3603/3/4 3593/3/4 3604/3/4
f 3595/2/4 3596/2/4 3604/2/4
f 3596/2/4 3597/2/4 3604/2/4
f 3594/2/4 3595/2/4 3604/2/4
f 3579/3/4 3598/3/4 3605/3/4
f 3589/1/4 3601/1/4 3606/1/4
f 3601/2/4 3602/2/4 3607/2/4
f 3606/1/4 3601/1/4 3607/1/4
f 3607/2/4 3602/2/4 3608/2/4
f 3602/2/4 3564/2/4 3609/2/4
f 3608/2/4 3602/2/4 3609/2/4
f 3565/3/4 3603/3/4 3610/3/4
f 3597/2/4 3579/2/4 3611/2/4
f 3604/2/4 3597/2/4 3611/2/4
f 3603/2/4 3604/2/4 3611/2/4
f 3579/3/4 3605/3/4 3611/3/4
f 3611/3/4 3605/3/4 3612/3/4
f 3589/1/4 3606/1/4 3615/1/4
f 3606/2/4 3607/2/4 3615/2/4
f 3615/2/4 3607/2/4 3616/2/4
f 3610/3/4 3603/3/4 3620/3/4
f 3611/2/4 3612/2/4 3621/2/4
f 3603/2/4 3611/2/4 3621/2/4
f 3612/3/4 3613/3/4 3622/3/4
f 3621/2/4 3612/2/4 3622/2/4
f 3613/4/4 3614/4/4 3623/4/4
f 3622/3/4 3613/3/4 3623/3/4
f 3623/4/4 3614/4/4 3624/4/4
f 3450/2/4 3599/2/4 3625/2/4
f 3599/1/4 3600/1/4 3626/1/4
f 3625/2/4 3599/2/4 3626/2/4
f 3600/1/4 3573/1/4 3627/1/4
f 3626/1/4 3600/1/4 3627/1/4
f 3573/2/4 3583/2/4 3627/2/4
f 3627/2/4 3583/2/4 3628/2/4
f 3617/1/4 3618/1/4 3629/1/4
f 3589/1/4 3615/1/4 3629/1/4
f 3615/1/4 3616/1/4 3629/1/4
f 3616/1/4 3617/1/4 3629/1/4
f 3618/2/4 3619/2/4 3630/2/4
f 3629/1/4 3618/1/4 3630/1/4
f 3630/2/4 3619/2/4 3631/2/4
f 3620/3/4 3603/3/4 3632/3/4
f 3603/2/4 3621/2/4 3633/2/4
f 3632/3/4 3603/3/4 3633/3/4
f 3621/3/4 3622/3/4 3634/3/4
f 3633/2/4 3621/2/4 3634/2/4
f 3634/3/4 3622/3/4 3635/3/4
f 3636/1/4 3637/1/4 3640/1/4
f 3640/1/4 3637/1/4 3641/1/4
f 3638/3/4 3639/3/4 3642/3/4
f 3642/3/4 3639/3/4 3643/3/4
f 3644/2/4 3645/2/4 3653/2/4
f 3653/2/4 3645/2/4 3654/2/4
f 3646/3/4 3647/3/4 3655/3/4
f 3648/6/4 3649/6/4 3657/6/4
f 3657/6/4 3649/6/4 3658/6/4
f 3650/2/4 3651/2/4 3659/2/4
f 3651/3/4 3652/3/4 3660/3/4
f 3659/2/4 3651/2/4 3660/2/4
f 3660/3/4 3652/3/4 3661/3/4
f 3655/5/4 3656/5/4 3662/5/4
f 3646/3/4 3655/3/4 3662/3/4
f 3656/6/4 3657/6/4 3663/6/4
f 3662/5/4 3656/5/4 3663/5/4
f 3657/7/4 3658/7/4 3664/7/4
f 3663/6/4 3657/6/4 3664/6/4
f 3664/7/4 3658/7/4 3665/7/4
f 3646/3/4 3662/3/4 3669/3/4
f 3669/3/4 3662/3/4 3670/3/4
f 3666/2/4 3667/2/4 3671/2/4
f 3667/3/4 3668/3/4 3672/3/4
f 3671/2/4 3667/2/4 3672/2/4
f 3671/3/4 3672/3/4 3675/3/4
f 3672/3/4 3668/3/4 3676/3/4
f 3675/3/4 3672/3/4 3676/3/4
f 3664/6/4 3665/6/4 3679/6/4
f 3679/6/4 3665/6/4 3680/6/4
f 3677/5/4 3678/5/4 3681/5/4
f 3678/6/4 3679/6/4 3682/6/4
f 3681/5/4 3678/5/4 3682/5/4
f 3679/7/4 3680/7/4 3683/7/4
f 3682/6/4 3679/6/4 3683/6/4
f 3683/7/4 3680/7/4 3684/7/4
f 3673/3/4 3674/3/4 3685/3/4
f 3685/3/4 3674/3/4 3686/3/4
f 3687/2/4 3688/2/4 3690/2/4
f 3688/3/4 3689/3/4 3691/3/4
f 3690/2/4 3688/2/4 3691/2/4
f 3690/3/4 3691/3/4 3692/3/4
f 3691/3/4 3689/3/4 3693/3/4
f 3692/3/4 3691/3/4 3693/3/4
f 3692/2/4 3693/2/4 3694/2/4
f 3693/3/4 3689/3/4 3695/3/4
f 3694/2/4 3693/2/4 3695/2/4
f 3695/3/4 3689/3/4 3696/3/4
f 3683/6/4 3684/6/4 3699/6/4
f 3699/6/4 3684/6/4 3700/6/4
f 3697/5/4 3698/5/4 3702/5/4
f 3698/6/4 3699/6/4 3703/6/4
f 3702/5/4 3698/5/4 3703/5/4
f 3699/7/4 3700/7/4 3704/7/4
f 3703/6/4 3699/6/4 3704/6/4
f 3704/7/4 3700/7/4 3705/7/4
f 3701/3/4 3702/3/4 3711/3/4
f 3702/3/4 3703/3/4 3711/3/4
f 3711/3/4 3703/3/4 3712/3/4
f 3706/2/4 3707/2/4 3713/2/4
f 3707/3/4 3708/3/4 3714/3/4
f 3713/2/4 3707/2/4 3714/2/4
f 3713/3/4 3714/3/4 3715/3/4
f 3714/3/4 3708/3/4 3716/3/4
f 3715/3/4 3714/3/4 3716/3/4
f 3704/6/4 3705/6/4 3719/6/4
f 3719/6/4 3705/6/4 3720/6/4
f 3715/2/4 3716/2/4 3721/2/4
f 3716/3/4 3708/3/4 3722/3/4
f 3721/2/4 3716/2/4 3722/2/4
f 3722/3/4 3708/3/4 3723/3/4
f 3717/5/4 3718/5/4 3724/5/4
f 3718/6/4 3719/6/4 3725/6/4
f 3724/5/4 3718/5/4 3725/5/4
f 3719/7/4 3720/7/4 3726/7/4
f 3725/6/4 3719/6/4 3726/6/4
f 3726/7/4 3720/7/4 3727/7/4
f 3728/2/4 3729/2/4 3732/2/4
f 3732/2/4 3729/2/4 3733/2/4
f 3730/2/4 3731/2/4 3734/2/4
f 3734/2/4 3731/2/4 3735/2/4
f 3709/3/4 3710/3/4 3736/3/4
f 3736/3/4 3710/3/4 3737/3/4
f 3726/6/4 3727/6/4 3738/6/4
f 3738/6/4 3727/6/4 3739/6/4
f 3728/2/4 3732/2/4 3740/2/4
f 3732/3/4 3733/3/4 3741/3/4
f 3740/2/4 3732/2/4 3741/2/4
f 3741/3/4 3733/3/4 3742/3/4
f 3743/4/4 3744/4/4 3747/4/4
f 3747/4/4 3744/4/4 3748/4/4
f 3745/3/4 3746/3/4 3749/3/4
f 3746/2/4 3747/2/4 3749/2/4
f 3749/2/4 3747/2/4 3750/2/4
f 3750/2/4 3747/2/4 3751/2/4
f 3745/3/4 3749/3/4 3753/3/4
f 3749/3/4 3750/3/4 3753/3/4
f 3751/2/4 3752/2/4 3754/2/4
f 3753/3/4 3750/3/4 3754/3/4
f 3750/2/4 3751/2/4 3754/2/4
f 3754/2/4 3752/2/4 3755/2/4
f 3755/2/4 3752/2/4 3756/2/4
f 3755/3/4 3756/3/4 3757/3/4
f 3756/2/4 3752/2/4 3758/2/4
f 3757/3/4 3756/3/4 3758/3/4
f 3755/3/4 3757/3/4 3761/3/4
f 3761/3/4 3757/3/4 3762/3/4
f 3760/2/4 3761/2/4 3762/2/4
f 3762/3/4 3757/3/4 3763/3/4
f 3758/2/4 3752/2/4 3764/2/4
f 3759/3/4 3760/3/4 3765/3/4
f 3763/2/4 3764/2/4 3765/2/4
f 3762/2/4 3763/2/4 3765/2/4
f 3760/2/4 3762/2/4 3765/2/4
f 3765/2/4 3764/2/4 3766/2/4
f 3759/3/4 3765/3/4 3767/3/4
f 3765/3/4 3766/3/4 3767/3/4
f 3766/2/4 3764/2/4 3768/2/4
f 3767/3/4 3766/3/4 3768/3/4
f 3759/3/4 3767/3/4 3769/3/4
f 3767/2/4 3768/2/4 3769/2/4
f 3768/2/4 3764/2/4 3770/2/4
f 3769/2/4 3768/2/4 3770/2/4
f 3759/3/4 3769/3/4 3771/3/4
f 3769/3/4 3770/3/4 3771/3/4
f 3770/2/4 3764/2/4 3772/2/4
f 3771/3/4 3770/3/4 3772/3/4
f 3771/2/4 3772/2/4 3773/2/4
f 3772/2/4 3764/2/4 3773/2/4
f 3773/2/4 3764/2/4 3774/2/4
f 3771/2/4 3773/2/4 3775/2/4
f 3773/3/4 3774/3/4 3775/3/4
f 3774/2/4 3764/2/4 3776/2/4
f 3775/3/4 3774/3/4 3776/3/4
f 3759/3/4 3771/3/4 3777/3/4
f 3771/2/4 3775/2/4 3777/2/4
f 3775/2/4 3776/2/4 3777/2/4
f 3776/2/4 3764/2/4 3778/2/4
f 3777/2/4 3776/2/4 3778/2/4
f 3759/3/4 3777/3/4 3779/3/4
f 3777/3/4 3778/3/4 3779/3/4
f 3778/2/4 3764/2/4 3780/2/4
f 3779/3/4 3778/3/4 3780/3/4
f 3780/2/4 3764/2/4 3781/2/4
f 3764/2/4 3752/2/4 3782/2/4
f 3781/2/4 3764/2/4 3782/2/4
f 3759/3/4 3779/3/4 3783/3/4
f 3783/3/4 3779/3/4 3784/3/4
f 3785/4/4 3786/4/4 3787/4/4
f 3787/4/4 3786/4/4 3788/4/4
f 3789/4/4 3790/4/4 3791/4/4
f 3791/4/4 3790/4/4 3792/4/4
f 3795/3/4 3796/3/4 3799/3/4
f 3799/3/4 3796/3/4 3800/3/4
f 3797/3/4 3798/3/4 3801/3/4
f 3801/3/4 3798/3/4 3802/3/4
f 3793/1/4 3794/1/4 3805/1/4
f 3805/1/4 3794/1/4 3806/1/4
f 3803/3/4 3804/3/4 3807/3/4
f 3803/3/4 3807/3/4 3809/3/4
f 3807/4/4 3808/4/4 3809/4/4
f 3809/4/4 3808/4/4 3810/4/4
f 3803/3/4 3809/3/4 3811/3/4
f 3811/3/4 3809/3/4 3812/3/4
f 3817/1/5 3814/1/5 3813/1/5
f 3818/1/5 3814/1/5 3817/1/5
f 3819/1/5 3814/1/5 3818/1/5
f 3820/2/5 3815/2/5 3814/2/5
f 3820/1/5 3814/1/5 3819/1/5
f 3821/1/5 3816/1/5 3815/1/5
f 3821/2/5 3815/2/5 3820/2/5
f 3822/1/5 3816/1/5 3821/1/5
f 3823/1/5 3816/1/5 3822/1/5
f 3824/1/5 3816/1/5 3823/1/5
f 3825/1/5 3816/1/5 3824/1/5
f 3826/1/5 3816/1/5 3825/1/5
f 3827/1/5 3816/1/5 3826/1/5
f 3829/1/5 3817/1/5 3813/1/5
f 3830/2/5 3818/2/5 3817/2/5
f 3830/1/5 3817/1/5 3829/1/5
f 3831/1/5 3819/1/5 3818/1/5
f 3831/2/5 3818/2/5 3830/2/5
f 3832/2/5 3820/2/5 3819/2/5
f 3832/1/5 3819/1/5 3831/1/5
f 3833/1/5 3821/1/5 3820/1/5
f 3833/2/5 3820/2/5 3832/2/5
f 3833/1/5 3822/1/5 3821/1/5
f 3834/2/5 3823/2/5 3822/2/5
f 3834/1/5 3822/1/5 3833/1/5
f 3835/1/5 3824/1/5 3823/1/5
f 3835/2/5 3823/2/5 3834/2/5
f 3836/2/5 3825/2/5 3824/2/5
f 3836/1/5 3824/1/5 3835/1/5
f 3837/1/5 3826/1/5 3825/1/5
f 3837/2/5 3825/2/5 3836/2/5
f 3838/2/5 3827/2/5 3826/2/5
f 3838/1/5 3826/1/5 3837/1/5
f 3839/1/5 3816/1/5 3827/1/5
f 3839/2/5 3827/2/5 3838/2/5
f 3840/1/5 3816/1/5 3839/1/5
f 3843/2/5 3831/2/5 3830/2/5
f 3843/2/5 3841/2/5 3840/2/5
f 3843/2/5 3840/2/5 3839/2/5
f 3843/2/5 3839/2/5 3838/2/5
f 3843/2/5 3837/2/5 3836/2/5
f 3843/2/5 3836/2/5 3835/2/5
f 3843/2/5 3835/2/5 3834/2/5
f 3843/2/5 3834/2/5 3833/2/5
f 3843/2/5 3833/2/5 3832/2/5
f 3843/2/5 3830/2/5 3829/2/5
f 3843/2/5 3832/2/5 3831/2/5
f 3843/2/5 3829/2/5 3828/2/5
f 3843/2/5 3838/2/5 3837/2/5
f 3844/2/5 3841/2/5 3843/2/5
f 3846/2/5 3844/2/5 3843/2/5
f 3847/2/5 3844/2/5 3846/2/5
f 3848/1/5 3845/1/5 3844/1/5
f 3848/2/5 3844/2/5 3847/2/5
f 3849/1/5 3845/1/5 3848/1/5
f 3850/2/5 3848/2/5 3847/2/5
f 3850/2/5 3849/2/5 3848/2/5
f 3851/1/5 3845/1/5 3849/1/5
f 3851/2/5 3849/2/5 3850/2/5
f 3852/1/5 3843/1/5 3842/1/5
f 3853/2/5 3846/2/5 3843/2/5
f 3853/1/5 3843/1/5 3852/1/5
f 3854/2/5 3850/2/5 3847/2/5
f 3854/1/5 3851/1/5 3850/1/5
f 3855/1/5 3845/1/5 3851/1/5
f 3855/1/5 3851/1/5 3854/1/5
f 3856/1/5 3852/1/5 3842/1/5
f 3856/2/5 3853/2/5 3852/2/5
f 3857/2/5 3846/2/5 3853/2/5
f 3857/2/5 3853/2/5 3856/2/5
f 3858/2/5 3854/2/5 3847/2/5
f 3858/2/5 3855/2/5 3854/2/5
f 3859/2/5 3855/2/5 3858/2/5
f 3860/1/5 3845/1/5 3855/1/5
f 3860/2/5 3855/2/5 3859/2/5
f 3861/1/5 3845/1/5 3860/1/5
f 3864/2/5 3858/2/5 3847/2/5
f 3865/3/5 3859/3/5 3858/3/5
f 3865/2/5 3858/2/5 3864/2/5
f 3866/2/5 3860/2/5 3859/2/5
f 3866/3/5 3859/3/5 3865/3/5
f 3866/2/5 3861/2/5 3860/2/5
f 3866/2/5 3862/2/5 3861/2/5
f 3867/3/5 3863/3/5 3862/3/5
f 3867/2/5 3862/2/5 3866/2/5
f 3868/3/5 3863/3/5 3867/3/5
f 3870/2/5 3866/2/5 3865/2/5
f 3870/2/5 3869/2/5 3868/2/5
f 3870/2/5 3868/2/5 3867/2/5
f 3870/2/5 3867/2/5 3866/2/5
f 3871/2/5 3869/2/5 3870/2/5
f 3872/2/5 3870/2/5 3865/2/5
f 3872/3/5 3871/3/5 3870/3/5
f 3873/3/5 3871/3/5 3872/3/5
f 3874/1/5 3856/1/5 3842/1/5
f 3874/1/5 3857/1/5 3856/1/5
f 3875/2/5 3846/2/5 3857/2/5
f 3875/1/5 3857/1/5 3874/1/5
f 3876/2/5 3873/2/5 3872/2/5
f 3876/2/5 3872/2/5 3865/2/5
f 3877/2/5 3873/2/5 3876/2/5
f 3878/1/5 3874/1/5 3842/1/5
f 3879/2/5 3875/2/5 3874/2/5
f 3879/1/5 3874/1/5 3878/1/5
f 3880/2/5 3846/2/5 3875/2/5
f 3880/2/5 3875/2/5 3879/2/5
f 3881/3/5 3865/3/5 3864/3/5
f 3882/2/5 3876/2/5 3865/2/5
f 3882/3/5 3865/3/5 3881/3/5
f 3883/2/5 3876/2/5 3882/2/5
f 3884/2/5 3876/2/5 3883/2/5
f 3885/2/5 3876/2/5 3884/2/5
f 3886/2/5 3876/2/5 3885/2/5
f 3887/3/5 3877/3/5 3876/3/5
f 3887/2/5 3876/2/5 3886/2/5
f 3888/3/5 3877/3/5 3887/3/5
f 3889/2/5 3879/2/5 3878/2/5
f 3890/1/5 3880/1/5 3879/1/5
f 3890/2/5 3879/2/5 3889/2/5
f 3891/2/5 3846/2/5 3880/2/5
f 3891/1/5 3880/1/5 3890/1/5
f 3892/2/5 3882/2/5 3881/2/5
f 3892/3/5 3883/3/5 3882/3/5
f 3893/2/5 3884/2/5 3883/2/5
f 3893/3/5 3883/3/5 3892/3/5
f 3894/2/5 3884/2/5 3893/2/5
f 3895/2/5 3884/2/5 3894/2/5
f 3896/3/5 3885/3/5 3884/3/5
f 3896/2/5 3884/2/5 3895/2/5
f 3897/2/5 3886/2/5 3885/2/5
f 3897/3/5 3885/3/5 3896/3/5
f 3898/3/5 3887/3/5 3886/3/5
f 3898/2/5 3886/2/5 3897/2/5
f 3899/3/5 3887/3/5 3898/3/5
f 3900/1/5 3890/1/5 3889/1/5
f 3900/2/5 3891/2/5 3890/2/5
f 3901/2/5 3846/2/5 3891/2/5
f 3901/2/5 3891/2/5 3900/2/5
f 3902/2/5 3894/2/5 3893/2/5
f 3902/2/5 3893/2/5 3892/2/5
f 3903/1/5 3895/1/5 3894/1/5
f 3903/2/5 3894/2/5 3902/2/5
f 3904/1/5 3900/1/5 3889/1/5
f 3904/1/5 3901/1/5 3900/1/5
f 3905/1/5 3901/1/5 3904/1/5
f 3906/2/5 3905/2/5 3904/2/5
f 3907/1/5 3901/1/5 3905/1/5
f 3907/2/5 3905/2/5 3906/2/5
f 3908/2/5 3846/2/5 3901/2/5
f 3909/2/5 3892/2/5 3881/2/5
f 3909/2/5 3902/2/5 3892/2/5
f 3910/1/5 3907/1/5 3906/1/5
f 3911/1/5 3901/1/5 3907/1/5
f 3911/1/5 3907/1/5 3910/1/5
f 3911/2/5 3908/2/5 3901/2/5
f 3911/2/5 3909/2/5 3908/2/5
f 3912/1/5 3903/1/5 3902/1/5
f 3912/2/5 3909/2/5 3911/2/5
f 3912/2/5 3902/2/5 3909/2/5
f 3913/1/5 3895/1/5 3903/1/5
f 3913/1/5 3903/1/5 3912/1/5
f 3914/2/5 3912/2/5 3911/2/5
f 3915/2/5 3912/2/5 3914/2/5
f 3916/2/5 3912/2/5 3915/2/5
f 3917/2/5 3912/2/5 3916/2/5
f 3918/2/5 3912/2/5 3917/2/5
f 3919/2/5 3912/2/5 3918/2/5
f 3920/2/5 3912/2/5 3919/2/5
f 3921/2/5 3912/2/5 3920/2/5
f 3922/2/5 3912/2/5 3921/2/5
f 3923/2/5 3912/2/5 3922/2/5
f 3924/2/5 3912/2/5 3923/2/5
f 3925/2/5 3912/2/5 3924/2/5
f 3926/1/5 3916/1/5 3915/1/5
f 3926/2/5 3917/2/5 3916/2/5
f 3927/1/5 3918/1/5 3917/1/5
f 3927/2/5 3917/2/5 3926/2/5
f 3928/2/5 3919/2/5 3918/2/5
f 3928/1/5 3918/1/5 3927/1/5
f 3929/1/5 3920/1/5 3919/1/5
f 3929/2/5 3919/2/5 3928/2/5
f 3930/2/5 3921/2/5 3920/2/5
f 3930/1/5 3920/1/5 3929/1/5
f 3931/1/5 3922/1/5 3921/1/5
f 3931/2/5 3921/2/5 3930/2/5
f 3932/2/5 3923/2/5 3922/2/5
f 3932/1/5 3922/1/5 3931/1/5
f 3933/1/5 3924/1/5 3923/1/5
f 3933/2/5 3923/2/5 3932/2/5
f 3934/1/5 3932/1/5 3931/1/5
f 3934/1/5 3931/1/5 3930/1/5
f 3934/1/5 3933/1/5 3932/1/5
f 3934/1/5 3930/1/5 3929/1/5
f 3934/1/5 3929/1/5 3928/1/5
f 3934/1/5 3928/1/5 3927/1/5
f 3934/1/5 3927/1/5 3926/1/5
f 3934/1/5 3926/1/5 3915/1/5
f 3935/1/5 3924/1/5 3933/1/5
f 3935/1/5 3933/1/5 3934/1/5
f 3938/4/5 3937/4/5 3936/4/5
f 3939/4/5 3937/4/5 3938/4/5
f 3942/4/5 3941/4/5 3940/4/5
f 3943/4/5 3941/4/5 3942/4/5
f 3946/4/5 3942/4/5 3940/4/5
f 3947/4/5 3942/4/5 3946/4/5
f 3948/4/5 3945/4/5 3944/4/5
f 3949/4/5 3945/4/5 3948/4/5
f 3950/4/5 3945/4/5 3949/4/5
f 3951/4/5 3941/4/5 3943/4/5
f 3952/4/5 3941/4/5 3951/4/5
f 3957/4/5 3954/4/5 3953/4/5
f 3957/4/5 3956/4/5 3955/4/5
f 3957/4/5 3955/4/5 3954/4/5
f 3958/4/5 3956/4/5 3957/4/5
f 3961/4/5 3960/4/5 3959/4/5
f 3962/4/5 3960/4/5 3961/4/5
f 3965/3/5 3964/3/5 3963/3/5
f 3966/3/5 3964/3/5 3965/3/5
f 3971/3/5 3968/3/5 3967/3/5
f 3972/3/5 3968/3/5 3971/3/5
f 3974/3/5 3970/3/5 3969/3/5
f 3975/3/5 3974/3/5 3973/3/5
f 3976/3/5 3970/3/5 3974/3/5
f 3976/3/5 3974/3/5 3975/3/5
f 3983/4/5 3978/4/5 3977/4/5
f 3984/4/5 3978/4/5 3983/4/5
f 3985/4/5 3980/4/5 3979/4/5
f 3986/4/5 3980/4/5 3985/4/5
f 3987/4/5 3982/4/5 3981/4/5
f 3988/4/5 3982/4/5 3987/4/5
f 3993/4/5 3990/4/5 3989/4/5
f 3994/4/5 3990/4/5 3993/4/5
f 3995/4/5 3992/4/5 3991/4/5
f 3996/4/5 3992/4/5 3995/4/5
f 3999/4/5 3998/4/5 3997/4/5
f 4000/4/5 3998/4/5 3999/4/5
f 4003/4/5 4002/4/5 4001/4/5
f 4004/4/5 4002/4/5 4003/4/5
f 4007/4/5 4006/4/5 4005/4/5
f 4008/4/5 4006/4/5 4007/4/5
f 4011/3/5 4010/3/5 4009/3/5
f 4013/3/5 4011/3/5 4009/3/5
f 4013/3/5 4012/3/5 4011/3/5
f 4014/3/5 4012/3/5 4013/3/5
f 4017/3/5 4016/3/5 4015/3/5
f 4018/3/5 4016/3/5 4017/3/5
f 4021/4/5 4020/4/5 4019/4/5
f 4022/4/5 4020/4/5 4021/4/5
f 4025/3/5 4024/3/5 4023/3/5
f 4026/3/5 4024/3/5 4025/3/5
f 4036/5/5 4028/5/5 4027/5/5
f 4037/5/5 4028/5/5 4036/5/5
f 4038/5/5 4030/5/5 4029/5/5
f 4039/6/5 4031/6/5 4030/6/5
f 4039/5/5 4030/5/5 4038/5/5
f 4040/6/5 4031/6/5 4039/6/5
f 4041/5/5 4033/5/5 4032/5/5
f 4042/5/5 4033/5/5 4041/5/5
f 4043/5/5 4035/5/5 4034/5/5
f 4044/5/5 4035/5/5 4043/5/5
f 4051/5/5 4046/5/5 4045/5/5
f 4052/5/5 4046/5/5 4051/5/5
f 4053/4/5 4048/4/5 4047/4/5
f 4054/4/5 4048/4/5 4053/4/5
f 4055/5/5 4050/5/5 4049/5/5
f 4056/5/5 4050/5/5 4055/5/5
f 4061/5/5 4058/5/5 4057/5/5
f 4062/5/5 4058/5/5 4061/5/5
f 4063/5/5 4060/5/5 4059/5/5
f 4064/5/5 4060/5/5 4063/5/5
f 4067/4/5 4066/4/5 4065/4/5
f 4068/4/5 4066/4/5 4067/4/5
f 4071/4/5 4070/4/5 4069/4/5
f 4072/4/5 4070/4/5 4071/4/5
f 4075/5/5 4074/5/5 4073/5/5
f 4076/5/5 4074/5/5 4075/5/5
f 4079/5/5 4078/5/5 4077/5/5
f 4080/5/5 4078/5/5 4079/5/5
f 4083/5/5 4082/5/5 4081/5/5
f 4084/5/5 4082/5/5 4083/5/5
f 4091/5/5 4086/5/5 4085/5/5
f 4092/5/5 4086/5/5 4091/5/5
f 4093/5/5 4088/5/5 4087/5/5
f 4094/5/5 4088/5/5 4093/5/5
f 4095/5/5 4090/5/5 4089/5/5
f 4096/5/5 4090/5/5 4095/5/5
f 4099/4/5 4098/4/5 4097/4/5
f 4100/4/5 4098/4/5 4099/4/5
f 4103/4/5 4102/4/5 4101/4/5
f 4104/4/5 4102/4/5 4103/4/5
f 4107/4/5 4106/4/5 4105/4/5
f 4108/4/5 4106/4/5 4107/4/5
f 4111/4/5 4110/4/5 4109/4/5
f 4112/4/5 4110/4/5 4111/4/5
f 4124/6/5 4114/6/5 4113/6/5
f 4125/6/5 4114/6/5 4124/6/5
f 4126/6/5 4116/6/5 4115/6/5
f 4127/6/5 4116/6/5 4126/6/5
f 4128/6/5 4118/6/5 4117/6/5
f 4128/6/5 4119/6/5 4118/6/5
f 4129/6/5 4119/6/5 4128/6/5
f 4130/6/5 4119/6/5 4129/6/5
f 4131/6/5 4121/6/5 4120/6/5
f 4132/6/5 4121/6/5 4131/6/5
f 4133/6/5 4123/6/5 4122/6/5
f 4134/6/5 4123/6/5 4133/6/5
f 4135/6/5 4124/6/5 4113/6/5
f 4136/6/5 4124/6/5 4135/6/5
f 4139/6/5 4123/6/5 4134/6/5
f 4140/6/5 4123/6/5 4139/6/5
f 4143/4/5 4138/4/5 4137/4/5
f 4144/4/5 4138/4/5 4143/4/5
f 4147/6/5 4146/6/5 4145/6/5
f 4148/6/5 4146/6/5 4147/6/5
f 4149/6/5 4142/6/5 4141/6/5
f 4150/6/5 4142/6/5 4149/6/5
f 4155/6/5 4152/6/5 4151/6/5
f 4156/6/5 4152/6/5 4155/6/5
f 4157/6/5 4154/6/5 4153/6/5
f 4158/6/5 4154/6/5 4157/6/5
f 4163/6/5 4160/6/5 4159/6/5
f 4164/6/5 4160/6/5 4163/6/5
f 4167/6/5 4162/6/5 4161/6/5
f 4168/6/5 4162/6/5 4167/6/5
f 4169/6/5 4166/6/5 4165/6/5
f 4170/6/5 4166/6/5 4169/6/5
f 4175/7/5 4172/7/5 4171/7/5
f 4176/7/5 4172/7/5 4175/7/5
f 4185/6/5 4174/6/5 4173/6/5
f 4186/6/5 4176/6/5 4175/6/5
f 4186/6/5 4177/6/5 4176/6/5
f 4187/6/5 4177/6/5 4186/6/5
f 4188/6/5 4179/6/5 4178/6/5
f 4189/6/5 4179/6/5 4188/6/5
f 4190/6/5 4181/6/5 4180/6/5
f 4191/6/5 4181/6/5 4190/6/5
f 4192/6/5 4183/6/5 4182/6/5
f 4193/6/5 4183/6/5 4192/6/5
f 4194/6/5 4185/6/5 4184/6/5
f 4195/6/5 4174/6/5 4185/6/5
f 4195/6/5 4185/6/5 4194/6/5
f 4198/4/5 4197/4/5 4196/4/5
f 4199/4/5 4197/4/5 4198/4/5
f 4200/4/5 4197/4/5 4199/4/5
f 4201/4/5 4197/4/5 4200/4/5
f 4203/4/5 4200/4/5 4199/4/5
f 4204/4/5 4200/4/5 4203/4/5
f 4205/4/5 4200/4/5 4204/4/5
f 4206/4/5 4203/4/5 4202/4/5
f 4206/4/5 4204/4/5 4203/4/5
f 4207/4/5 4204/4/5 4206/4/5
f 4208/4/5 4204/4/5 4207/4/5
f 4209/4/5 4204/4/5 4208/4/5
f 4210/2/5 4209/2/5 4208/2/5
f 4211/2/5 4209/2/5 4210/2/5
f 4214/3/5 4213/3/5 4212/3/5
f 4215/3/5 4213/3/5 4214/3/5
f 4218/3/5 4214/3/5 4212/3/5
f 4219/3/5 4214/3/5 4218/3/5
f 4220/3/5 4217/3/5 4216/3/5
f 4221/3/5 4217/3/5 4220/3/5
f 4224/4/5 4223/4/5 4222/4/5
f 4225/4/5 4223/4/5 4224/4/5
f 4228/4/5 4227/4/5 4226/4/5
f 4229/4/5 4227/4/5 4228/4/5
f 4232/4/5 4231/4/5 4230/4/5
f 4233/4/5 4231/4/5 4232/4/5
f 4236/4/5 4235/4/5 4234/4/5
f 4237/4/5 4235/4/5 4236/4/5
f 4240/4/5 4239/4/5 4238/4/5
f 4241/4/5 4239/4/5 4240/4/5
f 4244/4/5 4243/4/5 4242/4/5
f 4245/4/5 4243/4/5 4244/4/5
f 4248/3/5 4247/3/5 4246/3/5
f 4249/3/5 4247/3/5 4248/3/5
f 4252/3/5 4251/3/5 4250/3/5
f 4253/3/5 4251/3/5 4252/3/5
f 4254/3/5 4247/3/5 4249/3/5
f 4255/3/5 4247/3/5 4254/3/5
f 4258/4/5 4257/4/5 4256/4/5
f 4259/4/5 4257/4/5 4258/4/5
f 4262/4/5 4261/4/5 4260/4/5
f 4263/4/5 4261/4/5 4262/4/5
f 4266/4/5 4265/4/5 4264/4/5
f 4267/4/5 4265/4/5 4266/4/5
f 4270/6/5 4269/6/5 4268/6/5
f 4271/6/5 4269/6/5 4270/6/5
f 4274/6/5 4273/6/5 4272/6/5
f 4275/6/5 4273/6/5 4274/6/5
f 4278/4/5 4277/4/5 4276/4/5
f 4279/4/5 4277/4/5 4278/4/5
f 4284/3/5 4281/3/5 4280/3/5
f 4285/3/5 4281/3/5 4284/3/5
f 4286/6/5 4283/6/5 4282/6/5
f 4287/6/5 4283/6/5 4286/6/5
f 4290/3/5 4289/3/5 4288/3/5
f 4291/3/5 4289/3/5 4290/3/5
f 4294/3/5 4293/3/5 4292/3/5
f 4295/3/5 4293/3/5 4294/3/5
f 4298/4/5 4297/4/5 4296/4/5
f 4299/4/5 4297/4/5 4298/4/5
f 4302/3/5 4301/3/5 4300/3/5
f 4303/3/5 4301/3/5 4302/3/5
f 4306/3/5 4305/3/5 4304/3/5
f 4307/3/5 4305/3/5 4306/3/5
f 4310/4/5 4309/4/5 4308/4/5
f 4311/4/5 4309/4/5 4310/4/5
f 4314/3/5 4313/3/5 4312/3/5
f 4315/3/5 4313/3/5 4314/3/5
f 4318/4/5 4317/4/5 4316/4/5
f 4319/4/5 4317/4/5 4318/4/5
f 4322/4/5 4321/4/5 4320/4/5
f 4323/4/5 4321/4/5 4322/4/5
f 4324/4/5 4321/4/5 4323/4/5
f 4325/4/5 4321/4/5 4324/4/5
f 4327/4/5 4324/4/5 4323/4/5
f 4328/4/5 4324/4/5 4327/4/5
f 4330/4/5 4327/4/5 4326/4/5
f 4330/4/5 4329/4/5 4328/4/5
f 4330/4/5 4328/4/5 4327/4/5
f 4331/4/5 4329/4/5 4330/4/5
f 4332/4/5 4329/4/5 4331/4/5
f 4333/4/5 4329/4/5 4332/4/5
f 4334/4/5 4329/4/5 4333/4/5
f 4335/4/5 4329/4/5 4334/4/5
f 4336/2/5 4333/2/5 4332/2/5
f 4337/2/5 4333/2/5 4336/2/5
f 4354/2/5 4339/2/5 4338/2/5
f 4354/3/5 4340/3/5 4339/3/5
f 4355/3/5 4340/3/5 4354/3/5
f 4356/2/5 4342/2/5 4341/2/5
f 4357/3/5 4343/3/5 4342/3/5
f 4357/2/5 4342/2/5 4356/2/5
f 4358/2/5 4344/2/5 4343/2/5
f 4358/3/5 4343/3/5 4357/3/5
f 4359/2/5 4344/2/5 4358/2/5
f 4360/3/5 4346/3/5 4345/3/5
f 4361/2/5 4347/2/5 4346/2/5
f 4361/3/5 4346/3/5 4360/3/5
f 4362/2/5 4347/2/5 4361/2/5
f 4363/2/5 4349/2/5 4348/2/5
f 4364/3/5 4350/3/5 4349/3/5
f 4364/2/5 4349/2/5 4363/2/5
f 4365/2/5 4351/2/5 4350/2/5
f 4365/3/5 4350/3/5 4364/3/5
f 4366/2/5 4351/2/5 4365/2/5
f 4367/2/5 4353/2/5 4352/2/5
f 4368/2/5 4353/2/5 4367/2/5
f 4369/2/5 4354/2/5 4338/2/5
f 4370/2/5 4354/2/5 4369/2/5
f 4371/2/5 4353/2/5 4368/2/5
f 4372/2/5 4353/2/5 4371/2/5
f 4377/2/5 4374/2/5 4373/2/5
f 4378/2/5 4374/2/5 4377/2/5
f 4379/2/5 4376/2/5 4375/2/5
f 4380/2/5 4376/2/5 4379/2/5
f 4381/3/5 4378/3/5 4377/3/5
f 4382/3/5 4378/3/5 4381/3/5
f 4383/3/5 4380/3/5 4379/3/5
f 4384/3/5 4380/3/5 4383/3/5
f 4385/2/5 4382/2/5 4381/2/5
f 4386/2/5 4382/2/5 4385/2/5
f 4387/2/5 4384/2/5 4383/2/5
f 4388/2/5 4384/2/5 4387/2/5
f 4393/3/5 4390/3/5 4389/3/5
f 4394/3/5 4390/3/5 4393/3/5
f 4395/3/5 4392/3/5 4391/3/5
f 4396/3/5 4392/3/5 4395/3/5
f 4397/2/5 4394/2/5 4393/2/5
f 4398/2/5 4394/2/5 4397/2/5
f 4399/2/5 4396/2/5 4395/2/5
f 4400/2/5 4396/2/5 4399/2/5
f 4405/2/5 4402/2/5 4401/2/5
f 4406/2/5 4402/2/5 4405/2/5
f 4407/3/5 4406/3/5 4405/3/5
f 4408/3/5 4406/3/5 4407/3/5
f 4409/2/5 4404/2/5 4403/2/5
f 4410/2/5 4404/2/5 4409/2/5
f 4411/2/5 4408/2/5 4407/2/5
f 4412/2/5 4408/2/5 4411/2/5
f 4413/3/5 4410/3/5 4409/3/5
f 4414/3/5 4410/3/5 4413/3/5
f 4419/2/5 4416/2/5 4415/2/5
f 4433/2/5 4418/2/5 4417/2/5
f 4434/2/5 4419/2/5 4415/2/5
f 4434/2/5 4420/2/5 4419/2/5
f 4435/2/5 4420/2/5 4434/2/5
f 4436/2/5 4422/2/5 4421/2/5
f 4437/3/5 4423/3/5 4422/3/5
f 4437/2/5 4422/2/5 4436/2/5
f 4438/3/5 4423/3/5 4437/3/5
f 4439/2/5 4425/2/5 4424/2/5
f 4440/3/5 4426/3/5 4425/3/5
f 4440/2/5 4425/2/5 4439/2/5
f 4441/2/5 4427/2/5 4426/2/5
f 4441/3/5 4426/3/5 4440/3/5
f 4442/2/5 4427/2/5 4441/2/5
f 4443/2/5 4429/2/5 4428/2/5
f 4444/3/5 4430/3/5 4429/3/5
f 4444/2/5 4429/2/5 4443/2/5
f 4445/2/5 4431/2/5 4430/2/5
f 4445/3/5 4430/3/5 4444/3/5
f 4446/2/5 4431/2/5 4445/2/5
f 4447/2/5 4433/2/5 4432/2/5
f 4448/2/5 4418/2/5 4433/2/5
f 4448/2/5 4433/2/5 4447/2/5
f 4451/3/5 4450/3/5 4449/3/5
f 4452/3/5 4450/3/5 4451/3/5
f 4453/3/5 4450/3/5 4452/3/5
f 4454/3/5 4450/3/5 4453/3/5
f 4455/3/5 4450/3/5 4454/3/5
f 4456/3/5 4450/3/5 4455/3/5
f 4457/3/5 4450/3/5 4456/3/5
f 4458/3/5 4450/3/5 4457/3/5
f 4459/3/5 4450/3/5 4458/3/5
f 4460/3/5 4450/3/5 4459/3/5
f 4461/8/5 4453/8/5 4452/8/5
f 4462/8/5 4453/8/5 4461/8/5
f 4463/8/5 4455/8/5 4454/8/5
f 4464/8/5 4455/8/5 4463/8/5
f 4465/8/5 4457/8/5 4456/8/5
f 4466/8/5 4457/8/5 4465/8/5
f 4467/8/5 4459/8/5 4458/8/5
f 4468/8/5 4459/8/5 4467/8/5
f 4469/3/5 4451/3/5 4449/3/5
f 4474/3/5 4450/3/5 4460/3/5
f 4475/8/5 4470/8/5 4469/8/5
f 4475/3/5 4469/3/5 4449/3/5
f 4476/8/5 4470/8/5 4475/8/5
f 4477/8/5 4474/8/5 4473/8/5
f 4478/3/5 4450/3/5 4474/3/5
f 4478/8/5 4474/8/5 4477/8/5
f 4479/4/5 4472/4/5 4471/4/5
f 4480/4/5 4472/4/5 4479/4/5
f 4481/8/5 4480/8/5 4479/8/5
f 4482/8/5 4480/8/5 4481/8/5
f 4483/4/5 4482/4/5 4481/4/5
f 4484/8/5 4480/8/5 4482/8/5
f 4484/4/5 4482/4/5 4483/4/5
f 4485/3/5 4475/3/5 4449/3/5
f 4487/4/5 4483/4/5 4481/4/5
f 4488/4/5 4483/4/5 4487/4/5
f 4489/4/5 4483/4/5 4488/4/5
f 4490/4/5 4483/4/5 4489/4/5
f 4491/8/5 4484/8/5 4483/8/5
f 4491/4/5 4483/4/5 4490/4/5
f 4492/8/5 4480/8/5 4484/8/5
f 4492/8/5 4484/8/5 4491/8/5
f 4494/3/5 4450/3/5 4478/3/5
f 4495/4/5 4487/4/5 4481/4/5
f 4495/8/5 4488/8/5 4487/8/5
f 4496/4/5 4489/4/5 4488/4/5
f 4496/8/5 4488/8/5 4495/8/5
f 4497/8/5 4490/8/5 4489/8/5
f 4497/4/5 4489/4/5 4496/4/5
f 4498/4/5 4491/4/5 4490/4/5
f 4498/8/5 4490/8/5 4497/8/5
f 4498/4/5 4492/4/5 4491/4/5
f 4499/8/5 4486/8/5 4485/8/5
f 4499/3/5 4485/3/5 4449/3/5
f 4500/8/5 4486/8/5 4499/8/5
f 4501/4/5 4479/4/5 4471/4/5
f 4502/8/5 4481/8/5 4479/8/5
f 4502/4/5 4479/4/5 4501/4/5
f 4503/4/5 4497/4/5 4496/4/5
f 4503/8/5 4481/8/5 4502/8/5
f 4503/4/5 4496/4/5 4495/4/5
f 4503/4/5 4498/4/5 4497/4/5
f 4503/4/5 4495/4/5 4481/4/5
f 4504/4/5 4492/4/5 4498/4/5
f 4504/4/5 4498/4/5 4503/4/5
f 4505/8/5 4480/8/5 4492/8/5
f 4505/4/5 4492/4/5 4504/4/5
f 4506/4/5 4472/4/5 4480/4/5
f 4506/8/5 4480/8/5 4505/8/5
f 4507/4/5 4472/4/5 4506/4/5
f 4508/8/5 4494/8/5 4493/8/5
f 4509/3/5 4450/3/5 4494/3/5
f 4509/8/5 4494/8/5 4508/8/5
f 4510/8/5 4502/8/5 4501/8/5
f 4511/4/5 4504/4/5 4503/4/5
f 4511/8/5 4502/8/5 4510/8/5
f 4511/4/5 4503/4/5 4502/4/5
f 4512/4/5 4504/4/5 4511/4/5
f 4513/8/5 4506/8/5 4505/8/5
f 4513/4/5 4504/4/5 4512/4/5
f 4513/8/5 4505/8/5 4504/8/5
f 4513/8/5 4507/8/5 4506/8/5
f 4514/8/5 4507/8/5 4513/8/5
f 4515/4/5 4512/4/5 4511/4/5
f 4515/4/5 4511/4/5 4510/4/5
f 4516/4/5 4512/4/5 4515/4/5
f 4517/8/5 4513/8/5 4512/8/5
f 4517/4/5 4512/4/5 4516/4/5
f 4518/4/5 4514/4/5 4513/4/5
f 4518/8/5 4513/8/5 4517/8/5
f 4519/4/5 4515/4/5 4510/4/5
f 4520/8/5 4516/8/5 4515/8/5
f 4520/4/5 4515/4/5 4519/4/5
f 4521/4/5 4517/4/5 4516/4/5
f 4521/8/5 4516/8/5 4520/8/5
f 4521/4/5 4518/4/5 4517/4/5
f 4522/4/5 4514/4/5 4518/4/5
f 4522/4/5 4518/4/5 4521/4/5
f 4523/4/5 4514/4/5 4522/4/5
f 4524/3/5 4499/3/5 4449/3/5
f 4526/8/5 4520/8/5 4519/8/5
f 4527/4/5 4521/4/5 4520/4/5
f 4527/8/5 4520/8/5 4526/8/5
f 4527/4/5 4522/4/5 4521/4/5
f 4528/4/5 4522/4/5 4527/4/5
f 4529/4/5 4522/4/5 4528/4/5
f 4530/4/5 4522/4/5 4529/4/5
f 4531/4/5 4522/4/5 4530/4/5
f 4532/8/5 4523/8/5 4522/8/5
f 4532/4/5 4522/4/5 4531/4/5
f 4533/8/5 4523/8/5 4532/8/5
f 4535/3/5 4450/3/5 4509/3/5
f 4536/8/5 4530/8/5 4529/8/5
f 4536/4/5 4529/4/5 4528/4/5
f 4537/4/5 4531/4/5 4530/4/5
f 4537/8/5 4530/8/5 4536/8/5
f 4538/4/5 4531/4/5 4537/4/5
f 4539/4/5 4536/4/5 4528/4/5
f 4539/4/5 4537/4/5 4536/4/5
f 4540/4/5 4537/4/5 4539/4/5
f 4541/4/5 4537/4/5 4540/4/5
f 4542/4/5 4537/4/5 4541/4/5
f 4543/8/5 4538/8/5 4537/8/5
f 4543/4/5 4537/4/5 4542/4/5
f 4544/4/5 4531/4/5 4538/4/5
f 4544/8/5 4538/8/5 4543/8/5
f 4545/8/5 4525/8/5 4524/8/5
f 4545/3/5 4524/3/5 4449/3/5
f 4546/8/5 4525/8/5 4545/8/5
f 4547/4/5 4539/4/5 4528/4/5
f 4547/8/5 4540/8/5 4539/8/5
f 4548/4/5 4541/4/5 4540/4/5
f 4548/8/5 4540/8/5 4547/8/5
f 4549/8/5 4542/8/5 4541/8/5
f 4549/4/5 4541/4/5 4548/4/5
f 4550/4/5 4544/4/5 4543/4/5
f 4550/8/5 4542/8/5 4549/8/5
f 4550/4/5 4543/4/5 4542/4/5
f 4551/8/5 4535/8/5 4534/8/5
f 4552/3/5 4450/3/5 4535/3/5
f 4552/8/5 4535/8/5 4551/8/5
f 4553/4/5 4549/4/5 4548/4/5
f 4553/4/5 4547/4/5 4528/4/5
f 4553/4/5 4550/4/5 4549/4/5
f 4553/8/5 4528/8/5 4527/8/5
f 4553/4/5 4548/4/5 4547/4/5
f 4554/4/5 4544/4/5 4550/4/5
f 4554/4/5 4550/4/5 4553/4/5
f 4554/4/5 4531/4/5 4544/4/5
f 4554/8/5 4532/8/5 4531/8/5
f 4555/8/5 4553/8/5 4527/8/5
f 4555/4/5 4527/4/5 4526/4/5
f 4555/8/5 4554/8/5 4553/8/5
f 4556/8/5 4532/8/5 4554/8/5
f 4556/8/5 4554/8/5 4555/8/5
f 4556/4/5 4533/4/5 4532/4/5
f 4557/3/5 4545/3/5 4449/3/5
f 4560/3/5 4450/3/5 4552/3/5
f 4561/8/5 4558/8/5 4557/8/5
f 4561/3/5 4557/3/5 4449/3/5
f 4562/8/5 4558/8/5 4561/8/5
f 4563/4/5 4555/4/5 4526/4/5
f 4563/4/5 4556/4/5 4555/4/5
f 4564/4/5 4533/4/5 4556/4/5
f 4564/4/5 4556/4/5 4563/4/5
f 4565/8/5 4560/8/5 4559/8/5
f 4566/3/5 4450/3/5 4560/3/5
f 4566/8/5 4560/8/5 4565/8/5
f 4575/3/5 4561/3/5 4449/3/5
f 4576/8/5 4568/8/5 4567/8/5
f 4577/8/5 4568/8/5 4576/8/5
f 4578/8/5 4570/8/5 4569/8/5
f 4579/8/5 4570/8/5 4578/8/5
f 4580/8/5 4572/8/5 4571/8/5
f 4581/8/5 4572/8/5 4580/8/5
f 4582/8/5 4574/8/5 4573/8/5
f 4583/8/5 4574/8/5 4582/8/5
f 4585/3/5 4450/3/5 4566/3/5
f 4586/3/5 4584/3/5 4583/3/5
f 4586/3/5 4585/3/5 4584/3/5
f 4586/3/5 4581/3/5 4580/3/5
f 4586/3/5 4575/3/5 4449/3/5
f 4586/3/5 4583/3/5 4582/3/5
f 4586/3/5 4582/3/5 4581/3/5
f 4586/3/5 4577/3/5 4576/3/5
f 4586/3/5 4580/3/5 4579/3/5
f 4586/3/5 4579/3/5 4578/3/5
f 4586/3/5 4578/3/5 4577/3/5
f 4586/3/5 4576/3/5 4575/3/5
f 4587/3/5 4585/3/5 4586/3/5
f 4588/3/5 4585/3/5 4587/3/5
f 4589/3/5 4450/3/5 4585/3/5
f 4589/3/5 4585/3/5 4588/3/5
f 4590/3/5 4588/3/5 4587/3/5
f 4591/3/5 4588/3/5 4590/3/5
f 4594/3/5 4593/3/5 4592/3/5
f 4595/3/5 4593/3/5 4594/3/5
f 4596/3/5 4593/3/5 4595/3/5
f 4597/3/5 4593/3/5 4596/3/5
f 4600/3/5 4599/3/5 4598/3/5
f 4601/3/5 4599/3/5 4600/3/5
f 4605/3/5 4603/3/5 4602/3/5
f 4606/3/5 4605/3/5 4604/3/5
f 4607/3/5 4603/3/5 4605/3/5
f 4607/3/5 4605/3/5 4606/3/5
f 4610/3/5 4609/3/5 4608/3/5
f 4611/3/5 4609/3/5 4610/3/5
f 4614/3/5 4613/3/5 4612/3/5
f 4615/3/5 4613/3/5 4614/3/5
f 4618/3/5 4617/3/5 4616/3/5
f 4619/3/5 4617/3/5 4618/3/5
f 4622/3/5 4621/3/5 4620/3/5
f 4623/3/5 4621/3/5 4622/3/5
f 4626/3/5 4625/3/5 4624/3/5
f 4627/3/5 4625/3/5 4626/3/5
f 4631/4/5 4629/4/5 4628/4/5
f 4632/4/5 4629/4/5 4631/4/5
f 4633/4/5 4631/4/5 4630/4/5
f 4634/4/5 4631/4/5 4633/4/5
f 4637/4/5 4636/4/5 4635/4/5
f 4638/4/5 4636/4/5 4637/4/5
f 4640/4/5 4639/4/5 4638/4/5
f 4641/4/5 4639/4/5 4640/4/5
f 4642/1/6 4643/1/6 4646/1/6
f 4646/1/6 4643/1/6 4647/1/6
f 4647/1/6 4643/1/6 4648/1/6
f 4643/2/6 4644/2/6 4649/2/6
f 4648/1/6 4643/1/6 4649/1/6
f 4644/1/6 4645/1/6 4650/1/6
f 4649/2/6 4644/2/6 4650/2/6
f 4650/1/6 4645/1/6 4651/1/6
f 4651/1/6 4645/1/6 4652/1/6
f 4652/1/6 4645/1/6 4653/1/6
f 4653/1/6 4645/1/6 4654/1/6
f 4654/1/6 4645/1/6 4655/1/6
f 4655/1/6 4645/1/6 4656/1/6
f 4642/1/6 4646/1/6 4658/1/6
f 4646/2/6 4647/2/6 4659/2/6
f 4658/1/6 4646/1/6 4659/1/6
f 4647/1/6 4648/1/6 4660/1/6
f 4659/2/6 4647/2/6 4660/2/6
f 4648/2/6 4649/2/6 4661/2/6
f 4660/1/6 4648/1/6 4661/1/6
f 4649/1/6 4650/1/6 4662/1/6
f 4661/2/6 4649/2/6 4662/2/6
f 4650/1/6 4651/1/6 4662/1/6
f 4651/2/6 4652/2/6 4663/2/6
f 4662/1/6 4651/1/6 4663/1/6
f 4652/1/6 4653/1/6 4664/1/6
f 4663/2/6 4652/2/6 4664/2/6
f 4653/2/6 4654/2/6 4665/2/6
f 4664/1/6 4653/1/6 4665/1/6
f 4654/1/6 4655/1/6 4666/1/6
f 4665/2/6 4654/2/6 4666/2/6
f 4655/2/6 4656/2/6 4667/2/6
f 4666/1/6 4655/1/6 4667/1/6
f 4656/1/6 4645/1/6 4668/1/6
f 4667/2/6 4656/2/6 4668/2/6
f 4668/1/6 4645/1/6 4669/1/6
f 4659/2/6 4660/2/6 4672/2/6
f 4669/2/6 4670/2/6 4672/2/6
f 4668/2/6 4669/2/6 4672/2/6
f 4667/2/6 4668/2/6 4672/2/6
f 4665/2/6 4666/2/6 4672/2/6
f 4664/2/6 4665/2/6 4672/2/6
f 4663/2/6 4664/2/6 4672/2/6
f 4662/2/6 4663/2/6 4672/2/6
f 4661/2/6 4662/2/6 4672/2/6
f 4658/2/6 4659/2/6 4672/2/6
f 4660/2/6 4661/2/6 4672/2/6
f 4657/2/6 4658/2/6 4672/2/6
f 4666/2/6 4667/2/6 4672/2/6
f 4672/2/6 4670/2/6 4673/2/6
f 4673/2/6 4670/2/6 4674/2/6
f 4674/2/6 4670/2/6 4675/2/6
f 4675/1/6 4676/1/6 4677/1/6
f 4674/2/6 4675/2/6 4677/2/6
f 4677/1/6 4676/1/6 4678/1/6
f 4674/2/6 4677/2/6 4679/2/6
f 4677/2/6 4678/2/6 4679/2/6
f 4678/1/6 4676/1/6 4680/1/6
f 4679/2/6 4678/2/6 4680/2/6
f 4671/1/6 4672/1/6 4681/1/6
f 4672/2/6 4673/2/6 4682/2/6
f 4681/1/6 4672/1/6 4682/1/6
f 4674/2/6 4679/2/6 4683/2/6
f 4679/1/6 4680/1/6 4683/1/6
f 4680/1/6 4676/1/6 4684/1/6
f 4683/1/6 4680/1/6 4684/1/6
f 4671/1/6 4681/1/6 4685/1/6
f 4681/2/6 4682/2/6 4685/2/6
f 4682/2/6 4673/2/6 4686/2/6
f 4685/2/6 4682/2/6 4686/2/6
f 4674/2/6 4683/2/6 4687/2/6
f 4683/2/6 4684/2/6 4687/2/6
f 4687/2/6 4684/2/6 4688/2/6
f 4684/1/6 4676/1/6 4689/1/6
f 4688/2/6 4684/2/6 4689/2/6
f 4689/1/6 4676/1/6 4690/1/6
f 4687/3/6 4688/3/6 4694/3/6
f 4688/2/6 4689/2/6 4695/2/6
f 4689/2/6 4690/2/6 4695/2/6
f 4694/3/6 4688/3/6 4695/3/6
f 4690/2/6 4691/2/6 4695/2/6
f 4691/3/6 4692/3/6 4696/3/6
f 4695/2/6 4691/2/6 4696/2/6
f 4696/3/6 4692/3/6 4697/3/6
f 4694/2/6 4695/2/6 4699/2/6
f 4697/2/6 4698/2/6 4699/2/6
f 4696/2/6 4697/2/6 4699/2/6
f 4695/2/6 4696/2/6 4699/2/6
f 4699/2/6 4698/2/6 4700/2/6
f 4694/2/6 4699/2/6 4701/2/6
f 4699/3/6 4700/3/6 4701/3/6
f 4701/3/6 4700/3/6 4702/3/6
f 4671/1/6 4685/1/6 4703/1/6
f 4685/1/6 4686/1/6 4703/1/6
f 4686/2/6 4673/2/6 4704/2/6
f 4703/1/6 4686/1/6 4704/1/6
f 4701/2/6 4702/2/6 4705/2/6
f 4694/2/6 4701/2/6 4705/2/6
f 4705/2/6 4702/2/6 4706/2/6
f 4671/1/6 4703/1/6 4707/1/6
f 4703/2/6 4704/2/6 4708/2/6
f 4707/1/6 4703/1/6 4708/1/6
f 4704/2/6 4673/2/6 4709/2/6
f 4708/2/6 4704/2/6 4709/2/6
f 4693/3/6 4694/3/6 4710/3/6
f 4694/2/6 4705/2/6 4711/2/6
f 4710/3/6 4694/3/6 4711/3/6
f 4711/2/6 4705/2/6 4712/2/6
f 4712/2/6 4705/2/6 4713/2/6
f 4713/2/6 4705/2/6 4714/2/6
f 4714/2/6 4705/2/6 4715/2/6
f 4705/3/6 4706/3/6 4716/3/6
f 4715/2/6 4705/2/6 4716/2/6
f 4716/3/6 4706/3/6 4717/3/6
f 4707/2/6 4708/2/6 4718/2/6
f 4708/1/6 4709/1/6 4719/1/6
f 4718/2/6 4708/2/6 4719/2/6
f 4709/2/6 4673/2/6 4720/2/6
f 4719/1/6 4709/1/6 4720/1/6
f 4711/3/6 4712/3/6 4721/3/6
f 4712/2/6 4713/2/6 4722/2/6
f 4721/3/6 4712/3/6 4722/3/6
f 4722/2/6 4713/2/6 4723/2/6
f 4723/2/6 4713/2/6 4724/2/6
f 4713/3/6 4714/3/6 4725/3/6
f 4724/2/6 4713/2/6 4725/2/6
f 4714/2/6 4715/2/6 4726/2/6
f 4725/3/6 4714/3/6 4726/3/6
f 4715/3/6 4716/3/6 4727/3/6
f 4726/2/6 4715/2/6 4727/2/6
f 4727/3/6 4716/3/6 4728/3/6
f 4718/1/6 4719/1/6 4729/1/6
f 4719/2/6 4720/2/6 4729/2/6
f 4720/2/6 4673/2/6 4730/2/6
f 4729/2/6 4720/2/6 4730/2/6
f 4722/2/6 4723/2/6 4731/2/6
f 4721/2/6 4722/2/6 4731/2/6
f 4723/1/6 4724/1/6 4732/1/6
f 4731/2/6 4723/2/6 4732/2/6
f 4729/1/6 4730/1/6 4733/1/6
f 4718/1/6 4729/1/6 4733/1/6
f 4733/1/6 4730/1/6 4734/1/6
f 4733/2/6 4734/2/6 4735/2/6
f 4734/1/6 4730/1/6 4736/1/6
f 4735/2/6 4734/2/6 4736/2/6
f 4735/1/6 4736/1/6 4737/1/6
f 4730/2/6 4673/2/6 4738/2/6
f 4737/1/6 4736/1/6 4738/1/6
f 4736/1/6 4730/1/6 4738/1/6
f 4738/2/6 4673/2/6 4739/2/6
f 4721/2/6 4731/2/6 4740/2/6
f 4731/1/6 4732/1/6 4741/1/6
f 4740/2/6 4731/2/6 4741/2/6
f 4732/1/6 4724/1/6 4742/1/6
f 4741/1/6 4732/1/6 4742/1/6
f 4740/2/6 4741/2/6 4743/2/6
f 4739/2/6 4740/2/6 4743/2/6
f 4738/2/6 4739/2/6 4743/2/6
f 4743/2/6 4741/2/6 4744/2/6
f 4744/2/6 4741/2/6 4745/2/6
f 4745/2/6 4741/2/6 4746/2/6
f 4746/2/6 4741/2/6 4747/2/6
f 4747/2/6 4741/2/6 4748/2/6
f 4748/2/6 4741/2/6 4749/2/6
f 4749/2/6 4741/2/6 4750/2/6
f 4750/2/6 4741/2/6 4751/2/6
f 4751/2/6 4741/2/6 4752/2/6
f 4752/2/6 4741/2/6 4753/2/6
f 4753/2/6 4741/2/6 4754/2/6
f 4744/1/6 4745/1/6 4755/1/6
f 4745/2/6 4746/2/6 4755/2/6
f 4746/1/6 4747/1/6 4756/1/6
f 4755/2/6 4746/2/6 4756/2/6
f 4747/2/6 4748/2/6 4757/2/6
f 4756/1/6 4747/1/6 4757/1/6
f 4748/1/6 4749/1/6 4758/1/6
f 4757/2/6 4748/2/6 4758/2/6
f 4749/2/6 4750/2/6 4759/2/6
f 4758/1/6 4749/1/6 4759/1/6
f 4750/1/6 4751/1/6 4760/1/6
f 4759/2/6 4750/2/6 4760/2/6
f 4751/2/6 4752/2/6 4761/2/6
f 4760/1/6 4751/1/6 4761/1/6
f 4752/1/6 4753/1/6 4762/1/6
f 4761/2/6 4752/2/6 4762/2/6
f 4760/1/6 4761/1/6 4763/1/6
f 4759/1/6 4760/1/6 4763/1/6
f 4761/1/6 4762/1/6 4763/1/6
f 4758/1/6 4759/1/6 4763/1/6
f 4757/1/6 4758/1/6 4763/1/6
f 4756/1/6 4757/1/6 4763/1/6
f 4755/1/6 4756/1/6 4763/1/6
f 4744/1/6 4755/1/6 4763/1/6
f 4762/1/6 4753/1/6 4764/1/6
f 4763/1/6 4762/1/6 4764/1/6
f 4765/4/6 4766/4/6 4767/4/6
f 4767/4/6 4766/4/6 4768/4/6
f 4769/4/6 4770/4/6 4771/4/6
f 4771/4/6 4770/4/6 4772/4/6
f 4773/4/6 4774/4/6 4779/4/6
f 4779/4/6 4774/4/6 4780/4/6
f 4775/4/6 4776/4/6 4781/4/6
f 4781/4/6 4776/4/6 4782/4/6
f 4777/4/6 4778/4/6 4783/4/6
f 4783/4/6 4778/4/6 4784/4/6
f 4785/4/6 4786/4/6 4791/4/6
f 4791/4/6 4786/4/6 4792/4/6
f 4787/4/6 4788/4/6 4794/4/6
f 4794/4/6 4788/4/6 4795/4/6
f 4789/4/6 4790/4/6 4797/4/6
f 4797/4/6 4790/4/6 4798/4/6
f 4795/4/6 4796/4/6 4799/4/6
f 4793/4/6 4794/4/6 4799/4/6
f 4794/4/6 4795/4/6 4799/4/6
f 4799/4/6 4796/4/6 4800/4/6
f 4799/4/6 4800/4/6 4801/4/6
f 4801/4/6 4800/4/6 4802/4/6
f 4803/4/6 4804/4/6 4805/4/6
f 4805/4/6 4804/4/6 4806/4/6
f 4807/4/6 4808/4/6 4809/4/6
f 4809/4/6 4808/4/6 4810/4/6
f 4810/4/6 4808/4/6 4811/4/6
f 4811/4/6 4808/4/6 4812/4/6
f 4813/4/6 4814/4/6 4817/4/6
f 4817/4/6 4814/4/6 4818/4/6
f 4815/4/6 4816/4/6 4819/4/6
f 4819/4/6 4816/4/6 4820/4/6
f 4821/4/6 4822/4/6 4823/4/6
f 4823/4/6 4822/4/6 4824/4/6
f 4825/4/6 4826/4/6 4827/4/6
f 4827/4/6 4826/4/6 4828/4/6
f 4829/3/6 4830/3/6 4831/3/6
f 4829/3/6 4831/3/6 4832/3/6
f 4832/3/6 4831/3/6 4833/3/6
f 4834/4/6 4835/4/6 4836/4/6
f 4836/4/6 4835/4/6 4837/4/6
f 4838/3/6 4839/3/6 4840/3/6
f 4840/3/6 4839/3/6 4841/3/6
f 4842/3/6 4843/3/6 4846/3/6
f 4846/3/6 4843/3/6 4847/3/6
f 4844/3/6 4845/3/6 4850/3/6
f 4848/3/6 4849/3/6 4851/3/6
f 4849/3/6 4850/3/6 4851/3/6
f 4850/3/6 4845/3/6 4852/3/6
f 4851/3/6 4850/3/6 4852/3/6
f 4853/4/6 4854/4/6 4855/4/6
f 4855/4/6 4854/4/6 4856/4/6
f 4857/3/6 4858/3/6 4859/3/6
f 4857/3/6 4859/3/6 4860/3/6
f 4860/3/6 4859/3/6 4861/3/6
f 4862/3/6 4863/3/6 4864/3/6
f 4862/3/6 4864/3/6 4868/3/6
f 4864/3/6 4865/3/6 4868/3/6
f 4868/3/6 4865/3/6 4869/3/6
f 4866/3/6 4867/3/6 4870/3/6
f 4870/3/6 4867/3/6 4871/3/6
f 4872/6/6 4873/6/6 4874/6/6
f 4874/6/6 4873/6/6 4875/6/6
f 4876/4/6 4877/4/6 4878/4/6
f 4878/4/6 4877/4/6 4879/4/6
f 4880/4/6 4881/4/6 4882/4/6
f 4882/4/6 4881/4/6 4883/4/6
f 4884/4/6 4885/4/6 4886/4/6
f 4886/4/6 4885/4/6 4887/4/6
f 4888/3/6 4889/3/6 4890/3/6
f 4890/3/6 4889/3/6 4891/3/6
f 4891/3/6 4889/3/6 4892/3/6
f 4892/3/6 4889/3/6 4893/3/6
f 4894/3/6 4895/3/6 4896/3/6
f 4896/3/6 4895/3/6 4897/3/6
f 4898/4/6 4899/4/6 4900/4/6
f 4900/4/6 4899/4/6 4901/4/6
f 4902/4/6 4903/4/6 4904/4/6
f 4904/4/6 4903/4/6 4905/4/6
f 4906/4/6 4907/4/6 4908/4/6
f 4908/4/6 4907/4/6 4909/4/6
f 4910/4/6 4911/4/6 4912/4/6
f 4912/4/6 4911/4/6 4913/4/6
f 4914/6/6 4915/6/6 4924/6/6
f 4915/7/6 4916/7/6 4925/7/6
f 4924/6/6 4915/6/6 4925/6/6
f 4916/6/6 4917/6/6 4926/6/6
f 4925/7/6 4916/7/6 4926/7/6
f 4917/7/6 4918/7/6 4927/7/6
f 4926/6/6 4917/6/6 4927/6/6
f 4927/7/6 4918/7/6 4928/7/6
f 4919/7/6 4920/7/6 4929/7/6
f 4920/6/6 4921/6/6 4930/6/6
f 4929/7/6 4920/7/6 4930/7/6
f 4921/7/6 4922/7/6 4931/7/6
f 4930/6/6 4921/6/6 4931/6/6
f 4922/6/6 4923/6/6 4932/6/6
f 4931/7/6 4922/7/6 4932/7/6
f 4932/6/6 4923/6/6 4933/6/6
f 4914/6/6 4924/6/6 4934/6/6
f 4934/6/6 4924/6/6 4935/6/6
f 4933/6/6 4923/6/6 4938/6/6
f 4938/6/6 4923/6/6 4939/6/6
f 4934/7/6 4935/7/6 4940/7/6
f 4940/7/6 4935/7/6 4941/7/6
f 4936/4/6 4937/4/6 4942/4/6
f 4942/4/6 4937/4/6 4943/4/6
f 4938/7/6 4939/7/6 4944/7/6
f 4944/7/6 4939/7/6 4945/7/6
f 4944/6/6 4945/6/6 4946/6/6
f 4946/6/6 4945/6/6 4947/6/6
f 4940/6/6 4941/6/6 4948/6/6
f 4948/6/6 4941/6/6 4949/6/6
f 4946/7/6 4947/7/6 4950/7/6
f 4950/7/6 4947/7/6 4951/7/6
f 4948/7/6 4949/7/6 4952/7/6
f 4952/7/6 4949/7/6 4953/7/6
f 4950/6/6 4951/6/6 4954/6/6
f 4954/6/6 4951/6/6 4955/6/6
f 4952/6/6 4953/6/6 4956/6/6
f 4956/6/6 4953/6/6 4957/6/6
f 4956/7/6 4957/7/6 4960/7/6
f 4960/7/6 4957/7/6 4961/7/6
f 4958/6/6 4959/6/6 4962/6/6
f 4962/6/6 4959/6/6 4963/6/6
f 4962/7/6 4963/7/6 4964/7/6
f 4964/7/6 4963/7/6 4965/7/6
f 4960/6/6 4961/6/6 4966/6/6
f 4966/6/6 4961/6/6 4967/6/6
f 4964/6/6 4965/6/6 4968/6/6
f 4968/6/6 4965/6/6 4969/6/6
f 4966/7/6 4967/7/6 4970/7/6
f 4968/7/6 4969/7/6 4971/7/6
f 4971/7/6 4969/7/6 4972/7/6
f 4966/7/6 4970/7/6 4973/7/6
f 4973/7/6 4970/7/6 4974/7/6
f 4971/6/6 4972/6/6 4983/6/6
f 4973/6/6 4974/6/6 4984/6/6
f 4974/6/6 4975/6/6 4984/6/6
f 4975/7/6 4976/7/6 4985/7/6
f 4984/6/6 4975/6/6 4985/6/6
f 4976/6/6 4977/6/6 4986/6/6
f 4985/7/6 4976/7/6 4986/7/6
f 4977/7/6 4978/7/6 4987/7/6
f 4986/6/6 4977/6/6 4987/6/6
f 4978/6/6 4979/6/6 4988/6/6
f 4987/7/6 4978/7/6 4988/7/6
f 4979/7/6 4980/7/6 4989/7/6
f 4988/6/6 4979/6/6 4989/6/6
f 4980/6/6 4981/6/6 4990/6/6
f 4989/7/6 4980/7/6 4990/7/6
f 4981/7/6 4982/7/6 4991/7/6
f 4990/6/6 4981/6/6 4991/6/6
f 4982/6/6 4983/6/6 4992/6/6
f 4991/7/6 4982/7/6 4992/7/6
f 4983/6/6 4972/6/6 4993/6/6
f 4992/6/6 4983/6/6 4993/6/6
f 4994/4/6 4995/4/6 4996/4/6
f 4996/4/6 4995/4/6 4997/4/6
f 4997/4/6 4995/4/6 4998/4/6
f 4998/4/6 4995/4/6 4999/4/6
f 4997/4/6 4998/4/6 5001/4/6
f 5001/4/6 4998/4/6 5002/4/6
f 5000/4/6 5001/4/6 5004/4/6
f 5002/4/6 5003/4/6 5004/4/6
f 5001/4/6 5002/4/6 5004/4/6
f 5004/4/6 5003/4/6 5005/4/6
f 5005/4/6 5003/4/6 5006/4/6
f 5006/4/6 5003/4/6 5007/4/6
f 5008/4/6 5009/4/6 5011/4/6
f 5011/4/6 5009/4/6 5012/4/6
f 5010/4/6 5011/4/6 5014/4/6
f 5012/4/6 5013/4/6 5014/4/6
f 5011/4/6 5012/4/6 5014/4/6
f 5014/4/6 5013/4/6 5015/4/6
f 5014/4/6 5015/4/6 5016/4/6
f 5016/4/6 5015/4/6 5017/4/6
f 5018/4/6 5019/4/6 5020/4/6
f 5020/4/6 5019/4/6 5021/4/6
f 5022/4/6 5023/4/6 5024/4/6
f 5024/4/6 5023/4/6 5025/4/6
f 5026/3/6 5027/3/6 5028/3/6
f 5028/3/6 5027/3/6 5029/3/6
f 5026/3/6 5028/3/6 5034/3/6
f 5034/3/6 5028/3/6 5035/3/6
f 5030/3/6 5031/3/6 5036/3/6
f 5036/3/6 5031/3/6 5037/3/6
f 5032/4/6 5033/4/6 5038/4/6
f 5038/4/6 5033/4/6 5039/4/6
f 5040/4/6 5041/4/6 5042/4/6
f 5042/4/6 5041/4/6 5043/4/6
f 5044/4/6 5045/4/6 5046/4/6
f 5046/4/6 5045/4/6 5047/4/6
f 5048/4/6 5049/4/6 5050/4/6
f 5050/4/6 5049/4/6 5051/4/6
f 5052/4/6 5053/4/6 5054/4/6
f 5054/4/6 5053/4/6 5055/4/6
f 5056/3/6 5057/3/6 5058/3/6
f 5058/3/6 5057/3/6 5059/3/6
f 5059/3/6 5057/3/6 5060/3/6
f 5061/4/6 5062/4/6 5066/4/6
f 5066/4/6 5062/4/6 5067/4/6
f 5064/3/6 5065/3/6 5068/3/6
f 5063/3/6 5064/3/6 5068/3/6
f 5068/3/6 5065/3/6 5069/3/6
f 5060/3/6 5057/3/6 5070/3/6
f 5070/3/6 5057/3/6 5071/3/6
f 5072/4/6 5073/4/6 5074/4/6
f 5074/4/6 5073/4/6 5075/4/6
f 5076/4/6 5077/4/6 5078/4/6
f 5078/4/6 5077/4/6 5079/4/6
f 5080/3/6 5081/3/6 5082/3/6
f 5082/3/6 5081/3/6 5083/3/6
f 5084/3/6 5085/3/6 5086/3/6
f 5086/3/6 5085/3/6 5087/3/6
f 5087/3/6 5085/3/6 5088/3/6
f 5089/3/6 5090/3/6 5091/3/6
f 5091/3/6 5090/3/6 5092/3/6
f 5093/3/6 5094/3/6 5095/3/6
f 5095/3/6 5094/3/6 5096/3/6
f 5097/4/6 5098/4/6 5099/4/6
f 5099/4/6 5098/4/6 5100/4/6
f 5101/3/6 5102/3/6 5103/3/6
f 5103/3/6 5102/3/6 5104/3/6
f 5105/3/6 5106/3/6 5107/3/6
f 5107/3/6 5106/3/6 5108/3/6
f 5109/4/6 5110/4/6 5111/4/6
f 5111/4/6 5110/4/6 5112/4/6
f 5113/4/6 5114/4/6 5115/4/6
f 5115/4/6 5114/4/6 5116/4/6
f 5116/4/6 5114/4/6 5117/4/6
f 5117/4/6 5114/4/6 5118/4/6
f 5119/8/6 5120/8/6 5128/8/6
f 5126/8/6 5127/8/6 5128/8/6
f 5125/8/6 5126/8/6 5128/8/6
f 5124/8/6 5125/8/6 5128/8/6
f 5123/8/6 5124/8/6 5128/8/6
f 5122/8/6 5123/8/6 5128/8/6
f 5121/8/6 5122/8/6 5128/8/6
f 5120/8/6 5121/8/6 5128/8/6
f 5128/8/6 5127/8/6 5129/8/6
f 5129/8/6 5127/8/6 5130/8/6
f 5128/8/6 5129/8/6 5131/8/6
f 5129/4/6 5130/4/6 5132/4/6
f 5132/4/6 5130/4/6 5133/4/6
f 5130/8/6 5127/8/6 5136/8/6
f 5134/8/6 5135/8/6 5137/8/6
f 5137/8/6 5135/8/6 5138/8/6
f 5130/8/6 5136/8/6 5139/8/6
f 5137/4/6 5138/4/6 5140/4/6
f 5138/8/6 5135/8/6 5141/8/6
f 5140/4/6 5138/4/6 5141/4/6
f 5137/4/6 5140/4/6 5142/4/6
f 5142/4/6 5140/4/6 5143/4/6
f 5143/4/6 5140/4/6 5144/4/6
f 5144/4/6 5140/4/6 5145/4/6
f 5140/8/6 5141/8/6 5146/8/6
f 5145/4/6 5140/4/6 5146/4/6
f 5141/8/6 5135/8/6 5147/8/6
f 5146/8/6 5141/8/6 5147/8/6
f 5131/8/6 5129/8/6 5148/8/6
f 5137/4/6 5142/4/6 5149/4/6
f 5142/8/6 5143/8/6 5149/8/6
f 5143/4/6 5144/4/6 5150/4/6
f 5149/8/6 5143/8/6 5150/8/6
f 5144/8/6 5145/8/6 5151/8/6
f 5150/4/6 5144/4/6 5151/4/6
f 5145/4/6 5146/4/6 5152/4/6
f 5151/8/6 5145/8/6 5152/8/6
f 5146/4/6 5147/4/6 5152/4/6
f 5148/8/6 5129/8/6 5153/8/6
f 5129/4/6 5132/4/6 5154/4/6
f 5134/8/6 5137/8/6 5155/8/6
f 5147/8/6 5135/8/6 5156/8/6
f 5133/4/6 5130/4/6 5157/4/6
f 5130/8/6 5139/8/6 5158/8/6
f 5129/4/6 5154/4/6 5159/4/6
f 5155/8/6 5137/8/6 5160/8/6
f 5150/4/6 5151/4/6 5161/4/6
f 5149/4/6 5150/4/6 5161/4/6
f 5160/8/6 5137/8/6 5161/8/6
f 5137/4/6 5149/4/6 5161/4/6
f 5151/4/6 5152/4/6 5161/4/6
f 5152/4/6 5147/4/6 5162/4/6
f 5161/4/6 5152/4/6 5162/4/6
f 5147/8/6 5156/8/6 5163/8/6
f 5162/4/6 5147/4/6 5163/4/6
f 5163/8/6 5156/8/6 5164/8/6
f 5157/4/6 5130/4/6 5165/4/6
f 5129/4/6 5159/4/6 5166/4/6
f 5159/8/6 5160/8/6 5166/8/6
f 5161/4/6 5162/4/6 5167/4/6
f 5166/8/6 5160/8/6 5167/8/6
f 5160/4/6 5161/4/6 5167/4/6
f 5167/4/6 5162/4/6 5168/4/6
f 5164/8/6 5165/8/6 5169/8/6
f 5168/4/6 5162/4/6 5169/4/6
f 5163/8/6 5164/8/6 5169/8/6
f 5162/8/6 5163/8/6 5169/8/6
f 5165/4/6 5130/4/6 5170/4/6
f 5169/8/6 5165/8/6 5170/8/6
f 5167/4/6 5168/4/6 5171/4/6
f 5166/4/6 5167/4/6 5171/4/6
f 5171/4/6 5168/4/6 5172/4/6
f 5168/8/6 5169/8/6 5173/8/6
f 5172/4/6 5168/4/6 5173/4/6
f 5169/4/6 5170/4/6 5174/4/6
f 5173/8/6 5169/8/6 5174/8/6
f 5129/4/6 5166/4/6 5175/4/6
f 5166/4/6 5171/4/6 5175/4/6
f 5171/8/6 5172/8/6 5176/8/6
f 5175/4/6 5171/4/6 5176/4/6
f 5172/4/6 5173/4/6 5177/4/6
f 5176/8/6 5172/8/6 5177/8/6
f 5173/4/6 5174/4/6 5177/4/6
f 5174/4/6 5170/4/6 5178/4/6
f 5177/4/6 5174/4/6 5178/4/6
f 5170/4/6 5130/4/6 5179/4/6
f 5178/4/6 5170/4/6 5179/4/6
f 5130/8/6 5158/8/6 5180/8/7
f 5129/4/6 5175/4/6 5181/4/6
f 5175/8/6 5176/8/6 5181/8/6
f 5177/4/6 5178/4/6 5182/4/6
f 5181/8/6 5176/8/6 5182/8/6
f 5176/4/6 5177/4/6 5182/4/6
f 5182/4/6 5178/4/6 5183/4/6
f 5183/4/6 5178/4/6 5184/4/6
f 5184/4/6 5178/4/6 5185/4/6
f 5185/4/6 5178/4/6 5186/4/6
f 5178/8/6 5179/8/6 5187/8/6
f 5186/4/6 5178/4/6 5187/4/6
f 5179/4/6 5130/4/6 5188/4/6
f 5187/8/6 5179/8/6 5188/8/6
f 5130/8/6 5180/8/7 5189/8/6
f 5129/4/6 5181/4/6 5190/4/6
f 5182/8/6 5183/8/6 5191/8/6
f 5183/4/6 5184/4/6 5192/4/6
f 5184/8/6 5185/8/6 5192/8/6
f 5185/4/6 5186/4/6 5193/4/6
f 5192/8/6 5185/8/6 5193/8/6
f 5193/4/6 5186/4/6 5194/4/6
f 5186/8/6 5187/8/6 5195/8/6
f 5188/4/6 5130/4/6 5196/4/6
f 5183/4/6 5192/4/6 5197/4/6
f 5192/4/6 5193/4/6 5197/4/6
f 5197/4/6 5193/4/6 5198/4/6
f 5198/4/6 5193/4/6 5199/4/6
f 5199/4/6 5193/4/6 5200/4/6
f 5193/8/6 5194/8/6 5201/8/6
f 5200/4/6 5193/4/6 5201/4/6
f 5194/4/6 5186/4/6 5202/4/6
f 5201/8/6 5194/8/6 5202/8/6
f 5153/8/6 5129/8/6 5203/8/6
f 5183/4/6 5197/4/6 5204/4/6
f 5197/8/6 5198/8/6 5204/8/6
f 5198/4/6 5199/4/6 5205/4/6
f 5204/8/6 5198/8/6 5205/8/6
f 5199/8/6 5200/8/6 5206/8/6
f 5205/4/6 5199/4/6 5206/4/6
f 5200/4/6 5201/4/6 5207/4/6
f 5206/8/6 5200/8/6 5207/8/6
f 5201/4/6 5202/4/6 5207/4/6
f 5203/8/6 5129/8/6 5208/8/7
f 5208/8/7 5129/8/6 5209/8/8
f 5205/4/6 5206/4/6 5210/4/6
f 5191/8/6 5183/8/6 5210/8/6
f 5204/4/6 5205/4/6 5210/4/6
f 5183/4/6 5204/4/6 5210/4/6
f 5206/4/6 5207/4/6 5210/4/6
f 5202/4/6 5186/4/6 5211/4/6
f 5210/4/6 5207/4/6 5211/4/6
f 5186/8/6 5195/8/6 5211/8/6
f 5207/4/6 5202/4/6 5211/4/6
f 5130/8/6 5189/8/6 5212/8/7
f 5209/8/8 5129/8/6 5213/8/6
f 5191/8/6 5210/8/6 5214/8/6
f 5210/8/6 5211/8/6 5214/8/6
f 5211/8/6 5195/8/6 5215/8/6
f 5214/8/6 5211/8/6 5215/8/6
f 5130/8/6 5212/8/7 5216/8/6
f 5129/4/6 5190/4/6 5217/4/6
f 5196/4/6 5130/4/6 5218/4/6
f 5213/8/6 5129/8/6 5219/8/6
f 5217/4/6 5218/4/6 5219/4/6
f 5129/4/6 5217/4/6 5219/4/6
f 5218/4/6 5130/4/6 5220/4/6
f 5219/4/6 5218/4/6 5220/4/6
f 5130/8/6 5216/8/6 5220/8/6
f 5220/8/6 5216/8/6 5221/8/6
f 5213/8/6 5219/8/6 5222/8/6
f 5219/8/6 5220/8/6 5222/8/6
f 5220/8/6 5221/8/6 5222/8/6
f 5222/8/6 5221/8/6 5223/8/6
f 5223/8/6 5221/8/6 5224/8/6
f 5224/8/6 5221/8/6 5225/8/6
f 5225/8/6 5221/8/6 5226/8/6
f 5226/8/6 5221/8/6 5227/8/6
f 5227/8/6 5221/8/6 5228/8/6
f 5228/8/6 5221/8/6 5229/8/6
f 5230/3/6 5231/3/6 5233/3/6
f 5231/3/6 5232/3/6 5233/3/6
f 5233/3/6 5232/3/6 5234/3/6
f 5235/3/6 5236/3/6 5237/3/6
f 5237/3/6 5236/3/6 5238/3/6
f 5239/3/6 5240/3/6 5245/3/6
f 5245/3/6 5240/3/6 5246/3/6
f 5241/3/6 5242/3/6 5247/3/6
f 5247/3/6 5242/3/6 5248/3/6
f 5243/3/6 5244/3/6 5249/3/6
f 5249/3/6 5244/3/6 5250/3/6
f 5251/3/6 5252/3/6 5253/3/6
f 5253/3/6 5252/3/6 5254/3/6
f 5255/3/6 5256/3/6 5259/3/6
f 5259/3/6 5256/3/6 5260/3/6
f 5257/3/6 5258/3/6 5261/3/6
f 5261/3/6 5258/3/6 5262/3/6
f 5263/3/6 5264/3/6 5265/3/6
f 5265/3/6 5264/3/6 5266/3/6
f 5267/2/6 5268/2/6 5269/2/6
f 5269/2/6 5268/2/6 5270/2/6
f 5271/3/6 5272/3/6 5273/3/6
f 5273/3/6 5272/3/6 5274/3/6
f 5267/2/6 5269/2/6 5275/2/6
f 5275/2/6 5269/2/6 5276/2/6
f 5270/2/6 5268/2/6 5277/2/6
f 5277/2/6 5268/2/6 5278/2/6
f 5275/6/6 5276/6/6 5279/6/6
f 5279/6/6 5276/6/6 5280/6/6
f 5277/6/6 5278/6/6 5281/6/6
f 5281/6/6 5278/6/6 5282/6/6
f 5283/6/6 5284/6/6 5287/6/6
f 5287/6/6 5284/6/6 5288/6/6
f 5285/6/6 5286/6/6 5289/6/6
f 5289/6/6 5286/6/6 5290/6/6
f 5287/2/6 5288/2/6 5291/2/6
f 5289/2/6 5290/2/6 5292/2/6
f 5291/2/6 5292/2/6 5295/2/6
f 5287/2/6 5291/2/6 5295/2/6
f 5292/2/6 5290/2/6 5296/2/6
f 5295/2/6 5292/2/6 5296/2/6
f 5293/3/6 5294/3/6 5297/3/6
f 5297/3/6 5294/3/6 5298/3/6
f 5299/3/6 5300/3/6 5301/3/6
f 5301/3/6 5300/3/6 5302/3/6
f 5303/4/6 5304/4/6 5308/4/6
f 5308/4/6 5304/4/6 5309/4/6
f 5305/4/6 5306/4/6 5314/4/6
f 5314/4/6 5306/4/6 5315/4/6
f 5307/4/6 5308/4/6 5317/4/6
f 5308/2/6 5309/2/6 5318/2/6
f 5317/4/6 5308/4/6 5318/4/6
f 5309/2/6 5310/2/6 5318/2/6
f 5318/2/6 5310/2/6 5319/2/6
f 5310/3/6 5311/3/6 5320/3/6
f 5319/2/6 5310/2/6 5320/2/6
f 5311/2/6 5312/2/6 5321/2/6
f 5320/3/6 5311/3/6 5321/3/6
f 5312/3/6 5313/3/6 5322/3/6
f 5321/2/6 5312/2/6 5322/2/6
f 5314/2/6 5315/2/6 5323/2/6
f 5322/3/6 5313/3/6 5323/3/6
f 5313/2/6 5314/2/6 5323/2/6
f 5323/2/6 5315/2/6 5324/2/6
f 5315/4/6 5316/4/6 5325/4/6
f 5324/2/6 5315/2/6 5325/2/6
f 5325/4/6 5316/4/6 5326/4/6
f 5318/2/6 5319/2/6 5327/2/6
f 5327/2/6 5319/2/6 5328/2/6
f 5327/3/6 5328/3/6 5329/3/6
f 5329/3/6 5328/3/6 5330/3/6
f 5329/2/6 5330/2/6 5331/2/6
f 5331/2/6 5330/2/6 5332/2/6
f 5331/3/6 5332/3/6 5333/3/6
f 5333/3/6 5332/3/6 5334/3/6
f 5333/2/6 5334/2/6 5336/2/6
f 5336/2/6 5334/2/6 5337/2/6
f 5324/2/6 5325/2/6 5338/2/6
f 5338/2/6 5325/2/6 5339/2/6
f 5335/4/6 5336/4/6 5341/4/6
f 5336/2/6 5337/2/6 5342/2/6
f 5341/4/6 5336/4/6 5342/4/6
f 5337/2/6 5338/2/6 5342/2/6
f 5338/2/6 5339/2/6 5342/2/6
f 5342/2/6 5339/2/6 5343/2/6
f 5343/2/6 5339/2/6 5344/2/6
f 5339/4/6 5340/4/6 5345/4/6
f 5344/2/6 5339/2/6 5345/2/6
f 5345/4/6 5340/4/6 5346/4/6
f 5342/4/6 5343/4/6 5347/4/6
f 5347/4/6 5343/4/6 5348/4/6
f 5344/4/6 5345/4/6 5349/4/6
f 5349/4/6 5345/4/6 5350/4/6
