# Blender 4.4.3
# www.blender.org
mtllib ground.mtl.mtl
o Valley
v -34.419998 1.232629 -38.119999
v -33.565819 1.232634 -37.997974
v -33.443790 1.232635 -37.997974
v -33.565819 1.232635 -37.875950
v 27.020000 1.236913 -38.119991
v -33.443790 1.233013 -37.875950
v -18.352142 1.254291 -36.435318
v -15.026560 1.266174 -35.845863
v -19.527668 1.285124 -35.587757
v -20.306763 1.274652 -35.719036
v -19.850342 1.345523 -35.499260
v -17.272257 1.404804 -34.997982
v -20.916100 1.266778 -35.218693
v -15.375353 1.279301 -35.060173
v -20.332561 0.924504 -35.501904
v -19.079866 1.365628 -35.331974
v -19.786503 0.940050 -35.172279
v -18.094725 1.244243 -35.101532
v -17.878778 1.305111 -35.588131
v -16.523542 1.309216 -35.112675
v -19.376087 0.994668 -35.189144
v -18.641296 1.265462 -35.438896
v -17.319027 1.140600 -34.847496
v -16.994478 1.322478 -35.031044
v -18.307138 0.930824 -34.796062
v -16.781364 1.256495 -34.633675
v -15.134537 1.097826 -34.793072
v -14.571730 1.339930 -34.734318
v -18.814487 0.983997 -34.599972
v -17.676647 0.927928 -34.632530
v -17.092093 1.032269 -34.774364
v -14.121595 1.308792 -34.079689
v -16.320238 1.006588 -34.662033
v -13.484781 1.280499 -33.716576
v -21.006042 0.898029 -34.662167
v -19.140026 0.895107 -34.857609
v -17.054543 0.886561 -34.130608
v -14.457632 1.108042 -34.439137
v -18.245480 0.909599 -34.336098
v -20.207592 0.918479 -32.823853
v -21.146799 1.285040 -34.643242
v -22.806343 1.231446 -38.119999
v -15.572290 0.916736 -34.358971
v -14.528032 1.060334 -33.312042
v -14.070381 1.141868 -33.658222
v -12.630920 1.263808 -32.763447
v -14.033018 1.042978 -32.458458
v -20.457987 1.345519 -32.871883
v -14.658731 0.892147 -33.037544
v -20.284595 1.287413 -32.507816
v -13.140871 1.132019 -33.178822
v -19.485884 0.926408 -32.083988
v -14.055054 0.866437 -32.098492
v -11.803383 1.255058 -32.385418
v -10.129913 1.344876 -32.039860
v -16.385950 0.946210 -31.974552
v -19.794422 1.345832 -31.945431
v -19.072477 1.310392 -31.750216
v -14.835859 0.931277 -31.988802
v -13.676584 0.879242 -31.954569
v -8.140482 1.294914 -31.742924
v -9.034122 1.265921 -32.126289
v -8.615801 1.134828 -31.786324
v -6.550291 1.260590 -31.673534
v -14.539843 1.010841 -31.313890
v -10.278151 1.131454 -31.737606
v -18.547688 0.899832 -31.671108
v -12.268984 0.962857 -31.465630
v -9.820717 1.044592 -31.294004
v -7.455486 1.246511 -31.732571
v -17.104961 0.895704 -31.489120
v -15.868210 0.891116 -31.972704
v -18.819431 1.291067 -31.308947
v -15.359034 0.977031 -31.711861
v -15.388971 1.292072 -31.369446
v -8.007711 1.036512 -31.110023
v -18.174509 1.202970 -30.761501
v -17.845182 0.930293 -31.307831
v -16.397924 1.130960 -30.646698
v -14.879435 1.273882 -31.348900
v -17.430267 1.042988 -30.617250
v -8.603224 1.190636 -29.424641
v -16.232754 1.307933 -30.605808
v -13.075212 1.186022 -30.821369
v -20.823460 1.282667 -31.941959
v -13.965548 1.099984 -30.671610
v -12.804937 1.016327 -30.940739
v -18.368502 1.308811 -31.153240
v -17.045851 1.173413 -30.607250
v -14.156029 1.265864 -30.900511
v -12.366013 1.078242 -30.720779
v -11.953228 1.120289 -30.786678
v -8.685539 1.042975 -30.830873
v -6.828993 1.142401 -30.712963
v -10.430761 1.132510 -30.264719
v -17.912878 1.238073 -30.175676
v -13.185093 1.241953 -29.943890
v -18.036438 1.322516 -30.387634
v -16.815876 1.278484 -30.041000
v -14.912994 1.286162 -30.652367
v -11.370682 1.081597 -30.062988
v -7.096922 1.246053 -29.419945
v -6.645136 1.331450 -30.662502
v -10.659546 1.088438 -29.676535
v -8.913055 1.257686 -30.019661
v -11.928719 1.240449 -29.539909
v -10.248352 1.284035 -29.843266
v -16.097330 1.248704 -29.088219
v -11.641666 1.276488 -28.797825
v -19.553761 1.221487 -28.690140
v -14.078434 1.246844 -30.382027
v -10.912884 1.314539 -29.020657
v -7.751081 1.290606 -29.555386
v -34.419994 1.234019 -26.397121
v -19.635038 1.442568 -26.905636
v -12.708483 1.274963 -30.167904
v -20.116869 1.115685 -26.911777
v -19.168362 1.446156 -26.775911
v -24.836308 1.241204 -27.953896
v -18.832996 1.264385 -27.082851
v -5.694933 1.241992 -28.461248
v -20.122864 1.309387 -27.090321
v -20.883661 1.324778 -26.415985
v -19.802114 1.036551 -26.444332
v -19.591656 1.453261 -26.417418
v -19.187977 1.276155 -25.980007
v -20.828812 1.004277 -26.032400
v -34.418480 1.305931 -25.485296
v -21.121208 1.258524 -25.778404
v -19.379105 1.038957 -25.921774
v -24.392996 1.279193 -26.031815
v -23.625957 1.267225 -26.256779
v -25.902241 1.308361 -25.736679
v -21.819893 1.339477 -25.810841
v -25.294224 1.382254 -25.611675
v -19.306019 1.314727 -25.569969
v -24.459862 0.924226 -25.748299
v -23.110508 1.167169 -25.778395
v -21.199913 0.898170 -25.234667
v -34.422661 0.882406 -25.317066
v -34.068455 1.353961 -25.361656
v -22.910500 1.279081 -26.136635
v -29.992054 1.228308 -24.560123
v -25.599567 0.893882 -25.375225
v -20.509407 0.807985 -25.736279
v -19.731573 0.995450 -25.984364
v -10.701586 1.238789 -27.456486
v -25.928589 1.363832 -25.273991
v -24.011040 1.346975 -25.361912
v -22.771887 1.052133 -25.062481
v -22.396412 1.210685 -24.837311
v -18.972187 1.329749 -24.728432
v -27.214132 1.266803 -25.280979
v -17.060707 1.226984 -25.985168
v -23.047539 1.138789 -24.949444
v -21.960114 0.911215 -24.813465
v -21.539196 0.956781 -24.826813
v -19.582363 0.919326 -25.535900
v -28.323622 1.291368 -25.101330
v -25.971230 1.315823 -24.807175
v -33.461582 0.440576 -24.588665
v -25.539045 0.661111 -24.908882
v -24.114288 0.752482 -24.978821
v -33.207466 1.361503 -24.871449
v -19.185249 1.023030 -24.829792
v -34.424881 0.594614 -25.074142
v -32.148163 1.330633 -24.631577
v -25.119896 0.388191 -24.641197
v -23.545029 1.218292 -24.719429
v -19.465595 0.935457 -24.463123
v -27.837543 1.363688 -24.521244
v -23.398706 1.094744 -24.588579
v -28.589918 1.358758 -24.752438
v -26.346405 1.381136 -24.462154
v -22.779781 1.142061 -24.361801
v -32.393372 1.326929 -24.343731
v -22.630327 0.759436 -24.677967
v -28.307320 0.643723 -24.518421
v -28.008884 0.833862 -24.284512
v -20.968288 0.674528 -24.694527
v -32.744320 1.339820 -24.177650
v -31.518713 1.366258 -24.501335
v -23.995777 0.566219 -24.290649
v -21.259949 0.582550 -23.977596
v -31.933329 1.416570 -24.403023
v -25.410412 0.249255 -24.021032
v -22.109360 0.734265 -24.304321
v -33.998875 0.477151 -24.952070
v -23.206776 1.209754 -23.778055
v -19.173973 1.372123 -24.396370
v -32.226597 0.563323 -23.896015
v -23.554768 0.651814 -24.331123
v -31.920704 0.687112 -24.015997
v -31.279678 1.313007 -23.829073
v -22.459698 0.583786 -24.127922
v -21.709473 0.693405 -23.753124
v -27.852745 0.587577 -24.145760
v -19.151814 1.419184 -23.868519
v -28.804882 1.307583 -24.276608
v -26.830809 1.432597 -23.722198
v -22.896103 1.166351 -23.830872
v -31.636845 1.439482 -23.982319
v -26.211805 1.479183 -23.927736
v -32.903786 0.574453 -23.861189
v -26.899757 0.814981 -23.428272
v -26.389946 1.414687 -23.852276
v -28.364765 0.298457 -23.381870
v -33.160309 0.340022 -24.146788
v -27.282648 1.359267 -23.894413
v -26.027691 1.114064 -24.228313
v -26.259415 1.415396 -23.537477
v -25.875946 0.619184 -23.471542
v -23.538366 0.579061 -23.807194
v -19.385643 0.831128 -23.920031
v -31.433243 0.586179 -23.546982
v -30.272499 1.350053 -23.443478
v -29.566677 1.249835 -23.528198
v -29.304361 1.385509 -23.348043
v -28.714676 1.364102 -23.461374
v -23.805721 0.364842 -23.594849
v -21.609978 0.419437 -23.535189
v -27.612961 0.447055 -23.603739
v -24.867760 0.152139 -23.392666
v -23.334167 0.778538 -23.606056
v -29.832611 1.361555 -23.338539
v -26.086315 0.304851 -23.037079
v -23.066422 0.374695 -23.455688
v -22.923702 0.134455 -23.153606
v -22.550934 0.259976 -23.371494
v -21.987825 0.353377 -23.339756
v -19.091145 1.340627 -23.414616
v -31.817007 0.426545 -23.538498
v -30.146265 1.148941 -23.242481
v -26.609245 1.443983 -23.331429
v -25.356764 0.049932 -23.261280
v -19.265770 0.951331 -23.464241
v -30.718571 1.440836 -22.940437
v -28.084618 0.335302 -23.357201
v -25.879837 0.360114 -23.149307
v -23.594509 0.084881 -23.163963
v -29.083830 1.437112 -22.865398
v -24.301071 0.047309 -23.081064
v -32.470871 0.381093 -23.152617
v -29.869291 0.795965 -22.948895
v -26.473335 0.986490 -22.761166
v -26.302227 1.021444 -22.990320
v -31.261467 0.731977 -23.384087
v -29.409798 0.723680 -22.910801
v -28.776493 1.411910 -23.032791
v -18.224205 1.240216 -23.290462
v -27.125479 0.616282 -22.968155
v -33.004986 0.204008 -23.254890
v -31.464851 0.437917 -23.100506
v -29.425875 0.204073 -22.654942
v -30.318226 1.416900 -22.995810
v -19.917210 0.894233 -22.879272
v -30.935081 0.473251 -22.689573
v -28.907534 1.014914 -22.561928
v -28.367065 0.117292 -22.731609
v -26.974518 0.380112 -22.966152
v -29.670383 0.571196 -22.628929
v -20.778896 0.728386 -21.993029
v -34.419483 0.132610 -23.187637
v -27.413927 0.260128 -22.855261
v -29.041161 -0.053079 -22.331902
v -27.786625 0.172355 -22.470894
v -26.185936 -0.000750 -22.422148
v -24.845207 0.007591 -23.010654
v -19.728334 1.341947 -22.790546
v -30.416372 0.847689 -22.477396
v -28.620865 0.099661 -22.458767
v -26.636040 0.364360 -22.586662
v -34.418644 -0.024100 -20.579765
v -30.693096 0.326243 -22.485174
v -20.226864 0.850376 -22.495489
v -23.831253 0.165207 -22.599552
v -22.745638 0.345200 -22.737331
v -22.381115 0.491365 -22.441113
v -30.110224 0.907765 -22.342905
v -26.820572 0.279912 -22.447762
v -21.220013 0.699980 -22.281748
v -27.063301 0.040210 -22.422207
v -29.608013 -0.032482 -22.372826
v -27.368473 -0.070757 -22.124355
v -28.597586 -0.068866 -22.046761
v -21.398426 0.663465 -21.959545
v -20.253941 1.422912 -22.131971
v -30.629002 0.413814 -22.140991
v -30.398232 0.422595 -22.009771
v -32.328125 0.187210 -22.717485
v -25.842037 -0.027612 -22.436455
v -21.158344 1.460233 -21.835869
v -20.909214 1.453913 -21.507807
v -21.712307 0.679035 -21.539059
v -19.715775 1.336603 -22.054699
v -21.340982 1.486947 -21.444706
v -23.105137 0.138340 -21.484083
v -31.455847 0.151276 -21.672041
v -20.389175 1.257468 -21.090904
v -31.061686 0.145206 -21.353678
v -30.849586 -0.058526 -21.459301
v -24.524075 -0.035846 -21.660475
v -21.495201 1.315030 -21.012026
v -31.049616 -0.014627 -20.869072
v -26.787167 -0.056158 -21.916092
v -32.746010 0.040866 -20.757545
v -21.896128 0.462626 -21.349466
v -24.777767 -0.061280 -20.906700
v -21.125982 1.298511 -20.472179
v -30.502153 0.287697 -20.301577
v -21.559076 1.509581 -20.269594
v -22.142574 0.292565 -20.721193
v -30.347248 0.131982 -19.942894
v -31.475468 0.236750 -20.284620
v -30.895638 0.306624 -20.163595
v -21.950836 0.340538 -19.766474
v -32.018372 0.334030 -19.977089
v -31.357265 0.500807 -19.925295
v -30.198307 -0.028478 -20.138460
v -32.029205 0.712316 -19.654236
v -31.600014 0.868207 -19.474026
v -32.599083 0.307176 -19.393341
v -29.727642 -0.062418 -19.847727
v -32.114830 1.021058 -19.369780
v -31.394783 0.438763 -19.392153
v -21.793999 1.334977 -19.515987
v -30.911098 0.430335 -19.340733
v -29.997036 0.276894 -19.430761
v -22.605164 0.420607 -19.149509
v -31.633949 0.839619 -19.123428
v -30.549587 0.798038 -19.262461
v -29.479515 0.543290 -19.132668
v -29.859886 0.642376 -19.291788
v -22.100361 0.638159 -19.278225
v -33.408089 0.162784 -19.562901
v -32.500294 0.964927 -19.077356
v -30.291420 0.296906 -19.360838
v -32.149551 0.993987 -19.005165
v -31.159153 0.600256 -18.954554
v -30.836123 1.366861 -18.914526
v -29.829485 1.224139 -18.823599
v -21.407541 1.348277 -19.029934
v -31.507553 0.962228 -18.755571
v -30.271172 1.418859 -18.909428
v -29.086693 -0.050689 -18.977306
v -23.452250 0.219290 -19.083488
v -31.032333 1.383775 -18.705511
v -34.419277 0.146277 -19.414408
v -32.631721 1.341392 -18.510572
v -32.258312 1.071877 -18.631615
v -31.882710 1.410165 -18.749725
v -31.574299 1.365149 -18.595879
v -28.763855 -0.037321 -18.735624
v -21.973465 0.378264 -18.882240
v -33.176414 0.318263 -18.391373
v -29.704617 1.407754 -18.587030
v -25.303974 -0.074718 -19.619841
v -21.294903 0.461984 -18.720844
v -20.584934 1.307398 -18.458506
v -30.548141 1.384856 -18.732929
v -24.794708 0.112432 -19.286701
v -29.466564 1.345638 -18.134548
v -33.795273 0.156340 -18.757362
v -32.320553 1.364429 -18.364740
v -28.577494 0.240356 -18.281277
v -21.787968 0.399254 -18.634024
v -32.945770 0.419073 -18.539082
v -29.041214 0.408197 -18.339041
v -21.297550 0.310352 -18.349319
v -27.803799 -0.091643 -18.275082
v -20.828125 0.485333 -18.122967
v -23.001385 0.073170 -18.090633
v -20.879330 0.394583 -17.691626
v -34.431541 0.694898 -17.557058
v -27.991177 0.246108 -17.959627
v -28.497406 0.687215 -17.813192
v -20.016171 1.242203 -18.270554
v -33.143135 0.404543 -17.845728
v -25.392134 -0.073058 -17.713184
v -34.419319 0.914049 -17.246559
v -27.513845 0.198582 -17.865992
v -21.836775 0.120928 -17.505653
v -18.275473 1.256446 -17.485468
v -33.038235 1.325504 -17.450527
v -28.202797 0.409290 -17.603949
v -22.131506 -0.019341 -17.299072
v -20.564604 1.414283 -17.538313
v -20.446651 0.988316 -17.056570
v -34.241169 0.497227 -17.404713
v -26.589844 -0.028277 -17.655415
v -22.554098 0.157196 -17.383602
v -18.917255 1.314345 -17.225887
v -33.674473 0.663545 -17.074945
v -19.572823 1.390297 -17.168509
v -20.936436 0.091677 -17.395754
v -34.418484 1.287889 -16.781614
v -19.136963 1.416429 -17.014187
v -18.827383 0.710440 -16.942921
v -27.436287 0.447135 -16.980038
v -23.175373 0.038006 -17.082487
v -34.223846 0.684912 -17.033308
v -20.046488 1.348293 -17.138582
v -33.839790 1.405075 -16.765301
v -28.918024 1.376796 -17.702793
v -20.390425 0.125520 -16.777920
v -19.779053 1.324004 -17.284674
v -26.664848 -0.040683 -17.135822
v -19.674179 1.032609 -16.797297
v -18.582401 0.550999 -16.694355
v -27.791210 1.320511 -16.706808
v -27.207449 0.238900 -16.798634
v -25.215443 -0.058295 -16.892168
v -18.249811 1.360534 -16.731636
v -23.732327 0.136463 -16.398872
v -19.183811 0.301336 -16.525904
v -26.780363 0.293577 -16.272732
v -25.905418 0.203259 -16.217731
v -34.173378 1.339034 -16.555271
v -31.890205 1.232028 -17.517962
v -19.589310 0.055093 -15.984613
v -18.214266 0.666841 -16.244417
v -18.019825 1.325139 -16.341494
v -23.629616 -0.010560 -16.396729
v -20.042206 0.080416 -16.502922
v -18.595135 0.421846 -16.350096
v -28.340672 1.366223 -17.099669
v -27.557917 1.247191 -16.123219
v -33.419632 1.318773 -16.589464
v -27.208794 1.173676 -15.911041
v -20.418064 0.070921 -16.623562
v -25.566147 0.139999 -16.508087
v -18.024382 1.348198 -15.892700
v -24.029030 0.155773 -15.873829
v -18.490898 0.260729 -15.781647
v -27.443663 1.249472 -15.572233
v -25.234047 0.477238 -15.379936
v -23.169468 0.003572 -15.413666
v -17.621073 1.391936 -15.442616
v -26.941656 0.491144 -15.610882
v -18.189142 0.602057 -15.728743
v -23.609673 0.410854 -15.117132
v -18.119205 0.325429 -15.279640
v -26.202457 0.160418 -15.573364
v -26.522207 0.255743 -15.519581
v -24.902811 0.238327 -15.348751
v -24.516731 0.082232 -15.675926
v -22.527081 -0.000990 -15.114878
v -17.807417 0.789305 -15.404314
v -23.340572 0.431405 -15.336248
v -18.601086 0.088916 -15.281919
v -27.274307 1.396537 -15.039925
v -18.450417 0.090296 -14.813480
v -16.546307 1.224905 -15.301914
v -23.143135 0.584973 -15.013294
v -26.714157 0.452171 -14.738523
v -26.334103 0.429611 -14.812590
v -22.513632 0.493221 -14.778009
v -27.071964 1.386063 -14.650812
v -17.694881 0.492371 -14.971663
v -17.182299 1.373319 -14.669329
v -29.425594 1.258418 -14.663870
v -24.908375 0.665465 -14.839077
v -25.292351 0.638055 -14.791782
v -24.402315 0.377193 -14.528913
v -22.971045 0.548575 -14.718939
v -22.699230 0.062474 -14.868044
v -26.517021 0.710085 -14.570494
v -22.254023 0.035407 -14.885065
v -17.507593 1.329931 -14.934944
v -23.282722 0.723857 -14.627024
v -21.684910 0.003713 -14.415789
v -24.061104 0.162676 -15.150654
v -22.698252 0.760535 -14.438974
v -22.191010 0.486924 -14.549442
v -22.350822 0.737970 -14.202717
v -17.911186 0.093892 -14.700359
v -17.704975 0.432808 -14.196169
v -22.993423 0.758676 -14.358677
v -22.047363 0.866811 -14.073404
v -23.677544 0.373845 -14.479197
v -17.922024 0.087060 -13.998598
v -26.793671 0.772393 -14.067476
v -25.954769 0.431070 -13.885139
v -24.969988 1.008055 -14.196178
v -23.479300 0.824769 -14.345335
v -17.180468 0.684856 -13.917576
v -27.201614 0.867820 -13.930353
v -27.077604 1.310641 -13.628801
v -25.315407 0.490839 -14.176317
v -23.239237 0.839674 -13.878674
v -22.050079 0.915774 -13.684969
v -21.576649 0.439774 -13.929436
v -17.512339 0.260160 -14.207588
v -26.521070 0.969421 -13.932198
v -24.667942 1.372060 -13.632912
v -16.944647 1.397093 -13.993952
v -26.284206 0.618079 -13.816959
v -25.793938 0.637253 -13.618078
v -22.501549 0.983175 -13.759981
v -21.789608 0.567108 -13.726786
v -23.820480 0.502317 -13.512491
v -23.244038 0.997036 -13.520582
v -21.056087 0.031147 -13.927788
v -20.753067 0.030506 -13.758549
v -27.493324 1.364221 -13.775461
v -25.534946 1.300681 -13.190804
v -25.510990 0.644547 -13.448240
v -24.219307 0.486128 -13.822905
v -23.450325 0.571250 -13.394119
v -17.299292 0.250697 -13.047266
v -26.542965 0.791732 -13.421938
v -23.869905 0.658965 -13.092993
v -17.844862 0.053857 -13.422981
v -16.803955 1.402945 -13.396601
v -25.217609 1.283499 -13.114914
v -25.976589 0.764437 -13.034210
v -26.505512 0.912856 -12.985889
v -24.171764 1.299164 -12.812256
v -21.949789 1.152003 -13.212881
v -21.638573 1.336017 -13.201834
v -20.538193 0.593462 -13.182323
v -17.535456 0.309842 -13.614073
v -26.538738 1.286060 -12.741867
v -23.877468 1.347695 -12.726328
v -23.557667 1.337356 -12.830259
v -22.858807 1.202782 -13.095110
v -22.260952 1.318312 -12.447935
v -20.776537 0.945473 -12.846012
v -15.981453 1.340437 -12.733614
v -25.797617 1.311827 -12.874218
v -22.387978 1.149440 -13.039776
v -23.067829 1.148146 -12.670855
v -21.016735 0.485583 -12.838167
v -20.129230 0.025227 -12.828058
v -21.314487 1.290421 -12.936251
v -16.990986 0.650157 -13.080122
v -16.572079 0.591727 -12.806885
v -16.969212 0.356704 -12.675686
v -26.901449 1.298154 -13.280760
v -20.500954 0.859925 -12.648806
v -20.871365 1.350060 -12.474949
v -16.338495 0.560370 -12.619987
v -20.319504 0.706313 -12.270603
v -12.323866 1.254664 -12.623873
v -19.958202 0.032384 -12.313837
v -14.709143 0.793793 -11.977900
v -14.443005 1.390985 -12.218935
v -21.136444 1.364183 -12.185923
v -15.839684 0.544065 -12.276144
v -13.611471 1.358817 -12.258776
v -13.218719 0.523694 -11.872614
v -12.542681 1.325638 -12.002689
v -20.650259 1.352248 -11.739624
v -12.030903 1.441096 -11.614632
v -12.727793 0.631145 -11.800528
v -19.909224 0.439898 -11.307299
v -17.386724 0.083606 -12.175076
v -20.345402 0.227653 -11.729435
v -28.319435 1.260162 -12.682507
v -12.520658 1.463670 -11.338133
v -15.853651 0.338312 -11.762312
v -13.519001 0.427312 -11.619329
v -20.567875 0.397562 -11.067602
v -17.798220 0.030065 -12.306189
v -11.765684 1.248891 -11.688229
v -21.860954 1.262438 -10.924841
v -11.997179 1.270206 -10.879261
v -20.833374 1.386405 -10.977768
v -19.544455 0.026878 -11.026075
v -12.326235 1.399069 -10.759190
v -20.425344 1.304132 -10.622589
v -14.552811 0.394564 -11.376202
v -12.608267 0.866885 -11.022253
v -20.170151 0.806257 -10.943817
v -12.887196 0.490554 -11.171164
v -23.029095 1.284672 -11.293018
v -12.707245 0.436266 -10.372473
v -16.481829 0.104128 -10.859894
v -19.663383 0.691062 -10.469408
v -20.066956 1.407884 -10.423254
v -18.828943 0.062066 -9.795919
v -14.700260 0.067163 -10.140162
v -14.014643 0.170536 -9.913954
v -20.607262 1.337425 -10.443312
v -12.517426 0.494469 -10.028036
v -19.123449 0.271148 -9.835421
v -13.094772 0.228768 -9.860483
v -19.519844 0.496115 -9.372868
v -12.319145 1.354243 -9.589136
v -19.999046 1.400817 -9.725361
v -19.240011 0.297915 -9.412704
v -18.195215 0.249352 -9.334326
v -19.249676 0.532453 -9.121672
v -18.861095 0.471177 -9.040806
v -17.932022 0.024940 -9.259052
v -14.061722 0.091659 -8.409174
v -21.944073 1.237200 -7.701385
v -12.528788 0.684093 -9.409306
v -19.936867 1.449304 -9.060265
v -18.513710 0.498644 -8.729931
v -12.941771 0.297709 -9.237604
v -17.480433 0.148863 -8.606314
v -18.876682 1.416389 -8.334650
v -17.903296 0.434567 -8.443047
v -13.921312 0.048309 -9.554583
v -12.130730 1.371454 -8.329611
v -20.157095 0.795355 -8.321276
v -13.167126 0.314689 -8.371277
v -12.449810 0.437940 -8.396019
v -19.462830 0.728416 -8.625517
v -34.420006 1.228106 -15.648245
v -19.198490 1.424465 -8.445646
v -20.207577 0.922379 -7.869099
v -16.757906 0.797780 -7.675655
v -16.517841 0.075397 -8.109518
v -20.395271 1.380609 -8.285963
v -19.720764 1.420315 -7.657398
v -18.212576 1.399371 -8.097385
v -16.888996 1.361001 -7.445299
v -12.252998 0.518360 -7.746195
v -12.041399 1.433933 -7.430019
v -18.924408 1.255095 -6.926563
v -16.056597 0.061597 -7.632206
v -12.984787 0.245632 -8.004791
v -17.116535 1.410929 -7.211506
v -16.105555 0.089464 -7.242292
v -11.971228 1.309273 -6.910744
v -12.428356 0.397571 -7.196651
v -11.354597 1.240531 -7.310001
v -14.646599 0.058789 -6.352057
v -13.938759 0.070270 -7.899248
v -12.151812 0.617033 -7.028261
v -20.128029 1.271433 -7.470436
v -16.143654 0.635591 -6.931076
v -16.675278 1.454767 -6.748528
v -17.358980 1.488866 -6.722898
v -16.855019 1.392611 -6.408012
v -20.545799 1.307329 -7.649767
v -15.882280 0.083043 -6.633888
v -12.265968 0.553990 -6.510164
v -16.323530 0.697396 -6.286522
v -7.060671 1.248018 -5.831238
v -5.144665 1.241154 -5.725792
v -13.825300 0.224301 -6.559917
v -17.707317 1.343151 -6.561005
v -15.541193 0.059768 -6.170130
v -15.904251 0.599597 -6.116154
v -12.188211 1.368051 -6.007645
v -15.654890 0.510837 -5.691555
v -12.526297 0.468252 -6.106407
v -16.152349 1.271355 -5.502617
v -12.374878 0.599792 -5.741257
v -15.512833 0.161649 -5.555984
v -16.405340 1.368645 -5.463184
v -12.239880 1.354534 -5.479412
v -3.818506 1.260448 -5.737656
v -16.024658 0.729051 -5.120682
v -4.290152 1.339280 -5.457214
v -1.991787 1.236526 -5.439167
v -16.384369 1.406568 -5.884476
v -3.763783 1.367371 -5.220737
v -11.788130 1.337382 -4.842495
v -7.896902 1.331662 -4.995903
v -4.395571 1.410851 -5.160503
v -14.425682 0.203851 -4.899761
v -13.606140 0.275787 -5.195877
v -16.333754 1.156763 -5.063755
v -15.720041 0.776793 -5.055779
v -12.812384 0.464214 -5.107590
v -11.345201 1.242605 -5.209965
v -4.191053 0.728450 -4.980644
v -3.004971 1.367928 -4.723480
v -15.433229 0.521108 -4.629509
v -9.049919 1.363176 -4.530392
v -5.159311 1.284419 -4.633186
v -15.066904 0.087303 -5.134453
v -3.469883 0.985638 -4.519768
v -3.133698 1.453293 -4.613995
v -15.889496 1.343171 -4.614006
v -8.176292 1.310226 -4.798164
v -7.592949 1.408854 -4.689053
v -3.818356 0.579504 -4.837215
v -11.719959 0.685847 -4.510170
v -8.099329 0.770747 -4.417915
v -4.604595 1.310730 -4.648331
v -12.490215 0.787599 -5.147858
v -9.957504 1.265809 -4.554985
v -9.676945 1.337108 -4.754250
v -8.461260 1.372328 -4.500500
v -7.863777 0.773456 -4.623333
v -6.878393 1.288016 -4.497112
v -16.839897 1.286457 -4.682034
v -8.266958 1.338006 -4.225311
v -3.691887 0.355247 -4.269836
v -2.406998 0.803479 -4.296528
v -2.023079 1.375938 -4.520653
v -7.621010 0.691687 -4.312775
v -2.600056 1.345438 -4.506226
v -15.356365 0.767081 -4.285995
v -6.296192 1.336499 -4.167019
v -15.199903 0.659964 -4.330940
v -14.515537 0.082006 -4.489548
v -10.092447 1.338817 -4.169243
v -3.356684 0.516928 -4.289986
v -2.113911 1.340440 -4.420300
v -5.282305 1.350126 -3.563976
v -2.988880 0.693372 -4.371201
v -17.984489 1.292304 -4.604752
v -15.942858 1.305340 -4.062695
v -15.038746 0.328561 -4.202515
v -13.085833 0.466071 -4.095268
v -12.717960 0.643194 -4.163902
v -5.623947 1.455729 -3.494305
v -4.152554 0.266614 -4.214630
v -11.344608 1.400703 -4.484856
v -7.097349 0.695261 -4.327614
v -1.729843 1.368070 -4.460922
v -3.293278 0.570521 -3.978184
v -3.671709 0.181938 -3.823296
v -1.829365 0.582922 -4.186916
v -14.918261 0.404080 -3.727203
v -12.110985 0.505739 -4.172997
v -9.028057 1.286079 -3.952560
v -8.630249 1.325778 -3.933304
v -6.598837 1.391103 -4.006699
v -5.903894 1.401711 -3.835979
v -2.835060 0.374610 -3.984989
v -10.514549 1.406066 -3.875172
v -6.218227 0.779242 -3.844288
v -3.287319 0.169260 -3.649124
v -13.372543 0.269590 -4.351986
v -11.191742 0.411699 -3.869106
v -9.878147 0.630133 -3.988224
v -2.303024 0.598325 -3.948002
v -10.285812 1.102453 -3.669380
v -8.056890 0.451369 -3.711105
v -6.642405 0.849833 -3.646172
v -2.705223 0.226734 -3.636105
v -10.767550 0.421138 -3.386566
v -10.460947 0.823446 -3.458881
v -5.936617 0.581810 -3.489464
v -4.743311 1.378201 -3.902908
v -15.366629 0.488372 -2.805603
v -11.422300 0.236176 -3.169952
v -8.827730 0.679815 -3.017555
v -8.595160 0.801709 -3.296124
v -7.739323 0.418661 -3.842815
v -6.995317 0.668075 -3.422897
v -15.463678 0.516429 -3.537014
v -5.915939 0.414833 -3.189571
v -5.121696 0.655119 -2.876637
v -15.706114 1.310318 -4.017082
v -9.365135 0.655202 -3.947918
v -8.159525 0.342604 -3.069904
v -14.049412 0.092577 -2.773582
v -6.379757 0.509572 -3.478226
v -1.364532 0.574680 -3.648758
v -0.585732 1.353350 -3.382378
v -10.500387 0.530137 -3.070259
v 0.110313 1.367460 -2.929234
v -5.406485 0.660503 -3.297905
v -4.778303 0.141235 -3.213554
v -12.047068 0.328576 -3.120613
v -10.108334 0.425348 -2.879082
v -9.860516 0.252058 -3.119125
v -2.270149 0.185266 -3.242733
v -12.448750 0.268002 -3.257645
v -0.955036 0.492149 -3.173737
v -7.155296 0.496939 -3.542664
v -1.896412 0.161188 -2.596592
v -0.381428 0.583854 -2.951897
v 1.012539 1.368517 -2.737003
v 2.100891 1.258959 -2.956154
v -13.139259 0.315052 -3.408714
v -6.550613 0.591288 -3.269894
v -15.667799 0.749450 -2.923138
v -11.862646 0.104536 -2.409351
v 1.692989 1.340848 -2.480762
v 3.057316 1.320065 -2.546936
v -16.977283 1.298682 -2.449249
v -14.645557 0.096541 -3.413925
v 2.877773 1.233608 -2.382027
v -16.116804 1.355002 -2.437012
v -7.752031 0.184864 -2.248310
v -7.626637 0.158850 -2.777798
v -8.550261 0.399693 -2.494942
v 3.942043 1.238588 -2.844810
v -0.348442 0.406550 -2.358707
v -13.903831 0.344276 -2.276104
v 2.936604 1.391380 -2.136826
v -10.434481 0.233614 -2.496681
v -9.658104 0.123986 -2.007027
v 0.701115 0.633452 -2.463783
v 3.213783 0.784088 -2.237179
v -14.344980 0.313764 -2.626709
v -5.063782 0.150138 -2.075413
v 4.089123 1.341887 -1.983246
v -6.233158 0.206015 -2.530746
v -5.570671 0.439509 -2.931061
v -15.986330 0.434115 -1.841606
v -8.959518 0.317730 -2.523319
v -5.213530 0.375415 -2.239239
v 2.135395 1.452587 -2.219254
v -16.506830 1.358415 -2.059666
v -5.585096 0.172682 -1.840500
v -4.507338 0.179191 -1.565407
v -15.510658 0.385618 -2.221081
v -6.540743 0.172546 -2.062599
v -8.152966 0.191978 -1.836433
v 2.473427 1.377527 -2.028938
v -14.086720 0.316411 -1.858604
v -13.398706 0.131290 -1.976589
v -4.208723 0.178296 -1.798611
v 1.744015 0.753261 -2.186214
v -14.639307 0.503388 -1.812710
v 2.316582 0.700097 -1.686634
v -16.070801 0.612134 -1.353374
v -14.666130 0.514933 -1.368629
v -3.644566 0.244155 -1.403275
v -15.236378 0.747837 -1.274223
v -8.318268 0.158454 -1.028969
v -16.729235 1.362501 -1.334377
v -15.477156 0.599936 -1.309898
v -2.606039 0.149115 -1.382515
v -12.387878 0.100259 -1.874786
v -1.441540 0.121083 -1.092995
v 2.749130 1.333008 -1.528362
v 3.278633 0.453433 -0.999100
v 3.206459 1.254170 -1.555702
v -18.144411 1.260410 -1.585194
v 1.078445 0.557614 -1.970955
v 3.603218 0.480725 -1.475887
v -16.576036 0.708442 -1.110291
v 2.903664 1.201634 -1.191620
v 4.384949 1.330549 -1.453918
v -3.205702 0.192859 -1.121643
v -16.363888 0.812331 -0.803341
v -14.844818 0.777214 -0.906578
v -13.936893 0.461975 -1.114796
v 0.851025 0.338962 -0.757401
v 2.067463 0.556482 -1.226830
v 4.086166 0.517494 -1.491093
v -15.973047 1.345463 -0.851711
v -12.374554 0.331232 -0.880302
v -15.658812 1.308716 -0.799324
v -15.323988 0.900023 -0.833992
v -14.473074 0.872730 -0.895683
v -7.367937 0.164494 -1.126133
v 5.222790 1.366561 -0.676239
v -13.093014 0.428555 -0.925014
v 5.557018 1.247515 -1.466816
v 17.336792 1.281993 -0.860912
v -16.280956 1.443657 -0.585812
v -13.906328 1.470984 -0.279144
v 4.407169 0.858567 -0.949078
v -12.123600 0.213684 -0.340027
v -3.740255 0.380142 -0.705807
v 16.791374 1.325226 -0.237343
v 4.048470 0.695304 -0.525085
v 4.662880 1.333243 -0.499046
v 5.692776 1.351955 0.072853
v 20.453609 1.245775 -0.777866
v -13.550100 0.705680 -0.473507
v 17.067646 1.357613 -0.484432
v 2.640415 0.721263 -0.424561
v -10.762976 0.156601 -0.966892
v -2.852001 0.438807 -0.558548
v 2.426170 0.914878 -0.779804
v 4.876839 1.302696 -0.219677
v -13.306288 0.678385 -0.076748
v -7.354055 0.368136 -0.392742
v 8.152946 1.244879 -0.250725
v -14.798042 1.441238 -0.543743
v -6.674112 0.223549 -0.319347
v -2.504671 0.489552 -0.107700
v 3.100243 0.287303 -0.436447
v -16.438379 1.316888 -0.500431
v -0.299595 0.222797 -0.247757
v -16.974283 1.307241 -1.052422
v -13.104168 0.814426 0.156761
v 9.676189 1.240493 -0.064697
v 17.562412 1.374187 -0.116325
v 20.433510 1.213731 -0.057766
v -13.851601 1.414064 0.101521
v -4.683393 0.263606 0.572479
v 4.424908 0.708014 -0.179707
v 21.106277 1.433211 0.176483
v -12.706114 0.633311 0.240452
v 0.378029 0.416473 -0.075645
v 2.346004 0.501463 0.328812
v 5.236416 0.596169 -0.223358
v -12.033400 0.371960 0.598522
v -5.496563 0.239551 -0.642643
v -2.684193 0.931577 0.423447
v -1.738503 0.281793 0.067886
v 4.582603 1.194533 0.130737
v 4.984215 0.369987 0.617184
v -8.252995 0.373288 0.517204
v -6.622990 0.235727 0.166653
v -5.179829 0.180495 -0.660023
v 2.845940 0.114738 0.621799
v 3.499283 0.408851 0.084114
v 8.874123 1.341175 0.386948
v -11.710569 0.328425 0.087872
v -3.313961 0.727297 0.296032
v -2.928919 0.572591 0.180668
v 1.529362 0.451571 -0.094635
v 20.522579 1.338101 0.715191
v -13.361370 1.461226 0.382862
v -3.590527 0.458724 0.135944
v -2.416786 0.640385 0.538258
v -1.632866 0.205826 -0.300888
v 13.247917 1.248703 0.035812
v 16.561169 1.309010 0.485462
v 22.059898 1.298465 0.656277
v -11.831549 0.433187 0.346134
v -8.203772 0.809799 0.959610
v -2.215046 0.740241 0.341213
v 5.633408 0.466130 0.485340
v 8.895306 0.469392 0.758469
v 9.954903 1.345640 0.529438
v 11.596283 1.314748 0.596558
v -9.006821 0.339621 0.571651
v -7.531761 0.636789 0.771702
v 7.404839 1.256343 0.410233
v -2.211853 1.051682 0.984352
v 1.991531 0.474563 0.470470
v 8.496784 1.429496 0.688251
v 9.281166 0.269521 0.954720
v 10.289528 1.327979 1.015255
v -13.410042 1.402929 0.917820
v 3.534645 0.259937 0.448849
v 4.246063 0.739276 0.550915
v 11.127769 1.308406 0.917770
v 16.543480 1.305455 0.982025
v 17.026207 0.858682 -0.107952
v 20.867207 0.773177 0.791054
v -11.156279 0.464701 0.566219
v -9.935591 0.184787 0.697304
v -4.089506 0.330212 0.549500
v -2.967226 0.828512 0.738213
v -1.831161 0.732963 0.749023
v -1.514980 0.337302 0.701344
v 12.419083 1.335412 0.745468
v 13.193275 1.338104 0.993412
v 19.130676 1.262549 0.897877
v 21.680454 1.362676 0.839581
v -13.185837 1.407506 0.808788
v -12.942978 0.697459 1.094894
v -8.797504 0.520538 1.244831
v 0.341228 0.284687 0.930241
v 3.123962 0.207753 0.403751
v 3.952404 0.427258 1.083725
v 4.373634 0.485023 1.286625
v 9.909439 0.485595 0.884571
v 10.697521 1.253386 1.046234
v 11.554058 0.572585 0.945755
v 12.236485 0.482497 0.963078
v -15.439787 1.324714 -0.314941
v -12.607609 0.441183 0.846893
v -12.243750 0.683974 1.241684
v -11.260065 0.704492 1.008083
v -7.749651 0.825318 0.960686
v 1.127457 0.281150 1.041447
v 6.322342 1.388328 0.783241
v 7.123447 1.367036 0.991222
v 13.239246 1.051593 1.125328
v 21.133133 0.876031 0.588326
v -13.092381 0.771932 1.379002
v -7.266302 0.321628 1.152737
v -3.139656 0.735097 1.067810
v -1.690113 1.059790 1.668938
v -1.681465 0.881689 1.121727
v 4.672646 0.389959 1.040981
v 7.810547 1.446392 1.049080
v 8.266048 0.167957 1.532284
v -3.687544 0.547263 1.321186
v -2.378826 1.240646 1.018375
v 7.503490 1.004325 1.257713
v 8.741333 0.200918 1.180038
v -5.907072 0.527148 1.007542
v 7.224617 0.391413 1.365498
v 10.830929 0.813638 1.429893
v 11.755089 0.230328 1.247746
v 18.224419 1.367273 1.340202
v -11.841896 0.715620 1.455956
v -9.160177 0.512435 1.778397
v 13.134857 1.407174 1.284660
v 22.831871 1.287958 0.965714
v -12.776543 0.875387 1.350613
v -11.404291 1.041137 1.304585
v -10.887777 0.710545 1.228199
v -7.587046 0.703394 1.174080
v -6.408360 0.415677 1.347702
v 4.937447 0.223477 1.432457
v 6.055832 0.539930 1.042534
v 6.691978 1.380541 1.399246
v 10.340080 0.574706 1.477779
v 16.399094 1.355865 1.298664
v 20.515831 1.385505 1.459343
v 22.852833 0.937920 1.484577
v -13.440369 1.346985 1.344643
v 2.182590 0.130847 1.367012
v 3.160637 0.015355 1.339882
v 13.889927 1.399132 1.821571
v -11.194366 0.981478 1.644012
v -8.340401 1.390221 1.489445
v -2.522881 1.153653 0.971989
v 21.679871 0.768494 1.152927
v -10.035362 0.296864 1.410450
v -8.083508 1.446493 1.944874
v -6.621058 0.549116 1.644344
v -3.463129 0.726901 1.440918
v -0.162289 0.079149 1.459278
v 6.821480 0.821110 1.687214
v 7.700905 0.200239 1.515621
v 9.006840 0.007339 1.709888
v 9.979515 0.381975 1.253288
v 12.844418 1.428370 1.415031
v 17.015198 0.339526 1.723969
v 16.884544 0.477045 0.850380
v 21.677990 0.620046 1.627625
v 22.119370 0.982431 1.416805
v -4.968019 0.555893 1.387005
v 3.618073 0.072394 1.046253
v 7.516655 0.375735 1.544086
v 20.751038 0.677349 1.610825
v 25.068176 1.317639 1.615246
v 26.100422 1.321521 1.217670
v -3.881474 0.490462 1.683327
v -3.341211 1.307202 1.782471
v -1.265789 0.374740 1.326271
v 3.930454 0.012093 1.429031
v 4.201187 -0.027086 1.893726
v 9.626030 0.113505 1.416809
v 12.729164 0.953327 1.724491
v -13.184685 0.855974 1.609940
v -10.914087 0.546329 1.610722
v -4.577421 0.320967 1.316505
v 7.623817 -0.016264 1.941860
v 17.876854 0.579141 1.169613
v 18.861828 1.444256 1.905704
v -11.878151 1.355862 1.765812
v -10.447012 0.594268 1.704422
v -2.829750 1.363810 1.391930
v 0.927673 0.107942 1.519547
v 4.695656 0.010269 1.598782
v 6.467632 0.416144 1.658066
v 7.201786 0.124482 1.770996
v 12.372669 0.479900 1.451984
v 16.171944 1.320944 1.491589
v 24.024944 1.205061 1.728546
v -12.912521 1.324290 1.882347
v -12.560871 0.837599 1.848591
v -0.521290 0.163654 1.832367
v 1.933224 0.002248 2.291367
v 5.691582 0.307972 1.703785
v 13.327984 0.451900 1.602844
v 17.346500 0.224011 2.271835
v 20.402260 1.440312 1.897026
v -12.084713 1.443024 1.655396
v 5.057873 -0.011292 1.594849
v 11.953415 0.287408 1.814247
v 24.890900 1.378422 2.052025
v -13.381496 1.367189 2.114231
v -5.811424 0.871534 2.011292
v -1.832676 1.435246 1.901287
v 21.070904 0.432028 2.110493
v -11.424082 1.346771 1.653015
v -9.975765 0.479804 1.838367
v -9.511007 0.652912 2.041672
v -6.336897 0.657210 1.908104
v -3.694880 0.658401 1.955456
v 13.609627 0.863265 1.777870
v 16.249832 1.412745 1.924610
v 23.388462 0.927837 2.036217
v 24.215946 1.135614 2.173351
v 25.546886 1.429488 2.037998
v -10.579792 0.566945 2.045849
v -7.838987 0.652625 2.112732
v -6.830841 1.109205 2.050571
v -4.972160 0.603814 2.214394
v -1.254589 0.482831 1.982430
v 11.095284 0.079370 1.857410
v -12.595615 1.315612 2.147087
v -10.204639 0.664640 2.246929
v -6.434032 1.295355 2.271507
v -5.942459 1.382658 2.454044
v 14.331020 1.320447 2.227997
v 18.123684 0.443275 2.197189
v 27.018978 1.245478 2.047497
v -8.634060 1.408521 1.813076
v -5.531738 0.770793 2.043568
v -11.308262 0.885179 2.148010
v -7.615271 1.353200 2.386833
v 14.998257 1.270864 1.510506
v 16.944302 0.340132 2.227367
v 18.342731 0.789560 1.834911
v 22.537975 0.844672 2.219688
v 11.890049 0.253074 2.169521
v 14.110664 0.762481 2.282307
v 26.053612 1.350538 2.345028
v -0.040081 0.109783 2.285988
v 5.485081 -0.036222 2.150833
v 6.118896 0.013211 1.970371
v 22.102470 0.854980 2.661491
v -13.646538 1.344544 2.044689
v -8.115801 1.342916 2.472523
v -3.615885 1.298408 2.195038
v -2.929876 1.328636 2.701324
v 13.420742 0.293147 2.612011
v 18.369781 0.548131 2.655010
v 24.573498 1.363181 2.325123
v -9.939325 1.479863 2.349739
v -9.485191 1.342003 2.356705
v -4.564014 0.712208 2.592499
v 10.109703 0.010996 1.940842
v 12.548283 0.084427 2.281475
v 20.032494 1.410043 2.385456
v 21.756607 0.586039 2.290691
v -12.192648 1.255936 2.742897
v -1.269764 0.433827 2.725220
v 11.675858 0.017643 2.578590
v 13.688660 0.368815 2.375107
v 14.732468 1.302100 2.672657
v 20.552330 0.548184 2.447090
v -10.818943 0.868927 2.712570
v -5.395203 0.676548 2.409538
v 6.831543 -0.017972 2.127541
v 16.324551 0.536768 2.802631
v 19.373386 1.400154 2.406490
v 24.041630 1.155587 2.343414
v 24.530811 0.842400 2.762417
v -11.355238 0.867043 2.606747
v -9.610296 1.237625 3.018311
v 10.731537 0.005312 2.215607
v -5.143894 1.191186 2.756824
v -4.582663 1.358654 2.881016
v 14.533367 1.242635 2.891479
v 15.222305 1.389827 2.931389
v 19.189812 0.738138 2.745186
v 13.245396 0.238854 2.279102
v 13.920033 0.353368 2.612083
v 19.647743 1.132023 2.828674
v 22.671997 0.636168 2.723610
v 25.124245 0.987106 2.206230
v -11.658543 1.354527 3.057026
v -1.878315 1.451270 2.776974
v 16.799053 0.290378 2.533348
v 23.202209 0.675040 3.211166
v 27.024441 1.385486 3.248402
v -10.302507 1.430520 2.739376
v 14.150093 0.513098 2.873863
v 18.100750 0.442233 3.410309
v 21.826283 0.712266 2.910374
v 22.971897 0.745713 2.956963
v -10.790440 1.448392 3.083893
v 7.000210 -0.109673 3.447411
v 19.452869 0.666080 3.104115
v 20.154819 0.290812 3.180157
v 25.708736 1.065881 2.661976
v -6.842537 1.287067 2.429146
v -1.448357 0.526330 3.053650
v 15.200832 1.265490 3.055283
v 26.408974 1.269264 2.621887
v -4.499140 1.273661 3.386826
v 16.859615 0.309056 3.440575
v 19.055065 0.736438 3.202950
v 21.589554 0.555282 3.297932
v 18.892036 0.482755 3.020222
v -3.314215 1.246202 3.101318
v -0.264362 0.117909 3.009705
v 1.071682 0.075117 2.653660
v 14.664574 0.436854 3.149223
v 21.903851 0.387811 3.222843
v -5.438873 1.297181 3.000221
v 1.782940 0.262438 3.425907
v 19.503727 0.422849 3.354874
v -1.294350 0.531024 3.394306
v 13.788616 0.241695 3.172943
v 14.195995 0.220822 3.249577
v 15.540440 0.719678 3.236443
v 16.070744 0.371965 3.527691
v 17.801613 0.223563 3.123638
v 21.126671 0.455515 3.438221
v 21.384804 0.272067 3.488823
v 17.042843 0.109315 3.849335
v 22.064388 0.356699 3.421692
v -15.381689 1.250255 1.678604
v -10.823704 1.247032 3.847923
v 24.120079 0.710803 2.811127
v 14.962128 0.403968 3.761913
v -6.331261 1.302440 3.064537
v -2.995134 1.388931 3.579063
v -1.925007 1.405793 3.070896
v 0.645180 0.211933 3.520981
v 15.290440 0.250680 3.861790
v 18.241772 0.269805 3.767120
v 21.100891 0.266355 3.739002
v 25.330086 0.943594 3.241642
v 27.029770 1.072965 3.561024
v -1.690063 1.000920 3.389599
v 20.759418 0.355807 3.552227
v 25.620987 0.771051 3.985241
v 1.609581 0.283072 3.831772
v 1.943966 -0.001446 3.720505
v 22.832901 0.526469 3.211235
v 24.926235 0.757768 3.255650
v -11.241283 1.244997 3.370789
v 18.950939 0.476559 3.541412
v 22.195072 0.495658 3.922031
v -0.254524 0.441875 3.924137
v 16.548439 0.223247 4.092476
v -11.700968 1.234972 4.073505
v 0.287571 0.560530 4.359184
v 19.193935 0.317194 3.939255
v 1.148842 0.353018 4.021618
v 13.471241 -0.028763 3.940228
v 17.529045 0.203477 4.168457
v -12.974232 1.249159 2.925877
v -2.018208 1.420527 4.127369
v -1.360386 0.241691 4.015594
v -0.964756 0.453212 4.460564
v 19.446438 0.183705 4.179256
v 14.964905 0.168078 4.302711
v 26.185230 0.797533 4.009586
v 0.749584 0.602407 4.340519
v 15.737915 0.005575 4.181343
v -2.199207 1.370804 4.456421
v 1.147888 0.432288 4.470226
v 20.945648 0.567534 5.115654
v 23.426929 0.758406 4.209404
v -0.432980 0.644189 4.257336
v 2.014698 0.298697 4.395782
v 2.099911 0.461926 4.740639
v -1.525841 0.349283 4.555046
v 0.161343 1.323778 4.766212
v 2.174931 -0.011370 4.329422
v 14.377884 0.018549 4.059174
v -2.847296 1.294636 4.500107
v -0.718067 1.304865 4.833755
v 0.579628 0.725262 4.577583
v 14.917839 -0.034522 4.502785
v 27.015884 0.917448 4.518940
v -2.664373 1.394430 4.855385
v 1.483425 0.475147 4.708084
v -0.390686 0.831936 4.895630
v 0.908806 1.416224 4.962662
v 18.690563 0.113544 4.624416
v 26.541496 1.000701 5.104050
v 0.667076 1.429467 4.934948
v 12.570774 -0.002306 3.070744
v 24.417789 0.709388 4.175674
v -2.006008 1.426396 4.981380
v 1.187397 0.836911 5.042946
v -1.239613 0.609903 4.824898
v -0.860821 1.242501 5.228851
v 13.459869 -0.048393 4.939968
v 16.310097 -0.003833 4.573952
v 16.999237 0.119999 5.128132
v 17.548988 0.119786 4.755402
v 23.962437 0.965965 5.133518
v 27.018421 1.380119 5.072815
v 0.768486 1.424869 5.243244
v 20.648533 0.400061 5.202198
v 22.026871 0.723292 4.963711
v 17.756828 0.051614 4.874210
v 23.448986 0.982308 4.900520
v -0.905552 1.280916 4.745266
v -0.400894 1.283830 5.241959
v 2.502285 -0.025370 4.981461
v 12.644485 -0.004300 5.480576
v 0.950191 1.504618 5.363346
v 1.502331 0.697937 5.114182
v 22.281059 0.770189 5.357201
v 22.934010 0.872869 5.431637
v -2.014389 1.397874 5.611057
v 2.220875 0.425915 5.146297
v 16.515442 0.000239 5.759838
v 22.050110 1.013038 5.530048
v 23.135468 1.311012 5.641205
v 14.840519 -0.024746 5.333092
v 24.125462 0.870857 5.673714
v -1.773167 0.639946 5.328987
v 19.662201 0.191065 5.389057
v 25.437775 0.786655 5.362175
v 26.236538 1.401729 5.517433
v 2.229126 0.214292 5.960556
v 21.332348 0.717910 5.745808
v 21.782642 0.832150 5.611187
v 25.660439 0.960594 5.732788
v 0.815079 1.447109 5.745289
v 20.858902 0.573350 5.606571
v 21.532024 0.892215 5.564472
v 22.229725 1.369861 5.797710
v 19.044788 0.270029 5.928993
v 21.191265 1.442732 6.119118
v 21.846294 1.401642 5.933987
v 22.618759 0.876195 5.951603
v 24.942188 1.033504 5.937378
v -2.610123 1.264937 6.051102
v -0.310940 1.367881 5.853836
v 1.766018 0.487906 5.613594
v 1.168919 0.592653 6.358509
v 1.331612 0.813146 6.129658
v 6.377350 -0.038733 6.291576
v 20.792820 0.494189 6.137959
v 23.764709 1.309007 5.737938
v 25.260651 1.362476 6.047619
v 25.664242 1.275077 5.990025
v 8.949085 -0.078506 6.057529
v 19.958637 0.336150 6.213406
v 24.393753 1.035676 6.312408
v 2.342190 0.014120 6.227047
v 0.765560 1.331846 6.254166
v 16.871239 -0.037345 5.600494
v 17.702259 0.088150 6.371822
v 4.997871 -0.022971 6.199497
v 12.223103 -0.086236 6.054512
v 20.939846 1.399919 6.482563
v 27.019993 1.234993 6.210850
v 5.325081 0.235600 6.726707
v 7.790108 -0.046304 6.278126
v 19.447422 0.521287 6.168171
v 20.593620 0.505920 6.344875
v 18.405285 0.306124 6.185112
v 1.290321 0.327635 6.705975
v 1.874462 0.169954 6.606998
v 13.344746 0.307366 7.030445
v 19.354275 0.916385 6.842514
v 4.603928 0.105585 6.682323
v 6.258827 0.308250 6.622025
v 8.425903 -0.089501 6.220432
v 23.976353 1.278859 6.247952
v 24.392815 1.319523 6.493973
v 10.014565 0.012705 6.389030
v 15.716461 0.157782 6.706944
v -1.815491 1.297216 5.812908
v 19.980122 0.634516 6.965553
v 1.328117 0.251031 7.134388
v 8.329727 0.209498 6.970249
v 12.411674 0.061107 6.323135
v 19.582550 1.274770 6.797115
v 6.868500 0.092599 6.510857
v 7.233269 -0.078689 6.456844
v 14.882645 0.080538 6.774433
v 22.639179 1.269139 6.192120
v 0.528835 1.322086 6.622036
v 7.840820 0.264393 6.899548
v 16.661198 0.144228 6.891716
v 21.178913 1.239478 7.167206
v 11.093815 -0.074318 7.063801
v 7.408016 0.071771 6.993126
v 10.432049 -0.042626 6.783802
v 16.990414 0.314243 7.163685
v 17.749016 0.461494 7.157162
v 18.007320 0.208723 6.925503
v 5.690990 0.422177 7.496265
v 13.657356 0.037471 6.529263
v 19.030987 0.620884 7.128517
v 19.690010 1.237750 7.358803
v -1.195137 1.250903 6.130043
v 16.442268 0.253710 7.564823
v 2.624447 0.050187 6.214222
v 7.988007 0.708885 7.603386
v 19.302979 1.262490 7.293060
v 18.194595 0.498133 7.514404
v 6.124470 0.284841 7.381462
v 9.066936 0.281802 6.891834
v 13.832027 0.388700 7.723488
v 19.302452 0.784624 7.850060
v 19.470703 1.234502 7.633007
v 20.002380 1.286719 7.460190
v 21.941227 1.244250 7.702423
v 8.945221 0.569738 7.572601
v 0.459049 1.372645 7.246063
v 7.073395 0.278598 7.163513
v 7.161739 0.745384 7.785637
v 4.436871 0.153326 7.859283
v 6.362480 0.223118 7.178112
v 7.594181 0.358274 7.713772
v 11.032398 0.093788 7.288383
v 15.985317 0.394568 7.280422
v 8.548805 0.770185 8.015091
v 16.729576 0.799347 7.826988
v 17.406452 0.673789 7.878799
v 20.568218 1.446520 7.943401
v 9.094906 0.530004 7.861835
v 0.547108 1.333137 7.828587
v 5.009586 0.379408 7.518673
v 19.585667 0.802588 8.197342
v 7.876812 0.994559 8.236534
v 9.658588 0.364957 7.969307
v 18.626213 0.570441 8.092968
v 0.876850 0.590261 8.010422
v 8.269306 0.504593 7.278908
v 14.390934 0.105482 7.467758
v 17.515629 0.511847 8.321140
v 20.079384 1.452068 7.457085
v 5.863029 0.640629 8.072899
v 7.127102 0.865880 8.040859
v 15.397507 0.633904 7.858868
v 20.497700 0.589861 8.281757
v 3.171272 0.088544 7.441990
v 12.604904 -0.044729 7.763157
v 14.063686 0.693042 8.436592
v 15.087673 0.238530 7.813915
v 21.156227 1.348615 8.193851
v 8.790604 0.819508 8.286827
v 9.051701 1.216010 8.352642
v 13.234074 0.102723 8.072174
v 16.017147 0.813445 8.304150
v 19.090248 0.614533 8.178268
v 19.833370 0.456201 8.015987
v 7.621140 0.623730 8.102089
v 9.609444 0.525360 8.279560
v 11.004368 0.311172 8.406628
v 11.834656 -0.035161 8.115089
v 17.179379 0.245779 8.661827
v 1.474033 0.461652 8.353336
v 6.417191 0.734760 8.331528
v 7.248562 1.434160 8.585190
v 16.754238 0.808586 8.438240
v 21.617535 1.397363 8.394478
v 5.517399 0.603455 8.278450
v 18.411884 0.557584 8.542011
v 2.600513 0.292022 7.964512
v 8.535286 1.362757 8.469963
v 9.263535 1.254068 8.497551
v 15.640953 0.885124 8.792263
v 19.030296 0.516726 8.573631
v 20.976398 1.321695 8.410782
v 22.406570 1.393802 8.695969
v 5.286293 0.426264 8.360558
v 6.742836 0.561842 8.530834
v 13.655952 0.384063 8.192959
v 18.695869 0.169401 8.476746
v 7.495815 1.372749 8.578381
v 8.806648 1.262571 8.610279
v 14.428085 0.508408 8.526325
v -34.419991 1.239789 23.319988
v 14.932999 0.299774 8.540367
v 21.271908 0.436461 8.732738
v 6.226185 0.615875 8.618587
v 8.297092 1.331857 8.603615
v 9.447258 1.268351 8.750290
v 14.186161 1.020376 9.005009
v 18.459492 0.037317 9.011353
v 20.464317 0.274015 8.714626
v 5.932625 0.993460 8.752167
v 10.097031 0.513561 8.437771
v 15.490749 0.565105 8.891964
v 19.297268 0.235592 8.711559
v 1.064358 0.419333 8.440041
v 6.984856 0.791778 8.791428
v 11.755974 0.192705 8.835545
v 5.687748 0.526132 8.818024
v 11.070637 0.392035 8.616947
v 16.101089 0.879403 8.890514
v 17.576454 0.437428 9.034752
v 19.086178 0.114227 9.189754
v 19.582138 0.100260 8.999096
v 22.372166 0.668800 9.038994
v 12.011539 -0.016354 8.764336
v 15.233311 0.666949 9.166164
v 21.993774 0.554876 8.923317
v 15.665291 0.183025 9.142670
v 0.018070 1.254781 10.375351
v 14.744858 0.656025 9.221161
v 7.059475 1.331633 9.279751
v 9.800728 1.274553 9.256748
v 15.047951 0.674474 9.411224
v 16.695595 0.022240 9.263424
v 17.263313 0.069823 9.340847
v 20.816639 0.325480 9.185574
v 23.405457 1.241342 8.831436
v 0.841061 0.509154 8.823814
v 14.859539 0.042885 9.611713
v 5.607758 0.503369 9.388508
v 15.981609 0.050830 9.422295
v 21.587341 0.412658 9.239326
v 22.833656 1.373899 9.349163
v 1.452591 0.604194 9.716316
v 6.575302 1.389700 8.959515
v 22.400604 0.502083 9.424210
v 0.523293 1.367636 8.541859
v 1.561207 0.674836 8.913109
v 4.185558 0.218584 8.970379
v 5.873135 1.321785 9.563812
v 13.970219 0.295550 9.150726
v 10.965519 0.443207 9.833397
v 14.272690 0.946792 9.452038
v 14.603474 0.928344 9.287579
v 24.047348 1.330288 9.655235
v 3.053391 0.486334 9.105556
v 10.242100 0.604530 9.252224
v 13.613014 0.352110 9.758587
v 23.059681 1.340302 9.676003
v 23.422741 1.356034 9.652309
v 24.894260 1.261319 9.420856
v 15.542000 0.026083 9.523369
v 20.695049 0.111632 9.521801
v 6.219311 1.284221 9.503826
v 11.507824 0.136264 9.712189
v 1.683769 0.956819 10.481392
v 2.027767 0.840435 9.741215
v 2.574810 0.968149 10.216911
v 2.880096 0.905671 9.956757
v 3.823921 0.515897 9.809620
v 9.886570 1.025818 9.945648
v 14.077614 0.561888 10.115757
v 25.906963 1.297662 9.839909
v 9.589661 1.272315 9.889801
v 21.683636 0.240730 9.805069
v 24.764565 1.356392 10.243965
v 22.836700 0.527912 10.103367
v 23.136002 0.840228 10.284420
v 27.020050 1.236907 10.208179
v 5.484383 0.685307 10.030460
v 12.650639 0.316354 9.710884
v 14.307102 0.869382 10.149158
v 3.771751 0.853199 10.445557
v 7.177181 1.220395 10.434376
v 11.787781 0.200944 10.361553
v 23.307838 0.615415 10.418995
v 25.606319 1.339867 10.203255
v 0.960415 0.628148 10.027561
v 21.508308 0.107339 10.681686
v 23.838024 1.443736 10.143314
v 0.721352 1.421202 10.157021
v 1.491703 0.746503 10.207020
v 3.428261 0.712534 10.113819
v 11.052429 0.204525 10.364834
v 14.522736 0.951223 10.059700
v 25.417564 1.349934 10.319599
v 2.120953 0.915474 10.361340
v 23.400879 0.845741 10.015026
v 1.427948 1.313189 10.590012
v 25.065804 0.699078 10.633408
v 1.899101 1.415576 10.658356
v 5.599823 1.353674 10.620167
v 13.647865 0.464038 10.535759
v 14.364754 0.064619 10.816643
v 7.956615 1.290092 9.794994
v 10.395893 0.585567 10.377132
v 3.101509 1.386262 10.365868
v 4.628456 0.640983 10.628975
v 5.266026 0.768644 10.677406
v 14.215397 0.555689 10.637905
v 24.187351 0.712316 10.160511
v 26.011486 1.464325 10.447670
v 1.137917 0.792451 10.742264
v 25.534767 0.786087 10.716488
v 13.170364 0.239706 10.808510
v 5.267868 1.351434 10.982105
v 9.808701 1.298554 10.633766
v 14.103119 0.370174 11.040062
v 22.600506 0.588964 10.642212
v 4.142864 0.920096 11.012577
v 22.105042 0.416122 11.259037
v 25.796700 0.764536 10.653362
v 9.547802 1.355333 10.954350
v 26.652233 1.466127 11.033791
v 0.976109 1.248809 11.007629
v 4.369324 1.387200 11.291286
v 10.301605 0.535598 10.917999
v 24.071781 0.612462 10.754658
v 24.729919 0.542523 10.830402
v 27.031967 1.347962 11.226887
v 14.264397 0.125427 11.467312
v 23.556545 0.513615 11.206654
v 9.564465 1.380239 11.653297
v 26.701443 0.765593 11.439869
v 10.591454 0.307947 10.989956
v 13.860413 0.225570 11.502048
v 1.303654 1.348838 11.086552
v 9.838463 0.786053 11.342415
v 12.594322 0.436661 11.338287
v 2.280197 1.324665 10.673332
v 27.030285 0.848468 11.664860
v 25.310699 0.408416 11.285534
v 10.138866 0.476845 11.756859
v 24.059872 0.345352 11.212257
v 22.222961 0.425837 11.658134
v 19.416454 0.121825 11.925491
v 20.541054 0.339191 12.238472
v 20.160404 0.120048 11.713638
v 22.995113 0.304973 12.422424
v 4.009869 1.303983 11.353397
v 9.256813 1.413492 11.945236
v 9.794746 0.542468 12.438526
v 13.416695 0.310659 11.837746
v 18.231361 0.147677 11.862648
v 21.541740 0.165187 11.730556
v 12.230030 0.620989 11.819546
v 12.276909 1.265257 12.426373
v 15.132851 0.103723 11.763519
v 23.780487 0.254844 12.095436
v 11.330875 0.491323 12.160439
v 12.493767 1.249598 12.353653
v 13.748703 0.463279 12.162231
v 11.230511 0.692956 12.442116
v 13.010216 0.743563 12.299885
v 15.849815 0.397588 12.728146
v 23.021568 0.146524 12.689453
v 11.951931 0.589564 12.357788
v 14.786369 0.483782 12.644165
v 15.370071 0.618576 12.429535
v 17.035809 0.139298 12.347153
v 22.456390 0.162578 12.527130
v 26.223446 0.439137 12.149151
v 19.748894 0.484033 12.831985
v 1.347878 1.231812 12.653954
v 5.695084 1.245132 12.123367
v 10.905045 0.629833 12.833675
v 14.359425 0.429500 12.336811
v 13.370472 0.778971 12.397099
v 15.159294 0.657509 12.582607
v 20.974880 0.109858 12.271622
v 12.561764 1.195302 12.525845
v 14.335190 0.514771 12.804760
v 9.170029 1.308035 12.338078
v 27.033966 1.057755 11.878197
v 11.854603 0.748079 12.892376
v 13.506958 1.138288 12.719265
v 12.287643 1.375429 13.129711
v 26.401535 0.499470 12.881039
v 12.887875 1.398698 12.721554
v 14.946938 1.352442 12.953766
v 22.152657 0.144148 12.711330
v 15.291687 1.343702 12.885056
v 11.222992 1.110970 12.999538
v 20.672871 0.403035 13.068600
v 21.507240 0.317723 13.043930
v 24.057529 0.348446 13.029327
v 11.511723 1.512948 13.187229
v 13.921425 0.423832 12.696648
v 14.660027 1.451485 13.020176
v 19.166584 0.352360 13.013237
v 10.272366 0.625160 13.111088
v 20.290668 0.533469 12.849701
v 22.039249 0.377796 13.345112
v 9.183758 1.321845 13.013165
v 11.920605 1.340929 13.403534
v 13.143810 1.365684 12.989956
v 13.462879 1.166058 13.061142
v 19.859833 0.697145 13.503437
v 10.859596 0.751259 13.330261
v 17.670628 0.381221 12.701355
v 13.860886 0.647429 13.311794
v 15.996101 0.403589 13.194847
v 16.611950 0.143353 12.942924
v 27.020733 0.685186 12.925690
v 20.074753 1.031106 13.539772
v 9.997513 0.819573 13.628517
v 15.481731 1.348001 13.283482
v 24.859360 0.240046 12.845215
v 25.097244 0.345483 13.820305
v 17.009254 0.354633 12.937176
v 20.750183 0.642430 13.455544
v 20.997051 0.535346 13.422588
v 9.286076 0.791103 13.584297
v 10.412575 1.402117 13.800266
v 11.208210 1.460718 13.490002
v 8.909969 0.995160 13.677460
v 13.333557 0.751276 13.629410
v 13.974834 1.372459 13.565392
v 18.773499 0.630181 13.736404
v 9.445137 0.988462 13.942780
v 16.160168 0.446456 13.695335
v 18.071732 0.543504 13.559021
v 19.339611 0.624640 13.826775
v 9.966824 1.414063 14.007626
v 13.455418 0.900604 13.794323
v 21.409698 0.603185 13.855431
v 25.793823 0.412460 13.568432
v 12.995811 1.351631 13.731422
v 13.759369 1.249490 14.335377
v 15.855042 1.363272 14.003555
v 20.977848 1.040133 13.922394
v 26.565830 0.642932 13.326271
v 20.372536 1.316744 13.661343
v 23.840355 0.593871 14.021397
v 24.542366 0.625871 13.899471
v 10.676090 1.383264 14.051620
v 12.902584 1.284465 14.281364
v 21.092815 0.877839 14.148705
v 21.428066 0.817922 14.172409
v 22.148880 0.249354 14.074203
v 14.214203 1.271749 13.902855
v 18.856327 1.446916 14.119526
v 19.145218 1.419214 14.260181
v 17.520409 0.620835 14.547821
v 18.216679 0.743174 14.394852
v 23.201511 0.460627 14.027592
v 23.585724 0.467153 14.007366
v 23.719753 0.976772 14.432625
v 24.277599 0.659287 14.659397
v 9.197800 1.327825 13.988228
v 21.253139 0.962652 14.497345
v 8.594936 1.319968 13.721191
v 16.316147 1.400704 14.307785
v 20.793110 1.233828 14.553932
v 15.702660 1.416226 13.866726
v 17.915382 1.345541 14.895851
v 10.374283 1.273262 14.640682
v 20.421421 1.271595 15.044090
v 21.488194 0.524237 14.791523
v 17.527729 0.766278 14.979889
v 19.549496 1.297451 14.113659
v 23.168983 0.595201 14.861763
v 18.455025 1.362617 14.570778
v 11.692089 1.240051 14.332386
v 24.015633 0.959404 14.725834
v 17.147289 0.699625 14.880630
v 17.610912 1.367626 15.153610
v 21.062317 0.720095 14.853432
v 22.009712 0.373474 14.808372
v 17.204296 1.319282 15.394985
v 27.020168 0.380466 14.718113
v 23.381275 0.988226 14.907749
v 23.888748 1.033376 15.360294
v 24.708359 0.367284 15.025425
v 21.204086 0.969990 15.419933
v 22.904316 1.111491 15.571423
v 25.757721 0.408540 15.031914
v 22.602654 0.642426 15.589062
v 25.997795 0.520340 15.647266
v 21.651268 0.492884 15.392975
v 22.684750 1.200932 16.071438
v 25.093842 0.485860 15.784992
v 20.769367 1.467907 15.517418
v 22.207031 0.612272 15.800758
v 23.352154 0.991620 15.947933
v 8.691612 1.288168 14.022415
v 16.656078 1.322703 14.766201
v 22.298126 1.260935 16.133240
v 24.306622 0.416406 15.505985
v 24.798836 0.718107 16.232487
v 19.430336 1.264810 15.942505
v 21.321129 0.716777 16.039207
v 25.326954 0.939529 16.103752
v 25.088802 1.349524 16.344589
v 16.738243 1.251261 16.012329
v 23.847626 0.860012 16.551273
v 21.626648 0.821631 16.473816
v 25.600391 0.708014 16.305302
v 18.466240 1.248382 15.634037
v 24.111252 0.852834 16.971798
v 24.633156 1.310384 16.730991
v 10.204895 1.233703 23.320004
v 25.390369 1.281425 16.646816
v 25.983467 0.950188 16.720127
v 23.681511 0.600548 16.093029
v 20.905117 1.449605 16.393009
v 20.916538 1.399693 15.953205
v 21.349194 1.294281 16.645226
v 22.297657 1.347336 17.081879
v 22.995945 1.440022 16.752258
v 27.020191 0.761151 16.485146
v 23.713116 1.500512 17.175240
v 23.995419 1.311055 17.282188
v 25.758213 1.353213 16.871601
v 22.982441 0.859618 17.255219
v 23.630737 1.250522 18.674934
v 23.180283 0.966037 17.618744
v 27.020111 1.264728 17.359463
v 22.466892 1.284217 17.749035
v 23.819218 1.404868 17.667271
v 21.541378 1.275919 16.807083
v 23.118881 1.464406 17.991764
v 20.552719 1.231390 18.494190
v 22.784943 1.281521 18.116573
v 23.015438 1.309952 18.654091
v 26.086792 1.278783 17.264744
v 27.019817 1.219149 23.319775
vn 0.0001 1.0000 -0.0005
vn -0.0041 1.0000 -0.0062
vn -0.0000 1.0000 -0.0002
vn -0.0000 1.0000 -0.0080
vn 0.0015 0.9997 -0.0260
vn 0.0002 1.0000 -0.0006
vn -0.0036 0.9997 -0.0243
vn -0.0426 0.9683 0.2460
vn 0.0099 0.9573 0.2891
vn -0.0233 0.9738 0.2264
vn 0.0824 0.9764 0.1996
vn -0.0346 0.9978 0.0562
vn -0.1267 0.9274 0.3519
vn 0.3373 0.9142 0.2248
vn -0.0878 0.9616 0.2600
vn 0.0354 0.9801 0.1955
vn 0.0518 0.8095 0.5848
vn -0.1053 0.9097 0.4017
vn 0.4165 0.9089 -0.0213
vn -0.1822 0.9446 0.2730
vn -0.2648 0.9226 0.2806
vn 0.0269 0.9384 0.3446
vn 0.6482 0.7612 0.0178
vn -0.3099 0.8020 0.5107
vn -0.4121 0.3806 0.8278
vn -0.3758 0.8999 0.2213
vn -0.0890 0.9774 0.1916
vn -0.1018 0.9786 0.1790
vn -0.0410 0.9870 0.1553
vn -0.1021 0.8827 0.4587
vn -0.2043 0.8072 0.5538
vn -0.0115 0.9541 0.2991
vn -0.0196 0.9952 0.0960
vn -0.0235 0.9996 0.0163
vn -0.0846 0.9805 0.1774
vn -0.2960 0.9312 0.2129
vn -0.1762 0.9578 0.2270
vn 0.1615 0.8862 0.4342
vn 0.3984 0.8989 -0.1823
vn 0.4841 0.8461 -0.2232
vn -0.2372 0.9582 0.1600
vn -0.1487 0.9574 0.2474
vn -0.0943 0.9890 -0.1142
vn -0.0007 1.0000 -0.0089
vn 0.1963 0.9172 -0.3468
vn -0.0760 0.9951 0.0625
vn 0.3699 0.8955 -0.2475
vn 0.3165 0.8257 -0.4669
vn 0.0181 0.9888 -0.1479
vn 0.0361 0.9832 -0.1789
vn 0.2247 0.9414 -0.2516
vn -0.0425 0.9875 0.1520
vn -0.0737 0.9191 0.3871
vn 0.0202 0.9870 0.1597
vn -0.0900 0.9857 0.1422
vn -0.0478 0.9853 0.1642
vn 0.0023 0.9902 0.1393
vn -0.2216 0.8764 -0.4275
vn -0.3723 0.8556 0.3597
vn -0.0635 0.9970 0.0445
vn -0.2256 0.9530 0.2023
vn 0.0085 0.9999 -0.0144
vn 0.2932 0.7655 -0.5727
vn 0.3596 0.8003 -0.4798
vn -0.2676 0.8886 -0.3726
vn 0.3126 0.9274 -0.2055
vn -0.0150 0.9976 0.0672
vn 0.2569 0.9581 -0.1269
vn -0.1760 0.9031 0.3917
vn -0.0543 0.9921 0.1127
vn 0.2736 0.9364 -0.2199
vn 0.2383 0.9565 -0.1681
vn 0.1195 0.9714 -0.2054
vn -0.5018 0.8540 0.1376
vn -0.1838 0.9826 0.0258
vn 0.0163 0.9986 -0.0504
vn 0.0097 0.9903 -0.1387
vn -0.2391 0.9651 -0.1073
vn -0.0904 0.9562 -0.2784
vn 0.2707 0.9132 -0.3045
vn 0.1784 0.9477 -0.2647
vn -0.0594 0.9254 -0.3743
vn 0.0406 0.9989 -0.0248
vn 0.1646 0.9402 -0.2982
vn 0.6459 0.6813 -0.3444
vn 0.2556 0.9195 -0.2986
vn 0.0933 0.9501 -0.2977
vn -0.5370 0.8411 -0.0651
vn 0.0666 0.9947 -0.0779
vn 0.1164 0.9833 -0.1399
vn -0.0471 0.9946 -0.0924
vn -0.0020 0.9999 -0.0111
vn 0.0023 0.9999 -0.0139
vn 0.2069 0.9782 -0.0197
vn -0.0270 0.9984 -0.0489
vn -0.0502 0.9880 -0.1462
vn -0.2623 0.9368 -0.2315
vn -0.1783 0.9785 -0.1036
vn 0.0042 0.9999 -0.0109
vn -0.1572 0.9817 -0.1076
vn 0.1300 0.9873 -0.0911
vn 0.0077 0.9967 -0.0813
vn 0.1433 0.9891 0.0334
vn -0.0699 0.9899 -0.1230
vn -0.1662 0.9807 0.1031
vn -0.1037 0.9800 0.1699
vn 0.0042 1.0000 0.0064
vn -0.0000 0.9998 0.0218
vn 0.0137 0.9999 -0.0058
vn 0.0003 1.0000 0.0082
vn -0.0071 0.9948 -0.1014
vn 0.0012 0.9911 0.1334
vn 0.0031 0.9991 -0.0431
vn -0.2044 0.9736 0.1018
vn 0.2483 0.9373 0.2447
vn -0.0797 0.9934 0.0825
vn 0.2482 0.9687 0.0051
vn 0.1405 0.9879 -0.0663
vn 0.0243 0.9976 -0.0646
vn -0.0270 0.7915 0.6105
vn -0.5205 0.8099 0.2705
vn -0.0618 0.9773 0.2025
vn 0.0346 0.9994 0.0078
vn -0.2354 0.9602 0.1501
vn 0.0623 0.9744 0.2160
vn 0.5094 0.7858 0.3507
vn 0.0104 0.9952 0.0968
vn 0.0925 0.9931 0.0717
vn -0.3749 0.9141 0.1546
vn -0.3437 0.8851 0.3139
vn -0.3548 0.8736 0.3331
vn 0.3274 0.9412 0.0835
vn -0.0193 0.9993 -0.0313
vn -0.2515 0.7168 0.6503
vn -0.2570 0.8830 0.3928
vn -0.1575 0.8857 0.4367
vn -0.5308 0.7445 0.4048
vn 0.0313 0.9863 0.1619
vn 0.3653 0.8720 0.3259
vn 0.4607 0.8083 0.3667
vn -0.1792 0.8637 0.4710
vn 0.0317 0.9893 0.1425
vn -0.0946 0.8220 0.5616
vn -0.0378 0.9841 0.1737
vn 0.2867 0.9530 0.0980
vn -0.0918 0.9252 0.3682
vn -0.0904 0.7099 0.6985
vn 0.0861 0.9894 -0.1168
vn 0.0281 0.9423 0.3335
vn 0.4550 0.7268 0.5146
vn 0.1627 0.9867 0.0026
vn 0.4604 0.8866 0.0448
vn -0.3509 0.8797 0.3210
vn 0.6134 0.7515 0.2428
vn -0.3511 0.8284 0.4365
vn -0.0797 0.9122 0.4018
vn 0.2379 0.8700 0.4318
vn -0.4078 0.8872 0.2159
vn 0.1165 0.9774 0.1762
vn 0.1483 0.9264 0.3461
vn -0.5101 0.8593 0.0381
vn -0.4009 0.9106 0.1000
vn -0.3152 0.7915 0.5236
vn 0.3554 0.8515 0.3856
vn 0.0093 0.9928 -0.1197
vn -0.4345 0.7390 0.5149
vn -0.4081 0.8369 0.3647
vn -0.4152 0.8804 0.2291
vn -0.1939 0.8782 0.4373
vn -0.0135 0.9864 0.1636
vn -0.2478 0.9172 0.3119
vn 0.0598 0.8407 0.5381
vn -0.4511 0.5522 0.7011
vn 0.7632 0.5714 0.3017
vn 0.3515 0.7226 0.5952
vn -0.2185 0.8363 0.5028
vn 0.0806 0.9854 0.1500
vn 0.4083 0.8729 0.2671
vn -0.6001 0.7977 0.0597
vn -0.4766 0.8735 -0.0994
vn -0.1830 0.7375 0.6501
vn -0.4595 0.7745 0.4348
vn -0.3287 0.9284 0.1732
vn -0.3794 0.7915 0.4791
vn 0.4125 0.7735 0.4813
vn 0.5635 0.8183 -0.1138
vn 0.3550 0.8674 0.3487
vn -0.0210 0.9911 0.1314
vn -0.1323 0.7773 0.6151
vn -0.1901 0.9500 0.2476
vn -0.7431 0.4773 0.4691
vn -0.5036 0.7260 0.4684
vn -0.7407 0.6312 0.2301
vn 0.1616 0.9861 0.0395
vn -0.2786 0.7723 0.5709
vn 0.0540 0.9983 0.0220
vn -0.2435 0.8510 0.4653
vn -0.4016 0.6150 0.6785
vn 0.6261 0.7791 -0.0309
vn -0.2044 0.8059 0.5556
vn -0.2428 0.9017 0.3578
vn -0.1230 0.9344 0.3344
vn -0.1544 0.8708 0.4668
vn -0.3848 0.5722 0.7242
vn 0.7671 0.5268 0.3660
vn 0.7769 0.6206 0.1062
vn -0.1762 0.5694 0.8030
vn -0.2027 0.9631 0.1771
vn 0.4548 0.6551 0.6033
vn 0.5774 0.7996 0.1649
vn -0.1380 0.9557 0.2601
vn -0.3501 0.5104 0.7855
vn 0.5218 0.6203 0.5855
vn -0.0240 0.8977 0.4399
vn -0.0959 0.9755 0.1979
vn 0.4965 0.7572 0.4244
vn 0.3236 0.7717 0.5475
vn 0.3080 0.9053 0.2926
vn 0.0621 0.9534 0.2954
vn -0.2675 0.9591 -0.0930
vn -0.1386 0.9712 0.1936
vn -0.2927 0.7914 0.5366
vn -0.3662 0.5580 0.7447
vn -0.1543 0.9535 0.2589
vn -0.3631 0.8556 0.3690
vn 0.3722 0.8283 0.4189
vn 0.5593 0.8008 0.2142
vn 0.5300 0.8176 0.2248
vn -0.0512 0.5641 0.8241
vn -0.4485 0.8242 -0.3457
vn -0.7045 0.6495 -0.2859
vn -0.4991 0.7800 -0.3774
vn -0.2803 0.9598 -0.0168
vn -0.1406 0.9181 -0.3705
vn -0.0058 0.9533 0.3020
vn 0.0619 0.4561 0.8878
vn 0.0774 0.8302 0.5520
vn -0.2800 0.6179 0.7347
vn -0.1588 0.9872 -0.0144
vn -0.7708 0.4835 0.4147
vn -0.3441 0.8989 0.2712
vn -0.5956 0.2819 0.7522
vn 0.3083 0.8701 0.3845
vn -0.1496 0.8057 0.5731
vn 0.0780 0.9764 0.2015
vn 0.2577 0.9235 0.2840
vn -0.5472 0.7609 0.3487
vn 0.2044 0.4092 0.8893
vn 0.2266 0.7270 0.6482
vn -0.5050 0.7212 0.4741
vn 0.1978 0.9671 0.1601
vn -0.3354 0.9393 -0.0718
vn 0.1732 0.8503 0.4969
vn -0.0036 0.9734 0.2292
vn -0.7084 0.6876 -0.1594
vn -0.5707 0.7503 -0.3338
vn -0.0327 0.9991 -0.0263
vn -0.1624 0.9858 0.0418
vn -0.4834 0.8539 0.1928
vn 0.1684 0.5866 0.7922
vn -0.1352 0.8321 0.5379
vn -0.0169 0.9868 0.1613
vn -0.0613 0.9961 -0.0640
vn -0.1045 0.9791 0.1745
vn -0.0385 0.9908 0.1298
vn 0.2798 0.8343 0.4751
vn -0.2755 0.8481 0.4526
vn -0.0870 0.9955 0.0373
vn -0.0682 0.9785 0.1945
vn 0.1600 0.8916 0.4237
vn 0.1071 0.9892 0.1000
vn -0.3075 0.8718 -0.3814
vn -0.7292 0.6843 0.0076
vn -0.4612 0.8793 -0.1191
vn 0.2065 0.9740 -0.0927
vn -0.0388 0.7502 -0.6601
vn 0.2945 0.9362 -0.1915
vn 0.3110 0.8207 0.4794
vn 0.4791 0.7862 0.3903
vn 0.1669 0.9847 0.0507
vn 0.1170 0.9860 -0.1184
vn 0.0780 0.9963 0.0362
vn -0.2950 0.9549 0.0335
vn -0.6351 0.7704 0.0554
vn -0.6566 0.7194 -0.2266
vn 0.0634 0.9959 -0.0653
vn 0.3854 0.8619 -0.3296
vn 0.0063 0.8616 -0.5075
vn 0.2774 0.8951 -0.3491
vn 0.1417 0.9622 -0.2327
vn -0.6344 0.7641 0.1166
vn -0.2875 0.9573 -0.0311
vn 0.4182 0.8194 -0.3919
vn -0.1358 0.9905 -0.0198
vn -0.4511 0.8285 -0.3319
vn -0.2513 0.8308 -0.4967
vn -0.1480 0.9804 -0.1303
vn 0.5226 0.8390 -0.1512
vn 0.5218 0.8272 -0.2087
vn 0.3737 0.6965 -0.6125
vn -0.2646 0.9583 0.1083
vn -0.1066 0.9934 0.0425
vn -0.2095 0.8436 -0.4944
vn -0.1274 0.7064 -0.6963
vn -0.7463 0.6648 0.0320
vn -0.2424 0.8739 0.4212
vn -0.3195 0.9458 0.0589
vn 0.0010 0.9842 -0.1769
vn -0.6653 0.7120 -0.2246
vn -0.4361 0.8022 0.4078
vn -0.1676 0.8073 -0.5658
vn -0.0744 0.9527 -0.2948
vn 0.2738 0.5290 -0.8032
vn -0.0767 0.9252 -0.3715
vn 0.5522 0.7487 -0.3668
vn -0.2664 0.8631 -0.4291
vn -0.3823 0.8388 -0.3877
vn 0.0741 0.9570 -0.2805
vn 0.4668 0.4814 -0.7418
vn -0.0931 0.9901 0.1048
vn -0.2662 0.8198 0.5070
vn -0.3314 0.9424 -0.0443
vn -0.2126 0.8115 -0.5444
vn -0.2042 0.8960 -0.3944
vn -0.0613 0.9794 -0.1922
vn 0.3947 0.8527 -0.3424
vn 0.3553 0.9129 -0.2009
vn 0.4088 0.7797 -0.4743
vn 0.3274 0.6787 -0.6573
vn 0.2509 0.8472 -0.4683
vn 0.1950 0.9235 -0.3304
vn -0.0347 0.9994 0.0068
vn 0.0223 0.9983 0.0534
vn -0.0363 0.8155 -0.5777
vn -0.5637 0.8043 0.1880
vn -0.4416 0.8558 -0.2693
vn 0.4155 0.8611 -0.2930
vn 0.7238 0.6677 -0.1740
vn 0.2321 0.9350 -0.2682
vn 0.7476 0.5663 -0.3470
vn -0.5956 0.7163 -0.3636
vn -0.0265 0.9963 -0.0824
vn -0.4232 0.8962 0.1332
vn 0.0587 0.9977 -0.0345
vn 0.0196 0.9532 0.3018
vn -0.0390 0.9386 0.3427
vn -0.0894 0.9946 -0.0523
vn 0.0933 0.9888 -0.1167
vn -0.0851 0.9501 0.3000
vn 0.0664 0.9887 -0.1347
vn 0.3473 0.7199 -0.6010
vn 0.5518 0.7351 -0.3939
vn 0.6591 0.6180 -0.4285
vn 0.4887 0.6785 -0.5485
vn -0.7189 0.6639 0.2061
vn -0.4060 0.7721 0.4889
vn -0.1876 0.9619 0.1991
vn -0.5030 0.3068 0.8080
vn -0.1339 0.9908 0.0199
vn 0.2295 0.8268 0.5135
vn 0.1395 0.9752 0.1718
vn 0.8342 0.4564 -0.3096
vn 0.0567 0.9957 0.0731
vn -0.2582 0.9033 -0.3426
vn -0.2621 0.6435 0.7191
vn -0.0685 0.4881 0.8701
vn -0.6334 0.5843 0.5074
vn 0.3406 0.8807 -0.3291
vn -0.1625 0.9742 -0.1568
vn 0.1175 0.9591 -0.2576
vn 0.0858 0.7930 0.6032
vn 0.5008 0.6961 -0.5144
vn -0.0922 0.9808 -0.1718
vn 0.4440 0.8113 -0.3802
vn 0.0762 0.9264 0.3687
vn -0.0263 0.9985 0.0471
vn -0.5546 0.7544 0.3513
vn -0.2145 0.9737 -0.0771
vn 0.3609 0.9167 -0.1712
vn -0.3191 0.8058 0.4989
vn -0.1002 0.9555 0.2775
vn -0.7537 0.4657 0.4637
vn 0.5923 0.7270 -0.3473
vn 0.4032 0.8793 -0.2535
vn 0.6382 0.7620 -0.1102
vn -0.0233 0.9984 0.0513
vn -0.3050 0.9159 0.2609
vn 0.0837 0.9844 -0.1546
vn -0.0226 0.9997 0.0092
vn 0.6827 0.6945 -0.2270
vn 0.6116 0.7433 -0.2711
vn -0.1546 0.9849 0.0785
vn 0.3751 0.9216 -0.0993
vn 0.2061 0.9294 -0.3061
vn -0.6191 0.7560 0.2125
vn -0.4486 0.8632 0.2316
vn 0.4428 0.8887 0.1187
vn -0.0045 0.9891 -0.1469
vn -0.7637 0.3709 0.5284
vn -0.5212 0.8235 0.2240
vn -0.3203 0.9305 0.1777
vn -0.7326 0.5613 0.3850
vn -0.0587 0.7959 -0.6026
vn 0.0158 0.9661 -0.2577
vn 0.4967 0.8347 -0.2377
vn 0.4454 0.8516 -0.2765
vn -0.1533 0.9824 -0.1072
vn 0.2784 0.8002 -0.5311
vn 0.4233 0.8070 -0.4117
vn 0.3399 0.8773 -0.3388
vn -0.5832 0.8069 -0.0936
vn -0.3894 0.9133 -0.1193
vn -0.2868 0.9399 0.1853
vn -0.4654 0.7583 0.4565
vn 0.3211 0.9051 -0.2786
vn 0.6116 0.7797 0.1341
vn 0.3013 0.9000 -0.3148
vn 0.2694 0.8776 -0.3966
vn -0.5365 0.8187 0.2046
vn -0.8599 0.4700 0.1991
vn -0.5369 0.8390 -0.0886
vn -0.4085 0.9027 -0.1353
vn -0.1452 0.9369 -0.3181
vn 0.2955 0.8535 -0.4292
vn 0.3660 0.8838 -0.2914
vn -0.5843 0.7799 0.2241
vn -0.2965 0.9346 0.1965
vn -0.5818 0.8121 -0.0450
vn 0.3030 0.8704 -0.3881
vn -0.1398 0.8381 -0.5273
vn 0.0803 0.8828 -0.4628
vn 0.1348 0.9591 -0.2489
vn 0.5194 0.8129 -0.2635
vn 0.5216 0.7992 -0.2987
vn -0.0120 0.8441 -0.5360
vn 0.1079 0.8807 -0.4612
vn -0.2572 0.5905 0.7649
vn -0.2262 0.8670 -0.4440
vn -0.0190 0.9478 -0.3182
vn 0.1273 0.9443 -0.3033
vn -0.3873 0.7467 0.5408
vn -0.8297 0.4910 0.2656
vn 0.2340 0.9722 0.0081
vn -0.2563 0.9553 0.1472
vn -0.4806 0.8700 -0.1104
vn 0.0791 0.9815 -0.1746
vn -0.6134 0.7830 0.1029
vn -0.0069 0.9677 -0.2518
vn 0.2540 0.7270 -0.6379
vn -0.1711 0.9487 -0.2658
vn 0.2093 0.9228 -0.3234
vn 0.1540 0.9143 -0.3746
vn 0.3498 0.9358 -0.0444
vn -0.2066 0.9227 -0.3254
vn -0.1938 0.8721 -0.4494
vn 0.4911 0.7843 -0.3791
vn 0.3509 0.7195 -0.5994
vn 0.0616 0.9027 -0.4258
vn 0.2172 0.6404 -0.7367
vn -0.0228 0.9992 0.0328
vn -0.2557 0.6905 -0.6766
vn -0.1747 0.8464 -0.5032
vn -0.0700 0.7087 -0.7020
vn -0.1314 0.7177 -0.6838
vn 0.2140 0.9321 -0.2923
vn -0.0431 0.7987 -0.6002
vn -0.6258 0.6288 0.4615
vn -0.4473 0.8438 0.2967
vn -0.5975 0.8017 0.0167
vn 0.6597 0.7482 -0.0713
vn 0.3683 0.6938 -0.6189
vn 0.1530 0.8474 -0.5084
vn 0.3796 0.6931 -0.6128
vn -0.0830 0.6464 -0.7585
vn 0.4745 0.8607 -0.1847
vn -0.0782 0.8522 0.5173
vn 0.1126 0.9891 -0.0952
vn -0.2813 0.8401 0.4637
vn -0.0424 0.9973 -0.0597
vn -0.0296 0.9233 0.3830
vn -0.2492 0.9016 -0.3536
vn -0.1737 0.9656 0.1937
vn -0.0422 0.9990 0.0156
vn -0.0764 0.9916 -0.1043
vn 0.5792 0.7761 -0.2496
vn 0.7121 0.5575 -0.4266
vn 0.8749 0.4842 0.0137
vn -0.0896 0.8472 0.5236
vn -0.0109 0.9999 0.0099
vn -0.0706 0.9663 -0.2474
vn 0.4171 0.9080 -0.0385
vn -0.3960 0.6161 0.6809
vn -0.4206 0.6612 0.6213
vn -0.0727 0.9385 -0.3376
vn -0.1437 0.9514 0.2725
vn 0.1305 0.9494 -0.2856
vn -0.0806 0.8575 -0.5081
vn -0.3218 0.9297 0.1792
vn -0.2945 0.7275 0.6197
vn -0.0538 0.7591 0.6487
vn 0.5475 0.8366 0.0170
vn -0.1989 0.9321 -0.3026
vn 0.6193 0.7815 0.0762
vn -0.2047 0.6317 0.7477
vn -0.6471 0.6133 0.4530
vn 0.4639 0.8242 -0.3249
vn 0.4615 0.8861 0.0434
vn -0.6155 0.7748 0.1446
vn 0.3309 0.9428 -0.0397
vn 0.1922 0.9618 -0.1951
vn -0.0258 0.9996 0.0114
vn -0.0039 0.9079 0.4191
vn -0.5724 0.8127 0.1086
vn -0.3509 0.8998 0.2594
vn -0.0349 0.9316 0.3618
vn -0.0680 0.9897 0.1259
vn 0.9018 0.4302 -0.0414
vn 0.4621 0.8671 -0.1858
vn -0.0236 0.9844 -0.1744
vn 0.5091 0.6906 -0.5136
vn -0.0734 0.9936 0.0854
vn -0.1964 0.6740 -0.7122
vn 0.4243 0.8558 -0.2958
vn -0.1886 0.8975 0.3986
vn -0.7753 0.6288 0.0590
vn -0.8285 0.4920 0.2675
vn -0.5673 0.8222 0.0454
vn -0.1584 0.9863 -0.0470
vn -0.1215 0.9864 0.1110
vn 0.4799 0.8767 -0.0333
vn 0.6687 0.7405 -0.0665
vn 0.7741 0.5217 -0.3585
vn -0.4889 0.8665 -0.1010
vn -0.8590 0.5114 -0.0229
vn 0.4012 0.8912 0.2117
vn 0.2270 0.9358 -0.2697
vn 0.5129 0.8164 -0.2654
vn 0.3490 0.8795 -0.3236
vn 0.4930 0.8479 0.1952
vn 0.2643 0.8874 -0.3777
vn -0.2372 0.9662 0.1008
vn -0.4696 0.8782 0.0910
vn 0.0266 0.9937 -0.1088
vn 0.2322 0.9718 -0.0403
vn 0.3432 0.6667 -0.6616
vn 0.3061 0.8277 -0.4703
vn -0.2566 0.9597 0.1145
vn -0.6313 0.7516 0.1912
vn 0.4114 0.6707 -0.6172
vn 0.1931 0.8664 -0.4605
vn -0.0768 0.9970 0.0020
vn -0.0960 0.9952 0.0164
vn 0.1606 0.9860 -0.0439
vn 0.3059 0.8813 -0.3603
vn 0.6436 0.7637 0.0507
vn 0.0945 0.9955 0.0075
vn -0.3077 0.9485 -0.0758
vn 0.2079 0.8711 -0.4449
vn -0.2358 0.7703 -0.5925
vn -0.0870 0.9961 -0.0173
vn 0.3370 0.9341 -0.1178
vn 0.5595 0.8059 -0.1936
vn -0.3215 0.3431 -0.8826
vn 0.1156 0.6473 -0.7534
vn -0.0107 0.9987 0.0500
vn 0.2463 0.9619 -0.1186
vn -0.0368 0.9986 -0.0377
vn -0.1396 0.9830 0.1194
vn -0.1119 0.9760 0.1866
vn 0.6519 0.7461 -0.1356
vn -0.5203 0.8528 0.0443
vn -0.2280 0.9673 0.1113
vn 0.5306 0.8167 -0.2267
vn 0.4179 0.8905 -0.1799
vn 0.0097 0.9991 -0.0420
vn -0.5324 0.8424 -0.0834
vn 0.5076 0.8593 -0.0624
vn 0.8287 0.4672 -0.3080
vn 0.0606 0.9947 -0.0829
vn -0.1898 0.9800 -0.0606
vn -0.0208 0.9996 0.0172
vn 0.2829 0.9499 0.1331
vn -0.5793 0.8054 -0.1256
vn 0.6234 0.5793 -0.5252
vn 0.8473 0.5284 -0.0532
vn -0.0212 0.9998 -0.0046
vn 0.3032 0.9080 0.2892
vn 0.6471 0.7241 -0.2386
vn 0.3549 0.9208 -0.1616
vn -0.1777 0.9839 0.0206
vn -0.0397 0.9988 -0.0282
vn 0.4436 0.8664 -0.2293
vn 0.0025 0.9843 0.1768
vn 0.1613 0.9600 0.2291
vn -0.2967 0.8128 0.5013
vn -0.3123 0.9494 -0.0339
vn -0.2604 0.9344 0.2431
vn -0.0841 0.9953 0.0484
vn -0.7393 0.6704 0.0630
vn -0.3752 0.8115 0.4481
vn -0.5680 0.8211 0.0569
vn 0.4787 0.8604 0.1749
vn -0.2779 0.9082 0.3129
vn 0.0239 0.9980 -0.0587
vn 0.0241 0.9920 -0.1236
vn 0.0150 0.9995 0.0279
vn 0.0997 0.9285 0.3576
vn 0.6016 0.6332 -0.4869
vn 0.4900 0.8611 -0.1357
vn 0.5420 0.5961 -0.5924
vn -0.3178 0.9475 0.0360
vn -0.4543 0.8856 -0.0965
vn 0.4788 0.8623 -0.1649
vn -0.2865 0.8913 0.3514
vn -0.0179 0.8349 0.5501
vn 0.7042 0.1199 0.6998
vn -0.2273 0.9564 0.1833
vn 0.3102 0.9506 -0.0107
vn -0.0845 0.6736 0.7343
vn -0.4161 0.6844 0.5987
vn -0.5727 0.4520 0.6839
vn -0.3789 0.7074 0.5966
vn 0.2144 0.8820 0.4197
vn 0.7333 0.5960 0.3271
vn 0.3120 0.9499 -0.0180
vn -0.2574 0.5568 0.7897
vn -0.1234 0.7805 0.6129
vn 0.3693 0.7754 0.5122
vn 0.6137 0.7887 0.0360
vn 0.1683 0.8298 0.5320
vn 0.5041 0.8434 0.1861
vn -0.3273 0.8303 0.4511
vn 0.1798 0.9789 -0.0968
vn 0.6214 0.7818 0.0517
vn 0.7279 0.6830 -0.0602
vn -0.4976 0.8557 0.1419
vn -0.1762 0.9602 0.2166
vn 0.4959 0.8214 0.2816
vn 0.1149 0.8981 0.4244
vn 0.4867 0.7921 0.3685
vn -0.0387 0.9748 0.2195
vn -0.4524 0.7407 0.4967
vn -0.5442 0.7646 0.3454
vn -0.0936 0.7827 0.6153
vn -0.3418 0.7991 0.4946
vn -0.1795 0.8597 0.4782
vn -0.1871 0.8369 0.5144
vn -0.0470 0.9988 -0.0123
vn -0.1626 0.7676 0.6199
vn -0.4460 0.6589 0.6058
vn -0.3597 0.7819 0.5091
vn 0.1695 0.9670 -0.1903
vn -0.4759 0.8098 0.3432
vn -0.1792 0.9322 0.3145
vn 0.5067 0.8376 -0.2040
vn 0.0344 0.9562 0.2907
vn 0.3548 0.8440 0.4022
vn -0.1354 0.9777 0.1609
vn -0.0508 0.9715 0.2317
vn 0.2283 0.9399 0.2539
vn -0.2173 0.7369 0.6402
vn -0.0901 0.5796 0.8099
vn 0.0544 0.9309 0.3613
vn -0.4497 0.8625 0.2322
vn -0.0605 0.9783 0.1981
vn -0.5210 0.8071 0.2776
vn 0.2990 0.8445 0.4443
vn -0.5832 0.5990 0.5487
vn -0.0843 0.7855 0.6131
vn 0.6588 0.7481 0.0796
vn 0.5580 0.8061 0.1972
vn 0.5833 0.8007 -0.1365
vn -0.2203 0.9103 0.3505
vn -0.1349 0.9656 0.2222
vn -0.0512 0.8136 0.5792
vn -0.5000 0.7065 0.5008
vn -0.1060 0.9413 0.3206
vn 0.5349 0.7890 0.3024
vn -0.0223 0.9441 0.3288
vn -0.1514 0.9001 0.4085
vn -0.3657 0.7763 0.5134
vn -0.2556 0.8450 0.4696
vn -0.2014 0.6651 0.7191
vn -0.0721 0.6442 0.7615
vn 0.2650 0.7585 0.5954
vn -0.1204 0.9860 0.1157
vn -0.0003 1.0000 0.0004
vn 0.5657 0.8238 0.0359
vn -0.2752 0.8555 0.4387
vn -0.3610 0.6597 0.6592
vn 0.3478 0.9143 0.2074
vn -0.0720 0.8845 0.4610
vn 0.4626 0.7442 0.4818
vn -0.2900 0.8423 0.4543
vn -0.0082 0.9956 0.0934
vn -0.4947 0.8424 0.2137
vn -0.2305 0.7747 0.5888
vn 0.1532 0.8579 0.4904
vn -0.0188 0.9934 0.1128
vn 0.3444 0.9361 0.0713
vn 0.7856 0.6113 0.0958
vn -0.0425 0.9743 0.2212
vn 0.0161 0.9936 0.1122
vn 0.4376 0.8948 -0.0888
vn -0.0458 0.9558 0.2905
vn 0.0067 0.9989 -0.0456
vn 0.3595 0.9163 0.1765
vn 0.4792 0.8443 0.2398
vn 0.1429 0.9437 -0.2982
vn 0.3324 0.9245 -0.1866
vn 0.0375 0.9914 0.1253
vn 0.1869 0.9730 0.1358
vn -0.0083 0.9981 -0.0609
vn -0.3304 0.8568 0.3959
vn 0.5306 0.8224 -0.2055
vn 0.3391 0.7784 0.5283
vn 0.0425 0.9973 -0.0597
vn -0.0120 0.9977 -0.0674
vn -0.2606 0.8309 0.4916
vn 0.0808 0.9633 0.2560
vn 0.3745 0.8744 0.3085
vn 0.1696 0.9726 -0.1588
vn -0.0288 0.9947 0.0984
vn 0.1985 0.9777 -0.0687
vn 0.0572 0.9971 -0.0497
vn 0.0057 0.9985 -0.0537
vn -0.0023 0.9996 -0.0293
vn 0.0843 0.9241 -0.3728
vn 0.2032 0.9711 -0.1252
vn -0.1466 0.9175 0.3698
vn -0.1780 0.9652 0.1916
vn -0.1502 0.9597 0.2374
vn -0.2379 0.7551 0.6109
vn -0.0521 0.9970 -0.0578
vn 0.0225 0.9941 0.1065
vn -0.1998 0.9217 0.3324
vn 0.3683 0.8711 0.3248
vn 0.4289 0.8836 0.1877
vn 0.2244 0.8949 -0.3857
vn 0.1157 0.9922 0.0463
vn -0.3879 0.6777 0.6247
vn -0.5829 0.7506 0.3113
vn -0.2899 0.9215 0.2584
vn -0.5412 0.8190 0.1906
vn 0.1978 0.9554 -0.2192
vn 0.0395 0.9750 -0.2188
vn 0.0483 0.9927 -0.1109
vn -0.0475 0.9988 -0.0082
vn -0.0819 0.8618 -0.5005
vn -0.1943 0.8281 -0.5258
vn 0.0109 0.9957 -0.0922
vn -0.0498 0.9971 -0.0582
vn 0.0045 0.9951 -0.0985
vn 0.0960 0.9924 -0.0773
vn 0.0287 0.9971 -0.0700
vn 0.0009 0.9799 0.1997
vn -0.0410 0.6999 -0.7131
vn 0.6085 0.7857 -0.1118
vn -0.4530 0.8906 0.0409
vn -0.1631 0.9259 0.3408
vn 0.6357 0.6203 0.4595
vn 0.3271 0.8901 0.3174
vn 0.5993 0.7547 0.2671
vn 0.0655 0.9932 -0.0963
vn 0.0617 0.9954 -0.0736
vn 0.4469 0.8174 -0.3634
vn 0.2420 0.9246 -0.2942
vn 0.5103 0.8581 -0.0574
vn -0.0985 0.7902 -0.6049
vn 0.3725 0.9231 -0.0957
vn 0.0660 0.9954 -0.0695
vn -0.1248 0.9920 0.0177
vn -0.3803 0.8892 0.2543
vn 0.5565 0.7866 0.2675
vn -0.0474 0.7808 -0.6229
vn 0.0468 0.9889 -0.1407
vn 0.2370 0.9268 0.2911
vn -0.4435 0.7329 0.5159
vn -0.4247 0.8866 0.1831
vn 0.3463 0.7937 0.5000
vn 0.1152 0.6752 -0.7286
vn 0.4675 0.7792 -0.4176
vn -0.4425 0.8894 -0.1145
vn 0.0666 0.9867 -0.1482
vn 0.1112 0.9926 -0.0486
vn -0.1600 0.9868 -0.0241
vn -0.1059 0.9939 -0.0311
vn -0.0070 0.9979 -0.0641
vn 0.2424 0.9701 0.0095
vn 0.1519 0.9346 -0.3216
vn -0.1024 0.9699 -0.2211
vn -0.1542 0.9658 -0.2084
vn -0.1468 0.9791 -0.1410
vn -0.3157 0.8948 -0.3158
vn 0.3152 0.8560 -0.4097
vn 0.3300 0.9139 -0.2365
vn 0.1283 0.9838 -0.1252
vn -0.4750 0.8752 0.0914
vn -0.6983 0.7135 0.0571
vn -0.0104 0.7198 0.6941
vn -0.4401 0.8241 0.3565
vn 0.4727 0.7383 -0.4811
vn 0.0756 0.9619 -0.2627
vn -0.2899 0.9442 0.1567
vn -0.2056 0.9525 0.2245
vn -0.1447 0.9426 0.3011
vn -0.5302 0.8479 -0.0069
vn -0.2866 0.9530 -0.0985
vn 0.2429 0.9608 -0.1337
vn 0.4445 0.8361 -0.3216
vn -0.1522 0.9692 -0.1933
vn -0.1829 0.9277 -0.3253
vn 0.2284 0.9225 0.3112
vn 0.1381 0.9318 0.3358
vn -0.2037 0.9775 0.0555
vn -0.0752 0.9555 0.2852
vn -0.1091 0.8951 -0.4322
vn 0.3108 0.9400 -0.1407
vn 0.0698 0.9719 -0.2248
vn 0.3526 0.8402 0.4121
vn 0.3373 0.8587 0.3858
vn 0.0219 0.9926 0.1191
vn -0.4918 0.8072 0.3264
vn -0.0154 0.9996 0.0236
vn -0.1703 0.9762 0.1345
vn 0.1148 0.9897 0.0852
vn -0.1436 0.9605 -0.2382
vn -0.0940 0.9738 0.2069
vn -0.1004 0.9655 0.2404
vn 0.0477 0.9985 -0.0284
vn -0.0326 0.9903 -0.1354
vn 0.3641 0.8512 0.3779
vn 0.8332 0.4884 0.2593
vn -0.3428 0.7342 0.5861
vn 0.5302 0.7341 -0.4243
vn 0.5217 0.8134 -0.2574
vn -0.4053 0.8352 0.3716
vn -0.0077 0.9991 -0.0421
vn -0.5337 0.6969 0.4791
vn -0.5561 0.8208 0.1307
vn 0.1596 0.9445 0.2871
vn -0.3350 0.6243 -0.7056
vn 0.3693 0.8359 -0.4060
vn -0.2057 0.9310 -0.3017
vn -0.2078 0.9505 -0.2311
vn 0.3262 0.7791 -0.5354
vn 0.0416 0.8853 -0.4631
vn 0.1097 0.8803 -0.4616
vn -0.3239 0.8978 0.2983
vn 0.0634 0.9301 0.3619
vn 0.5400 0.8072 0.2382
vn 0.3993 0.8448 -0.3563
vn -0.6032 0.7677 -0.2162
vn 0.0083 0.9915 0.1298
vn 0.4473 0.7681 0.4583
vn -0.2774 0.9042 0.3249
vn 0.0648 0.8373 -0.5428
vn 0.0424 0.9963 0.0743
vn -0.0836 0.9547 0.2855
vn -0.4980 0.7498 0.4356
vn -0.3577 0.7973 0.4861
vn 0.1309 0.8076 0.5750
vn -0.2072 0.9272 0.3120
vn 0.2362 0.8095 0.5375
vn 0.5485 0.5917 0.5908
vn 0.3495 0.8800 0.3217
vn 0.6771 0.7285 0.1041
vn 0.4700 0.8785 0.0857
vn -0.0994 0.8544 -0.5101
vn 0.3948 0.8967 -0.2002
vn 0.0631 0.8574 -0.5107
vn -0.4585 0.7791 -0.4275
vn 0.5251 0.8484 -0.0678
vn -0.4647 0.7267 0.5059
vn -0.1832 0.8548 0.4855
vn -0.0518 0.9966 0.0644
vn -0.2517 0.9234 -0.2899
vn 0.0995 0.8278 -0.5521
vn -0.4274 0.8680 0.2528
vn -0.1049 0.7426 0.6615
vn 0.1288 0.9508 0.2818
vn -0.1929 0.7998 0.5685
vn 0.1855 0.7827 0.5941
vn 0.4827 0.8542 0.1931
vn -0.5520 0.7419 0.3805
vn 0.5071 0.8529 0.1241
vn -0.0346 0.7088 -0.7045
vn -0.3771 0.9194 -0.1114
vn -0.1908 0.9755 -0.1091
vn 0.1026 0.9842 -0.1444
vn 0.6209 0.7202 -0.3094
vn 0.5284 0.8309 -0.1742
vn 0.3634 0.9316 -0.0038
vn 0.0982 0.9905 -0.0960
vn -0.5219 0.5788 0.6266
vn -0.5985 0.6466 0.4729
vn 0.3550 0.9174 -0.1802
vn 0.6990 0.6914 -0.1827
vn 0.3572 0.9328 -0.0467
vn 0.1283 0.9695 0.2089
vn 0.6877 0.6878 0.2325
vn 0.3954 0.8775 0.2715
vn 0.4856 0.8737 0.0288
vn 0.3073 0.9510 0.0334
vn -0.4247 0.7364 -0.5266
vn -0.4508 0.8028 -0.3901
vn -0.1086 0.8655 -0.4889
vn 0.7368 0.6142 -0.2827
vn 0.0087 0.9114 0.4113
vn -0.4349 0.6447 0.6286
vn -0.1110 0.7350 -0.6690
vn -0.1969 0.9047 0.3777
vn -0.6308 0.7181 0.2939
vn 0.1597 0.5695 0.8063
vn 0.1283 0.9907 0.0449
vn -0.1497 0.8234 -0.5473
vn -0.5907 0.6588 -0.4658
vn 0.1556 0.8941 0.4199
vn 0.0613 0.8423 0.5355
vn -0.2775 0.6811 0.6776
vn -0.1928 0.9008 0.3890
vn -0.3039 0.8791 0.3671
vn 0.7851 0.6179 0.0428
vn -0.0266 0.6891 0.7242
vn 0.0183 0.9894 0.1442
vn -0.3706 0.9072 0.1990
vn -0.0047 0.8662 -0.4997
vn -0.0349 0.9804 0.1940
vn -0.1900 0.9515 0.2418
vn 0.1038 0.9945 -0.0160
vn -0.0112 0.9787 0.2052
vn -0.0373 0.7487 0.6619
vn 0.3042 0.7804 0.5463
vn -0.3686 0.6022 0.7081
vn 0.0805 0.8922 0.4445
vn 0.4806 0.5855 0.6529
vn -0.1910 0.9636 0.1873
vn -0.3031 0.5382 0.7864
vn -0.3800 0.8675 0.3211
vn 0.3151 0.8618 -0.3976
vn 0.0680 0.9973 0.0260
vn 0.1210 0.9724 0.1994
vn 0.0540 0.9480 0.3137
vn -0.4681 0.8709 0.1498
vn 0.4934 0.8680 0.0565
vn -0.0977 0.7879 -0.6080
vn -0.4018 0.8914 -0.2096
vn -0.0426 0.9099 0.4126
vn -0.5010 0.5368 0.6789
vn -0.5762 0.6959 0.4287
vn 0.2202 0.4764 0.8512
vn 0.0469 0.9989 0.0087
vn 0.1742 0.9106 -0.3747
vn 0.4819 0.8631 -0.1513
vn 0.2520 0.9674 -0.0271
vn 0.5390 0.8207 0.1896
vn -0.8412 0.3886 0.3759
vn 0.4621 0.8805 0.1060
vn -0.0425 0.9868 0.1560
vn 0.0895 0.8587 -0.5047
vn 0.0149 0.7639 -0.6451
vn 0.3115 0.7797 -0.5432
vn 0.4083 0.8955 0.1769
vn 0.5912 0.8065 -0.0106
vn 0.4961 0.7446 -0.4467
vn -0.4841 0.7785 -0.3993
vn 0.6400 0.7681 -0.0175
vn -0.1269 0.9234 0.3622
vn 0.1664 0.9157 -0.3657
vn 0.0295 0.9078 0.4183
vn 0.1285 0.6465 0.7520
vn 0.3498 0.6066 0.7139
vn 0.3233 0.8205 0.4714
vn 0.4500 0.8717 -0.1938
vn 0.0027 0.9996 0.0271
vn -0.1852 0.9228 0.3377
vn -0.1130 0.8667 0.4859
vn 0.3343 0.9193 0.2076
vn -0.2559 0.9434 0.2112
vn 0.0567 0.9980 -0.0267
vn 0.1138 0.9934 -0.0138
vn -0.1193 0.9929 0.0015
vn -0.0818 0.9668 0.2423
vn -0.0487 0.8518 0.5216
vn 0.5059 0.8595 0.0730
vn -0.3088 0.8191 0.4834
vn -0.0520 0.9795 -0.1945
vn -0.0927 0.9715 0.2180
vn -0.1124 0.9139 0.3900
vn -0.4696 0.8813 0.0523
vn 0.0863 0.9730 0.2142
vn -0.2293 0.9458 0.2301
vn -0.0860 0.9936 0.0732
vn 0.0254 0.8350 -0.5497
vn 0.3195 0.8391 -0.4403
vn 0.0359 0.9119 -0.4089
vn -0.1104 0.9279 0.3561
vn -0.0011 1.0000 -0.0002
vn -0.1223 0.9456 -0.3016
vn 0.4076 0.7195 -0.5623
vn -0.3859 0.9037 0.1855
vn -0.5087 0.7959 0.3283
vn -0.5648 0.5223 0.6389
vn -0.3075 0.9214 0.2377
vn -0.6740 0.6127 0.4128
vn -0.1931 0.9326 0.3050
vn -0.0935 0.9715 -0.2178
vn -0.0260 0.9325 -0.3601
vn -0.1367 0.5661 -0.8129
vn -0.3951 0.8561 -0.3331
vn -0.4731 0.7517 0.4596
vn -0.0630 0.9743 0.2162
vn -0.0028 0.9727 0.2321
vn 0.1410 0.9896 -0.0297
vn 0.7417 0.6555 0.1418
vn 0.6708 0.7415 0.0134
vn -0.0018 0.9986 0.0536
vn -0.3948 0.8797 0.2651
vn -0.1279 0.9225 0.3642
vn 0.0324 0.9588 -0.2822
vn 0.2836 0.9018 -0.3261
vn -0.1019 0.7693 -0.6307
vn -0.1052 0.7473 -0.6561
vn 0.4072 0.9073 0.1050
vn 0.4902 0.8711 -0.0292
vn -0.2947 0.9365 0.1899
vn -0.1234 0.9922 0.0163
vn -0.4154 0.8261 -0.3807
vn 0.0311 0.9251 0.3785
vn -0.1897 0.9023 0.3870
vn 0.1499 0.9286 0.3393
vn 0.1003 0.9907 -0.0915
vn 0.0275 0.9945 -0.1013
vn -0.1880 0.6709 0.7174
vn 0.0564 0.9914 0.1178
vn -0.2417 0.8261 -0.5091
vn 0.1486 0.9888 -0.0101
vn 0.0302 0.6393 0.7684
vn 0.6067 0.6055 0.5151
vn -0.1430 0.9568 0.2530
vn -0.2371 0.9376 0.2544
vn -0.3445 0.8998 0.2677
vn -0.0365 0.8801 0.4734
vn -0.1093 0.9895 0.0943
vn -0.0269 0.9788 0.2029
vn -0.1130 0.9448 -0.3075
vn 0.0835 0.8415 0.5338
vn -0.2141 0.9183 0.3330
vn 0.0995 0.9768 -0.1895
vn 0.4636 0.8857 -0.0240
vn -0.1024 0.9902 0.0951
vn 0.0284 0.9926 0.1177
vn -0.3299 0.9434 0.0351
vn -0.3394 0.9151 -0.2178
vn -0.1876 0.9311 -0.3128
vn -0.2133 0.7569 -0.6177
vn -0.2645 0.9482 0.1758
vn -0.1829 0.9248 0.3336
vn 0.1458 0.9305 0.3360
vn -0.1014 0.9218 0.3742
vn 0.0747 0.7355 0.6734
vn 0.3980 0.9084 0.1283
vn 0.5913 0.7887 0.1682
vn 0.4290 0.9024 -0.0411
vn 0.0549 0.9816 -0.1829
vn 0.0156 0.9978 0.0651
vn 0.2425 0.8401 0.4852
vn 0.1202 0.7241 0.6791
vn -0.3140 0.9224 0.2251
vn -0.0953 0.9683 0.2309
vn -0.0205 0.9988 0.0441
vn -0.5897 0.6979 0.4064
vn -0.3209 0.9433 0.0852
vn 0.1257 0.9013 0.4145
vn 0.4861 0.7779 0.3983
vn 0.4530 0.6620 0.5971
vn 0.1932 0.7739 0.6032
vn -0.1915 0.7156 0.6718
vn 0.0881 0.9277 0.3627
vn -0.0165 0.9970 0.0763
vn 0.3979 0.9149 -0.0682
vn 0.0045 0.9926 0.1210
vn -0.1750 0.9670 -0.1851
vn -0.1565 0.9368 0.3129
vn -0.2294 0.9718 0.0554
vn 0.5042 0.8526 0.1372
vn 0.2136 0.9690 -0.1240
vn -0.0708 0.9909 0.1143
vn -0.2040 0.8393 0.5039
vn -0.1044 0.9912 0.0808
vn -0.0674 0.9838 0.1664
vn -0.0028 0.9998 0.0200
vn -0.0014 0.9950 -0.0997
vn -0.0201 0.9499 0.3118
vn 0.1658 0.9103 0.3793
vn -0.1010 0.9836 -0.1495
vn -0.1816 0.9678 0.1744
vn 0.0228 0.9982 -0.0561
vn -0.1956 0.9724 0.1275
vn 0.0999 0.7635 0.6380
vn -0.2311 0.8415 0.4883
vn 0.4249 0.9045 0.0361
vn 0.8651 0.5010 0.0237
vn 0.4644 0.8432 0.2708
vn -0.0450 0.9976 0.0529
vn 0.5341 0.7678 -0.3539
vn 0.4808 0.8575 -0.1828
vn 0.0634 0.9771 -0.2032
vn -0.0430 0.9678 0.2480
vn -0.0909 0.7682 -0.6337
vn 0.0178 0.8515 -0.5240
vn -0.0504 0.9210 -0.3863
vn -0.0781 0.9879 0.1336
vn 0.2306 0.8546 -0.4653
vn 0.1387 0.9448 -0.2968
vn -0.0749 0.9920 0.1016
vn 0.1672 0.9434 0.2863
vn -0.1025 0.9915 0.0801
vn -0.2568 0.9543 -0.1527
vn -0.3153 0.8946 0.3166
vn 0.3046 0.9525 -0.0060
vn 0.3842 0.9019 -0.1972
vn 0.1286 0.9616 0.2426
vn 0.0160 0.9617 0.2737
vn -0.2103 0.6049 -0.7680
vn 0.1623 0.8132 -0.5588
vn -0.2319 0.8295 -0.5080
vn -0.0824 0.9941 0.0706
vn -0.2010 0.9523 0.2297
vn -0.0150 0.9661 0.2576
vn -0.5634 0.5882 -0.5802
vn -0.3655 0.7248 -0.5839
vn -0.3833 0.7907 -0.4774
vn -0.2147 0.9757 -0.0447
vn 0.0088 0.9998 -0.0156
vn -0.0166 0.9987 -0.0472
vn 0.0370 0.9959 -0.0826
vn -0.3008 0.9440 -0.1356
vn 0.3631 0.9122 -0.1897
vn 0.3821 0.9001 -0.2092
vn 0.4527 0.8535 -0.2579
vn 0.6274 0.7753 0.0729
vn 0.5308 0.7808 -0.3296
vn -0.4308 0.8465 -0.3129
vn -0.1233 0.9595 -0.2534
vn -0.3270 0.9449 0.0153
vn -0.2374 0.9709 0.0306
vn 0.1135 0.9925 -0.0452
vn 0.1809 0.7563 -0.6286
vn 0.4793 0.8741 -0.0789
vn 0.1631 0.9288 -0.3328
vn -0.2804 0.7504 -0.5986
vn 0.1459 0.9731 -0.1782
vn -0.1386 0.7556 -0.6402
vn -0.2189 0.8905 -0.3989
vn 0.0671 0.9016 -0.4273
vn -0.1031 0.8002 -0.5907
vn -0.0576 0.9983 0.0033
vn 0.5660 0.8182 -0.1010
vn 0.3648 0.9309 0.0177
vn 0.3559 0.7719 -0.5268
vn 0.3577 0.9207 -0.1558
vn 0.7546 0.5843 -0.2986
vn -0.1967 0.8271 -0.5266
vn -0.0908 0.9719 -0.2171
vn -0.3259 0.7609 -0.5611
vn -0.3311 0.8536 -0.4021
vn 0.0407 0.9959 0.0806
vn -0.3749 0.8208 -0.4309
vn -0.0028 1.0000 -0.0037
vn 0.5374 0.8276 0.1623
vn -0.1585 0.9520 -0.2618
vn 0.0049 0.9956 0.0932
vn -0.3614 0.8822 -0.3019
vn 0.3505 0.9215 -0.1675
vn -0.1544 0.9116 -0.3810
vn 0.0633 0.9790 -0.1938
vn -0.0134 0.7685 -0.6397
vn -0.0428 0.9750 -0.2183
vn -0.0933 0.9939 -0.0584
vn -0.1574 0.7907 -0.5917
vn -0.1018 0.9947 -0.0116
vn -0.1311 0.9812 -0.1416
vn -0.0140 0.9715 -0.2367
vn -0.1029 0.9909 -0.0873
vn -0.6254 0.7376 -0.2545
vn -0.3544 0.9053 -0.2340
vn 0.5346 0.7980 0.2782
vn 0.3630 0.9167 0.1668
vn 0.4682 0.7173 0.5161
vn 0.2300 0.9387 -0.2566
vn 0.0723 0.9784 -0.1937
vn -0.0339 0.9842 -0.1737
vn 0.1307 0.9746 -0.1817
vn 0.1656 0.9763 -0.1393
vn 0.0411 0.9925 -0.1153
vn -0.2724 0.1254 -0.9540
vn 0.0986 0.9879 -0.1195
vn -0.0216 0.9844 -0.1745
vn 0.0030 0.9779 -0.2093
vn -0.0801 0.9797 -0.1836
vn -0.2106 0.9082 -0.3617
vn -0.1202 0.9874 -0.1030
vn -0.1036 0.9413 -0.3212
vn 0.2766 0.8135 -0.5116
vn 0.2098 0.9200 -0.3309
vn 0.0730 0.9221 -0.3801
vn 0.1000 0.9879 -0.1182
vn 0.4216 0.8981 0.1251
vn -0.0992 0.9405 -0.3250
vn 0.2480 0.9613 0.1196
vn -0.0642 0.9939 -0.0900
vn -0.0035 0.9516 -0.3073
vn -0.1566 0.9779 -0.1387
vn 0.1830 0.7530 -0.6320
vn -0.4413 0.7229 -0.5316
vn 0.1081 0.9206 -0.3752
vn 0.1379 0.9805 -0.1399
vn 0.1150 0.9926 0.0396
vn -0.3076 0.8707 -0.3839
vn -0.3535 0.8808 -0.3151
vn 0.5700 0.7873 0.2352
vn 0.5723 0.6603 0.4863
vn -0.5711 0.8138 -0.1077
vn -0.7462 0.5532 -0.3703
vn -0.0426 0.8210 -0.5694
vn -0.2141 0.9353 -0.2816
vn -0.0166 0.8985 -0.4387
vn -0.0399 0.9314 -0.3617
vn 0.1078 0.9371 -0.3320
vn 0.4085 0.9117 0.0432
vn 0.0266 0.8334 -0.5520
vn 0.1020 0.9248 -0.3665
vn 0.0307 0.8333 -0.5520
vn 0.1335 0.9730 -0.1882
vn -0.2609 0.8691 -0.4203
vn 0.1655 0.9766 -0.1373
vn -0.1478 0.9888 0.0226
vn 0.1339 0.9326 -0.3352
vn 0.0240 0.9668 -0.2545
vn 0.4374 0.8138 -0.3827
vn -0.4634 0.8861 0.0071
vn -0.6255 0.7777 0.0623
vn -0.4509 0.8834 -0.1276
vn -0.5600 0.8278 0.0342
vn 0.0236 0.9970 -0.0739
vn -0.2228 0.9665 0.1276
vn -0.1201 0.9047 -0.4088
vn -0.0878 0.8942 -0.4390
vn 0.3048 0.8896 -0.3401
vn 0.1893 0.9575 -0.2177
vn -0.1842 0.9819 -0.0434
vn 0.3034 0.8349 -0.4593
vn 0.0242 0.9676 -0.2515
vn 0.1041 0.9724 -0.2090
vn -0.0820 0.9866 -0.1411
vn -0.0063 0.9443 -0.3291
vn -0.0656 0.9674 -0.2446
vn -0.0889 0.9053 -0.4153
vn -0.0644 0.8855 -0.4601
vn -0.3628 0.8617 0.3547
vn 0.2239 0.9261 -0.3037
vn 0.2606 0.8972 -0.3567
vn -0.3933 0.9177 0.0562
vn -0.5592 0.8212 0.1135
vn 0.1364 0.9429 -0.3038
vn 0.1455 0.9673 -0.2078
vn 0.3467 0.9341 -0.0850
vn 0.0971 0.9654 0.2419
vn 0.2115 0.7398 0.6387
vn -0.6728 0.7325 0.1038
vn 0.0988 0.9525 0.2880
vn 0.0554 0.7251 -0.6864
vn 0.4525 0.8917 -0.0033
vn 0.7802 0.6249 -0.0278
vn -0.1413 0.8643 -0.4826
vn -0.0184 0.8434 -0.5370
vn -0.3220 0.7731 -0.5465
vn 0.0933 0.7182 0.6896
vn -0.1864 0.8836 0.4296
vn 0.1766 0.9837 -0.0344
vn 0.4021 0.9151 -0.0287
vn -0.2939 0.9472 -0.1284
vn -0.4099 0.9074 0.0929
vn -0.4512 0.8922 0.0203
vn -0.1632 0.7480 -0.6433
vn 0.3537 0.8367 -0.4182
vn 0.3605 0.8515 -0.3807
vn 0.1810 0.9791 -0.0926
vn 0.5812 0.6888 -0.4333
vn 0.4413 0.8023 -0.4020
vn 0.0111 0.9591 -0.2830
vn 0.2598 0.9063 0.3333
vn -0.1275 0.8870 -0.4437
vn -0.2725 0.6670 -0.6934
vn -0.0350 0.9702 -0.2397
vn -0.5099 0.8594 -0.0362
vn -0.2768 0.8627 0.4232
vn 0.0922 0.8589 0.5037
vn 0.2703 0.8065 0.5258
vn -0.6936 0.6506 0.3094
vn -0.1622 0.9386 0.3044
vn 0.1222 0.9273 -0.3539
vn -0.1045 0.7281 -0.6774
vn 0.8035 0.5902 0.0774
vn -0.3442 0.8959 -0.2808
vn -0.0838 0.8354 0.5433
vn 0.6278 0.7755 -0.0670
vn -0.1188 0.8229 0.5557
vn 0.3853 0.8626 0.3279
vn -0.5925 0.7290 -0.3428
vn 0.0212 0.8960 -0.4435
vn -0.0418 -0.0970 -0.9944
vn 0.1841 0.9463 -0.2658
vn -0.5942 0.8043 0.0101
vn -0.1704 0.9669 -0.1898
vn -0.0047 0.9638 -0.2665
vn 0.1424 0.8146 0.5623
vn -0.6588 0.7497 0.0633
vn 0.0208 0.9672 0.2532
vn 0.0433 0.9973 -0.0593
vn 0.0243 0.9981 -0.0561
vn -0.2021 0.9650 -0.1671
vn 0.0662 0.8750 0.4796
vn -0.1961 0.3311 0.9230
vn -0.0834 0.9195 0.3842
vn 0.5542 0.8311 -0.0461
vn 0.2165 0.9437 -0.2502
vn 0.2427 0.9336 -0.2636
vn -0.1366 0.9767 -0.1656
vn 0.6499 0.7560 -0.0781
vn 0.1370 0.9307 0.3392
vn -0.0070 0.9996 0.0277
vn -0.3926 0.8647 0.3133
vn -0.4296 0.8854 -0.1773
vn -0.0970 0.9208 -0.3778
vn 0.3547 0.8857 -0.2994
vn -0.0784 0.9874 -0.1372
vn -0.0690 0.8816 -0.4669
vn 0.0875 0.9947 0.0536
vn 0.1778 0.9506 0.2543
vn 0.5122 0.8587 -0.0155
vn 0.1157 0.7276 0.6762
vn -0.0075 0.9369 0.3496
vn -0.6101 0.7698 -0.1874
vn -0.2618 0.8313 0.4903
vn 0.2109 0.9749 0.0710
vn -0.1097 0.9795 0.1687
vn -0.4190 0.8104 0.4095
vn -0.6210 0.5766 0.5309
vn -0.5103 0.7956 0.3266
vn 0.4905 0.8235 -0.2849
vn -0.1705 0.9639 0.2046
vn 0.1553 0.8758 -0.4570
vn 0.0621 0.9951 -0.0774
vn -0.2329 0.9650 -0.1205
vn -0.2300 0.9703 -0.0752
vn 0.3056 0.7810 -0.5447
vn 0.1959 0.9308 -0.3085
vn 0.0523 0.9708 -0.2341
vn -0.0749 0.9790 0.1898
vn -0.6142 0.7775 0.1354
vn -0.0636 0.8717 -0.4860
vn -0.0003 0.9831 -0.1830
vn -0.0137 0.9994 0.0316
vn -0.0289 0.9912 -0.1294
vn 0.4193 0.8525 0.3121
vn 0.4399 0.7338 0.5177
vn -0.6078 0.7926 0.0489
vn 0.2158 0.9763 0.0174
vn -0.1819 0.8593 0.4781
vn -0.1805 0.9835 0.0153
vn -0.2159 0.9616 0.1693
vn 0.1212 0.8529 0.5078
vn 0.0361 0.7935 -0.6075
vn 0.0916 0.8835 -0.4594
vn -0.3857 0.9017 -0.1954
vn -0.6295 0.7203 -0.2914
vn -0.0611 0.8909 0.4502
vn -0.1141 0.9733 0.1990
vn -0.2276 0.9365 0.2668
vn 0.0118 0.6461 -0.7632
vn -0.1467 0.8246 -0.5464
vn -0.2219 0.8320 -0.5084
vn 0.4998 0.8630 0.0734
vn 0.6441 0.7617 0.0705
vn 0.7006 0.7062 -0.1024
vn 0.4025 0.7549 -0.5178
vn -0.0424 0.9893 -0.1394
vn -0.0822 0.9950 0.0563
vn -0.0774 0.9883 -0.1313
vn -0.2528 0.9598 0.1223
vn 0.2677 0.8211 0.5041
vn -0.0096 0.9886 -0.1503
vn -0.0603 0.9359 -0.3470
vn -0.1234 0.7256 0.6770
vn -0.0029 0.8625 0.5061
vn 0.1281 0.8680 0.4797
vn -0.0420 0.6742 0.7374
vn 0.6668 0.7151 0.2098
vn -0.2305 0.6984 0.6776
vn -0.0460 0.9776 0.2052
vn -0.2002 0.8185 0.5385
vn 0.1863 0.9295 0.3183
vn 0.4680 0.8834 -0.0239
vn 0.5846 0.0093 -0.8112
vn -0.3333 0.9392 0.0827
vn -0.4451 0.8938 -0.0547
vn -0.4049 0.7813 -0.4750
vn 0.0343 0.9582 -0.2840
vn 0.1718 0.7856 -0.5944
vn 0.1334 0.9331 -0.3338
vn 0.0774 0.9970 -0.0063
vn 0.0508 0.9811 -0.1869
vn -0.1816 0.9057 -0.3830
vn 0.0135 0.9995 0.0275
vn -0.1417 0.9483 0.2838
vn 0.0792 0.7306 0.6782
vn -0.2008 0.9682 -0.1495
vn 0.1722 0.9703 0.1701
vn 0.4540 0.8675 0.2033
vn 0.0839 0.9625 0.2581
vn 0.1813 0.9461 0.2684
vn 0.3710 0.9236 0.0964
vn 0.2609 0.9652 0.0180
vn -0.1233 0.8624 0.4910
vn 0.1813 0.9193 -0.3493
vn -0.1189 0.9805 -0.1565
vn 0.0075 0.9936 -0.1129
vn -0.1064 0.9884 0.1087
vn -0.2235 0.9450 -0.2388
vn 0.0301 0.9215 -0.3871
vn -0.4585 0.7436 0.4867
vn -0.1516 0.9875 0.0434
vn -0.2798 0.9554 0.0940
vn 0.5555 0.7879 0.2658
vn 0.4940 0.8672 0.0629
vn 0.2237 0.9626 -0.1529
vn 0.5430 0.8234 0.1648
vn 0.0305 0.9226 0.3845
vn -0.4156 0.8676 -0.2732
vn -0.4201 0.8229 -0.3827
vn 0.0384 0.9922 0.1183
vn 0.3322 0.9079 -0.2555
vn -0.0496 0.9921 -0.1149
vn 0.3038 0.7166 -0.6279
vn -0.6761 0.7146 0.1793
vn 0.2475 0.9283 -0.2774
vn -0.0827 0.9320 -0.3530
vn 0.3704 0.9112 0.1802
vn 0.3720 0.9162 -0.1493
vn -0.0049 0.9974 -0.0724
vn 0.4271 0.8974 0.1105
vn 0.5922 0.7953 0.1299
vn 0.0146 0.9693 -0.2455
vn -0.0094 0.9997 0.0240
vn -0.2653 0.7879 -0.5557
vn -0.4783 0.8277 -0.2934
vn 0.0101 0.6932 -0.7207
vn -0.3816 0.6154 -0.6896
vn 0.2217 0.6834 -0.6955
vn 0.4965 0.7898 -0.3601
vn 0.4985 0.7702 -0.3978
vn 0.2270 0.9172 -0.3274
vn 0.1371 0.9113 -0.3882
vn 0.1721 0.6476 -0.7423
vn -0.1882 0.9336 -0.3048
vn 0.1241 0.9194 -0.3732
vn -0.0561 0.9773 -0.2043
vn 0.1170 0.8981 -0.4238
vn 0.1555 0.9755 -0.1554
vn 0.2780 0.8795 -0.3862
vn 0.0869 0.9392 -0.3321
vn 0.0460 0.9928 -0.1103
vn -0.0421 0.9934 0.1067
vn -0.1103 0.9747 0.1944
vn -0.2942 0.9483 -0.1193
vn 0.2624 0.8158 -0.5153
vn -0.3241 0.9304 -0.1711
vn -0.0594 0.9612 -0.2694
vn -0.3826 0.6652 -0.6411
vn 0.7274 0.6433 0.2389
vn -0.0428 0.9789 -0.2000
vn 0.2762 0.5983 -0.7522
vn -0.2461 0.8499 -0.4660
vn 0.0250 0.7589 -0.6507
vn -0.0890 0.9833 -0.1586
vn 0.3279 0.9400 -0.0941
vn -0.2048 0.9783 -0.0326
vn -0.4064 0.9109 -0.0722
vn -0.4872 0.7292 -0.4805
vn -0.3803 0.8856 -0.2666
vn 0.4686 0.8596 -0.2038
vn 0.6381 0.7335 -0.2343
vn 0.5809 0.6709 -0.4609
vn 0.3870 0.8902 -0.2403
vn -0.1558 0.7996 -0.5800
vn -0.2727 0.9038 -0.3299
vn 0.4633 0.8829 -0.0768
vn 0.6161 0.7829 0.0869
vn -0.5005 0.7028 -0.5055
vn 0.4951 0.8527 -0.1668
vn 0.4923 0.8626 -0.1166
vn -0.3210 0.7464 -0.5830
vn -0.5019 0.6107 -0.6125
vn 0.4099 0.8947 0.1774
vn -0.1029 0.8339 -0.5423
vn -0.1023 0.9559 -0.2754
vn 0.5465 0.7348 -0.4018
vn -0.0485 0.9769 -0.2082
vn 0.3855 0.8389 -0.3844
vn -0.2636 0.9473 -0.1822
vn 0.1187 0.9781 -0.1710
vn 0.0905 0.8938 -0.4392
vn 0.6427 0.3830 -0.6635
vn 0.5975 0.7549 -0.2704
vn 0.3303 0.8144 -0.4772
vn 0.2018 0.9755 -0.0875
vn 0.1465 0.9886 -0.0361
vn -0.2654 0.9112 -0.3151
vn 0.1451 0.9881 -0.0518
vn 0.0755 0.9897 -0.1215
vn -0.1837 0.8869 -0.4238
vn 0.0345 0.9956 0.0867
vn 0.3193 0.9243 -0.2092
vn 0.0260 0.9908 0.1328
vn 0.2838 0.7508 -0.5964
vn 0.1114 0.8941 -0.4337
vn -0.2033 0.9321 -0.2997
vn 0.1712 0.5581 -0.8119
vn -0.1835 0.8816 -0.4348
vn 0.4612 0.8563 -0.2324
vn 0.0633 0.9471 0.3148
vn -0.3037 0.8938 -0.3301
vn -0.3431 0.5501 -0.7613
vn 0.0082 0.9972 0.0749
vn -0.0387 0.9925 -0.1156
vn -0.1590 0.9865 0.0395
vn 0.0311 0.9867 0.1596
vn 0.4918 0.8674 0.0758
vn 0.4932 0.8698 0.0177
vn -0.0022 0.9288 -0.3705
vn 0.0132 0.9950 0.0987
vn 0.0288 0.9888 -0.1463
vn -0.3588 0.8861 -0.2935
vn -0.1001 0.8565 -0.5064
vn -0.4131 0.7021 -0.5800
vn 0.1724 0.9778 -0.1190
vn 0.4802 0.8560 0.1916
vn 0.5228 0.8341 0.1759
vn -0.0995 0.8704 -0.4823
vn 0.5081 0.8377 -0.2004
vn 0.1608 0.9870 0.0051
vn 0.4303 0.8675 -0.2494
vn 0.3085 0.9273 -0.2119
vn 0.5152 0.8515 0.0979
vn -0.3364 0.6553 -0.6763
vn -0.2941 0.8766 -0.3808
vn -0.4996 0.7699 -0.3971
vn 0.1165 0.9629 -0.2433
vn 0.0124 0.9999 0.0110
vn 0.4218 0.8751 0.2374
vn -0.0085 0.9993 0.0367
vn 0.0135 0.9982 0.0583
vn 0.2587 0.9364 -0.2370
vn -0.3913 0.8480 -0.3574
vn 0.4802 0.8617 0.1636
vn -0.1501 0.9026 -0.4035
vn 0.3250 0.9352 -0.1403
vn 0.2770 0.9406 -0.1962
vn -0.3518 0.8778 -0.3250
vn 0.2896 0.9570 0.0131
vn -0.2338 0.8486 -0.4745
vn -0.4543 0.7828 -0.4254
vn 0.5423 0.8103 -0.2222
vn 0.6973 0.6928 -0.1837
vn 0.4590 0.8882 0.0205
vn -0.0987 0.8969 -0.4311
vn 0.1522 0.8061 -0.5718
vn 0.2892 0.9571 -0.0169
vn -0.0237 0.9231 -0.3838
vn 0.0001 1.0000 0.0026
vn -0.0511 0.9986 0.0167
vn -0.1698 0.9602 -0.2217
vn 0.5411 0.6199 -0.5683
vn 0.5159 0.8549 0.0549
vn -0.0424 0.8119 -0.5823
vn 0.2909 0.8686 -0.4011
vn -0.1014 0.9944 0.0307
vn -0.2043 0.7902 -0.5778
vn -0.3993 0.8259 -0.3981
vn 0.3744 0.8477 -0.3757
vn 0.2242 0.8136 -0.5364
vn 0.0200 0.9221 -0.3863
vn 0.0545 0.9644 -0.2587
vn 0.4671 0.8793 0.0933
vn -0.3449 0.7852 -0.5143
vn -0.0104 0.9998 0.0189
vn -0.3513 0.9242 -0.1500
vn 0.5300 0.8216 0.2101
vn -0.0578 0.8596 -0.5076
vn 0.1476 0.9890 0.0087
vn 0.0405 0.9950 0.0908
vn 0.3414 0.9072 -0.2459
vn -0.1429 0.9765 -0.1615
vn 0.1168 0.9756 -0.1859
vn 0.3449 0.8935 -0.2875
vn -0.0978 0.5746 0.8126
vn -0.0012 1.0000 0.0066
vn -0.0011 1.0000 -0.0013
vn -0.0229 0.9441 0.3288
vn -0.0314 0.9576 0.2864
vn -0.0568 0.8627 0.5025
vn -0.3174 0.8528 0.4147
vn -0.4721 0.7538 0.4571
vn 0.1643 0.9823 -0.0901
vn -0.3256 0.9367 -0.1284
vn -0.5648 0.7225 0.3988
vn 0.0776 0.8714 0.4844
vn -0.5006 0.8641 -0.0519
vn -0.6662 0.7455 0.0211
vn 0.5742 0.8014 0.1673
vn 0.2463 0.8803 0.4056
vn -0.2556 0.8601 0.4416
vn 0.5021 0.8391 0.2091
vn 0.0925 0.9400 0.3285
vn -0.4695 0.8737 0.1274
vn -0.5672 0.6029 0.5610
vn -0.0676 0.9801 0.1865
vn 0.8436 0.5252 0.1117
vn -0.1376 0.7729 -0.6194
vn 0.6189 0.4896 0.6142
vn 0.1836 0.8179 0.5453
vn -0.5859 0.6865 -0.4305
vn -0.2246 0.8828 0.4126
vn 0.1445 0.9569 -0.2520
vn -0.1840 0.9828 -0.0180
vn 0.1631 0.9747 -0.1531
vn -0.3884 0.6316 -0.6710
vn 0.5131 0.8415 -0.1693
vn 0.7131 0.5596 -0.4223
vn 0.0998 0.5863 -0.8039
vn -0.2091 0.7283 -0.6526
vn -0.2897 0.9150 -0.2807
vn -0.3697 0.6147 -0.6967
vn 0.4712 0.5676 -0.6751
vn -0.3158 0.5941 0.7398
vn -0.2751 0.9194 0.2809
vn -0.7710 0.6114 0.1780
vn 0.6307 0.5643 -0.5327
vn -0.3436 0.6239 -0.7019
vn 0.0178 0.7643 0.6446
vn 0.4607 0.8514 -0.2509
vn -0.7911 0.5111 0.3361
vn 0.5533 0.8324 0.0316
vn 0.4012 0.8031 -0.4404
vn -0.4421 0.8806 0.1705
vn 0.6844 0.6824 -0.2565
vn 0.0147 0.6897 -0.7239
vn 0.6085 0.7912 -0.0614
vn 0.5833 0.7559 -0.2972
vn 0.3480 0.8860 -0.3064
vn -0.1546 0.9877 0.0224
vn -0.3531 0.8658 -0.3546
vn -0.5823 0.8122 -0.0354
vn -0.1668 0.9502 0.2634
vn 0.2075 0.8985 -0.3868
vn 0.2183 0.8512 -0.4773
vn -0.2981 0.7789 -0.5518
vn -0.8068 0.5903 0.0260
vn -0.4901 0.8642 0.1135
vn -0.5543 0.8318 0.0290
vn -0.8517 0.4980 0.1631
vn -0.7593 0.6224 -0.1899
vn 0.7431 0.5751 -0.3423
vn 0.0610 0.9972 0.0443
vn -0.8312 0.5485 -0.0910
vn 0.6215 0.7284 0.2884
vn 0.2975 0.9124 0.2812
vn -0.3788 0.9162 0.1310
vn 0.4626 0.6108 0.6425
vn 0.5850 0.7401 -0.3317
vn 0.6866 0.7109 -0.1525
vn -0.3933 0.7065 0.5883
vn 0.0758 0.7066 0.7035
vn 0.4874 0.8311 0.2677
vn -0.3209 0.5050 0.8012
vn -0.1990 0.6492 0.7342
vn 0.4999 0.6541 0.5677
vn -0.3502 0.7990 0.4887
vn -0.2772 0.8380 0.4700
vn -0.6053 0.7379 0.2985
vn 0.1881 0.9343 -0.3029
vn 0.3366 0.8397 -0.4262
vn -0.3175 0.9433 -0.0971
vn 0.0895 0.9959 -0.0093
vn 0.4326 0.6830 -0.5885
vn 0.6106 0.7860 -0.0969
vn -0.3104 0.8897 0.3348
vn -0.0372 0.9690 0.2444
vn 0.3045 0.5203 0.7978
vn -0.5426 0.8134 -0.2097
vn 0.0080 0.8413 0.5405
vn -0.2018 0.9614 0.1869
vn 0.1845 0.9600 -0.2105
vn 0.2522 0.9609 0.1147
vn 0.4230 0.1126 0.8991
vn 0.6100 0.7922 0.0164
vn -0.1329 0.4008 0.9065
vn 0.1128 0.7906 -0.6019
vn 0.2537 0.7182 0.6480
vn 0.2501 0.6116 0.7506
vn -0.1675 0.8189 -0.5489
vn 0.1248 0.9702 -0.2077
vn -0.1055 0.7111 -0.6951
vn -0.6720 0.6612 -0.3335
vn 0.4944 0.8419 0.2160
vn -0.2064 0.7757 0.5964
vn -0.4346 0.6773 -0.5937
vn 0.5285 0.8298 -0.1794
vn -0.1751 0.8895 0.4222
vn 0.4443 0.8625 0.2422
vn -0.5871 0.6994 0.4076
vn -0.4382 0.8700 0.2260
vn -0.3657 0.6369 0.6786
vn -0.1131 0.9401 0.3216
vn 0.2952 0.8350 -0.4644
vn -0.4610 0.8750 -0.1476
vn 0.5901 0.7835 -0.1945
vn -0.2823 0.6801 -0.6766
vn -0.4952 0.6730 -0.5494
vn 0.5777 0.7807 0.2383
vn -0.0605 0.8376 -0.5429
vn 0.0055 0.7649 -0.6442
vn -0.1312 0.8631 -0.4876
vn -0.2421 0.8976 -0.3683
vn -0.0060 0.9311 0.3648
vn 0.2961 0.8884 -0.3508
vn -0.1368 0.8380 0.5283
vn -0.1416 0.9081 0.3940
vn -0.0095 0.9889 0.1485
vn -0.8039 0.4108 0.4300
vn -0.1342 0.6854 0.7157
vn -0.4624 0.7992 0.3840
vn 0.5187 0.8534 0.0516
vn -0.0848 0.7243 0.6843
vn -0.0994 0.7502 0.6537
vn 0.3231 0.9454 0.0430
vn -0.3260 0.9078 -0.2637
vn 0.4685 0.8799 -0.0797
vn 0.0064 0.9965 0.0836
vn -0.1877 0.8987 0.3964
vn -0.5374 0.8356 0.1137
vn 0.2836 0.9589 0.0011
vn -0.0212 0.8098 0.5863
vn -0.5300 0.7674 0.3608
vn -0.4332 0.6996 -0.5683
vn -0.1818 0.8508 -0.4930
vn 0.1459 0.7447 0.6512
vn -0.0794 0.9198 -0.3842
vn 0.3892 0.8407 0.3765
vn -0.8220 0.5127 -0.2479
vn -0.1329 0.9473 0.2914
vn -0.6108 0.7087 -0.3530
vn 0.1522 0.9496 0.2742
vn -0.1300 0.7529 -0.6452
vn -0.1466 0.8816 -0.4486
vn 0.5662 0.8169 -0.1097
vn -0.2452 0.9109 -0.3318
vn 0.0008 0.9893 -0.1459
vn -0.3322 0.7618 -0.5562
vn 0.0518 0.7440 -0.6661
vn -0.0072 0.7263 -0.6873
vn 0.0245 0.9691 -0.2452
vn -0.9929 0.0366 0.1130
vn 0.6245 0.7805 -0.0266
vt 0.001986 0.013903
vt 0.026323 0.184716
vt 0.000000 -0.000000
vt 0.001986 0.015889
vt 0.038741 0.314503
vt 0.000000 1.000000
vt 0.032040 0.262962
vt 0.041691 0.241980
vt 0.038875 0.229487
vt 0.050746 0.283328
vt 0.048885 0.291278
vt 0.042325 0.269838
vt 0.042584 0.237150
vt 0.046729 0.219300
vt 0.046160 0.250269
vt 0.044415 0.256319
vt 0.043766 0.230031
vt 0.046862 0.238047
vt 0.056626 0.216821
vt 0.053176 0.248058
vt 0.054141 0.261875
vt 0.049316 0.265222
vt 0.055924 0.219561
vt 0.047713 0.244474
vt 0.056767 0.254078
vt 0.066389 0.330746
vt 0.075188 0.344457
vt 0.055593 0.323077
vt 0.063760 0.282892
vt 0.054597 0.282438
vt 0.053828 0.277616
vt 0.057114 0.272932
vt 0.061197 0.263226
vt 0.100873 0.223439
vt 0.061136 0.309028
vt 0.078363 0.323484
vt 0.074237 0.331338
vt 0.056326 0.294561
vt 0.085334 0.226959
vt 0.085689 0.231995
vt 0.082534 0.321483
vt 0.091807 0.331812
vt 0.108778 0.282310
vt 0.101116 0.339922
vt 0.105549 0.257776
vt 0.097186 0.330137
vt 0.091326 0.230179
vt 0.098223 0.242824
vt 0.100818 0.303153
vt 0.100268 0.318348
vt 0.099533 0.237024
vt 0.093758 0.372097
vt 0.102082 0.393007
vt 0.098459 0.395209
vt 0.103216 0.427585
vt 0.105888 0.439146
vt 0.098308 0.415001
vt 0.104483 0.310233
vt 0.080903 0.347101
vt 0.106574 0.361994
vt 0.087270 0.354043
vt 0.107051 0.452299
vt 0.110786 0.255548
vt 0.104543 0.249507
vt 0.110376 0.310086
vt 0.110324 0.318135
vt 0.110913 0.402070
vt 0.117548 0.330328
vt 0.103148 0.419172
vt 0.113589 0.430547
vt 0.121086 0.332373
vt 0.118980 0.346908
vt 0.116600 0.350675
vt 0.120896 0.448625
vt 0.121663 0.450783
vt 0.119832 0.419851
vt 0.101357 0.293233
vt 0.121674 0.294821
vt 0.120315 0.359007
vt 0.119629 0.365534
vt 0.111908 0.268645
vt 0.121979 0.276797
vt 0.121529 0.317417
vt 0.110708 0.322350
vt 0.119692 0.264371
vt 0.113679 0.263157
vt 0.122525 0.282315
vt 0.121381 0.292671
vt 0.126101 0.330643
vt 0.131389 0.374121
vt 0.141372 0.419914
vt 0.169112 0.154277
vt 0.153909 0.244113
vt 0.126429 0.267144
vt 0.131214 0.286318
vt 0.128863 0.353670
vt 0.137365 0.386628
vt 0.127914 0.391000
vt 0.131834 0.345044
vt 0.134948 0.393864
vt 0.139028 0.366553
vt 0.140279 0.443225
vt 0.128423 0.271463
vt 0.147696 0.382452
vt 0.150903 0.370647
vt 0.179736 0.232878
vt 0.152496 0.459320
vt 0.141414 0.296540
vt 0.197226 0.279768
vt 0.167192 0.383096
vt 0.138269 0.433434
vt 0.212059 0.098651
vt 0.190370 0.002391
vt 0.183206 0.240237
vt 0.190032 0.220512
vt 0.195561 0.187817
vt 0.184458 0.247872
vt 0.180731 0.252428
vt 0.534106 0.528158
vt 0.182695 0.232695
vt 0.190132 0.237407
vt 0.197651 0.163301
vt 0.193068 0.176217
vt 0.197992 0.247693
vt 0.201230 0.225979
vt 0.196653 0.220732
vt 0.210701 0.118870
vt 0.202454 0.138772
vt 0.190691 0.241554
vt 0.197853 0.238877
vt 0.207755 0.169446
vt 0.217708 0.095024
vt 0.218163 0.070522
vt 0.201410 0.161718
vt 0.205675 0.000030
vt 0.207892 0.005697
vt 0.213928 0.167026
vt 0.201725 0.204767
vt 0.209456 0.215176
vt 0.200699 0.215688
vt 0.218006 0.176493
vt 0.201340 0.183823
vt 0.216002 0.195697
vt 0.219824 0.036092
vt 0.214427 0.184977
vt 0.212293 0.189406
vt 0.212446 0.000036
vt 0.221715 0.046991
vt 0.219119 0.151501
vt 0.207745 0.143517
vt 0.222211 0.131592
vt 0.209039 0.138036
vt 0.215836 0.019376
vt 0.214617 0.144469
vt 0.231790 0.116789
vt 0.225467 0.200591
vt 0.216427 0.203553
vt 0.223213 0.040659
vt 0.219256 0.218554
vt 0.217041 0.210252
vt 0.222330 0.243233
vt 0.204947 0.242530
vt 0.226719 0.027328
vt 0.224125 0.032800
vt 0.220971 0.107219
vt 0.220301 0.014705
vt 0.228427 0.019923
vt 0.240713 0.083736
vt 0.232738 0.050932
vt 0.230123 0.214026
vt 0.238551 0.078594
vt 0.221881 0.099454
vt 0.225523 0.104600
vt 0.226204 0.091290
vt 0.231930 0.036107
vt 0.229219 0.045485
vt 0.231751 0.130929
vt 0.230220 0.133591
vt 0.230899 0.243412
vt 0.223823 0.247862
vt 0.228405 0.106669
vt 0.236479 0.110622
vt 0.234416 0.123658
vt 0.233010 0.182899
vt 0.231923 0.188235
vt 0.223866 0.189101
vt 0.228226 0.194295
vt 0.242795 0.000106
vt 0.215050 0.005937
vt 0.240935 0.022968
vt 0.232586 0.024549
vt 0.224877 0.176600
vt 0.233224 0.177454
vt 0.239422 0.068068
vt 0.246336 0.061137
vt 0.239815 0.260778
vt 0.237643 0.042625
vt 0.229948 0.040293
vt 0.238607 0.092253
vt 0.240571 0.127028
vt 0.224530 0.169011
vt 0.239574 0.155483
vt 0.236053 0.171772
vt 0.239595 0.122441
vt 0.238632 0.139421
vt 0.226192 0.136368
vt 0.239014 0.184587
vt 0.243618 0.186268
vt 0.243600 0.139259
vt 0.237450 0.132194
vt 0.242943 0.176574
vt 0.236076 0.180324
vt 0.245167 0.136509
vt 0.243547 0.031435
vt 0.250076 0.034757
vt 0.241656 0.069617
vt 0.246146 0.074415
vt 0.239964 0.074962
vt 0.238829 0.193609
vt 0.249387 0.191752
vt 0.241328 0.203148
vt 0.247678 0.086743
vt 0.247639 0.081184
vt 0.239859 0.104087
vt 0.248504 0.114036
vt 0.246119 0.066699
vt 0.245095 0.091557
vt 0.240505 0.098788
vt 0.249703 0.129648
vt 0.249543 0.239558
vt 0.238264 0.244743
vt 0.246324 0.235862
vt 0.255445 0.196927
vt 0.258607 0.214761
vt 0.237868 0.207924
vt 0.252346 0.081568
vt 0.246991 0.120532
vt 0.252821 0.127154
vt 0.252978 0.173201
vt 0.240465 0.052011
vt 0.244457 0.048681
vt 0.249976 0.056738
vt 0.250435 0.097966
vt 0.254186 0.108077
vt 0.254930 0.139840
vt 0.242098 0.147144
vt 0.255013 0.060114
vt 0.252897 0.089299
vt 0.254822 0.095063
vt 0.254467 0.065604
vt 0.261828 0.238267
vt 0.239277 0.248884
vt 0.256760 0.069478
vt 0.258676 0.114021
vt 0.269273 0.205661
vt 0.262793 0.210895
vt 0.286545 0.000336
vt 0.272024 0.186227
vt 0.260373 0.061242
vt 0.262310 0.065041
vt 0.256086 0.087954
vt 0.260903 0.095173
vt 0.284732 0.026623
vt 0.267035 0.048115
vt 0.262926 0.124373
vt 0.255380 0.132722
vt 0.255064 0.123412
vt 0.267961 0.161308
vt 0.246037 0.156513
vt 0.273058 0.054887
vt 0.273064 0.227747
vt 0.260409 0.230679
vt 0.278789 0.210571
vt 0.271446 0.213027
vt 0.269758 0.220633
vt 0.265480 0.215683
vt 0.292681 0.068764
vt 0.256904 0.078241
vt 0.271346 0.058334
vt 0.286668 0.216769
vt 0.282023 0.054227
vt 0.283197 0.156976
vt 0.283163 0.199292
vt 0.273311 0.203733
vt 0.297924 0.201724
vt 0.324704 0.235414
vt 0.290291 0.063456
vt 0.290563 0.047758
vt 0.296000 0.050511
vt 0.291935 0.056488
vt 0.302827 0.205979
vt 0.290063 0.211027
vt 0.309568 0.086093
vt 0.300806 0.149860
vt 0.305181 0.029550
vt 0.295323 0.039194
vt 0.301676 0.018601
vt 0.304558 0.049380
vt 0.296749 0.065309
vt 0.304827 0.067795
vt 0.308921 0.192498
vt 0.309556 0.179138
vt 0.305282 0.057204
vt 0.311606 0.052685
vt 0.306890 0.200058
vt 0.310326 0.211977
vt 0.321040 0.224286
vt 0.315033 0.009020
vt 0.317674 0.024517
vt 0.312897 0.202991
vt 0.312989 0.058578
vt 0.315402 0.062867
vt 0.306940 0.062914
vt 0.315447 0.041351
vt 0.309878 0.044746
vt 0.310707 0.037290
vt 0.319173 0.029616
vt 0.317726 0.046154
vt 0.315081 0.047619
vt 0.326356 0.187041
vt 0.316984 0.205028
vt 0.320285 0.019784
vt 0.316771 0.035107
vt 0.316233 0.054998
vt 0.321326 0.033987
vt 0.317801 0.076696
vt 0.325034 0.080381
vt 0.316455 0.093443
vt 0.322743 0.095471
vt 0.327907 0.104203
vt 0.324134 0.106698
vt 0.330206 0.146300
vt 0.336034 0.040683
vt 0.312480 0.068834
vt 0.334647 0.226437
vt 0.336149 0.022354
vt 0.336891 0.003035
vt 0.334613 0.000029
vt 0.332231 0.089635
vt 0.321615 0.086963
vt 0.328644 0.020086
vt 0.337033 0.129347
vt 0.354797 0.266454
vt 0.374068 0.286990
vt 0.337936 0.193079
vt 0.335464 0.204724
vt 0.335921 0.262278
vt 0.342019 0.125099
vt 0.339031 0.237364
vt 0.345150 0.150609
vt 0.343281 0.004592
vt 0.333676 0.101294
vt 0.341717 0.112625
vt 0.329903 0.112564
vt 0.333229 0.219464
vt 0.337697 0.218758
vt 0.348170 0.263645
vt 0.342460 0.227625
vt 0.341399 0.241563
vt 0.342908 0.248822
vt 0.341097 0.252186
vt 0.339810 0.000001
vt 0.350172 0.014862
vt 0.347123 0.009756
vt 0.347146 0.240701
vt 0.344883 0.253524
vt 0.348730 0.256969
vt 0.341689 0.096836
vt 0.357163 0.139506
vt 0.351939 0.143462
vt 0.352009 0.247958
vt 0.347266 0.000067
vt 0.350493 0.004197
vt 0.369566 0.183588
vt 0.338549 0.199393
vt 0.342841 0.182870
vt 0.355038 0.258124
vt 0.362936 0.169036
vt 0.353323 0.174311
vt 0.351770 0.233451
vt 0.360426 0.241976
vt 0.356142 0.263167
vt 0.346938 0.117984
vt 0.357893 0.111506
vt 0.360778 0.116534
vt 0.367573 0.002287
vt 0.349495 0.227740
vt 0.365534 0.160512
vt 0.380618 0.084999
vt 0.365822 0.121894
vt 0.354758 0.124107
vt 0.419480 0.271550
vt 0.366904 0.113178
vt 0.370265 0.151031
vt 0.361482 0.267710
vt 0.369295 0.273612
vt 0.367952 0.128781
vt 0.366604 0.132997
vt 0.369696 0.269817
vt 0.363189 0.258796
vt 0.371543 0.257617
vt 0.364346 0.264373
vt 0.378020 0.189965
vt 0.374529 0.193813
vt 0.380373 0.125016
vt 0.383219 0.163260
vt 0.373657 0.168672
vt 0.370842 0.180620
vt 0.376760 0.183840
vt 0.380029 0.131512
vt 0.389440 0.147537
vt 0.380187 0.147740
vt 0.378599 0.260026
vt 0.372563 0.264825
vt 0.375549 0.115841
vt 0.382596 0.119034
vt 0.370418 0.154676
vt 0.380132 0.155118
vt 0.381502 0.267973
vt 0.377051 0.271607
vt 0.384805 0.174792
vt 0.374446 0.175194
vt 0.382617 0.180971
vt 0.378137 0.197548
vt 0.386230 0.207091
vt 0.377208 0.275249
vt 0.381540 0.280331
vt 0.387127 0.177574
vt 0.393413 0.216677
vt 0.391445 0.124348
vt 0.383253 0.128764
vt 0.394034 0.138082
vt 0.393569 0.128048
vt 0.394854 0.166049
vt 0.385951 0.191559
vt 0.389710 0.196484
vt 0.388876 0.272393
vt 0.389618 0.154559
vt 0.400525 0.172581
vt 0.386705 0.185819
vt 0.389906 0.274761
vt 0.394159 0.280324
vt 0.396541 0.113005
vt 0.392320 0.268271
vt 0.394433 0.181909
vt 0.397121 0.222207
vt 0.399708 0.276648
vt 0.407567 0.196684
vt 0.410837 0.218930
vt 0.406270 0.149646
vt 0.398880 0.158565
vt 0.399283 0.120983
vt 0.404606 0.122341
vt 0.396690 0.194231
vt 0.405637 0.203023
vt 0.396988 0.201063
vt 0.397260 0.205079
vt 0.405925 0.207146
vt 0.393476 0.209171
vt 0.412397 0.102564
vt 0.407436 0.137550
vt 0.405718 0.144456
vt 0.398778 0.140650
vt 0.401020 0.145080
vt 0.409602 0.166426
vt 0.407385 0.171850
vt 0.406999 0.283573
vt 0.402434 0.286500
vt 0.408477 0.278269
vt 0.402394 0.127882
vt 0.408726 0.128941
vt 0.411888 0.177307
vt 0.406424 0.225702
vt 0.411125 0.222191
vt 0.411744 0.232647
vt 0.421546 0.325355
vt 0.418615 0.357659
vt 0.413008 0.300233
vt 0.417703 0.198502
vt 0.422070 0.337081
vt 0.411240 0.139789
vt 0.421257 0.278543
vt 0.443050 0.205298
vt 0.421901 0.216812
vt 0.410122 0.212800
vt 0.414554 0.225709
vt 0.420998 0.229110
vt 0.413990 0.284590
vt 0.435046 0.186456
vt 0.414358 0.183920
vt 0.420992 0.234518
vt 0.412809 0.290703
vt 0.415751 0.294490
vt 0.413430 0.171818
vt 0.428267 0.303425
vt 0.412998 0.128237
vt 0.418219 0.220305
vt 0.425760 0.355488
vt 0.420695 0.302720
vt 0.427047 0.345102
vt 0.430492 0.229314
vt 0.408495 0.189495
vt 0.428599 0.223999
vt 0.425533 0.320573
vt 0.428756 0.352065
vt 0.437801 0.235272
vt 0.441843 0.221287
vt 0.436971 0.357114
vt 0.431314 0.364261
vt 0.470057 0.267235
vt 0.491246 0.202787
vt 0.432110 0.338949
vt 0.437851 0.350308
vt 0.445299 0.360220
vt 0.435204 0.323409
vt 0.452875 0.319400
vt 0.442056 0.232588
vt 0.440090 0.241081
vt 0.450177 0.224779
vt 0.439610 0.226161
vt 0.443515 0.292744
vt 0.447184 0.228950
vt 0.450691 0.233250
vt 0.451605 0.353470
vt 0.458055 0.355630
vt 0.442526 0.354438
vt 0.464303 0.359675
vt 0.442928 0.364182
vt 0.464366 0.332696
vt 0.462252 0.234637
vt 0.467350 0.241795
vt 0.449927 0.239978
vt 0.471188 0.349558
vt 0.469278 0.355385
vt 0.485526 0.228356
vt 0.461195 0.254441
vt 0.468825 0.263842
vt 0.467372 0.246913
vt 0.472553 0.235605
vt 0.488020 0.290688
vt 0.459662 0.347056
vt 0.484687 0.362851
vt 0.528833 0.499511
vt 0.430253 0.368158
vt 0.482964 0.268253
vt 0.480861 0.274674
vt 0.483596 0.345769
vt 0.484228 0.357088
vt 0.478775 0.259784
vt 0.489069 0.263768
vt 0.482626 0.332390
vt 0.493211 0.335213
vt 0.496199 0.225770
vt 0.492419 0.230921
vt 0.484835 0.232219
vt 0.500546 0.374577
vt 0.495645 0.239268
vt 0.484926 0.253122
vt 0.483432 0.246649
vt 0.517971 0.323400
vt 0.496087 0.299108
vt 0.499272 0.284618
vt 0.493702 0.287766
vt 0.498205 0.232885
vt 0.505797 0.251257
vt 0.502473 0.281776
vt 0.528035 0.477365
vt 0.512561 0.272970
vt 0.511032 0.277579
vt 0.503342 0.298302
vt 0.502562 0.358194
vt 0.489401 0.349639
vt 0.511128 0.300693
vt 0.520161 0.306934
vt 0.525389 0.444921
vt 0.520491 0.355763
vt 0.509616 0.288469
vt 0.507290 0.297271
vt 0.535919 0.374902
vt 0.513966 0.335716
vt 0.545821 0.269442
vt 0.515869 0.286143
vt 0.522552 0.362191
vt 0.521497 0.301167
vt 0.527035 0.304713
vt 0.593359 0.265910
vt 0.542806 0.426665
vt 0.529888 0.307748
vt 0.537375 0.315080
vt 0.535357 0.338050
vt 0.546076 0.477152
vt 0.524589 0.293996
vt 0.543472 0.401346
vt 0.542936 0.510749
vt 0.543588 0.436800
vt 0.539638 0.431340
vt 0.535462 0.499056
vt 0.546206 0.324723
vt 0.537841 0.357768
vt 0.541423 0.368462
vt 0.531311 0.361483
vt 0.536056 0.488634
vt 0.546987 0.447970
vt 0.575800 0.624285
vt 0.574301 0.592762
vt 0.543877 0.286742
vt 0.546529 0.527363
vt 0.537268 0.299447
vt 0.538008 0.294145
vt 0.538091 0.304305
vt 0.550381 0.343431
vt 0.536537 0.352085
vt 0.545369 0.301365
vt 0.547111 0.375841
vt 0.557060 0.389007
vt 0.547139 0.398066
vt 0.547025 0.412568
vt 0.547205 0.422471
vt 0.545736 0.432104
vt 0.551010 0.443746
vt 0.546403 0.503566
vt 0.550604 0.505237
vt 0.544925 0.508934
vt 0.548573 0.428694
vt 0.564568 0.320545
vt 0.549480 0.511228
vt 0.546870 0.518582
vt 0.555389 0.399822
vt 0.551612 0.425133
vt 0.562063 0.474701
vt 0.544466 0.484893
vt 0.565077 0.550611
vt 0.553689 0.301048
vt 0.549799 0.312321
vt 0.552367 0.315434
vt 0.553789 0.347258
vt 0.552089 0.353646
vt 0.552901 0.395212
vt 0.556014 0.419734
vt 0.559710 0.428477
vt 0.553345 0.457605
vt 0.556543 0.408300
vt 0.556036 0.413452
vt 0.550238 0.435914
vt 0.551203 0.499634
vt 0.555585 0.506885
vt 0.554686 0.452906
vt 0.580011 0.283356
vt 0.555012 0.513366
vt 0.547518 0.369472
vt 0.558594 0.377807
vt 0.575356 0.331444
vt 0.557891 0.464092
vt 0.557323 0.500705
vt 0.555687 0.304907
vt 0.553124 0.362837
vt 0.552100 0.493296
vt 0.563880 0.345790
vt 0.566808 0.356497
vt 0.569613 0.400246
vt 0.560936 0.451750
vt 0.558160 0.459326
vt 0.557745 0.434453
vt 0.562336 0.443591
vt 0.569412 0.373725
vt 0.565090 0.384205
vt 0.564228 0.457370
vt 0.563143 0.462741
vt 0.562882 0.468317
vt 0.563259 0.308456
vt 0.573400 0.309544
vt 0.559426 0.317667
vt 0.561158 0.516999
vt 0.567088 0.523329
vt 0.556406 0.522908
vt 0.561279 0.537553
vt 0.547843 0.532011
vt 0.567858 0.483199
vt 0.560468 0.506642
vt 0.575651 0.576654
vt 0.568912 0.544488
vt 0.570492 0.388284
vt 0.564685 0.390014
vt 0.567410 0.472157
vt 0.573089 0.476845
vt 0.577194 0.531945
vt 1.000000 0.000000
vt 0.570668 0.427329
vt 0.573264 0.468956
vt 0.573040 0.553506
vt 0.572886 0.396177
vt 0.579727 0.419929
vt 0.566833 0.420180
vt 0.570362 0.414612
vt 0.586063 0.452552
vt 0.565001 0.446112
vt 0.572699 0.562192
vt 0.583840 0.474891
vt 0.587886 0.403145
vt 0.583901 0.307301
vt 0.573331 0.304932
vt 0.570393 0.364145
vt 0.580189 0.367569
vt 0.581212 0.607289
vt 0.578402 0.610485
vt 0.622943 0.777254
vt 0.587108 0.291219
vt 0.578867 0.298467
vt 0.577319 0.326968
vt 0.583444 0.333918
vt 0.575911 0.436277
vt 0.586302 0.477615
vt 0.591195 0.492067
vt 0.584217 0.594404
vt 0.586082 0.607629
vt 0.584258 0.613451
vt 0.600499 0.649794
vt 0.617720 0.692756
vt 0.587188 0.600195
vt 0.579268 0.458500
vt 0.567338 0.453787
vt 0.588283 0.341716
vt 0.589648 0.469931
vt 0.589751 0.330627
vt 0.589481 0.357242
vt 0.606601 0.842168
vt 0.611346 0.892666
vt 0.599051 0.311068
vt 0.591136 0.321557
vt 0.580150 0.388764
vt 0.579912 0.552136
vt 0.590202 0.578430
vt 0.580019 0.571338
vt 0.594600 0.486534
vt 0.587861 0.424522
vt 0.579435 0.413765
vt 0.598818 0.287777
vt 0.591569 0.299738
vt 0.603003 0.333404
vt 0.584551 0.432313
vt 0.585215 0.588642
vt 0.593497 0.597582
vt 0.588656 0.626333
vt 0.597519 0.631694
vt 0.604719 0.348740
vt 0.597517 0.501291
vt 0.599940 0.517928
vt 0.602764 0.536217
vt 0.598657 0.299141
vt 0.598815 0.308087
vt 0.620098 0.717597
vt 0.603948 0.424435
vt 0.602809 0.438911
vt 0.614917 0.449700
vt 0.606526 0.384673
vt 0.610561 0.644852
vt 0.606892 0.293832
vt 0.601611 0.290634
vt 0.600560 0.593746
vt 0.595330 0.604482
vt 0.603847 0.613305
vt 0.596578 0.617782
vt 0.594445 0.612180
vt 0.610053 0.468712
vt 0.610908 0.475700
vt 0.606410 0.310433
vt 0.597615 0.321166
vt 0.632185 0.893400
vt 0.606573 0.299885
vt 0.606264 0.359001
vt 0.616610 0.361587
vt 0.607960 0.573088
vt 0.607859 0.599412
vt 0.600892 0.607174
vt 0.605759 0.318710
vt 0.631384 0.397559
vt 0.613011 0.610720
vt 0.605411 0.631719
vt 0.612014 0.636265
vt 0.613324 0.602162
vt 0.605014 0.325295
vt 0.612646 0.339661
vt 0.610928 0.295407
vt 0.613890 0.309020
vt 0.623691 0.451973
vt 0.619769 0.566732
vt 0.615708 0.556040
vt 0.633594 0.871819
vt 0.603050 0.283939
vt 0.628339 0.380543
vt 0.619362 0.372042
vt 0.611871 0.293010
vt 0.608738 0.499246
vt 0.623291 0.512547
vt 0.619631 0.519769
vt 0.622402 0.531872
vt 0.616484 0.533271
vt 0.612003 0.625774
vt 0.617344 0.632047
vt 0.617716 0.645595
vt 0.621485 0.653351
vt 0.618929 0.344195
vt 0.611605 0.513345
vt 0.627527 0.611857
vt 0.622068 0.617225
vt 0.628276 0.618419
vt 0.623023 0.501171
vt 0.625552 0.506188
vt 0.622135 0.334519
vt 0.616180 0.332958
vt 0.629723 0.412757
vt 0.629203 0.426568
vt 0.625482 0.598784
vt 0.626151 0.705148
vt 0.618174 0.584712
vt 0.627437 0.592046
vt 0.611923 0.319573
vt 0.630827 0.439368
vt 0.615792 0.441417
vt 0.630180 0.641385
vt 0.616845 0.639993
vt 0.619284 0.847018
vt 0.642183 0.857506
vt 0.647424 0.311977
vt 0.623859 0.903322
vt 0.631378 0.918496
vt 0.630803 0.364677
vt 0.634297 0.565648
vt 0.636818 0.930839
vt 0.641505 0.983748
vt 0.628228 0.680693
vt 0.630933 0.696830
vt 0.619862 0.893608
vt 0.630364 0.904260
vt 0.632396 0.530235
vt 0.632342 0.535896
vt 0.650054 0.786281
vt 0.644594 0.804249
vt 0.638137 0.624542
vt 0.629081 0.628839
vt 0.635086 0.341963
vt 0.635760 0.426366
vt 0.635519 0.434133
vt 0.642311 0.456505
vt 0.636562 0.464533
vt 0.635562 0.525212
vt 0.626177 0.523915
vt 0.628731 0.520562
vt 0.632833 0.762087
vt 0.630013 0.749154
vt 0.633589 0.345583
vt 0.627040 0.342412
vt 0.637533 0.508507
vt 0.641838 0.611414
vt 0.637775 0.637041
vt 0.622592 0.634731
vt 0.636703 0.519024
vt 0.643286 0.556955
vt 0.645428 0.642677
vt 0.628344 0.652353
vt 0.636966 0.727950
vt 0.637267 0.734036
vt 0.630043 0.721990
vt 0.634619 0.742523
vt 0.635947 0.748334
vt 0.641616 0.827567
vt 0.636186 0.829744
vt 0.628080 0.829688
vt 0.640422 0.360843
vt 0.633867 0.354950
vt 0.636780 0.376944
vt 0.625732 0.368162
vt 0.640586 0.383118
vt 0.639161 0.912663
vt 0.634115 0.912896
vt 0.647251 0.968598
vt 0.642793 0.513880
vt 0.627830 0.516383
vt 0.634095 0.663502
vt 0.642028 0.669167
vt 0.635915 0.676432
vt 0.642847 0.769863
vt 0.619507 0.837442
vt 0.634375 0.835415
vt 0.639170 0.850675
vt 0.642653 0.341570
vt 0.643641 0.367466
vt 0.641605 0.500191
vt 0.629243 0.494670
vt 0.629304 0.483977
vt 0.638571 0.532667
vt 0.642605 0.540109
vt 0.642883 0.478398
vt 0.643052 0.484313
vt 0.635737 0.720701
vt 0.642041 0.723400
vt 0.643600 0.347055
vt 0.639060 0.436615
vt 0.639025 0.442079
vt 0.630871 0.605369
vt 0.646555 0.897955
vt 0.633476 0.899437
vt 0.646406 0.383260
vt 0.648083 0.390070
vt 0.648962 0.409834
vt 0.640728 0.417167
vt 0.637295 0.521381
vt 0.645212 0.533075
vt 0.640376 0.751296
vt 0.637061 0.758667
vt 0.641623 0.374916
vt 0.643317 0.716797
vt 0.645200 0.760479
vt 0.638951 0.775538
vt 0.637121 0.775085
vt 0.645191 0.424720
vt 0.644771 0.503817
vt 0.645972 0.634124
vt 0.640328 0.630907
vt 0.647066 0.776825
vt 0.645318 0.932653
vt 0.644151 0.920453
vt 0.646974 0.377755
vt 0.643807 0.640589
vt 0.654088 0.901239
vt 0.647716 0.911665
vt 0.648632 0.451941
vt 0.644813 0.575646
vt 0.643049 0.623429
vt 0.650303 0.628566
vt 0.647671 0.706809
vt 0.636814 0.711646
vt 0.639888 0.702404
vt 0.644501 0.729491
vt 0.649594 0.741729
vt 0.643824 0.736140
vt 0.649680 0.754181
vt 0.648043 0.766985
vt 0.651417 0.867345
vt 0.647627 0.373776
vt 0.658278 0.591415
vt 0.640951 0.594984
vt 0.651570 0.684083
vt 0.655682 0.854418
vt 0.651961 0.427843
vt 0.650354 0.456719
vt 0.648142 0.497041
vt 0.652257 0.658395
vt 0.647427 0.665144
vt 0.638047 0.658678
vt 0.647653 0.671432
vt 0.653406 0.338177
vt 0.649137 0.366389
vt 0.651834 0.530377
vt 0.651131 0.551956
vt 0.641027 0.773601
vt 0.649700 0.781922
vt 0.648254 0.837253
vt 0.657489 0.841659
vt 0.651363 0.350749
vt 0.649383 0.355938
vt 0.642338 0.351963
vt 0.652164 0.891546
vt 0.644022 0.894184
vt 0.654263 0.433360
vt 0.648922 0.506235
vt 0.652671 0.539822
vt 0.661800 0.921600
vt 0.648665 0.345142
vt 0.653710 0.672569
vt 0.645615 0.682679
vt 0.645533 0.685925
vt 0.659604 0.885121
vt 0.652495 0.470463
vt 0.677159 0.681119
vt 0.651080 0.724653
vt 0.657563 0.960394
vt 0.653878 0.965235
vt 0.654037 0.976276
vt 0.651113 0.995470
vt 0.657592 0.558643
vt 0.664044 0.513345
vt 0.661176 0.750734
vt 0.665570 0.807783
vt 0.650881 0.824998
vt 0.659690 0.875425
vt 0.655123 0.355051
vt 0.654116 0.649343
vt 0.647663 0.652681
vt 0.659673 0.913373
vt 0.656817 0.927285
vt 0.653076 0.940980
vt 0.665626 0.363099
vt 0.647739 0.363567
vt 0.658889 0.471922
vt 0.658785 0.479248
vt 0.656576 0.764105
vt 0.003972 0.013903
vt 0.659243 0.435883
vt 0.653722 0.448879
vt 0.657441 0.775296
vt 0.663038 0.786997
vt 0.658276 0.790487
vt 0.662415 0.858905
vt 0.650497 0.859313
vt 0.667039 0.931725
vt 0.654886 0.343202
vt 0.659029 0.405631
vt 0.653658 0.404456
vt 0.650843 0.417959
vt 0.664500 0.872556
vt 0.658805 0.983565
vt 0.655670 0.734531
vt 0.669924 0.371020
vt 0.655808 0.376473
vt 0.669564 0.536683
vt 0.664836 0.347580
vt 0.657045 0.793346
vt 0.663711 0.799854
vt 0.660171 0.448493
vt 0.660792 0.463614
vt 0.657765 0.455058
vt 0.664225 0.477438
vt 0.665582 0.529444
vt 0.664519 0.539859
vt 0.656060 0.753920
vt 0.670653 0.506890
vt 0.655813 0.501052
vt 0.665660 0.952806
vt 0.655628 0.953999
vt 0.658516 0.951165
vt 0.670670 0.554808
vt 0.664306 0.576585
vt 0.666855 0.796802
vt 0.668959 0.402240
vt 0.659013 0.398241
vt 0.661264 0.428493
vt 0.666605 0.879771
vt 0.659519 0.893618
vt 0.667180 0.915182
vt 0.672991 0.972788
vt 0.663250 0.978774
vt 0.656525 0.968240
vt 0.684697 0.976681
vt 0.664172 0.990325
vt 0.666636 0.485411
vt 0.672335 0.916056
vt 0.664453 0.928817
vt 0.678014 0.571044
vt 0.676127 0.589353
vt 0.669385 0.765887
vt 0.682680 0.836237
vt 0.671773 0.850364
vt 0.670671 0.384442
vt 0.664641 0.392452
vt 0.663943 0.383766
vt 0.662993 0.778803
vt 0.672641 0.784027
vt 0.671935 0.888030
vt 0.676511 0.904452
vt 0.673955 0.911755
vt 0.670640 0.528419
vt 0.675330 0.538791
vt 0.680714 0.591199
vt 0.668663 0.471776
vt 0.675592 0.486415
vt 0.675763 0.878212
vt 0.670293 0.876004
vt 0.673176 0.870599
vt 0.678211 0.898615
vt 0.669918 0.457224
vt 0.667027 0.790287
vt 0.678653 0.512053
vt 0.677402 0.821377
vt 0.666773 0.826030
vt 0.673046 0.813700
vt 0.683606 0.809611
vt 0.669772 0.807950
vt 0.677071 0.908570
vt 0.679899 0.384924
vt 0.701501 0.601306
vt 0.688166 0.877163
vt 0.683773 0.921794
vt 0.673065 0.931519
vt 0.675994 0.920040
vt 0.675930 0.834985
vt 0.682439 0.586631
vt 0.682828 0.781028
vt 0.673295 0.790044
vt 0.687312 0.845681
vt 0.676236 0.854598
vt 0.685407 0.370937
vt 0.675051 0.376683
vt 0.687536 0.817201
vt 0.686978 0.829735
vt 0.689294 0.942071
vt 0.672149 0.938680
vt 0.689371 0.956395
vt 0.673089 0.965753
vt 0.690412 0.803995
vt 0.681451 0.803904
vt 0.685306 0.538088
vt 0.676070 0.533341
vt 0.687432 0.526993
vt 0.716458 0.519522
vt 0.691757 0.592010
vt 0.690664 0.596061
vt 0.725799 0.679207
vt 0.703779 0.836468
vt 0.691087 0.553941
vt 0.691253 0.564715
vt 0.684547 0.556744
vt 0.694356 0.826175
vt 0.697037 0.584368
vt 0.685747 0.578782
vt 0.694307 0.863622
vt 0.684384 0.872385
vt 0.685094 0.988405
vt 0.693674 0.999887
vt 0.678376 0.999953
vt 0.692926 0.524833
vt 0.695005 0.535166
vt 0.698541 0.846105
vt 0.681636 0.857390
vt 0.694608 0.569816
vt 0.690651 0.572020
vt 0.710657 0.910891
vt 0.681922 0.903154
vt 0.686717 0.796490
vt 0.693263 0.802938
vt 0.699350 0.540014
vt 0.692321 0.545187
vt 0.702318 0.992357
vt 0.719852 0.760324
vt 0.701679 0.779634
vt 0.707269 0.801357
vt 0.713896 0.829113
vt 0.705575 0.896036
vt 0.704008 0.950119
vt 0.712857 0.953425
vt 0.702783 0.584496
vt 0.703966 0.596056
vt 0.697763 0.594120
vt 0.707158 0.934501
vt 0.702261 0.918894
vt 0.699465 0.516913
vt 0.694263 0.514102
vt 0.704868 0.546198
vt 0.698780 0.553981
vt 0.699201 0.548309
vt 0.708159 0.922779
vt 0.697565 0.545357
vt 0.705897 0.572617
vt 0.699314 0.562591
vt 0.704958 0.553845
vt 0.699609 0.569012
vt 0.710657 0.914672
vt 0.710516 0.836188
vt 0.701248 0.527257
vt 0.711875 0.527335
vt 0.706568 0.531499
vt 0.708027 0.575151
vt 0.702567 0.579712
vt 0.716605 0.966091
vt 0.707629 0.974429
vt 0.713519 0.977902
vt 0.710502 0.987477
vt 0.723476 0.999847
vt 0.703399 1.000062
vt 0.719828 0.543990
vt 0.713438 0.588051
vt 0.717087 0.869292
vt 0.700187 0.848798
vt 0.712072 0.937292
vt 0.713942 0.947197
vt 0.701744 0.942776
vt 0.714651 0.530444
vt 0.716687 0.928271
vt 0.722092 0.697253
vt 0.710450 0.765844
vt 0.717403 0.977760
vt 0.715840 0.555526
vt 0.730762 0.803789
vt 0.728131 0.814106
vt 0.709673 0.879384
vt 0.719728 0.897942
vt 0.713035 0.899443
vt 0.722106 0.572258
vt 0.714567 0.573508
vt 0.719751 0.581852
vt 0.722124 0.950506
vt 0.725885 0.721774
vt 0.720308 0.707170
vt 0.727518 0.782316
vt 0.721761 0.598443
vt 0.721838 0.603286
vt 0.723411 0.687279
vt 0.742052 0.613117
vt 0.721617 0.641612
vt 0.720561 0.928789
vt 0.731913 0.831374
vt 0.738272 0.838156
vt 0.723643 0.847890
vt 0.717054 0.915709
vt 0.714930 0.922004
vt 0.726834 0.672048
vt 0.723750 0.664161
vt 0.731025 0.730010
vt 0.727746 0.569715
vt 0.728138 0.646669
vt 0.726646 0.589302
vt 0.735758 0.776207
vt 0.735082 0.854646
vt 0.720554 0.860468
vt 0.733160 0.885671
vt 0.723083 0.894742
vt 0.721372 0.884478
vt 0.737374 0.664896
vt 0.735076 0.904129
vt 0.720290 0.905266
vt 0.725707 0.900875
vt 0.730038 0.581251
vt 0.724029 0.579633
vt 0.736514 0.870287
vt 0.731604 0.875185
vt 0.732495 0.878848
vt 0.728993 0.635269
vt 0.737096 0.675462
vt 0.734499 0.681101
vt 0.737134 0.849798
vt 0.737879 0.567570
vt 0.738253 0.695680
vt 0.731925 0.708737
vt 0.732908 0.695325
vt 0.748090 0.602382
vt 0.733230 0.688801
vt 0.753861 0.752706
vt 0.747031 0.765720
vt 0.738538 0.821218
vt 0.742263 0.652806
vt 0.729093 0.661661
vt 0.723445 0.763310
vt 0.742448 0.888011
vt 0.748019 0.811403
vt 0.739262 0.874846
vt 0.746769 0.915825
vt 0.787626 0.562684
vt 0.746770 0.676717
vt 0.744823 0.682759
vt 0.739735 0.740555
vt 0.735638 0.740556
vt 0.748482 0.633323
vt 0.750434 0.698751
vt 0.745200 0.784944
vt 0.741882 0.794039
vt 0.743011 0.856038
vt 0.725256 0.957871
vt 0.753614 0.587387
vt 0.747823 0.832999
vt 0.743192 0.827502
vt 0.749729 0.894478
vt 0.743196 0.706856
vt 0.748602 0.716222
vt 0.750907 0.777523
vt 0.753660 0.782910
vt 0.751868 0.654654
vt 0.741047 0.658731
vt 0.748164 0.842488
vt 0.755910 0.844881
vt 0.750908 0.883283
vt 0.742040 0.885499
vt 0.753953 0.904775
vt 0.755119 0.703211
vt 0.760294 0.568167
vt 0.747351 0.569043
vt 0.756179 0.664405
vt 0.758845 0.670517
vt 0.752137 0.676516
vt 0.757309 0.901036
vt 0.757748 0.912431
vt 0.757635 0.578609
vt 0.737655 0.581117
vt 0.743162 0.642524
vt 0.756198 0.645392
vt 0.755075 0.650380
vt 0.756739 0.707394
vt 0.759213 0.711336
vt 0.748375 0.708567
vt 0.763206 0.755926
vt 0.755129 0.716868
vt 0.759290 0.795394
vt 0.759043 0.803614
vt 0.758250 0.833284
vt 0.759365 0.661646
vt 0.754201 0.688923
vt 0.760305 0.695219
vt 0.747265 0.806082
vt 0.764963 0.812179
vt 0.762454 0.874452
vt 0.754045 0.878828
vt 0.747750 0.874364
vt 0.761257 0.925117
vt 0.760337 0.682715
vt 0.752263 0.684587
vt 0.749983 0.574267
vt 0.760771 0.677564
vt 0.762257 0.839276
vt 0.763873 0.573711
vt 0.765418 0.846028
vt 0.759284 0.859659
vt 0.763703 0.674602
vt 0.758688 0.698901
vt 0.760081 0.703611
vt 0.769758 0.609254
vt 0.769680 0.787478
vt 0.757427 0.788570
vt 0.754805 0.821521
vt 0.764730 0.821668
vt 0.764146 0.652217
vt 0.766313 0.878402
vt 0.763927 0.940958
vt 0.773991 0.963542
vt 0.764498 0.585716
vt 0.758542 0.864927
vt 0.768820 0.869798
vt 0.759468 0.870049
vt 0.772038 0.726919
vt 0.760876 0.739961
vt 0.756298 0.740733
vt 0.777170 0.781449
vt 0.771564 0.796943
vt 0.766708 0.860088
vt 0.776114 0.692608
vt 0.772339 0.931632
vt 0.776225 0.655909
vt 0.762995 0.656760
vt 0.763035 0.714211
vt 0.775140 0.660735
vt 0.766459 0.666294
vt 0.778339 0.951527
vt 0.780605 0.739047
vt 0.763906 0.751027
vt 0.769666 0.815411
vt 0.773161 0.819781
vt 0.773194 0.651064
vt 0.777542 0.935505
vt 0.778434 0.747171
vt 0.774559 0.896782
vt 0.761694 0.892910
vt 0.768233 0.923988
vt 0.774876 0.923893
vt 0.782805 0.577235
vt 0.777653 0.941522
vt 0.781746 0.982117
vt 0.786522 0.999820
vt 0.777683 0.585142
vt 0.778927 0.593660
vt 0.784958 0.616036
vt 0.780871 0.622345
vt 0.814563 0.808019
vt 0.771445 0.842190
vt 0.785311 0.931946
vt 0.792796 0.636025
vt 0.766437 0.629035
vt 0.788406 0.676468
vt 0.770438 0.675000
vt 0.783874 0.796216
vt 0.777913 0.802939
vt 0.785086 0.788169
vt 0.789319 0.739767
vt 0.786758 0.963290
vt 0.794841 0.912439
vt 0.780857 0.912517
vt 0.788761 0.973422
vt 0.782432 0.607221
vt 0.790033 0.610749
vt 0.792961 0.651309
vt 0.783379 0.649154
vt 0.788059 0.937082
vt 0.786392 0.976840
vt 0.790186 0.983864
vt 0.790793 0.587915
vt 0.788952 0.594325
vt 0.786410 0.602151
vt 0.793433 0.720250
vt 0.790240 0.728619
vt 0.781893 0.719919
vt 0.790192 0.622283
vt 0.790130 0.753006
vt 0.797212 0.774976
vt 0.778638 0.766179
vt 0.791034 0.782962
vt 0.793227 0.791315
vt 0.812660 0.888274
vt 0.794093 0.597580
vt 0.783297 0.941654
vt 0.795406 0.952331
vt 0.784835 0.947988
vt 0.793435 0.968587
vt 0.798101 0.727692
vt 0.794416 0.979889
vt 0.799845 0.994089
vt 0.802832 0.999449
vt 0.775361 0.812081
vt 0.786397 0.572066
vt 0.798746 0.576361
vt 0.802303 0.919597
vt 0.794364 0.929692
vt 0.792946 0.583008
vt 0.793768 0.591237
vt 0.799158 0.627431
vt 0.805078 0.765173
vt 0.807096 0.785779
vt 0.805092 0.626030
vt 0.799217 0.646043
vt 0.812135 0.648697
vt 0.804250 0.973337
vt 0.794485 0.975667
vt 0.800622 0.581233
vt 0.803287 0.942580
vt 0.789694 0.940699
vt 0.803026 0.951497
vt 0.813364 0.711764
vt 0.798982 0.715812
vt 0.799101 0.733114
vt 0.797260 0.963235
vt 0.813402 0.777865
vt 0.822714 0.838088
vt 0.814713 0.857322
vt 0.810315 0.922276
vt 0.803905 0.631012
vt 0.823726 0.742912
vt 0.806560 0.994807
vt 0.811539 0.912534
vt 0.817899 0.987278
vt 0.805022 0.720384
vt 0.812112 0.725389
vt 0.806872 0.793282
vt 0.796376 0.794179
vt 0.822314 0.934007
vt 0.822951 0.759863
vt 0.813024 0.759275
vt 0.816205 0.946923
vt 0.818320 0.745242
vt 0.816212 0.874868
vt 0.820036 0.772216
vt 0.810264 1.000019
vt 0.821567 0.763377
vt 0.821497 0.794180
vt 0.820924 0.709614
vt 0.826598 0.786176
vt 0.829619 0.966376
vt 0.821976 0.718283
vt 0.809959 0.715985
vt 0.833425 0.726986
vt 0.824301 0.578998
vt 0.830269 0.752729
vt 0.820962 0.755288
vt 0.825297 0.801248
vt 0.825186 0.806359
vt 0.822576 0.810112
vt 0.828050 0.779852
vt 0.818027 0.784522
vt 0.824785 0.764527
vt 0.827403 0.769457
vt 0.821734 0.777064
vt 0.829379 0.881378
vt 0.830368 0.890393
vt 0.832703 0.950291
vt 0.833473 0.896392
vt 0.822262 0.901555
vt 0.819694 0.893631
vt 0.832686 0.910255
vt 0.828651 0.919859
vt 0.827180 0.935230
vt 0.823179 0.925518
vt 0.833069 0.760626
vt 0.830778 0.808725
vt 0.831163 0.836595
vt 0.827196 0.848228
vt 0.831350 0.743880
vt 0.833370 0.779292
vt 0.841972 0.855678
vt 0.838596 0.897096
vt 0.832786 0.798844
vt 0.831852 0.803574
vt 0.848904 0.936771
vt 0.832215 0.774070
vt 0.841764 0.980702
vt 0.830132 0.989822
vt 0.837564 0.736295
vt 0.829629 0.737831
vt 0.836795 0.811894
vt 0.836497 0.821230
vt 0.827847 0.819398
vt 0.841482 0.710930
vt 0.841611 0.723152
vt 0.848133 0.943200
vt 0.843110 0.705478
vt 0.831457 0.708968
vt 0.839790 0.883189
vt 0.837877 0.918963
vt 0.842362 0.777347
vt 0.836809 0.785583
vt 0.841024 0.886717
vt 0.843822 0.771780
vt 0.844677 0.865817
vt 0.831694 0.872739
vt 0.844041 0.824555
vt 0.831586 0.828978
vt 0.845252 0.908155
vt 0.840157 0.742597
vt 0.837982 0.754384
vt 0.835403 0.747899
vt 0.849545 0.819197
vt 0.847031 0.900765
vt 0.838321 0.901824
vt 0.846941 0.959295
vt 0.845648 0.967386
vt 0.856130 0.846033
vt 0.847230 0.921117
vt 0.849053 0.701939
vt 0.850220 0.878385
vt 0.852537 0.750824
vt 0.846003 0.815639
vt 0.845945 0.791127
vt 0.862237 0.838625
vt 0.843164 0.892141
vt 0.848302 0.722372
vt 0.846994 0.714131
vt 0.845386 0.729779
vt 0.851438 0.909063
vt 0.852084 0.770067
vt 0.841314 0.787165
vt 0.844889 0.779409
vt 0.852736 0.782196
vt 0.864281 0.978352
vt 0.837547 0.992316
vt 0.849629 0.733896
vt 0.861018 0.910698
vt 0.857744 0.955135
vt 0.848456 0.709907
vt 0.857468 0.728047
vt 0.862104 0.918486
vt 0.857769 0.860527
vt 0.850507 0.867498
vt 0.854538 0.856225
vt 0.865260 0.893802
vt 0.857467 0.898653
vt 0.855695 0.906261
vt 0.855633 0.946333
vt 0.860312 0.950038
vt 0.865083 0.963599
vt 0.860939 0.831711
vt 0.853482 0.825547
vt 0.863035 0.902595
vt 0.863676 0.845180
vt 0.862069 0.852717
vt 0.862272 0.937183
vt 0.875449 0.984447
vt 0.859094 0.999702
vt 0.870189 0.949243
vt 0.877292 0.832343
vt 0.872941 0.860569
vt 0.852922 0.871991
vt 0.862984 0.940987
vt 0.879810 0.940577
vt 0.874656 0.968767
vt 0.871110 0.912031
vt 0.873203 0.898015
vt 0.874476 0.932999
vt 0.872658 0.954691
vt 0.877317 0.921199
vt 0.873778 0.927616
vt 0.880674 0.907810
vt 0.871389 0.905087
vt 0.879969 0.900090
vt 0.882086 0.930116
vt 0.882194 0.972424
vt 0.882495 0.946261
vt 0.890039 0.948852
vt 0.932706 0.706039
vt 0.879780 0.878992
vt 0.888208 0.901163
vt 0.892142 0.907446
vt 0.900651 0.933894
vt 0.887043 0.968765
vt 0.891259 0.973772
vt 0.898626 0.923619
vt 0.883364 0.923211
vt 0.892827 0.961204
vt 0.885217 0.977323
vt 0.894029 0.983010
vt 0.888388 0.999950
vt 0.894676 0.912435
vt 0.892914 0.933321
vt 0.906656 0.937498
vt 0.913826 0.905018
vt 0.913054 0.936338
vt 0.907218 0.947790
vt 0.900175 0.946685
vt 0.908431 0.926676
vt 0.922852 0.942269
vt 0.900302 0.951249
vt 0.914868 0.932030
vt 0.901713 0.985646
vt 0.895038 0.979104
vt 0.923801 0.935085
vt 0.999997 1.000000
vt 0.003972 0.015889
vt 0.050698 0.278793
vt 0.050422 0.309483
vt 0.056255 0.286811
vt 0.054587 0.313678
vt 0.060359 0.324202
vt 0.131899 0.414060
vt 0.217711 0.251472
vt 0.199075 0.244328
vt 0.203027 0.148360
vt 0.203878 0.246024
vt 0.216142 0.247658
vt 0.215568 0.137800
vt 0.218854 0.192413
vt 0.220638 0.179189
vt 0.229588 0.146217
vt 0.233760 0.207450
vt 0.231877 0.248735
vt 0.237693 0.048266
vt 0.244474 0.165843
vt 0.245937 0.131946
vt 0.262261 0.221860
vt 0.251936 0.077620
vt 0.246478 0.117801
vt 0.254086 0.230626
vt 0.255693 0.120466
vt 0.298068 0.076348
vt 0.307175 0.158584
vt 0.304590 0.000080
vt 0.300582 0.039307
vt 0.303668 0.045602
vt 0.309335 0.080465
vt 0.307412 0.074135
vt 0.303513 0.072026
vt 0.305255 0.037467
vt 0.310327 0.031356
vt 0.314290 0.074738
vt 0.316484 0.213024
vt 0.324378 0.213593
vt 0.325383 0.220831
vt 0.330746 0.096467
vt 0.341033 0.011639
vt 0.340975 0.233719
vt 0.348942 0.107826
vt 0.347115 0.227292
vt 0.353518 0.176253
vt 0.379337 0.193042
vt 0.391949 0.284216
vt 0.381404 0.185854
vt 0.384237 0.199492
vt 0.394881 0.131433
vt 0.393639 0.118017
vt 0.391474 0.201550
vt 0.401544 0.270187
vt 0.402540 0.178057
vt 0.400916 0.182042
vt 0.458337 0.331826
vt 0.471832 0.246767
vt 0.474574 0.254266
vt 0.480505 0.242923
vt 0.493717 0.360052
vt 0.498608 0.364152
vt 0.507788 0.365174
vt 0.506255 0.362097
vt 0.514456 0.360137
vt 0.517888 0.294581
vt 0.531989 0.490712
vt 0.527399 0.358274
vt 0.530523 0.297344
vt 0.531246 0.293709
vt 0.540695 0.324998
vt 0.539502 0.492163
vt 0.545413 0.308661
vt 0.550636 0.309115
vt 0.541992 0.497614
vt 0.548289 0.523973
vt 0.556574 0.482793
vt 0.551176 0.520848
vt 0.552709 0.530288
vt 0.560737 0.392537
vt 0.568013 0.463740
vt 0.579874 0.588144
vt 0.595953 0.625427
vt 0.601967 0.507820
vt 0.606856 0.305169
vt 0.612928 0.838344
vt 0.616541 0.833372
vt 0.622784 0.346739
vt 0.624920 0.353941
vt 0.637967 0.619124
vt 0.637774 0.578495
vt 0.633136 0.705047
vt 0.632167 0.511985
vt 0.637257 0.687393
vt 0.648655 0.949977
vt 0.643051 0.396959
vt 0.644706 0.823943
vt 0.645468 0.695069
vt 0.638538 0.349908
vt 0.640356 0.682437
vt 0.652150 0.465566
vt 0.649621 0.678207
vt 0.643358 0.678190
vt 0.651128 0.396514
vt 0.652912 0.388010
vt 0.662388 0.485675
vt 0.652023 0.499728
vt 0.656722 0.835735
vt 0.659408 0.783470
vt 0.657861 0.393279
vt 0.662506 0.375960
vt 0.664120 0.959404
vt 0.661884 0.833907
vt 0.673490 0.999701
vt 0.669854 0.867723
vt 0.672301 0.798380
vt 0.677537 0.869079
vt 0.692801 0.578681
vt 0.703204 0.902702
vt 0.701287 0.574356
vt 0.710139 0.919183
vt 0.713470 0.906771
vt 0.717419 0.596212
vt 0.721462 0.876987
vt 0.722286 0.957224
vt 0.719047 0.971347
vt 0.744288 0.690488
vt 0.740552 0.880663
vt 0.757162 0.722853
vt 0.744248 0.877437
vt 0.753088 0.870635
vt 0.752103 0.863380
vt 0.756137 0.893271
vt 0.763339 0.906555
vt 0.763483 0.815130
vt 0.770734 0.800436
vt 0.766221 0.917133
vt 0.767446 0.898089
vt 0.769779 0.808121
vt 0.767356 0.791355
vt 0.770956 0.719124
vt 0.770048 0.831290
vt 0.770692 0.911188
vt 0.774064 0.792910
vt 0.781119 0.717107
vt 0.773407 0.805458
vt 0.785686 0.793220
vt 0.793087 0.645411
vt 0.786700 0.584327
vt 0.786631 0.954700
vt 0.794149 0.578661
vt 0.800207 0.789717
vt 0.814092 1.000080
vt 0.843331 0.700002
vt 0.828779 0.793155
vt 0.830856 0.999907
vt 0.845080 0.874802
vt 0.848323 0.948274
vt 0.850598 0.903703
vt 0.866695 0.846694
vt 0.870200 0.839458
vt 0.884579 0.964171
vt 0.896116 0.952793
vt 0.888414 0.912688
vt 0.903105 0.999967
vt 0.208377 0.000003
vt 0.460374 0.248166
s 1
usemtl 1.028
f 2/1/1 42/2/2 1/3/3
f 3/4/4 42/2/2 2/1/1
f 8/5/5 5/6/6 7/7/7
f 9/8/8 7/7/7 10/9/9
f 24/10/10 20/11/11 8/5/5
f 7/7/7 19/12/12 24/10/10
f 10/9/9 11/13/13 9/8/8
f 13/14/14 10/9/9 42/2/2
f 9/8/8 16/15/15 22/16/16
f 15/17/17 17/18/18 11/13/13
f 17/18/18 9/8/8 11/13/13
f 41/19/19 13/14/14 42/2/2
f 36/20/20 22/16/16 16/15/15
f 22/16/16 25/21/21 18/22/22
f 35/23/23 17/18/18 15/17/17
f 21/24/24 36/20/20 16/15/15
f 41/19/19 35/23/23 13/14/14
f 29/25/25 25/21/21 22/16/16
f 32/26/26 34/27/27 28/28/28
f 37/29/29 31/30/30 23/31/31
f 30/32/32 39/33/33 37/29/29
f 35/23/23 36/20/20 17/18/18
f 85/34/34 41/19/19 42/2/2
f 43/35/35 44/36/36 45/37/37
f 33/38/38 37/29/29 43/35/35
f 32/26/26 45/37/37 34/27/27
f 41/19/19 48/39/39 40/40/40
f 49/41/41 43/35/35 37/29/29
f 44/36/36 47/42/42 45/37/37
f 39/33/33 71/43/43 37/29/29
f 47/42/42 60/44/44 45/37/37
f 67/45/45 39/33/33 35/23/23
f 49/41/41 53/46/46 44/36/36
f 50/47/47 52/48/48 40/40/40
f 37/29/29 72/49/49 49/41/41
f 85/34/34 50/47/47 48/39/39
f 72/49/49 59/50/50 49/41/41
f 53/46/46 60/44/44 47/42/42
f 85/34/34 57/51/51 50/47/47
f 59/50/50 53/46/46 49/41/41
f 54/52/52 66/53/53 55/54/54
f 61/55/55 70/56/56 62/57/57
f 74/58/58 59/50/50 72/49/49
f 51/59/59 68/60/60 46/61/61
f 68/60/60 54/52/52 46/61/61
f 66/53/53 62/57/57 55/54/54
f 60/44/44 68/60/60 51/59/59
f 70/56/56 64/62/62 62/57/57
f 73/63/63 58/64/64 57/51/51
f 75/65/65 80/66/66 59/50/50
f 68/60/60 66/53/53 54/52/52
f 69/67/67 62/57/57 66/53/53
f 58/64/64 73/63/63 67/45/45
f 53/46/46 90/68/68 60/44/44
f 63/69/69 76/70/70 61/55/55
f 90/68/68 86/71/71 60/44/44
f 84/72/72 87/73/73 60/44/44
f 69/67/67 63/69/69 62/57/57
f 76/70/70 70/56/56 61/55/55
f 94/74/74 103/75/75 70/56/56
f 63/69/69 93/76/76 76/70/70
f 70/56/56 76/70/70 94/74/74
f 56/77/77 83/78/78 72/49/49
f 91/79/79 92/80/80 68/60/60
f 69/67/67 93/76/76 63/69/69
f 78/81/81 81/82/82 71/43/43
f 100/83/83 90/68/68 65/84/84
f 87/73/73 91/79/79 68/60/60
f 77/85/85 78/81/81 88/86/86
f 89/87/87 71/43/43 81/82/82
f 79/88/88 83/78/78 71/43/43
f 85/34/34 88/86/86 73/63/63
f 111/89/89 84/72/72 86/71/71
f 92/80/80 101/90/90 68/60/60
f 93/76/76 82/91/91 76/70/70
f 119/92/92 110/93/93 85/34/34
f 98/94/94 81/82/82 78/81/81
f 99/95/95 71/43/43 89/87/87
f 100/83/83 80/66/66 75/65/65
f 85/34/34 110/93/93 88/86/86
f 88/86/86 98/94/94 77/85/85
f 116/96/96 91/79/79 87/73/73
f 104/97/97 95/98/98 68/60/60
f 97/99/99 87/73/73 84/72/72
f 99/95/95 83/78/78 79/88/88
f 97/99/99 116/96/96 87/73/73
f 69/67/67 107/100/100 93/76/76
f 116/96/96 106/101/101 92/80/80
f 111/89/89 97/99/99 84/72/72
f 106/101/101 101/90/90 92/80/80
f 107/100/100 69/67/67 95/98/98
f 102/102/102 103/75/75 94/74/74
f 99/95/95 89/87/87 96/103/103
f 112/104/104 107/100/100 104/97/97
f 109/105/105 104/97/97 106/101/101
f 122/106/106 110/93/93 119/92/92
f 116/96/96 109/105/105 106/101/101
f 102/102/102 121/107/107 103/75/75
f 110/93/93 108/108/108 96/103/103
f 108/108/108 154/109/109 111/89/89
f 147/110/110 82/91/91 107/100/100
f 147/110/110 107/100/100 112/104/104
f 154/109/109 97/99/99 111/89/89
f 154/109/109 147/110/110 97/99/99
f 113/111/111 121/107/107 102/102/102
f 154/109/109 108/108/108 110/93/93
f 159/112/112 119/92/92 114/113/113
f 115/114/114 110/93/93 122/106/106
f 123/115/115 122/106/106 142/116/116
f 115/114/114 118/117/117 120/118/118
f 121/107/107 659/119/119 5/6/6
f 117/120/120 124/121/121 122/106/106
f 119/92/92 131/122/122 132/123/123
f 126/124/124 120/118/118 118/117/117
f 115/114/114 126/124/124 118/117/117
f 145/125/125 117/120/120 127/126/126
f 153/127/127 133/128/128 159/112/112
f 147/110/110 121/107/107 113/111/111
f 125/129/129 146/130/130 126/124/124
f 131/122/122 149/131/131 132/123/123
f 173/132/132 159/112/112 143/133/133
f 137/134/134 149/131/131 131/122/122
f 128/135/135 141/136/136 114/113/113
f 137/134/134 163/137/137 149/131/131
f 134/138/138 139/139/139 129/140/140
f 169/141/141 138/142/142 132/123/123
f 142/116/116 151/143/143 134/138/138
f 167/144/144 114/113/113 141/136/136
f 169/141/141 155/145/145 138/142/142
f 155/145/145 150/146/146 138/142/142
f 128/135/135 166/147/147 141/136/136
f 182/148/148 143/133/133 114/113/113
f 168/149/149 137/134/134 144/150/150
f 174/151/151 148/152/152 153/127/127
f 141/136/136 164/153/153 167/144/144
f 162/154/154 168/149/149 144/150/150
f 159/112/112 209/155/155 153/127/127
f 187/156/156 156/157/157 151/143/143
f 167/144/144 185/158/158 182/148/148
f 180/159/159 139/139/139 157/160/160
f 180/159/159 170/161/161 158/162/162
f 164/153/153 181/163/163 167/144/144
f 181/163/163 176/164/164 167/144/144
f 171/165/165 209/155/155 159/112/112
f 161/166/166 208/167/167 164/153/153
f 208/167/167 181/163/163 164/153/153
f 218/168/168 173/132/132 143/133/133
f 182/148/148 194/169/169 143/133/133
f 156/157/157 184/170/170 157/160/160
f 184/170/170 180/159/159 157/160/160
f 217/171/171 218/168/168 143/133/133
f 178/172/172 179/173/173 159/112/112
f 218/168/168 199/174/174 173/132/132
f 191/175/175 185/158/158 167/144/144
f 202/176/176 182/148/148 185/158/158
f 206/177/177 203/178/178 174/151/151
f 170/161/161 214/179/179 190/180/180
f 197/181/181 222/182/182 171/165/165
f 180/159/159 184/170/170 214/179/179
f 200/183/183 206/177/177 209/155/155
f 189/184/184 201/185/185 175/186/186
f 201/185/185 195/187/187 175/186/186
f 263/188/188 188/189/189 166/147/147
f 161/166/166 252/190/190 208/167/167
f 208/167/167 204/191/191 181/163/163
f 192/192/192 213/193/193 189/184/184
f 216/194/194 217/171/171 143/133/133
f 237/195/195 143/133/133 194/169/169
f 250/196/196 154/109/109 190/180/180
f 232/197/197 202/176/176 193/198/198
f 218/168/168 219/199/199 199/174/174
f 200/183/183 234/200/200 206/177/177
f 183/201/201 223/202/202 220/203/203
f 209/155/155 205/204/204 200/183/183
f 212/205/205 210/206/206 203/178/178
f 189/184/184 227/207/207 201/185/185
f 205/204/204 234/200/200 200/183/183
f 227/207/207 228/208/208 201/185/185
f 239/209/209 212/205/205 211/210/210
f 240/211/211 224/212/212 213/193/193
f 226/213/213 239/209/209 211/210/210
f 263/188/188 252/190/190 188/189/189
f 243/214/214 290/215/215 191/175/175
f 233/216/216 244/217/217 225/218/218
f 229/219/219 277/220/220 230/221/221
f 241/222/222 219/199/199 218/168/168
f 217/171/171 248/223/223 218/168/168
f 238/224/224 264/225/225 222/182/182
f 237/195/195 255/226/226 216/194/194
f 248/223/223 241/222/222 218/168/168
f 249/227/227 207/228/228 219/199/199
f 205/204/204 245/229/229 234/200/200
f 269/230/230 236/231/231 256/232/232
f 278/233/233 230/221/221 277/220/220
f 230/221/221 281/234/234 221/235/235
f 252/190/190 290/215/215 243/214/214
f 248/223/223 254/236/236 241/222/222
f 260/237/237 272/238/238 205/204/204
f 276/239/239 277/220/220 240/211/211
f 250/196/196 121/107/107 147/110/110
f 247/240/240 253/241/241 257/242/242
f 259/243/243 266/244/244 238/224/224
f 291/245/245 235/246/246 239/209/209
f 274/247/247 255/226/226 237/195/195
f 258/248/248 249/227/227 241/222/222
f 271/249/249 259/243/243 249/227/227
f 270/250/250 244/217/217 255/226/226
f 258/248/248 271/249/249 249/227/227
f 295/251/251 250/196/196 231/252/252
f 270/250/250 279/253/253 244/217/217
f 266/244/244 284/254/254 264/225/225
f 294/255/255 286/256/256 230/221/221
f 273/257/257 252/190/190 263/188/188
f 276/239/239 297/258/258 277/220/220
f 288/259/259 289/260/260 270/250/250
f 265/261/261 285/262/262 271/249/249
f 273/257/257 306/263/263 252/190/190
f 298/264/264 288/259/259 274/247/247
f 271/249/249 285/262/262 284/254/254
f 305/265/265 267/266/266 280/267/267
f 291/245/245 302/268/268 268/269/269
f 298/264/264 300/270/270 288/259/259
f 299/271/271 295/251/251 287/272/272
f 303/273/273 296/274/274 294/255/255
f 296/274/274 293/275/275 292/276/276
f 284/254/254 285/262/262 305/265/265
f 319/277/277 283/278/278 301/279/279
f 303/273/273 309/280/280 296/274/274
f 298/264/264 304/281/281 300/270/270
f 308/282/282 312/283/283 302/268/268
f 307/284/284 316/285/285 303/273/273
f 377/286/286 250/196/196 299/271/271
f 312/283/283 316/285/285 307/284/284
f 310/287/287 319/277/277 304/281/281
f 314/288/288 318/289/289 315/290/290
f 326/291/291 311/292/292 316/285/285
f 345/293/293 285/262/262 283/278/278
f 285/262/262 357/294/294 302/268/268
f 326/291/291 309/280/280 311/292/292
f 322/295/295 317/296/296 335/297/297
f 325/298/298 315/290/290 318/289/289
f 313/299/299 337/300/300 319/277/277
f 329/301/301 316/285/285 346/302/302
f 325/298/298 327/303/303 315/290/290
f 325/298/298 339/304/304 327/303/303
f 334/305/305 342/306/306 326/291/291
f 326/291/291 359/307/307 377/286/286
f 363/308/308 367/309/309 335/297/297
f 334/305/305 354/310/310 342/306/306
f 339/304/304 340/311/311 327/303/303
f 340/311/311 360/312/312 331/313/313
f 329/301/301 354/310/310 334/305/305
f 351/314/314 330/315/315 338/316/316
f 367/309/309 349/317/317 322/295/295
f 346/302/302 354/310/310 329/301/301
f 352/318/318 343/319/319 330/315/315
f 346/302/302 372/320/320 354/310/310
f 354/310/310 366/321/321 342/306/306
f 355/322/322 367/309/309 363/308/308
f 350/323/323 351/314/314 338/316/316
f 360/312/312 347/324/324 352/318/318
f 349/317/317 364/325/325 350/323/323
f 364/325/325 352/318/318 351/314/314
f 356/326/326 362/327/327 353/328/328
f 365/329/329 375/330/330 370/331/331
f 379/332/332 372/320/320 346/302/302
f 419/333/333 360/312/312 352/318/318
f 360/312/312 419/333/333 344/334/334
f 359/307/307 387/335/335 377/286/286
f 419/333/333 364/325/325 384/336/336
f 389/337/337 363/308/308 374/338/338
f 356/326/326 344/334/334 419/333/333
f 362/327/327 404/339/339 368/340/340
f 378/341/341 384/336/336 367/309/309
f 370/331/331 390/342/342 379/332/332
f 389/337/337 378/341/341 363/308/308
f 422/343/343 453/344/344 250/196/196
f 391/345/345 382/346/346 372/320/320
f 422/343/343 250/196/196 383/347/347
f 407/348/348 390/342/342 370/331/331
f 387/335/335 406/349/349 377/286/286
f 379/332/332 390/342/342 412/350/350
f 379/332/332 412/350/350 372/320/320
f 389/337/337 401/351/351 378/341/341
f 385/352/352 399/353/353 381/354/354
f 373/355/355 395/356/356 387/335/335
f 383/347/347 413/357/357 422/343/343
f 395/356/356 388/358/358 387/335/335
f 394/359/359 397/360/360 406/349/349
f 383/347/347 392/361/361 413/357/357
f 380/362/362 401/351/351 389/337/337
f 428/363/363 419/333/333 384/336/336
f 403/364/364 428/363/363 384/336/336
f 406/349/349 408/365/365 394/359/359
f 398/366/366 409/367/367 392/361/361
f 392/361/361 409/367/367 413/357/357
f 362/327/327 426/368/368 404/339/339
f 417/369/369 431/370/370 407/348/348
f 394/359/359 415/371/371 397/360/360
f 396/372/372 418/373/373 401/351/351
f 437/374/374 386/375/375 400/376/376
f 408/365/365 415/371/371 394/359/359
f 415/371/371 409/367/367 398/366/366
f 418/373/373 428/363/363 403/364/364
f 415/371/371 425/377/377 409/367/367
f 433/378/378 414/379/379 412/350/350
f 424/380/380 420/381/381 408/365/365
f 425/377/377 421/382/382 422/343/343
f 411/383/383 427/384/384 429/385/385
f 611/386/386 428/363/363 418/373/373
f 430/387/387 420/381/381 424/380/380
f 431/370/370 446/388/388 412/350/350
f 428/363/363 461/389/389 419/333/333
f 439/390/390 416/391/391 429/385/385
f 412/350/350 446/388/388 433/378/378
f 430/387/387 564/392/392 420/381/381
f 435/393/393 429/385/385 427/384/384
f 461/389/389 426/368/368 362/327/327
f 426/368/368 435/393/393 427/384/384
f 436/394/394 431/370/370 417/369/369
f 432/395/395 438/396/396 453/344/344
f 439/390/390 444/397/397 443/398/398
f 432/395/395 448/399/399 438/396/396
f 434/400/400 450/401/401 440/402/402
f 437/374/374 466/403/403 447/404/404
f 444/397/397 455/405/405 443/398/398
f 464/406/406 472/407/407 446/388/388
f 449/408/408 454/409/409 437/374/374
f 456/410/410 443/398/398 455/405/405
f 564/392/392 450/401/401 420/381/381
f 489/411/411 463/412/412 443/398/398
f 452/413/413 442/414/414 450/401/401
f 451/415/415 458/416/416 444/397/397
f 445/417/417 462/418/418 446/388/388
f 448/399/399 476/419/419 459/420/420
f 436/394/394 462/418/418 445/417/417
f 472/407/407 480/421/421 441/422/422
f 470/423/423 454/409/409 449/408/408
f 468/424/424 471/425/425 386/375/375
f 469/426/426 460/427/427 453/344/344
f 480/421/421 470/423/423 441/422/422
f 485/428/428 470/423/423 480/421/421
f 471/425/425 564/392/392 386/375/375
f 471/425/425 503/429/429 564/392/392
f 476/419/419 469/426/426 459/420/420
f 482/430/430 467/431/431 455/405/405
f 456/410/410 483/432/432 443/398/398
f 482/430/430 494/433/433 467/431/431
f 464/406/406 508/434/434 472/407/407
f 473/435/435 475/436/436 468/424/424
f 476/419/419 477/437/437 469/426/426
f 484/438/438 463/412/412 489/411/411
f 501/439/439 480/421/421 472/407/407
f 485/428/428 478/440/440 470/423/423
f 493/441/441 486/442/442 460/427/427
f 505/443/443 451/415/415 461/389/389
f 508/434/434 501/439/439 472/407/407
f 451/415/415 505/443/443 458/416/416
f 452/413/413 564/392/392 481/444/444
f 485/428/428 490/445/445 478/440/440
f 504/446/446 564/392/392 503/429/429
f 522/447/447 486/442/442 493/441/441
f 531/448/448 473/435/435 490/445/445
f 503/429/429 533/449/449 504/446/446
f 515/450/450 495/451/451 484/438/438
f 488/452/452 539/453/453 494/433/433
f 489/411/411 515/450/450 484/438/438
f 499/454/454 519/455/455 491/456/456
f 491/456/456 519/455/455 500/457/457
f 500/457/457 520/458/458 492/459/459
f 461/389/389 559/460/460 505/443/443
f 516/461/461 506/462/462 498/463/463
f 515/450/450 489/411/411 507/464/464
f 495/451/451 518/465/465 508/434/434
f 559/460/460 488/452/452 505/443/443
f 515/450/450 518/465/465 495/451/451
f 518/465/465 512/466/466 508/434/434
f 486/442/442 536/467/467 514/468/468
f 510/469/469 536/467/467 486/442/442
f 511/470/470 517/471/471 516/461/461
f 517/471/471 511/470/470 539/453/453
f 512/466/466 525/472/472 501/439/439
f 521/473/473 528/474/474 534/475/475
f 611/386/386 559/460/460 461/389/389
f 547/476/476 544/477/477 529/478/478
f 527/479/479 520/458/458 519/455/455
f 547/476/476 550/480/480 544/477/477
f 515/450/450 530/481/481 518/465/465
f 564/392/392 557/482/482 536/467/467
f 566/483/483 548/484/484 535/485/485
f 540/486/486 543/487/487 534/475/475
f 557/482/482 538/488/488 536/467/467
f 576/489/489 532/490/490 525/472/472
f 520/458/458 527/479/479 535/485/485
f 527/479/479 566/483/483 535/485/485
f 534/475/475 543/487/487 545/491/491
f 537/492/492 538/488/488 542/493/493
f 576/489/489 524/494/494 518/465/465
f 538/488/488 561/495/495 542/493/493
f 539/453/453 559/460/460 523/496/496
f 557/482/482 561/495/495 538/488/488
f 543/487/487 540/486/486 541/497/497
f 550/480/480 552/498/498 544/477/477
f 542/493/493 561/495/495 549/499/499
f 550/480/480 551/500/500 552/498/498
f 558/501/501 545/491/491 543/487/487
f 532/490/490 576/489/489 526/502/502
f 553/503/503 558/501/501 543/487/487
f 546/504/504 550/480/480 547/476/476
f 551/500/500 555/505/505 552/498/498
f 558/501/501 556/506/506 545/491/491
f 568/507/507 541/497/497 548/484/484
f 560/508/508 554/509/509 552/498/498
f 523/496/496 576/489/489 530/481/481
f 568/507/507 548/484/484 566/483/483
f 564/392/392 595/510/510 557/482/482
f 568/507/507 558/501/501 553/503/503
f 597/511/511 559/460/460 611/386/386
f 551/500/500 562/512/512 575/513/513
f 560/508/508 570/514/514 554/509/509
f 595/510/510 564/392/392 545/491/491
f 572/515/515 582/516/516 562/512/512
f 574/517/517 569/518/518 556/506/506
f 569/518/518 595/510/510 545/491/491
f 568/507/507 584/519/519 563/520/520
f 578/521/521 582/516/516 572/515/515
f 571/522/522 580/523/523 574/517/517
f 577/524/524 585/525/525 573/526/526
f 570/514/514 589/527/527 567/528/528
f 595/510/510 605/529/529 578/521/521
f 578/521/521 605/529/529 582/516/516
f 584/519/519 590/530/530 580/523/523
f 590/530/530 588/531/531 579/532/532
f 601/533/533 598/534/534 585/525/525
f 616/535/535 590/530/530 584/519/519
f 581/536/536 592/537/537 595/510/510
f 566/483/483 597/511/511 584/519/519
f 591/538/538 592/537/537 581/536/536
f 597/511/511 576/489/489 559/460/460
f 590/530/530 599/539/539 588/531/531
f 615/540/540 605/529/529 595/510/510
f 601/533/533 587/541/541 605/529/529
f 598/534/534 606/542/542 589/527/527
f 656/543/543 659/119/119 565/544/544
f 604/545/545 602/546/546 595/510/510
f 608/547/547 598/534/534 601/533/533
f 609/548/548 606/542/542 598/534/534
f 600/549/549 618/550/550 604/545/545
f 596/551/551 631/552/552 601/533/533
f 638/553/553 616/535/535 597/511/511
f 616/535/535 613/554/554 607/555/555
f 606/542/542 629/556/556 589/527/527
f 617/557/557 603/558/558 612/559/559
f 630/560/560 596/551/551 623/561/561
f 618/550/550 619/562/562 614/563/563
f 633/564/564 617/557/557 613/554/554
f 638/553/553 633/564/564 613/554/554
f 622/565/565 618/550/550 603/558/558
f 618/550/550 625/566/566 619/562/562
f 629/556/556 643/567/567 565/544/544
f 645/568/568 636/569/569 618/550/550
f 626/570/570 623/561/561 619/562/562
f 625/566/566 626/570/570 619/562/562
f 628/571/571 624/572/572 631/552/552
f 639/573/573 646/574/574 623/561/561
f 642/575/575 643/567/567 629/556/556
f 631/552/552 650/576/576 628/571/571
f 635/577/577 639/573/573 634/578/578
f 642/575/575 629/556/556 670/579/579
f 644/580/580 650/576/576 631/552/552
f 597/511/511 708/581/581 638/553/553
f 645/568/568 637/582/582 636/569/569
f 638/553/553 708/581/581 622/565/565
f 648/583/583 670/579/579 629/556/556
f 645/568/568 622/565/565 708/581/581
f 647/584/584 649/585/585 646/574/574
f 611/386/386 830/586/586 597/511/511
f 680/587/587 642/575/575 670/579/579
f 653/588/588 676/589/589 646/574/574
f 630/560/560 666/590/590 644/580/580
f 642/575/575 675/591/591 643/567/567
f 708/581/581 660/592/592 637/582/582
f 688/593/593 680/587/587 670/579/579
f 656/543/543 672/594/594 659/119/119
f 681/595/595 642/575/575 663/596/596
f 661/597/597 672/594/594 656/543/543
f 630/560/560 676/589/589 702/598/598
f 686/599/599 662/600/600 655/601/601
f 675/591/591 664/602/602 643/567/567
f 642/575/575 691/603/603 675/591/591
f 787/604/604 659/119/119 773/605/605
f 708/581/581 692/606/606 660/592/592
f 672/594/594 696/607/607 659/119/119
f 657/608/608 667/609/609 668/610/610
f 666/590/590 731/611/611 669/612/612
f 667/609/609 679/613/613 668/610/610
f 662/600/600 715/614/614 670/579/579
f 728/615/615 688/593/593 670/579/579
f 728/615/615 687/616/616 688/593/593
f 674/617/617 689/618/618 688/593/593
f 663/596/596 690/619/619 681/595/595
f 681/595/595 716/620/620 691/603/603
f 677/621/621 704/622/622 678/623/623
f 692/606/606 679/613/613 667/609/609
f 684/624/624 680/587/587 689/618/618
f 676/589/589 781/625/625 702/598/598
f 670/579/579 715/614/614 728/615/615
f 707/626/626 698/627/627 672/594/594
f 733/628/628 688/593/593 687/616/616
f 689/618/618 693/629/629 684/624/624
f 675/591/591 706/630/630 685/631/631
f 659/119/119 758/632/632 773/605/605
f 709/633/633 679/613/613 692/606/606
f 701/634/634 710/635/635 676/589/589
f 711/636/636 669/612/612 731/611/611
f 711/636/636 712/637/637 669/612/612
f 728/615/615 703/638/638 687/616/616
f 674/617/617 724/639/639 689/618/618
f 736/640/640 690/619/619 684/624/624
f 691/603/603 700/641/641 675/591/591
f 753/642/642 723/643/643 674/617/617
f 736/640/640 697/644/644 690/619/619
f 694/645/645 704/622/622 677/621/621
f 718/646/646 707/626/626 704/622/622
f 716/620/620 725/647/647 691/603/603
f 780/648/648 709/633/633 692/606/606
f 707/626/626 727/649/649 698/627/627
f 683/650/650 732/651/651 715/614/614
f 708/581/581 780/648/648 692/606/606
f 755/652/652 702/598/598 781/625/625
f 700/641/641 726/653/653 675/591/591
f 694/645/645 719/654/654 704/622/622
f 780/648/648 752/655/655 709/633/633
f 722/656/656 732/651/651 683/650/650
f 714/657/657 719/654/654 694/645/645
f 731/611/611 774/658/658 711/636/636
f 767/659/659 722/656/656 712/637/637
f 733/628/628 765/660/660 753/642/642
f 716/620/620 737/661/661 725/647/647
f 729/662/662 726/653/653 700/641/641
f 732/651/651 728/615/615 715/614/614
f 747/663/663 769/664/664 716/620/620
f 769/664/664 737/661/661 716/620/620
f 722/656/656 744/665/665 732/651/651
f 732/651/651 739/666/666 728/615/615
f 756/667/667 741/668/668 729/662/662
f 729/662/662 741/668/668 726/653/653
f 737/661/661 756/667/667 725/647/647
f 741/668/668 713/669/669 726/653/653
f 749/670/670 743/671/671 721/672/672
f 755/652/652 774/658/658 731/611/611
f 738/673/673 766/674/674 734/675/675
f 757/676/676 758/632/632 717/677/677
f 719/654/654 762/678/678 730/679/679
f 758/632/632 772/680/680 773/605/605
f 744/665/665 739/666/666 732/651/651
f 757/676/676 768/681/681 758/632/632
f 739/666/666 759/682/682 740/683/683
f 761/684/684 751/685/685 706/630/630
f 766/674/674 770/686/686 757/676/676
f 1441/687/687 830/586/586 611/386/386
f 754/688/688 747/663/663 736/640/640
f 799/689/689 761/684/684 713/669/669
f 730/679/679 766/674/674 738/673/673
f 768/681/681 771/690/690 758/632/632
f 740/683/683 764/691/691 765/660/660
f 786/692/692 746/693/693 745/694/694
f 769/664/664 808/695/695 748/696/696
f 770/686/686 768/681/681 757/676/676
f 771/690/690 760/697/697 758/632/632
f 760/697/697 772/680/680 758/632/632
f 799/689/689 802/698/698 751/685/685
f 764/691/691 792/699/699 765/660/660
f 807/700/700 743/671/671 776/701/701
f 763/702/702 777/703/703 744/665/665
f 759/682/682 792/699/699 764/691/691
f 773/605/605 782/704/704 779/705/705
f 807/700/700 781/625/625 743/671/671
f 913/706/706 5/6/6 787/604/604
f 780/648/648 804/707/707 783/708/708
f 783/708/708 807/700/700 776/701/701
f 795/709/709 789/710/710 755/652/652
f 785/711/711 808/695/695 769/664/664
f 796/712/712 813/713/713 762/678/678
f 803/714/714 790/715/715 773/605/605
f 794/716/716 779/705/705 782/704/704
f 851/717/717 872/718/718 787/604/604
f 803/714/714 810/719/719 790/715/715
f 808/695/695 798/720/720 775/721/721
f 789/710/710 812/722/722 755/652/652
f 799/689/689 805/723/723 802/698/698
f 795/709/709 811/724/724 789/710/710
f 755/652/652 812/722/722 825/725/725
f 852/726/726 862/727/727 5/6/6
f 807/700/700 820/728/728 815/729/729
f 791/730/730 792/699/699 759/682/682
f 788/731/731 831/732/732 793/733/733
f 815/729/729 811/724/724 795/709/709
f 798/720/720 805/723/723 799/689/689
f 806/734/734 813/713/713 796/712/712
f 792/699/699 809/735/735 801/736/736
f 808/695/695 805/723/723 798/720/720
f 822/737/737 800/738/738 804/707/707
f 811/724/724 839/739/739 812/722/722
f 784/740/740 808/695/695 785/711/711
f 814/741/741 816/742/742 803/714/714
f 797/743/743 835/744/744 851/717/717
f 812/722/722 850/745/745 825/725/725
f 813/713/713 819/746/746 824/747/747
f 826/748/748 831/732/732 788/731/731
f 817/749/749 823/750/750 800/738/738
f 805/723/723 806/734/734 796/712/712
f 881/751/751 913/706/706 787/604/604
f 821/752/752 809/735/735 792/699/699
f 848/753/753 874/754/754 808/695/695
f 866/755/755 792/699/699 777/703/703
f 821/752/752 848/753/753 809/735/735
f 835/744/744 849/756/756 851/717/717
f 837/757/757 817/749/749 833/758/758
f 841/759/759 827/760/760 816/742/742
f 828/761/761 832/762/762 829/763/763
f 825/725/725 866/755/755 777/703/703
f 893/764/764 900/765/765 805/723/723
f 900/765/765 806/734/734 805/723/723
f 820/728/728 846/766/766 818/767/767
f 908/768/768 862/727/727 852/726/726
f 837/757/757 843/769/769 817/749/749
f 844/770/770 856/771/771 825/725/725
f 826/748/748 840/772/772 831/732/732
f 868/773/773 834/774/774 827/760/760
f 846/766/766 838/775/775 818/767/767
f 939/776/776 792/699/699 866/755/755
f 828/761/761 876/777/777 832/762/762
f 855/778/778 860/779/779 835/744/744
f 868/773/773 865/780/780 834/774/774
f 865/780/780 876/777/777 834/774/774
f 876/777/777 828/761/761 834/774/774
f 847/781/781 863/782/782 839/739/739
f 853/783/783 959/784/784 843/769/769
f 874/754/754 899/785/785 893/764/764
f 889/786/786 840/772/772 878/787/787
f 846/766/766 959/784/784 838/775/775
f 856/771/771 844/770/770 850/745/745
f 852/726/726 946/788/788 908/768/768
f 1441/687/687 879/789/789 830/586/586
f 938/790/790 866/755/755 904/791/791
f 877/792/792 959/784/784 853/783/783
f 857/793/793 906/794/794 819/746/746
f 875/795/795 895/796/796 912/797/797
f 859/798/798 886/799/799 855/778/778
f 891/800/800 861/801/801 849/756/756
f 870/802/802 850/745/745 863/782/782
f 819/746/746 906/794/794 867/803/803
f 876/777/777 952/804/804 902/805/805
f 902/805/805 932/806/806 859/798/798
f 910/807/807 905/808/808 857/793/793
f 884/809/809 863/782/782 854/810/810
f 923/811/811 898/812/812 821/752/752
f 890/813/813 876/777/777 865/780/780
f 872/718/718 903/814/814 881/751/751
f 907/815/815 927/816/816 868/773/773
f 959/784/784 884/809/809 873/817/817
f 924/818/818 871/819/819 898/812/812
f 897/820/820 891/800/800 869/821/821
f 882/822/822 985/823/823 852/726/726
f 879/789/789 1189/824/824 877/792/792
f 887/825/825 915/826/826 862/727/727
f 892/827/827 904/791/791 856/771/771
f 871/819/819 924/818/818 874/754/754
f 878/787/787 951/828/828 889/786/786
f 989/829/829 1029/830/830 862/727/727
f 925/831/831 928/832/832 872/718/718
f 883/833/833 968/834/834 887/825/825
f 942/835/835 943/836/836 895/796/796
f 912/797/797 951/828/828 878/787/787
f 913/706/706 1005/837/837 1096/838/838
f 932/806/806 953/839/839 933/840/840
f 985/823/823 946/788/788 852/726/726
f 959/784/784 931/841/841 884/809/809
f 898/812/812 917/842/842 963/843/843
f 994/844/844 981/845/845 893/764/764
f 926/846/846 918/847/847 911/848/848
f 944/849/849 913/706/706 922/850/850
f 931/841/841 948/851/851 909/852/852
f 910/807/807 971/853/853 905/808/808
f 952/804/804 1004/854/854 902/805/805
f 974/855/855 897/820/820 896/856/856
f 1008/857/857 926/846/846 911/848/848
f 912/797/797 1014/858/858 951/828/828
f 897/820/820 1062/859/859 919/860/860
f 930/861/861 956/862/862 921/863/863
f 934/864/864 957/865/865 922/850/850
f 999/866/866 935/867/867 914/868/868
f 961/869/869 892/827/827 960/870/870
f 962/871/871 916/872/872 892/827/827
f 992/873/873 939/776/776 938/790/790
f 968/834/834 1009/874/874 947/875/875
f 989/829/829 1028/876/876 1029/830/830
f 1045/877/877 1008/857/857 894/878/878
f 965/879/879 997/880/880 966/881/881
f 1019/882/882 913/706/706 944/849/849
f 1096/838/838 999/866/866 914/868/868
f 936/883/883 1021/884/884 1041/885/885
f 959/784/784 1002/886/886 931/841/841
f 961/869/869 986/887/887 892/827/827
f 977/888/888 940/889/889 885/890/890
f 926/846/846 973/891/891 942/835/835
f 943/836/836 1032/892/892 1014/858/858
f 1024/893/893 1039/894/894 885/890/890
f 955/895/895 1018/896/896 930/861/861
f 969/897/897 948/851/851 931/841/841
f 993/898/898 970/899/899 963/843/843
f 901/900/900 1004/854/854 952/804/804
f 1027/901/901 937/902/902 908/768/768
f 1038/903/903 1044/904/904 939/776/776
f 923/811/811 987/905/905 950/906/906
f 978/907/907 972/908/908 926/846/846
f 984/909/909 958/910/910 957/865/865
f 991/911/911 992/873/873 962/871/871
f 1035/912/912 1018/896/896 955/895/895
f 984/909/909 1050/913/913 958/910/910
f 1050/913/913 1019/882/882 958/910/910
f 967/914/914 1005/837/837 945/915/915
f 1007/916/916 963/843/843 917/842/842
f 963/843/843 1007/916/916 993/898/898
f 977/888/888 1013/917/917 971/853/853
f 1047/918/918 974/855/855 954/919/919
f 967/914/914 1058/920/920 1005/837/837
f 1001/921/921 989/829/829 1023/922/922
f 986/887/887 991/911/911 962/871/871
f 991/911/911 1006/923/923 992/873/873
f 995/924/924 1062/859/859 897/820/820
f 1068/925/925 1022/926/926 937/902/902
f 1012/927/927 994/844/844 970/899/899
f 973/891/891 972/908/908 1032/892/892
f 1014/858/858 1046/928/928 951/828/828
f 1033/929/929 1034/930/930 954/919/919
f 1017/931/931 929/932/932 980/933/933
f 998/934/934 1084/935/935 983/936/936
f 1084/935/935 984/909/909 956/862/862
f 1063/937/937 1050/913/913 984/909/909
f 1050/913/913 1036/938/938 1019/882/882
f 1042/939/939 946/788/788 985/823/823
f 991/911/911 1069/940/940 1006/923/923
f 1056/941/941 1004/854/854 1003/942/942
f 1040/943/943 1017/931/931 980/933/933
f 1084/935/935 1063/937/937 984/909/909
f 1021/884/884 1090/944/944 1041/885/885
f 1007/916/916 1011/945/945 993/898/898
f 994/844/844 1072/946/946 981/845/845
f 1039/894/894 1030/947/947 977/888/888
f 1105/948/948 1048/949/949 996/950/950
f 1048/949/949 1015/951/951 997/880/880
f 1107/952/952 1002/886/886 1189/824/824
f 1043/953/953 1069/940/940 986/887/887
f 1006/923/923 1038/903/903 992/873/873
f 1030/947/947 1013/917/917 977/888/888
f 978/907/907 1067/954/954 972/908/908
f 1032/892/892 1055/955/955 1014/858/858
f 1058/920/920 988/956/956 1019/882/882
f 1058/920/920 1074/957/957 1005/837/837
f 1020/958/958 1059/959/959 1021/884/884
f 1053/960/960 1054/961/961 990/962/962
f 1060/963/963 1027/901/901 1000/964/964
f 1080/965/965 1012/927/927 970/899/899
f 1031/966/966 1013/917/917 1030/947/947
f 1083/967/967 1032/892/892 972/908/908
f 1106/968/968 1001/921/921 1023/922/922
f 1037/969/969 1053/960/960 969/897/897
f 1105/948/948 1129/970/970 1048/949/949
f 1026/971/971 1040/943/943 1016/972/972
f 1021/884/884 1059/959/959 1090/944/944
f 1042/939/939 1119/973/973 1000/964/964
f 1093/974/974 1039/894/894 1024/893/893
f 1032/892/892 1083/967/967 1055/955/955
f 1158/975/975 1034/930/930 1004/854/854
f 1017/931/931 1117/976/976 1035/912/912
f 1113/977/977 1064/978/978 1028/876/876
f 1078/979/979 1091/980/980 1029/830/830
f 1067/954/954 1083/967/967 972/908/908
f 1055/955/955 1103/981/981 1014/858/858
f 1110/982/982 1067/954/954 1045/877/877
f 1084/935/935 1123/983/983 1063/937/937
f 1140/984/984 1075/985/985 1096/838/838
f 1042/939/939 1131/986/986 1119/973/973
f 1053/960/960 1085/987/987 1054/961/961
f 1104/988/988 1105/948/948 1057/989/989
f 1068/925/925 1120/990/990 1022/926/926
f 1001/921/921 1099/991/991 1076/992/992
f 1085/987/987 1121/993/993 1061/994/994
f 1128/995/995 1082/996/996 1039/894/894
f 1118/997/997 1058/920/920 1036/938/938
f 4/998/998 1/3/3 114/113/113
f 1095/999/999 1081/1000/1000 1012/927/927
f 1118/997/997 1142/1001/1001 1058/920/920
f 1143/1002/1002 1101/1003/1003 1005/837/837
f 1090/944/944 1112/1004/1004 1098/1005/1005
f 1099/991/991 1156/1006/1006 1076/992/992
f 1065/1007/1007 1085/987/987 1053/960/960
f 1115/1008/1008 987/905/905 1071/1009/1009
f 1011/945/945 1007/916/916 1092/1010/1010
f 1158/975/975 1017/931/931 1040/943/943
f 1098/1005/1005 1141/1011/1011 1042/939/939
f 1102/1012/1012 1091/980/980 1078/979/979
f 1034/930/930 1104/988/988 1047/918/918
f 1158/975/975 1040/943/943 1129/970/970
f 1136/1013/1013 1123/983/983 1084/935/935
f 1147/1014/1014 1094/1015/1015 1069/940/940
f 1055/955/955 1163/1016/1016 1103/981/981
f 1017/931/931 1158/975/975 1117/976/976
f 1059/959/959 1112/1004/1004 1090/944/944
f 1220/1017/1017 1085/987/987 1065/1007/1007
f 1141/1011/1011 1131/986/986 1042/939/939
f 1089/1018/1018 1125/1019/1019 1096/838/838
f 1220/1017/1017 1065/1007/1007 1107/952/952
f 1162/1020/1020 1088/1021/1021 1087/1022/1022
f 1137/1023/1023 1082/996/996 1128/995/995
f 1148/1024/1024 1122/1025/1025 1083/967/967
f 1158/975/975 1105/948/948 1104/988/988
f 1123/983/983 1118/997/997 1100/1026/1026
f 1171/1027/1027 1110/982/982 1109/1028/1028
f 1158/975/975 1104/988/988 1034/930/930
f 1158/975/975 1129/970/970 1105/948/948
f 1191/1029/1029 1077/1030/1030 1132/1031/1031
f 1103/981/981 1172/1032/1032 1173/1033/1033
f 1139/1034/1034 1125/1019/1019 1089/1018/1018
f 1135/1035/1035 1115/1008/1008 1114/1036/1036
f 1135/1035/1035 1108/1037/1037 1011/945/945
f 1131/986/986 1144/1038/1038 1119/973/973
f 1144/1038/1038 1126/1039/1039 1119/973/973
f 1155/1040/1040 1106/968/968 1120/990/990
f 1200/1041/1041 1161/1042/1042 1146/1043/1043
f 1204/1044/1044 1165/1045/1045 1102/1012/1012
f 1162/1020/1020 1095/999/999 1108/1037/1037
f 1138/1046/1046 1171/1027/1027 1109/1028/1028
f 1175/1047/1047 1145/1048/1048 1106/968/968
f 1196/1049/1049 1177/1050/1050 1173/1033/1033
f 1117/976/976 1158/975/975 1136/1013/1013
f 1123/983/983 1252/1051/1051 1118/997/997
f 1187/1052/1052 1184/1053/1053 1059/959/959
f 1157/1054/1054 1152/1055/1055 1127/1056/1056
f 1111/1057/1057 1180/1058/1058 1143/1002/1002
f 1160/1059/1059 1126/1039/1039 1144/1038/1038
f 1185/1060/1060 1169/1061/1061 1155/1040/1040
f 1110/982/982 1195/1062/1062 1148/1024/1024
f 1179/1063/1063 1172/1032/1032 1163/1016/1016
f 1177/1050/1050 1206/1064/1064 1056/941/941
f 1156/1006/1006 1145/1048/1048 1175/1047/1047
f 1157/1054/1054 1135/1035/1035 1152/1055/1055
f 1176/1065/1065 1166/1066/1066 1138/1046/1046
f 1178/1067/1067 1159/1068/1068 1168/1069/1069
f 1185/1060/1060 1120/990/990 1203/1070/1070
f 1169/1061/1061 1175/1047/1047 1155/1040/1040
f 1193/1071/1071 1162/1020/1020 1108/1037/1037
f 1180/1058/1058 1153/1072/1072 1143/1002/1002
f 1194/1073/1073 1195/1062/1062 1110/982/982
f 1206/1064/1064 1158/975/975 1056/941/941
f 1183/1074/1074 1130/1075/1075 1182/1076/1076
f 1197/1077/1077 1182/1076/1076 1164/1078/1078
f 1135/1035/1035 1193/1071/1071 1108/1037/1037
f 1186/1079/1079 1175/1047/1047 1169/1061/1061
f 1190/1080/1080 1135/1035/1035 1157/1054/1054
f 1271/1081/1081 1158/975/975 1206/1064/1064
f 1224/1082/1082 1160/1059/1059 1178/1067/1067
f 1211/1083/1083 1207/1084/1084 1188/1085/1085
f 1183/1074/1074 1187/1052/1052 1167/1086/1086
f 1186/1079/1079 1188/1085/1085 1175/1047/1047
f 1205/1087/1087 1206/1064/1064 1177/1050/1050
f 1218/1088/1088 1181/1089/1089 1180/1058/1058
f 1219/1090/1090 1154/1091/1091 1184/1053/1053
f 1214/1092/1092 1209/1093/1093 1147/1014/1014
f 1252/1051/1051 1218/1088/1088 1111/1057/1057
f 1228/1094/1094 1183/1074/1074 1197/1077/1077
f 1190/1080/1080 1193/1071/1071 1135/1035/1035
f 1213/1095/1095 1187/1052/1052 1183/1074/1074
f 1232/1096/1096 1150/1097/1097 1207/1084/1084
f 1253/1098/1098 1204/1044/1044 1208/1099/1099
f 1228/1094/1094 1213/1095/1095 1183/1074/1074
f 1208/1099/1099 1204/1044/1044 1200/1041/1041
f 1225/1100/1100 1197/1077/1077 1192/1101/1101
f 1222/1102/1102 1202/1103/1103 1221/1104/1104
f 1301/1105/1105 1166/1066/1066 1193/1071/1071
f 1205/1087/1087 1234/1106/1106 1206/1064/1064
f 1234/1106/1106 1238/1107/1107 1206/1064/1064
f 1345/1108/1108 1158/975/975 1271/1081/1081
f 1260/1109/1109 1219/1090/1090 1187/1052/1052
f 1233/1110/1110 1215/1111/1111 1212/1112/1112
f 1228/1094/1094 1259/1113/1113 1213/1095/1095
f 1246/1114/1114 1234/1106/1106 1217/1115/1115
f 1249/1116/1116 1224/1082/1082 1216/1117/1117
f 1226/1118/1118 1244/1119/1119 1201/1120/1120
f 1229/1121/1121 1236/1122/1122 1222/1102/1102
f 1261/1123/1123 1198/1124/1124 1219/1090/1090
f 1242/1125/1125 1227/1126/1126 1215/1111/1111
f 1294/1127/1127 1186/1079/1079 1199/1128/1128
f 1239/1129/1129 1243/1130/1130 1225/1100/1100
f 1260/1109/1109 1261/1123/1123 1219/1090/1090
f 1236/1122/1122 1256/1131/1131 1223/1132/1132
f 1250/1133/1133 1244/1119/1119 1226/1118/1118
f 1158/975/975 1319/1134/1134 1252/1051/1051
f 1252/1051/1051 1258/1135/1135 1218/1088/1088
f 1282/1136/1136 1279/1137/1137 1228/1094/1094
f 1228/1094/1094 1279/1137/1137 1259/1113/1113
f 1249/1116/1116 1265/1138/1138 1224/1082/1082
f 1262/1139/1139 1283/1140/1140 1253/1098/1098
f 1258/1135/1135 1282/1136/1136 1243/1130/1130
f 1274/1141/1141 1278/1142/1142 1235/1143/1143
f 1276/1144/1144 1211/1083/1083 1266/1145/1145
f 1301/1105/1105 1245/1146/1146 1240/1147/1147
f 1257/1148/1148 1247/1149/1149 1241/1150/1150
f 1275/1151/1151 1276/1144/1144 1266/1145/1145
f 1257/1148/1148 1241/1150/1150 1269/1152/1152
f 1264/1153/1153 1237/1154/1154 1270/1155/1155
f 1237/1154/1154 1264/1153/1153 1251/1156/1156
f 1294/1127/1127 1290/1157/1157 1186/1079/1079
f 1301/1105/1105 1193/1071/1071 1190/1080/1080
f 1214/1092/1092 1121/993/993 1220/1017/1017
f 1316/1158/1158 1261/1123/1123 1260/1109/1109
f 1441/687/687 1220/1017/1017 1189/824/824
f 1254/1159/1159 1277/1160/1160 1284/1161/1161
f 1273/1162/1162 1274/1141/1141 1255/1163/1163
f 1245/1146/1146 1277/1160/1160 1254/1159/1159
f 1283/1140/1140 1300/1164/1164 1286/1165/1165
f 1286/1165/1165 1291/1166/1166 1250/1133/1133
f 1287/1167/1167 1321/1168/1168 1263/1169/1169
f 1362/1170/1170 1257/1148/1148 1269/1152/1152
f 1303/1171/1171 1278/1142/1142 1274/1141/1141
f 1296/1172/1172 1249/1116/1116 1267/1173/1173
f 1281/1174/1174 1308/1175/1175 1268/1176/1176
f 1338/1177/1177 1362/1170/1170 1269/1152/1152
f 1299/1178/1178 1276/1144/1144 1275/1151/1151
f 1345/1108/1108 1333/1179/1179 1158/975/975
f 1272/1180/1180 1282/1136/1136 1258/1135/1135
f 1310/1181/1181 1287/1167/1167 1291/1166/1166
f 1302/1182/1182 1270/1155/1155 1362/1170/1170
f 1346/1183/1183 1337/1184/1184 1282/1136/1136
f 1285/1185/1185 1307/1186/1186 1293/1187/1187
f 1300/1164/1164 1291/1166/1166 1286/1165/1165
f 1302/1182/1182 1315/1188/1188 1292/1189/1189
f 1305/1190/1190 1303/1171/1171 1292/1189/1189
f 1308/1175/1175 1334/1191/1191 1283/1140/1140
f 1310/1181/1181 1321/1168/1168 1287/1167/1167
f 1336/1192/1192 1319/1134/1134 1311/1193/1193
f 1359/1194/1194 1346/1183/1183 1282/1136/1136
f 1300/1164/1164 1310/1181/1181 1291/1166/1166
f 1301/1105/1105 1338/1177/1177 1277/1160/1160
f 1271/1081/1081 1314/1195/1195 1364/1196/1196
f 1345/1108/1108 1323/1197/1197 1333/1179/1179
f 1214/1092/1092 1301/1105/1105 1190/1080/1080
f 1404/1198/1198 1318/1199/1199 1271/1081/1081
f 1281/1174/1174 1347/1200/1200 1308/1175/1175
f 1350/1201/1201 1279/1137/1137 1337/1184/1184
f 1316/1158/1158 1355/1202/1202 1317/1203/1203
f 1298/1204/1204 1347/1200/1200 1295/1205/1205
f 1344/1206/1206 1345/1108/1108 1306/1207/1207
f 1319/1134/1134 1336/1192/1192 1354/1208/1208
f 1348/1209/1209 1315/1188/1188 1302/1182/1182
f 1318/1199/1199 1322/1210/1210 1306/1207/1207
f 1350/1201/1201 1316/1158/1158 1279/1137/1137
f 1328/1211/1211 1364/1196/1196 1314/1195/1195
f 1329/1212/1212 1359/1194/1194 1272/1180/1180
f 1317/1203/1203 1357/1213/1213 1326/1214/1214
f 1339/1215/1215 1325/1216/1216 1312/1217/1217
f 1380/1218/1218 1344/1206/1206 1306/1207/1207
f 1351/1219/1219 1297/1220/1220 1320/1221/1221
f 1327/1222/1222 1304/1223/1223 1315/1188/1188
f 1360/1224/1224 1296/1172/1172 1326/1214/1214
f 1360/1224/1224 1330/1225/1225 1296/1172/1172
f 1343/1226/1226 1339/1215/1215 1312/1217/1217
f 1327/1222/1222 1328/1211/1211 1304/1223/1223
f 1404/1198/1198 1331/1227/1227 1318/1199/1199
f 1377/1228/1228 1353/1229/1229 1345/1108/1108
f 1355/1202/1202 1356/1230/1230 1317/1203/1203
f 1376/1231/1231 1348/1209/1209 1302/1182/1182
f 1396/1232/1232 1369/1233/1233 1341/1234/1234
f 1351/1219/1219 1347/1200/1200 1298/1204/1204
f 1328/1211/1211 1427/1235/1235 1364/1196/1196
f 1349/1236/1236 1341/1234/1234 1333/1179/1179
f 1418/1237/1237 1405/1238/1238 1319/1134/1134
f 1337/1184/1184 1383/1239/1239 1350/1201/1201
f 1322/1210/1210 1358/1240/1240 1332/1241/1241
f 1319/1134/1134 1405/1238/1238 1342/1242/1242
f 1351/1219/1219 1320/1221/1221 1399/1243/1243
f 1346/1183/1183 1402/1244/1244 1337/1184/1184
f 1366/1245/1245 1330/1225/1225 1360/1224/1224
f 1366/1245/1245 1343/1226/1226 1330/1225/1225
f 1351/1219/1219 1374/1246/1246 1347/1200/1200
f 1468/1247/1247 1338/1177/1177 1301/1105/1105
f 1377/1228/1228 1378/1248/1248 1353/1229/1229
f 1381/1249/1249 1349/1236/1236 1353/1229/1229
f 1354/1208/1208 1382/1250/1250 1352/1251/1251
f 1362/1170/1170 1376/1231/1231 1302/1182/1182
f 1379/1252/1252 1331/1227/1227 1404/1198/1198
f 1396/1232/1232 1384/1253/1253 1369/1233/1233
f 1359/1194/1194 1370/1254/1254 1397/1255/1255
f 1356/1230/1230 1367/1256/1256 1357/1213/1213
f 1347/1200/1200 1374/1246/1246 1335/1257/1257
f 1328/1211/1211 1420/1258/1258 1427/1235/1235
f 1378/1248/1248 1381/1249/1249 1353/1229/1229
f 1385/1259/1259 1355/1202/1202 1363/1260/1260
f 1362/1170/1170 1468/1247/1247 1376/1231/1231
f 1399/1243/1243 1387/1261/1261 1351/1219/1219
f 1375/1262/1262 1393/1263/1263 1369/1233/1233
f 1411/1264/1264 1436/1265/1265 1329/1212/1212
f 1358/1240/1240 1400/1266/1266 1368/1267/1267
f 1436/1265/1265 1370/1254/1254 1329/1212/1212
f 1386/1268/1268 1398/1269/1269 1356/1230/1230
f 1414/1270/1270 1399/1243/1243 1373/1271/1271
f 1351/1219/1219 1408/1272/1272 1374/1246/1246
f 1384/1253/1253 1409/1273/1273 1375/1262/1262
f 1486/1274/1274 1389/1275/1275 1376/1231/1231
f 1421/1276/1276 1435/1277/1277 1380/1218/1218
f 1401/1278/1278 1378/1248/1248 1435/1277/1277
f 1432/1279/1279 1408/1272/1272 1387/1261/1261
f 1424/1280/1280 1374/1246/1246 1408/1272/1272
f 1454/1281/1281 1420/1258/1258 1340/1282/1282
f 1390/1283/1283 1434/1284/1284 1425/1285/1285
f 1410/1286/1286 1429/1287/1287 1388/1288/1288
f 1464/1289/1289 1405/1238/1238 1418/1237/1237
f 1379/1252/1252 1434/1284/1284 1390/1283/1283
f 1429/1287/1287 1416/1290/1290 1393/1263/1263
f 1440/1291/1291 1442/1292/1292 1397/1255/1255
f 1385/1259/1259 1423/1293/1293 1386/1268/1268
f 1444/1294/1294 1421/1276/1276 1368/1267/1267
f 1392/1295/1295 1445/1296/1296 1396/1232/1232
f 1396/1232/1232 1445/1296/1296 1384/1253/1253
f 1407/1297/1297 1452/1298/1298 1402/1244/1244
f 1453/1299/1299 1391/1300/1300 1371/1301/1301
f 1424/1280/1280 1433/1302/1302 1374/1246/1246
f 1401/1278/1278 1438/1303/1303 1415/1304/1304
f 1486/1274/1274 1395/1305/1305 1389/1275/1275
f 1422/1306/1306 1438/1303/1303 1401/1278/1278
f 1419/1307/1307 1398/1269/1269 1423/1293/1293
f 1477/1308/1308 1454/1281/1281 1395/1305/1305
f 1460/1309/1309 1426/1310/1310 1398/1269/1269
f 1435/1277/1277 1455/1311/1311 1422/1306/1306
f 1428/1312/1312 1439/1313/1313 1409/1273/1273
f 1486/1274/1274 1477/1308/1308 1395/1305/1305
f 1427/1235/1235 1495/1314/1314 1404/1198/1198
f 1436/1265/1265 1490/1315/1315 1406/1316/1316
f 1412/1317/1317 1459/1318/1318 1423/1293/1293
f 1376/1231/1231 1468/1247/1247 1486/1274/1274
f 1434/1284/1284 1457/1319/1319 1425/1285/1285
f 1453/1299/1299 1462/1320/1320 1391/1300/1300
f 1476/1321/1321 1500/1322/1322 1335/1257/1257
f 1420/1258/1258 1487/1323/1323 1427/1235/1235
f 1437/1324/1324 1461/1325/1325 1431/1326/1326
f 1496/1327/1327 1458/1328/1328 1417/1329/1329
f 1497/1330/1330 1405/1238/1238 1464/1289/1289
f 1411/1264/1264 1490/1315/1315 1436/1265/1265
f 1461/1325/1325 1453/1299/1299 1431/1326/1326
f 1439/1313/1313 1445/1296/1296 1429/1287/1287
f 1406/1316/1316 1493/1331/1331 1440/1291/1291
f 1448/1332/1332 1426/1310/1310 1460/1309/1309
f 1438/1303/1303 1544/1333/1333 1445/1296/1296
f 1448/1332/1332 1461/1325/1325 1437/1324/1324
f 1433/1302/1302 1482/1334/1334 1476/1321/1321
f 1457/1319/1319 1489/1335/1335 1450/1336/1336
f 1544/1333/1333 1446/1337/1337 1445/1296/1296
f 1503/1338/1338 1484/1339/1339 1444/1294/1294
f 1497/1330/1330 1490/1315/1315 1405/1238/1238
f 1476/1321/1321 1494/1340/1340 1500/1322/1322
f 1491/1341/1341 1456/1342/1342 1458/1328/1328
f 1467/1343/1343 1480/1344/1344 1459/1318/1318
f 1479/1345/1345 1489/1335/1335 1457/1319/1319
f 1496/1327/1327 1491/1341/1341 1458/1328/1328
f 1482/1334/1334 1498/1346/1346 1476/1321/1321
f 1504/1347/1347 1456/1342/1342 1491/1341/1341
f 1461/1325/1325 1502/1348/1348 1462/1320/1320
f 1462/1320/1320 1502/1348/1348 1449/1349/1349
f 1463/1350/1350 1485/1351/1351 1482/1334/1334
f 1486/1274/1274 1527/1352/1352 1477/1308/1308
f 1502/1348/1348 1461/1325/1325 1448/1332/1332
f 1499/1353/1353 1494/1340/1340 1476/1321/1321
f 1500/1322/1322 1512/1354/1354 1518/1355/1355
f 1487/1323/1323 1483/1356/1356 1506/1357/1357
f 1495/1314/1314 1532/1358/1358 1509/1359/1359
f 1597/1360/1360 1474/1361/1361 1480/1344/1344
f 1485/1351/1351 1516/1362/1362 1498/1346/1346
f 1509/1359/1359 1547/1363/1363 1488/1364/1364
f 1523/1365/1365 1544/1333/1333 1470/1366/1366
f 1493/1331/1331 1534/1367/1367 1478/1368/1368
f 1497/1330/1330 1511/1369/1369 1490/1315/1315
f 1533/1370/1370 1491/1341/1341 1496/1327/1327
f 1494/1340/1340 1515/1371/1371 1500/1322/1322
f 1502/1348/1348 1528/1372/1372 1514/1373/1373
f 1500/1322/1322 1515/1371/1371 1535/1374/1374
f 1508/1375/1375 1546/1376/1376 1532/1358/1358
f 1541/1377/1377 1489/1335/1335 1519/1378/1378
f 1541/1377/1377 1523/1365/1365 1503/1338/1338
f 1516/1362/1362 1517/1379/1379 1498/1346/1346
f 1533/1370/1370 1504/1347/1347 1491/1341/1341
f 1526/1380/1380 1551/1381/1381 1512/1354/1354
f 1505/1382/1382 1536/1383/1383 1483/1356/1356
f 1483/1356/1356 1536/1383/1383 1506/1357/1357
f 1506/1357/1357 1536/1383/1383 1507/1384/1384
f 1556/1385/1385 1545/1386/1386 1510/1387/1387
f 1522/1388/1388 1547/1363/1363 1509/1359/1359
f 1524/1389/1389 1554/1390/1390 1520/1391/1391
f 1542/1392/1392 1549/1393/1393 1511/1369/1369
f 1587/1394/1394 1502/1348/1348 1448/1332/1332
f 1579/1395/1395 1507/1384/1384 1536/1383/1383
f 1537/1396/1396 1567/1397/1397 1529/1398/1398
f 1539/1399/1399 1535/1374/1374 1515/1371/1371
f 1579/1395/1395 1546/1376/1376 1507/1384/1384
f 1556/1385/1385 1566/1400/1400 1545/1386/1386
f 1561/1401/1401 1551/1381/1381 1526/1380/1380
f 1551/1381/1381 1563/1402/1402 1569/1403/1403
f 1597/1360/1360 1501/1404/1404 1478/1368/1368
f 1530/1405/1405 1468/1247/1247 1564/1406/1406
f 1560/1407/1407 1558/1408/1408 1516/1362/1362
f 1538/1409/1409 1540/1410/1410 1505/1382/1382
f 1522/1388/1388 1559/1411/1411 1547/1363/1363
f 1524/1389/1389 1578/1412/1412 1554/1390/1390
f 1554/1390/1390 1575/1413/1413 1542/1392/1392
f 1546/1376/1376 1589/1414/1414 1522/1388/1388
f 1555/1415/1415 1614/1416/1416 1541/1377/1377
f 1614/1416/1416 1523/1365/1365 1541/1377/1377
f 1581/1417/1417 1561/1401/1401 1553/1418/1418
f 1576/1419/1419 1540/1410/1410 1538/1409/1409
f 1517/1379/1379 1571/1420/1420 1525/1421/1421
f 1571/1420/1420 1583/1422/1422 1525/1421/1421
f 1539/1399/1399 1581/1417/1417 1553/1418/1418
f 1590/1423/1423 1562/1424/1424 1544/1333/1333
f 1566/1400/1400 1574/1425/1425 1545/1386/1386
f 1568/1426/1426 1581/1417/1417 1539/1399/1399
f 1544/1333/1333 1523/1365/1365 1590/1423/1423
f 1578/1412/1412 1592/1427/1427 1554/1390/1390
f 1597/1360/1360 1609/1428/1428 1593/1429/1429
f 1576/1419/1419 1579/1395/1395 1540/1410/1410
f 1528/1372/1372 1584/1430/1430 1560/1407/1407
f 1565/1431/1431 1614/1416/1416 1555/1415/1415
f 1574/1425/1425 1602/1432/1432 1533/1370/1370
f 1573/1433/1433 1569/1403/1403 1563/1402/1402
f 1528/1372/1372 1594/1434/1434 1584/1430/1430
f 1581/1417/1417 1611/1435/1435 1573/1433/1433
f 1577/1436/1436 1582/1437/1437 1556/1385/1385
f 1570/1438/1438 1597/1360/1360 1543/1439/1439
f 1584/1430/1430 1588/1440/1440 1560/1407/1407
f 1596/1441/1441 1578/1412/1412 1595/1442/1442
f 1598/1443/1443 1583/1422/1422 1571/1420/1420
f 1602/1432/1432 1599/1444/1444 1533/1370/1370
f 1593/1429/1429 1585/1445/1445 1587/1394/1394
f 1589/1414/1414 1614/1416/1416 1565/1431/1431
f 1578/1412/1412 1603/1446/1446 1592/1427/1427
f 1588/1440/1440 1598/1443/1443 1571/1420/1420
f 1611/1435/1435 1580/1447/1447 1573/1433/1433
f 1589/1414/1414 1579/1395/1395 1576/1419/1419
f 1600/1448/1448 1603/1446/1446 1578/1412/1412
f 1575/1413/1413 1597/1360/1360 1570/1438/1438
f 1616/1449/1449 1597/1360/1360 1575/1413/1413
f 1523/1365/1365 1622/1450/1450 1590/1423/1423
f 1637/1451/1451 1616/1449/1449 1575/1413/1413
f 1598/1443/1443 1657/1452/1452 1583/1422/1422
f 1590/1423/1423 1591/1453/1453 1572/1454/1454
f 1582/1437/1437 1640/1455/1455 1574/1425/1425
f 1591/1453/1453 1582/1437/1437 1572/1454/1454
f 1613/1456/1456 1589/1414/1414 1576/1419/1419
f 1622/1450/1450 1591/1453/1453 1590/1423/1423
f 1624/1457/1457 1606/1458/1458 1599/1444/1444
f 1607/1459/1459 1618/1460/1460 1597/1360/1360
f 1618/1460/1460 1608/1461/1461 1597/1360/1360
f 1589/1414/1414 1613/1456/1456 1614/1416/1416
f 1625/1462/1462 1637/1451/1451 1601/1463/1463
f 1620/1464/1464 1628/1465/1465 1617/1466/1466
f 1612/1467/1467 1641/1468/1468 1585/1445/1445
f 1635/1469/1469 1657/1452/1452 1598/1443/1443
f 1633/1470/1470 1619/1471/1471 1586/1472/1472
f 1619/1471/1471 1634/1473/1473 1630/1474/1474
f 1605/1475/1475 1588/1440/1440 1610/1476/1476
f 1624/1457/1457 1596/1441/1441 1606/1458/1458
f 1626/1477/1477 1620/1464/1464 1596/1441/1441
f 1631/1478/1478 1608/1461/1461 1618/1460/1460
f 1659/1479/1479 1649/1480/1480 1609/1428/1428
f 1624/1457/1457 1626/1477/1477 1596/1441/1441
f 1602/1432/1432 1632/1481/1481 1624/1457/1457
f 1626/1477/1477 1628/1465/1465 1620/1464/1464
f 1637/1451/1451 1625/1462/1462 1646/1482/1482
f 1649/1480/1480 1671/1483/1483 1593/1429/1429
f 1633/1470/1470 1660/1484/1484 1619/1471/1471
f 1638/1485/1485 1629/1486/1486 1607/1459/1459
f 1695/1487/1487 1605/1475/1475 1630/1474/1474
f 1645/1488/1488 1628/1465/1465 1626/1477/1477
f 1676/1489/1489 1627/1490/1490 1657/1452/1452
f 1648/1491/1491 1615/1492/1492 1640/1455/1455
f 1656/1493/1493 1651/1494/1494 1604/1495/1495
f 1662/1496/1496 1655/1497/1497 1591/1453/1453
f 1656/1493/1493 1631/1478/1478 1629/1486/1486
f 1696/1498/1498 1635/1469/1469 1605/1475/1475
f 1665/1499/1499 1662/1496/1496 1643/1500/1500
f 1655/1497/1497 1640/1455/1455 1591/1453/1453
f 1612/1467/1467 1647/1501/1501 1641/1468/1468
f 1634/1473/1473 1642/1502/1502 1630/1474/1474
f 1637/1451/1451 1666/1503/1503 1650/1504/1504
f 1654/1505/1505 1641/1468/1468 1647/1501/1501
f 1695/1487/1487 1696/1498/1498 1605/1475/1475
f 1677/1506/1506 1646/1482/1482 1645/1488/1488
f 1671/1483/1483 1668/1507/1507 1639/1508/1508
f 1638/1485/1485 1656/1493/1493 1629/1486/1486
f 1651/1494/1494 1670/1509/1509 1652/1510/1510
f 1671/1483/1483 1649/1480/1480 1659/1479/1479
f 1634/1473/1473 1675/1511/1511 1642/1502/1502
f 1655/1497/1497 1648/1491/1491 1640/1455/1455
f 1664/1512/1512 1644/1513/1513 1636/1514/1514
f 1679/1515/1515 1670/1509/1509 1651/1494/1494
f 1680/1516/1516 1675/1511/1511 1661/1517/1517
f 1635/1469/1469 1684/1518/1518 1657/1452/1452
f 1684/1518/1518 1658/1519/1519 1657/1452/1452
f 1693/1520/1520 1671/1483/1483 1659/1479/1479
f 1675/1511/1511 1689/1521/1521 1642/1502/1502
f 1689/1521/1521 1695/1487/1487 1630/1474/1474
f 1735/1522/1522 1614/1416/1416 1613/1456/1456
f 1710/1523/1523 1654/1505/1505 1647/1501/1501
f 1713/1524/1524 1645/1488/1488 1644/1513/1513
f 1704/1525/1525 1656/1493/1493 1690/1526/1526
f 1670/1509/1509 1715/1527/1527 1652/1510/1510
f 1660/1484/1484 1682/1528/1528 1661/1517/1517
f 1673/1529/1529 1655/1497/1497 1669/1530/1530
f 1663/1531/1531 1655/1497/1497 1673/1529/1529
f 1675/1511/1511 1688/1532/1532 1689/1521/1521
f 1686/1533/1533 1667/1534/1534 1674/1535/1535
f 1678/1536/1536 1690/1526/1526 1667/1534/1534
f 1713/1524/1524 1644/1513/1513 1664/1512/1512
f 1676/1489/1489 1726/1537/1537 1681/1538/1538
f 1713/1524/1524 1664/1512/1512 1685/1539/1539
f 1726/1537/1537 1676/1489/1489 1658/1519/1519
f 1713/1524/1524 1686/1533/1533 1677/1506/1506
f 1708/1540/1540 1689/1521/1521 1688/1532/1532
f 1698/1541/1541 1658/1519/1519 1684/1518/1518
f 1699/1542/1542 1706/1543/1543 1673/1529/1529
f 1708/1540/1540 1718/1544/1544 1689/1521/1521
f 1712/1545/1545 1691/1546/1546 1694/1547/1547
f 1707/1548/1548 1703/1549/1549 1682/1528/1528
f 1700/1550/1550 1708/1540/1540 1688/1532/1532
f 1697/1551/1551 1714/1552/1552 1698/1541/1541
f 1723/1553/1553 1726/1537/1537 1658/1519/1519
f 1713/1524/1524 1685/1539/1539 1706/1543/1543
f 1679/1515/1515 1736/1554/1554 1702/1555/1555
f 1723/1553/1553 1658/1519/1519 1698/1541/1541
f 1708/1540/1540 1700/1550/1550 1717/1556/1556
f 1715/1527/1527 1709/1557/1557 1693/1520/1520
f 1709/1557/1557 1705/1558/1558 1693/1520/1520
f 1718/1544/1544 1711/1559/1559 1689/1521/1521
f 1735/1522/1522 1706/1543/1543 1699/1542/1542
f 1728/1560/1560 1720/1561/1561 1726/1537/1537
f 1722/1562/1562 1714/1552/1552 1697/1551/1551
f 1744/1563/1563 1736/1554/1554 1704/1525/1525
f 1748/1564/1564 1710/1523/1523 1692/1565/1565
f 1721/1566/1566 1734/1567/1567 1697/1551/1551
f 1731/1568/1568 1726/1537/1537 1723/1553/1553
f 1734/1567/1567 1722/1562/1562 1697/1551/1551
f 1729/1569/1569 1718/1544/1544 1708/1540/1540
f 1707/1548/1548 1732/1570/1570 1717/1556/1556
f 1725/1571/1571 1721/1566/1566 1711/1559/1559
f 1722/1562/1562 1738/1572/1572 1714/1552/1552
f 1733/1573/1573 1727/1574/1574 1718/1544/1544
f 1741/1575/1575 1729/1569/1569 1724/1576/1576
f 1732/1570/1570 1756/1577/1577 1724/1576/1576
f 1730/1578/1578 1725/1571/1571 1727/1574/1574
f 1742/1579/1579 1726/1537/1537 1731/1568/1568
f 1730/1578/1578 1727/1574/1574 1733/1573/1573
f 1730/1578/1578 1734/1567/1567 1725/1571/1571
f 1754/1580/1580 1745/1581/1581 1738/1572/1572
f 1751/1582/1582 1713/1524/1524 1706/1543/1543
f 1751/1582/1582 1678/1536/1536 1713/1524/1524
f 1732/1570/1570 1740/1583/1583 1756/1577/1577
f 1755/1584/1584 1757/1585/1585 1741/1575/1575
f 1764/1586/1586 1754/1580/1580 1734/1567/1567
f 1743/1587/1587 1752/1588/1588 1742/1579/1579
f 1758/1589/1589 1730/1578/1578 1737/1590/1590
f 1750/1591/1591 1752/1588/1588 1743/1587/1587
f 1747/1592/1592 1753/1593/1593 1728/1560/1560
f 1728/1560/1560 1753/1593/1593 1760/1594/1594
f 1770/1595/1595 1758/1589/1589 1737/1590/1590
f 1759/1596/1596 1730/1578/1578 1758/1589/1589
f 1766/1597/1597 1754/1580/1580 1764/1586/1586
f 1770/1595/1595 1757/1585/1585 1755/1584/1584
f 1755/1584/1584 1772/1598/1598 1770/1595/1595
f 1751/1582/1582 1735/1522/1522 1613/1456/1456
f 1771/1599/1599 1769/1600/1600 1761/1601/1601
f 1770/1595/1595 1768/1602/1602 1758/1589/1589
f 1765/1603/1603 1762/1604/1604 1769/1600/1600
f 1772/1598/1598 1768/1602/1602 1770/1595/1595
f 1773/1605/1605 1766/1597/1597 1764/1586/1586
f 1768/1602/1602 1773/1605/1605 1764/1586/1586
f 1750/1591/1591 1775/1606/1606 1763/1607/1607
f 1773/1605/1605 1768/1602/1602 1772/1598/1598
f 1773/1605/1605 1774/1608/1608 1771/1599/1599
f 1772/1598/1598 1774/1608/1608 1773/1605/1605
f 1772/1598/1598 1765/1603/1603 1774/1608/1608
f 1765/1603/1603 1776/1609/1609 1775/1606/1606
f 1776/1609/1609 1765/1603/1603 1772/1598/1598
f 1751/1582/1582 1613/1456/1456 1441/687/687
f 1751/1582/1582 1776/1609/1609 1772/1598/1598
f 3/4/4 6/1610/1610 42/2/2
f 7/7/7 5/6/6 42/2/2
f 114/113/113 6/1610/1610 4/998/998
f 42/2/2 10/9/9 7/7/7
f 5/6/6 34/27/27 62/57/57
f 8/5/5 34/27/27 5/6/6
f 7/7/7 24/10/10 8/5/5
f 9/8/8 22/16/16 7/7/7
f 19/12/12 12/1611/1611 24/10/10
f 22/16/16 19/12/12 7/7/7
f 22/16/16 18/22/22 19/12/12
f 20/11/11 14/1612/1612 8/5/5
f 13/14/14 15/17/17 10/9/9
f 34/27/27 54/52/52 62/57/57
f 17/18/18 21/24/24 9/8/8
f 8/5/5 28/28/28 34/27/27
f 14/1612/1612 28/28/28 8/5/5
f 24/10/10 26/1613/1613 20/11/11
f 36/20/20 21/24/24 17/18/18
f 19/12/12 30/32/32 23/31/31
f 18/22/22 30/32/32 19/12/12
f 24/10/10 12/1611/1611 31/30/30
f 26/1613/1613 33/38/38 20/11/11
f 33/38/38 14/1612/1612 20/11/11
f 22/16/16 36/20/20 29/25/25
f 12/1611/1611 23/31/31 31/30/30
f 14/1612/1612 33/38/38 27/1614/1614
f 28/28/28 14/1612/1612 27/1614/1614
f 43/35/35 27/1614/1614 33/38/38
f 6/1610/1610 119/92/92 42/2/2
f 43/35/35 28/28/28 27/1614/1614
f 18/22/22 39/33/33 30/32/32
f 25/21/21 29/25/25 39/33/33
f 23/31/31 30/32/32 37/29/29
f 32/26/26 28/28/28 38/1615/1615
f 28/28/28 43/35/35 38/1615/1615
f 29/25/25 36/20/20 39/33/33
f 31/30/30 37/29/29 26/1613/1613
f 37/29/29 33/38/38 26/1613/1613
f 38/1615/1615 45/37/37 32/26/26
f 35/23/23 41/19/19 40/40/40
f 35/23/23 39/33/33 36/20/20
f 38/1615/1615 43/35/35 45/37/37
f 43/35/35 49/41/41 44/36/36
f 34/27/27 45/37/37 51/59/59
f 34/27/27 51/59/59 46/61/61
f 46/61/61 54/52/52 34/27/27
f 62/57/57 64/62/62 5/6/6
f 45/37/37 60/44/44 51/59/59
f 54/52/52 55/54/54 62/57/57
f 40/40/40 48/39/39 50/47/47
f 47/42/42 44/36/36 53/46/46
f 39/33/33 67/45/45 71/43/43
f 40/40/40 67/45/45 35/23/23
f 119/92/92 85/34/34 42/2/2
f 41/19/19 85/34/34 48/39/39
f 50/47/47 57/51/51 52/48/48
f 40/40/40 52/48/48 67/45/45
f 67/45/45 78/81/81 71/43/43
f 67/45/45 52/48/48 58/64/64
f 61/55/55 62/57/57 63/69/69
f 71/43/43 56/77/77 37/29/29
f 114/113/113 119/92/92 6/1610/1610
f 52/48/48 57/51/51 58/64/64
f 59/50/50 65/84/84 53/46/46
f 74/58/58 75/65/65 59/50/50
f 59/50/50 80/66/66 65/84/84
f 57/51/51 85/34/34 73/63/63
f 53/46/46 65/84/84 90/68/68
f 67/45/45 88/86/86 78/81/81
f 60/44/44 87/73/73 68/60/60
f 70/56/56 103/75/75 64/62/62
f 71/43/43 83/78/78 56/77/77
f 66/53/53 68/60/60 69/67/67
f 64/62/62 121/107/107 5/6/6
f 67/45/45 73/63/63 88/86/86
f 68/60/60 95/98/98 69/67/67
f 74/58/58 83/78/78 75/65/65
f 64/62/62 103/75/75 121/107/107
f 78/81/81 77/85/85 98/94/94
f 101/90/90 104/97/97 68/60/60
f 71/43/43 99/95/95 79/88/88
f 82/91/91 113/111/111 76/70/70
f 76/70/70 102/102/102 94/74/74
f 81/82/82 98/94/94 96/103/103
f 76/70/70 113/111/111 102/102/102
f 111/89/89 86/71/71 90/68/68
f 81/82/82 96/103/103 89/87/87
f 93/76/76 107/100/100 105/1616/1616
f 93/76/76 105/1616/1616 82/91/91
f 98/94/94 88/86/86 110/93/93
f 83/78/78 99/95/95 108/108/108
f 83/78/78 108/108/108 100/83/83
f 100/83/83 108/108/108 111/89/89
f 101/90/90 106/101/101 104/97/97
f 95/98/98 104/97/97 107/100/100
f 99/95/95 96/103/103 108/108/108
f 110/93/93 96/103/103 98/94/94
f 109/105/105 112/104/104 104/97/97
f 107/100/100 82/91/91 105/1616/1616
f 147/110/110 113/111/111 82/91/91
f 109/105/105 147/110/110 112/104/104
f 122/106/106 119/92/92 142/116/116
f 116/96/96 147/110/110 109/105/105
f 159/112/112 133/128/128 119/92/92
f 110/93/93 115/114/114 120/118/118
f 147/110/110 116/96/96 97/99/99
f 110/93/93 120/118/118 154/109/109
f 119/92/92 132/123/123 142/116/116
f 142/116/116 134/138/138 123/115/115
f 115/114/114 122/106/106 124/121/121
f 143/133/133 159/112/112 114/113/113
f 122/106/106 127/126/126 117/120/120
f 125/129/129 115/114/114 124/121/121
f 133/128/128 131/122/122 119/92/92
f 123/115/115 127/126/126 122/106/106
f 115/114/114 125/129/129 126/124/124
f 117/120/120 145/125/125 124/121/121
f 134/138/138 129/140/140 123/115/115
f 126/124/124 152/1617/1617 120/118/118
f 120/118/118 152/1617/1617 154/109/109
f 129/140/140 127/126/126 123/115/115
f 125/129/129 124/121/121 146/130/130
f 130/1618/1618 126/124/124 146/130/130
f 135/1619/1619 131/122/122 133/128/128
f 132/123/123 138/142/142 142/116/116
f 130/1618/1618 146/130/130 158/162/162
f 132/123/123 149/131/131 169/141/141
f 114/113/113 167/144/144 182/148/148
f 133/128/128 144/150/150 135/1619/1619
f 135/1619/1619 137/134/134 131/122/122
f 144/150/150 133/128/128 148/152/152
f 135/1619/1619 144/150/150 137/134/134
f 145/125/125 146/130/130 124/121/121
f 153/127/127 148/152/152 133/128/128
f 138/142/142 150/146/146 142/116/116
f 129/140/140 139/139/139 127/126/126
f 142/116/116 150/146/146 151/143/143
f 154/109/109 250/196/196 147/110/110
f 137/134/134 168/149/149 163/137/137
f 134/138/138 151/143/143 156/157/157
f 126/124/124 136/1620/1620 152/1617/1617
f 141/136/136 166/147/147 188/189/189
f 158/162/162 165/1621/1621 136/1620/1620
f 146/130/130 145/125/125 158/162/162
f 136/1620/1620 165/1621/1621 152/1617/1617
f 160/1622/1622 162/154/154 148/152/152
f 145/125/125 180/159/159 158/162/162
f 164/153/153 141/136/136 188/189/189
f 139/139/139 180/159/159 145/125/125
f 155/145/145 177/1623/1623 150/146/146
f 206/177/177 174/151/151 153/127/127
f 169/141/141 172/1624/1624 155/145/145
f 158/162/162 170/161/161 165/1621/1621
f 153/127/127 209/155/155 206/177/177
f 152/1617/1617 190/180/180 154/109/109
f 163/137/137 183/201/201 169/141/141
f 163/137/137 168/149/149 183/201/201
f 187/156/156 151/143/143 177/1623/1623
f 170/161/161 190/180/180 165/1621/1621
f 174/151/151 210/206/206 160/1622/1622
f 160/1622/1622 186/1625/1625 162/154/154
f 169/141/141 183/201/201 192/192/192
f 195/187/187 177/1623/1623 175/186/186
f 180/159/159 214/179/179 170/161/161
f 171/165/165 179/173/173 197/181/181
f 168/149/149 235/246/246 183/201/201
f 199/174/174 207/228/228 173/132/132
f 192/192/192 189/184/184 172/1624/1624
f 172/1624/1624 189/184/184 175/186/186
f 174/151/151 203/178/178 210/206/206
f 168/149/149 186/1625/1625 235/246/246
f 202/176/176 185/158/158 193/198/198
f 182/148/148 202/176/176 194/169/169
f 184/170/170 187/156/156 196/1626/1626
f 160/1622/1622 210/206/206 186/1625/1625
f 190/180/180 214/179/179 198/1627/1627
f 161/166/166 188/189/189 252/190/190
f 178/172/172 238/224/224 179/173/173
f 209/155/155 171/165/165 222/182/182
f 194/169/169 202/176/176 215/1628/1628
f 192/192/192 220/203/203 213/193/193
f 193/198/198 191/175/175 232/197/197
f 195/187/187 201/185/185 229/219/219
f 198/1627/1627 250/196/196 190/180/180
f 181/163/163 204/191/191 243/214/214
f 197/181/181 238/224/224 222/182/182
f 235/246/246 223/202/202 183/201/201
f 184/170/170 196/1626/1626 221/235/235
f 231/252/252 250/196/196 198/1627/1627
f 204/191/191 208/167/167 252/190/190
f 237/195/195 216/194/194 143/133/133
f 205/204/204 209/155/155 260/237/237
f 215/1628/1628 202/176/176 232/197/197
f 207/228/228 199/174/174 219/199/199
f 178/172/172 207/228/228 238/224/224
f 203/178/178 206/177/177 212/205/205
f 186/1625/1625 210/206/206 235/246/246
f 227/207/207 189/184/184 224/212/212
f 184/170/170 256/232/232 214/179/179
f 216/194/194 225/218/218 217/171/171
f 223/202/202 268/269/269 220/203/203
f 194/169/169 247/240/240 237/195/195
f 201/185/185 228/208/208 229/219/219
f 268/269/269 242/1629/1629 220/203/203
f 247/240/240 215/1628/1628 253/241/241
f 253/241/241 215/1628/1628 232/197/197
f 204/191/191 252/190/190 243/214/214
f 234/200/200 226/213/213 211/210/210
f 225/218/218 244/217/217 217/171/171
f 228/208/208 277/220/220 229/219/219
f 226/213/213 234/200/200 246/1630/1630
f 212/205/205 239/209/209 235/246/246
f 241/222/222 249/227/227 219/199/199
f 227/207/207 240/211/211 228/208/208
f 221/235/235 262/1631/1631 184/170/170
f 250/196/196 659/119/119 121/107/107
f 191/175/175 290/215/215 232/197/197
f 232/197/197 290/215/215 253/241/241
f 249/227/227 259/243/243 207/228/228
f 238/224/224 266/244/244 264/225/225
f 234/200/200 245/229/229 246/1630/1630
f 261/1632/1632 217/171/171 244/217/217
f 207/228/228 259/243/243 238/224/224
f 222/182/182 264/225/225 251/1633/1633
f 223/202/202 235/246/246 268/269/269
f 228/208/208 240/211/211 277/220/220
f 221/235/235 281/234/234 262/1631/1631
f 261/1632/1632 248/223/223 217/171/171
f 245/229/229 205/204/204 272/238/238
f 242/1629/1629 276/239/239 240/211/211
f 184/170/170 262/1631/1631 256/232/232
f 246/1630/1630 267/266/266 226/213/213
f 226/213/213 267/266/266 239/209/209
f 268/269/269 276/239/239 242/1629/1629
f 245/229/229 267/266/266 246/1630/1630
f 269/230/230 295/251/251 231/252/252
f 248/223/223 261/1632/1632 254/236/236
f 260/237/237 280/267/267 272/238/238
f 291/245/245 239/209/209 267/266/266
f 262/1631/1631 275/1634/1634 256/232/232
f 237/195/195 257/242/242 274/247/247
f 235/246/246 291/245/245 268/269/269
f 256/232/232 275/1634/1634 269/230/230
f 255/226/226 274/247/247 270/250/250
f 241/222/222 254/236/236 258/248/248
f 260/237/237 282/1635/1635 280/267/267
f 261/1632/1632 244/217/217 279/253/253
f 284/254/254 282/1635/1635 260/237/237
f 261/1632/1632 279/253/253 283/278/278
f 278/233/233 294/255/255 230/221/221
f 286/256/256 281/234/234 230/221/221
f 254/236/236 283/278/278 265/261/261
f 258/248/248 254/236/236 265/261/261
f 259/243/243 284/254/254 266/244/244
f 272/238/238 280/267/267 267/266/266
f 287/272/272 295/251/251 269/230/230
f 299/271/271 250/196/196 295/251/251
f 252/190/190 306/263/263 290/215/215
f 265/261/261 283/278/278 285/262/262
f 271/249/249 284/254/254 259/243/243
f 279/253/253 289/260/260 283/278/278
f 282/1635/1635 305/265/265 280/267/267
f 278/233/233 277/220/220 294/255/255
f 286/256/256 292/276/276 281/234/234
f 262/1631/1631 281/234/234 292/276/276
f 262/1631/1631 287/272/272 275/1634/1634
f 289/260/260 301/279/279 283/278/278
f 276/239/239 302/268/268 297/258/258
f 297/258/258 312/283/283 277/220/220
f 277/220/220 312/283/283 307/284/284
f 292/276/276 293/275/275 262/1631/1631
f 290/215/215 298/264/264 253/241/241
f 287/272/272 262/1631/1631 293/275/275
f 286/256/256 296/274/274 292/276/276
f 289/260/260 300/270/270 301/279/279
f 291/245/245 305/265/265 302/268/268
f 294/255/255 296/274/274 286/256/256
f 287/272/272 293/275/275 299/271/271
f 303/273/273 294/255/255 307/284/284
f 296/274/274 309/280/280 293/275/275
f 299/271/271 293/275/275 309/280/280
f 304/281/281 319/277/277 301/279/279
f 302/268/268 312/283/283 297/258/258
f 300/270/270 304/281/281 301/279/279
f 305/265/265 285/262/262 302/268/268
f 316/285/285 311/292/292 303/273/273
f 298/264/264 306/263/263 304/281/281
f 303/273/273 311/292/292 309/280/280
f 319/277/277 323/1636/1636 283/278/278
f 323/1636/1636 345/293/293 283/278/278
f 314/288/288 315/290/290 304/281/281
f 306/263/263 335/297/297 317/296/296
f 306/263/263 317/296/296 314/288/288
f 302/268/268 357/294/294 308/282/282
f 309/280/280 377/286/286 299/271/271
f 319/277/277 310/287/287 313/299/299
f 315/290/290 313/299/299 310/287/287
f 659/119/119 787/604/604 5/6/6
f 308/282/282 346/302/302 316/285/285
f 361/1637/1637 346/302/302 308/282/282
f 316/285/285 312/283/283 308/282/282
f 309/280/280 326/291/291 377/286/286
f 273/257/257 348/1638/1638 363/308/308
f 363/308/308 335/297/297 273/257/257
f 314/288/288 320/1639/1639 321/1640/1640
f 314/288/288 321/1640/1640 318/289/289
f 332/1641/1641 323/1636/1636 333/1642/1642
f 317/296/296 322/295/295 320/1639/1639
f 315/290/290 327/303/303 313/299/299
f 357/294/294 361/1637/1637 308/282/282
f 318/289/289 321/1640/1640 325/298/298
f 313/299/299 331/313/313 337/300/300
f 337/300/300 328/1643/1643 319/277/277
f 320/1639/1639 324/1644/1644 321/1640/1640
f 323/1636/1636 328/1643/1643 333/1642/1642
f 322/295/295 324/1644/1644 320/1639/1639
f 316/285/285 334/305/305 326/291/291
f 345/293/293 323/1636/1636 332/1641/1641
f 329/301/301 334/305/305 316/285/285
f 321/1640/1640 330/315/315 325/298/298
f 324/1644/1644 338/316/316 321/1640/1640
f 337/300/300 344/334/334 328/1643/1643
f 335/297/297 367/309/309 322/295/295
f 322/295/295 336/1645/1645 338/316/316
f 338/316/316 330/315/315 321/1640/1640
f 325/298/298 330/315/315 339/304/304
f 340/311/311 331/313/313 327/303/303
f 328/1643/1643 344/334/334 333/1642/1642
f 285/262/262 345/293/293 370/331/331
f 326/291/291 342/306/306 359/307/307
f 337/300/300 331/313/313 360/312/312
f 370/331/331 357/294/294 285/262/262
f 322/295/295 349/317/317 336/1645/1645
f 339/304/304 330/315/315 343/319/319
f 337/300/300 360/312/312 344/334/334
f 332/1641/1641 341/1646/1646 345/293/293
f 353/328/328 370/331/331 345/293/293
f 250/196/196 565/544/544 659/119/119
f 352/318/318 330/315/315 351/314/314
f 339/304/304 343/319/319 347/324/324
f 336/1645/1645 349/317/317 350/323/323
f 345/293/293 341/1646/1646 356/326/326
f 359/307/307 342/306/306 358/1647/1647
f 347/324/324 360/312/312 340/311/311
f 345/293/293 356/326/326 353/328/328
f 370/331/331 353/328/328 365/329/329
f 361/1637/1637 379/332/332 346/302/302
f 353/328/328 362/327/327 368/340/340
f 350/323/323 364/325/325 351/314/314
f 366/321/321 369/1648/1648 358/1647/1647
f 365/329/329 353/328/328 368/340/340
f 367/309/309 384/336/336 349/317/317
f 354/310/310 372/320/320 366/321/321
f 377/286/286 383/347/347 250/196/196
f 348/1638/1638 374/338/338 363/308/308
f 384/336/336 364/325/325 349/317/317
f 378/341/341 355/322/322 363/308/308
f 357/294/294 379/332/332 361/1637/1637
f 364/325/325 419/333/333 352/318/318
f 365/329/329 368/340/340 404/339/339
f 366/321/321 372/320/320 369/1648/1648
f 357/294/294 370/331/331 379/332/332
f 359/307/307 371/1649/1649 387/335/335
f 377/286/286 392/361/361 383/347/347
f 404/339/339 376/1650/1650 365/329/329
f 381/354/354 370/331/331 375/330/330
f 365/329/329 376/1650/1650 375/330/330
f 369/1648/1648 372/320/320 382/346/346
f 406/349/349 397/360/360 377/286/286
f 377/286/286 397/360/360 392/361/361
f 382/346/346 373/355/355 369/1648/1648
f 371/1649/1649 373/355/355 387/335/335
f 376/1650/1650 385/352/352 375/330/330
f 356/326/326 419/333/333 362/327/327
f 381/354/354 375/330/330 385/352/352
f 395/356/356 373/355/355 382/346/346
f 370/331/331 381/354/354 407/348/348
f 376/1650/1650 426/368/368 385/352/352
f 393/1651/1651 384/336/336 378/341/341
f 376/1650/1650 404/339/339 426/368/368
f 391/345/345 386/375/375 382/346/346
f 389/337/337 374/338/338 380/362/362
f 412/350/350 400/376/376 372/320/320
f 400/376/376 391/345/345 372/320/320
f 387/335/335 402/1652/1652 406/349/349
f 382/346/346 386/375/375 395/356/356
f 378/341/341 401/351/351 393/1651/1651
f 381/354/354 399/353/353 411/383/383
f 402/1652/1652 387/335/335 388/358/358
f 412/350/350 414/379/379 400/376/376
f 390/342/342 431/370/370 412/350/350
f 401/351/351 380/362/362 396/372/372
f 385/352/352 410/1653/1653 399/353/353
f 388/358/358 405/1654/1654 402/1652/1652
f 393/1651/1651 401/351/351 403/364/364
f 395/356/356 386/375/375 430/387/387
f 392/361/361 397/360/360 398/366/366
f 390/342/342 407/348/348 431/370/370
f 395/356/356 430/387/387 405/1654/1654
f 400/376/376 423/1655/1655 437/374/374
f 406/349/349 424/380/380 408/365/365
f 437/374/374 447/404/404 386/375/375
f 419/333/333 461/389/389 362/327/327
f 411/383/383 429/385/385 416/391/391
f 413/357/357 425/377/377 422/343/343
f 418/373/373 396/372/372 611/386/386
f 443/398/398 407/348/348 416/391/391
f 408/365/365 420/381/381 415/371/371
f 422/343/343 432/395/395 453/344/344
f 410/1653/1653 426/368/368 427/384/384
f 421/382/382 425/377/377 440/402/402
f 443/398/398 417/369/369 407/348/348
f 431/370/370 436/394/394 446/388/388
f 415/371/371 420/381/381 434/400/400
f 421/382/382 440/402/402 432/395/395
f 416/391/391 439/390/390 443/398/398
f 440/402/402 425/377/377 434/400/400
f 430/387/387 386/375/375 564/392/392
f 414/379/379 433/378/378 449/408/408
f 436/394/394 417/369/369 463/412/412
f 420/381/381 450/401/401 434/400/400
f 435/393/393 439/390/390 429/385/385
f 461/389/389 435/393/393 426/368/368
f 433/378/378 446/388/388 472/407/407
f 441/422/422 449/408/408 433/378/378
f 417/369/369 443/398/398 463/412/412
f 472/407/407 441/422/422 433/378/378
f 447/404/404 468/424/424 386/375/375
f 435/393/393 451/415/415 439/390/390
f 440/402/402 442/414/414 448/399/399
f 444/397/397 439/390/390 451/415/415
f 437/374/374 454/409/409 466/403/403
f 442/414/414 440/402/402 450/401/401
f 611/386/386 461/389/389 428/363/363
f 461/389/389 451/415/415 435/393/393
f 442/414/414 476/419/419 448/399/399
f 469/426/426 453/344/344 438/396/396
f 446/388/388 462/418/418 464/406/406
f 442/414/414 452/413/413 476/419/419
f 447/404/404 466/403/403 457/1656/1656
f 447/404/404 457/1656/1656 468/424/424
f 463/412/412 462/418/418 436/394/394
f 450/401/401 564/392/392 452/413/413
f 453/344/344 460/427/427 496/1657/1657
f 443/398/398 483/432/432 489/411/411
f 465/1658/1658 454/409/409 470/423/423
f 468/424/424 474/1659/1659 471/425/425
f 469/426/426 493/441/441 460/427/427
f 457/1656/1656 466/403/403 473/435/435
f 457/1656/1656 473/435/435 468/424/424
f 453/344/344 544/477/477 250/196/196
f 462/418/418 484/438/438 464/406/406
f 456/410/410 497/1660/1660 483/432/432
f 463/412/412 484/438/438 462/418/418
f 452/413/413 481/444/444 476/419/419
f 467/431/431 494/433/433 456/410/410
f 496/1657/1657 460/427/427 486/442/442
f 456/410/410 494/433/433 497/1660/1660
f 455/405/405 458/416/416 487/1661/1661
f 455/405/405 487/1661/1661 482/430/430
f 481/444/444 477/437/437 476/419/419
f 478/440/440 490/445/445 473/435/435
f 474/1659/1659 475/436/436 479/1662/1662
f 458/416/416 505/443/443 487/1661/1661
f 500/457/457 492/459/459 471/425/425
f 493/441/441 477/437/437 481/444/444
f 473/435/435 499/454/454 475/436/436
f 503/429/429 471/425/425 492/459/459
f 475/436/436 491/456/456 479/1662/1662
f 482/430/430 487/1661/1661 488/452/452
f 484/438/438 495/451/451 464/406/406
f 485/428/428 480/421/421 490/445/445
f 482/430/430 488/452/452 494/433/433
f 475/436/436 499/454/454 491/456/456
f 481/444/444 513/1663/1663 493/441/441
f 490/445/445 526/502/502 531/448/448
f 501/439/439 509/1664/1664 480/421/421
f 483/432/432 498/463/463 507/464/464
f 464/406/406 495/451/451 508/434/434
f 480/421/421 509/1664/1664 490/445/445
f 509/1664/1664 502/1665/1665 490/445/445
f 494/433/433 539/453/453 497/1660/1660
f 497/1660/1660 511/470/470 483/432/432
f 490/445/445 502/1665/1665 526/502/502
f 514/468/468 496/1657/1657 486/442/442
f 496/1657/1657 514/468/468 453/344/344
f 492/459/459 520/458/458 503/429/429
f 504/446/446 534/475/475 564/392/392
f 481/444/444 564/392/392 513/1663/1663
f 544/477/477 565/544/544 250/196/196
f 497/1660/1660 539/453/453 511/470/470
f 519/455/455 499/454/454 531/448/448
f 522/447/447 510/469/469 486/442/442
f 483/432/432 511/470/470 516/461/461
f 509/1664/1664 501/439/439 525/472/472
f 516/461/461 530/481/481 506/462/462
f 515/450/450 507/464/464 506/462/462
f 534/475/475 504/446/446 521/473/473
f 559/460/460 539/453/453 488/452/452
f 453/344/344 514/468/468 529/478/478
f 453/344/344 529/478/478 544/477/477
f 526/502/502 502/1665/1665 509/1664/1664
f 518/465/465 524/494/494 512/466/466
f 516/461/461 517/471/471 530/481/481
f 531/448/448 527/479/479 519/455/455
f 534/475/475 528/474/474 540/486/486
f 513/1663/1663 564/392/392 522/447/447
f 532/490/490 509/1664/1664 525/472/472
f 529/478/478 514/468/468 537/492/492
f 522/447/447 564/392/392 510/469/469
f 564/392/392 536/467/467 510/469/469
f 536/467/467 538/488/488 537/492/492
f 529/478/478 537/492/492 542/493/493
f 534/475/475 545/491/491 564/392/392
f 526/502/502 527/479/479 531/448/448
f 528/474/474 541/497/497 540/486/486
f 525/472/472 524/494/494 576/489/489
f 529/478/478 542/493/493 549/499/499
f 529/478/478 549/499/499 547/476/476
f 546/504/504 547/476/476 549/499/499
f 518/465/465 530/481/481 576/489/489
f 541/497/497 553/503/503 543/487/487
f 576/489/489 527/479/479 526/502/502
f 546/504/504 562/512/512 550/480/480
f 568/507/507 553/503/503 541/497/497
f 552/498/498 554/509/509 544/477/477
f 549/499/499 561/495/495 572/515/515
f 572/515/515 562/512/512 546/504/504
f 552/498/498 555/505/505 560/508/508
f 557/482/482 595/510/510 578/521/521
f 561/495/495 557/482/482 578/521/521
f 551/500/500 575/513/513 555/505/505
f 575/513/513 560/508/508 555/505/505
f 568/507/507 563/520/520 558/501/501
f 563/520/520 556/506/506 558/501/501
f 527/479/479 576/489/489 566/483/483
f 554/509/509 567/528/528 565/544/544
f 554/509/509 570/514/514 567/528/528
f 569/518/518 545/491/491 556/506/506
f 582/516/516 575/513/513 562/512/512
f 560/508/508 575/513/513 573/526/526
f 556/506/506 571/522/522 574/517/517
f 578/521/521 572/515/515 561/495/495
f 523/496/496 559/460/460 576/489/489
f 569/518/518 574/517/517 579/532/532
f 565/544/544 567/528/528 589/527/527
f 570/514/514 573/526/526 585/525/525
f 573/526/526 575/513/513 587/541/541
f 566/483/483 584/519/519 568/507/507
f 574/517/517 580/523/523 579/532/532
f 587/541/541 577/524/524 573/526/526
f 582/516/516 583/1666/1666 575/513/513
f 585/525/525 589/527/527 570/514/514
f 569/518/518 581/536/536 595/510/510
f 583/1666/1666 587/541/541 575/513/513
f 587/541/541 585/525/525 577/524/524
f 605/529/529 587/541/541 583/1666/1666
f 576/489/489 597/511/511 566/483/483
f 587/541/541 601/533/533 585/525/525
f 598/534/534 589/527/527 585/525/525
f 591/538/538 593/1667/1667 592/537/537
f 594/1668/1668 592/537/537 593/1667/1667
f 597/511/511 616/535/535 584/519/519
f 616/535/535 599/539/539 590/530/530
f 591/538/538 588/531/531 593/1667/1667
f 594/1668/1668 595/510/510 592/537/537
f 593/1667/1667 588/531/531 610/1669/1669
f 593/1667/1667 610/1669/1669 594/1668/1668
f 594/1668/1668 600/549/549 595/510/510
f 600/549/549 594/1668/1668 612/559/559
f 595/510/510 600/549/549 604/545/545
f 595/510/510 602/546/546 615/540/540
f 610/1669/1669 612/559/559 594/1668/1668
f 610/1669/1669 588/531/531 607/555/555
f 612/559/559 603/558/558 600/549/549
f 598/534/534 608/547/547 624/572/572
f 609/548/548 598/534/534 624/572/572
f 599/539/539 607/555/555 588/531/531
f 615/540/540 623/561/561 605/529/529
f 643/567/567 656/543/543 565/544/544
f 602/546/546 614/563/563 615/540/540
f 602/546/546 604/545/545 614/563/563
f 609/548/548 620/1670/1670 606/542/542
f 610/1669/1669 607/555/555 613/554/554
f 604/545/545 618/550/550 614/563/563
f 623/561/561 596/551/551 605/529/529
f 609/548/548 624/572/572 620/1670/1670
f 630/560/560 631/552/552 596/551/551
f 606/542/542 621/1671/1671 629/556/556
f 620/1670/1670 624/572/572 628/571/571
f 615/540/540 619/562/562 623/561/561
f 615/540/540 614/563/563 619/562/562
f 617/557/557 622/565/565 603/558/558
f 618/550/550 636/569/569 625/566/566
f 618/550/550 622/565/565 645/568/568
f 623/561/561 646/574/574 630/560/560
f 628/571/571 621/1671/1671 620/1670/1670
f 627/1672/1672 629/556/556 621/1671/1671
f 623/561/561 626/570/570 639/573/573
f 630/560/560 644/580/580 631/552/552
f 621/1671/1671 632/1673/1673 627/1672/1672
f 625/566/566 636/569/569 635/577/577
f 628/571/571 640/1674/1674 632/1673/1673
f 625/566/566 635/577/577 634/578/578
f 627/1672/1672 648/583/583 629/556/556
f 632/1673/1673 640/1674/1674 627/1672/1672
f 633/564/564 638/553/553 622/565/565
f 636/569/569 637/582/582 635/577/577
f 635/577/577 637/582/582 641/1675/1675
f 639/573/573 647/584/584 646/574/574
f 628/571/571 650/576/576 640/1674/1674
f 640/1674/1674 648/583/583 627/1672/1672
f 640/1674/1674 650/576/576 648/583/583
f 639/573/573 641/1675/1675 647/584/584
f 643/567/567 658/1676/1676 656/543/543
f 641/1675/1675 660/592/592 647/584/584
f 650/576/576 652/1677/1677 648/583/583
f 666/590/590 650/576/576 644/580/580
f 646/574/574 676/589/589 630/560/560
f 680/587/587 663/596/596 642/575/575
f 660/592/592 651/1678/1678 647/584/584
f 660/592/592 654/1679/1679 651/1678/1678
f 645/568/568 708/581/581 637/582/582
f 651/1678/1678 649/585/585 647/584/584
f 630/560/560 665/1680/1680 666/590/590
f 648/583/583 655/601/601 670/579/579
f 643/567/567 664/602/602 658/1676/1676
f 658/1676/1676 661/597/597 656/543/543
f 630/560/560 702/598/598 665/1680/1680
f 666/590/590 669/612/612 650/576/576
f 649/585/585 657/608/608 653/588/588
f 653/588/588 668/610/610 676/589/589
f 686/599/599 655/601/601 652/1677/1677
f 651/1678/1678 654/1679/1679 657/608/608
f 669/612/612 686/599/599 652/1677/1677
f 597/511/511 830/586/586 708/581/581
f 655/601/601 662/600/600 670/579/579
f 642/575/575 681/595/595 691/603/603
f 661/597/597 658/1676/1676 671/1681/1681
f 676/589/589 668/610/610 673/1682/1682
f 671/1681/1681 658/1676/1676 664/602/602
f 662/600/600 686/599/599 683/650/650
f 676/589/589 673/1682/1682 701/634/634
f 680/587/587 688/593/593 689/618/618
f 661/597/597 678/623/623 672/594/594
f 672/594/594 698/627/627 696/607/607
f 664/602/602 675/591/591 685/631/631
f 673/1682/1682 699/1683/1683 701/634/634
f 682/1684/1684 694/645/645 677/621/621
f 696/607/607 717/677/677 659/119/119
f 665/1680/1680 702/598/598 666/590/590
f 671/1681/1681 714/657/657 682/1684/1684
f 678/623/623 661/597/597 677/621/621
f 659/119/119 717/677/677 758/632/632
f 668/610/610 679/613/613 673/1682/1682
f 686/599/599 722/656/656 683/650/650
f 678/623/623 707/626/626 672/594/594
f 698/627/627 705/1685/1685 696/607/607
f 690/619/619 697/644/644 681/595/595
f 679/613/613 709/633/633 673/1682/1682
f 669/612/612 712/637/637 686/599/599
f 686/599/599 712/637/637 722/656/656
f 688/593/593 753/642/642 674/617/617
f 703/638/638 733/628/628 687/616/616
f 697/644/644 716/620/620 681/595/595
f 714/657/657 685/631/631 742/1686/1686
f 694/645/645 682/1684/1684 714/657/657
f 698/627/627 695/1687/1687 705/1685/1685
f 696/607/607 720/1688/1688 717/677/677
f 673/1682/1682 709/633/633 752/655/655
f 673/1682/1682 752/655/655 699/1683/1683
f 688/593/593 733/628/628 753/642/642
f 689/618/618 724/639/639 693/629/629
f 736/640/640 684/624/624 693/629/629
f 691/603/603 725/647/647 700/641/641
f 676/589/589 710/635/635 781/625/625
f 696/607/607 705/1685/1685 720/1688/1688
f 723/643/643 724/639/639 674/617/617
f 697/644/644 747/663/663 716/620/620
f 706/630/630 742/1686/1686 685/631/631
f 705/1685/1685 695/1687/1687 734/675/675
f 736/640/640 747/663/663 697/644/644
f 717/677/677 720/1688/1688 757/676/676
f 701/634/634 699/1683/1683 710/635/635
f 781/625/625 710/635/635 721/672/672
f 705/1685/1685 734/675/675 720/1688/1688
f 700/641/641 725/647/647 729/662/662
f 675/591/591 726/653/653 713/669/669
f 718/646/646 730/679/679 707/626/626
f 755/652/652 731/611/611 702/598/598
f 719/654/654 714/657/657 762/678/678
f 727/649/649 738/673/673 695/1687/1687
f 734/675/675 695/1687/1687 738/673/673
f 752/655/655 749/670/670 699/1683/1683
f 767/659/659 712/637/637 711/636/636
f 724/639/639 746/693/693 693/629/629
f 746/693/693 736/640/640 693/629/629
f 742/1686/1686 762/678/678 714/657/657
f 718/646/646 719/654/654 730/679/679
f 720/1688/1688 734/675/675 766/674/674
f 740/683/683 728/615/615 739/666/666
f 735/1689/1689 728/615/615 740/683/683
f 733/628/628 728/615/615 735/1689/1689
f 720/1688/1688 766/674/674 757/676/676
f 725/647/647 756/667/667 729/662/662
f 727/649/649 730/679/679 738/673/673
f 769/664/664 748/696/696 737/661/661
f 706/630/630 713/669/669 761/684/684
f 723/643/643 753/642/642 745/694/694
f 724/639/639 723/643/643 745/694/694
f 721/672/672 743/671/671 781/625/625
f 763/702/702 744/665/665 722/656/656
f 733/628/628 735/1689/1689 765/660/660
f 737/661/661 748/696/696 775/721/721
f 745/694/694 746/693/693 724/639/639
f 756/667/667 750/1690/1690 741/668/668
f 706/630/630 751/685/685 742/1686/1686
f 774/658/658 767/659/659 711/636/636
f 735/1689/1689 740/683/683 765/660/660
f 747/663/663 785/711/711 769/664/664
f 779/705/705 787/604/604 773/605/605
f 749/670/670 752/655/655 776/701/701
f 713/669/669 750/1690/1690 799/689/689
f 753/642/642 801/736/736 745/694/694
f 754/688/688 785/711/711 747/663/663
f 730/679/679 762/678/678 766/674/674
f 708/581/581 830/586/586 780/648/648
f 749/670/670 776/701/701 743/671/671
f 781/625/625 795/709/709 755/652/652
f 753/642/642 765/660/660 801/736/736
f 759/682/682 744/665/665 791/730/730
f 746/693/693 784/740/740 754/688/688
f 748/696/696 808/695/695 775/721/721
f 780/648/648 783/708/708 752/655/655
f 746/693/693 786/692/692 784/740/740
f 761/684/684 799/689/689 751/685/685
f 767/659/659 777/703/703 763/702/702
f 765/660/660 792/699/699 801/736/736
f 754/688/688 784/740/740 785/711/711
f 762/678/678 770/686/686 766/674/674
f 783/708/708 776/701/701 752/655/655
f 781/625/625 815/729/729 795/709/709
f 774/658/658 825/725/725 767/659/659
f 760/697/697 771/690/690 793/733/733
f 750/1690/1690 798/720/720 799/689/689
f 772/680/680 760/697/697 793/733/733
f 862/727/727 1029/830/830 5/6/6
f 767/659/659 825/725/725 777/703/703
f 744/665/665 777/703/703 791/730/730
f 773/605/605 772/680/680 778/1691/1691
f 745/694/694 801/736/736 786/692/692
f 768/681/681 770/686/686 788/731/731
f 774/658/658 755/652/652 825/725/725
f 778/1691/1691 772/680/680 814/741/741
f 772/680/680 793/733/733 814/741/741
f 762/678/678 751/685/685 796/712/712
f 762/678/678 824/747/747 770/686/686
f 771/690/690 788/731/731 793/733/733
f 807/700/700 815/729/729 781/625/625
f 802/698/698 796/712/712 751/685/685
f 787/604/604 779/705/705 797/743/743
f 787/604/604 797/743/743 851/717/717
f 803/714/714 778/1691/1691 814/741/741
f 872/718/718 881/751/751 787/604/604
f 782/704/704 790/715/715 794/716/716
f 804/707/707 800/738/738 783/708/708
f 813/713/713 824/747/747 762/678/678
f 793/733/733 831/732/732 814/741/741
f 779/705/705 794/716/716 797/743/743
f 800/738/738 807/700/700 783/708/708
f 770/686/686 826/748/748 788/731/731
f 812/722/722 789/710/710 811/724/724
f 842/1692/1692 797/743/743 794/716/716
f 913/706/706 852/726/726 5/6/6
f 802/698/698 805/723/723 796/712/712
f 803/714/714 816/742/742 810/719/719
f 832/762/762 794/716/716 790/715/715
f 790/715/715 810/719/719 827/760/760
f 790/715/715 827/760/760 829/763/763
f 832/762/762 842/1692/1692 794/716/716
f 780/648/648 879/789/789 822/737/737
f 807/700/700 800/738/738 823/750/750
f 807/700/700 823/750/750 820/728/728
f 777/703/703 792/699/699 791/730/730
f 814/741/741 841/759/759 816/742/742
f 1029/830/830 1091/980/980 5/6/6
f 822/737/737 833/758/758 800/738/738
f 809/735/735 848/753/753 784/740/740
f 874/754/754 893/764/764 808/695/695
f 810/719/719 816/742/742 827/760/760
f 780/648/648 830/586/586 879/789/789
f 800/738/738 833/758/758 817/749/749
f 815/729/729 818/767/767 811/724/724
f 811/724/724 818/767/767 839/739/739
f 784/740/740 848/753/753 808/695/695
f 812/722/722 839/739/739 850/745/745
f 820/728/728 818/767/767 815/729/729
f 839/739/739 818/767/767 847/781/781
f 825/725/725 850/745/745 844/770/770
f 818/767/767 838/775/775 847/781/781
f 813/713/713 806/734/734 819/746/746
f 819/746/746 836/1693/1693 824/747/747
f 770/686/686 824/747/747 826/748/748
f 913/706/706 1096/838/838 852/726/726
f 806/734/734 857/793/793 819/746/746
f 823/750/750 845/1694/1694 820/728/728
f 817/749/749 845/1694/1694 823/750/750
f 821/752/752 871/819/819 848/753/753
f 832/762/762 876/777/777 842/1692/1692
f 822/737/737 879/789/789 833/758/758
f 846/766/766 820/728/728 845/1694/1694
f 848/753/753 871/819/819 874/754/754
f 851/717/717 925/831/831 872/718/718
f 939/776/776 821/752/752 792/699/699
f 900/765/765 940/889/889 806/734/734
f 836/1693/1693 867/803/803 824/747/747
f 824/747/747 867/803/803 912/797/797
f 876/777/777 902/805/805 842/1692/1692
f 856/771/771 904/791/791 825/725/725
f 836/1693/1693 819/746/746 867/803/803
f 842/1692/1692 859/798/798 835/744/744
f 835/744/744 859/798/798 855/778/778
f 860/779/779 849/756/756 835/744/744
f 879/789/789 877/792/792 833/758/758
f 824/747/747 912/797/797 826/748/748
f 833/758/758 877/792/792 837/757/757
f 839/739/739 863/782/782 850/745/745
f 838/775/775 873/817/817 847/781/781
f 806/734/734 940/889/889 857/793/793
f 826/748/748 912/797/797 878/787/787
f 840/772/772 907/815/815 841/759/759
f 898/812/812 871/819/819 821/752/752
f 840/772/772 826/748/748 878/787/787
f 902/805/805 859/798/798 842/1692/1692
f 860/779/779 869/821/821 849/756/756
f 843/769/769 959/784/784 845/1694/1694
f 847/781/781 854/810/810 863/782/782
f 867/803/803 875/795/795 912/797/797
f 852/726/726 864/1695/1695 882/822/822
f 862/727/727 908/768/768 883/833/833
f 838/775/775 959/784/784 873/817/817
f 854/810/810 847/781/781 873/817/817
f 907/815/815 868/773/773 841/759/759
f 849/756/756 869/821/821 891/800/800
f 852/726/726 858/1696/1696 864/1695/1695
f 850/745/745 870/802/802 856/771/771
f 851/717/717 849/756/756 861/801/801
f 927/816/816 865/780/780 868/773/773
f 856/771/771 870/802/802 880/1697/1697
f 939/776/776 923/811/811 821/752/752
f 900/765/765 885/890/890 940/889/889
f 940/889/889 910/807/807 857/793/793
f 857/793/793 905/808/808 906/794/794
f 859/798/798 932/806/806 886/799/799
f 886/799/799 896/856/856 860/779/779
f 864/1695/1695 858/1696/1696 936/883/883
f 863/782/782 884/809/809 870/802/802
f 856/771/771 880/1697/1697 888/1698/1698
f 938/790/790 939/776/776 866/755/755
f 840/772/772 889/786/786 907/815/815
f 1096/838/838 858/1696/1696 852/726/726
f 927/816/816 890/813/813 865/780/780
f 854/810/810 873/817/817 884/809/809
f 862/727/727 883/833/833 887/825/825
f 867/803/803 906/794/794 894/878/878
f 867/803/803 894/878/878 875/795/795
f 861/801/801 891/800/800 919/860/860
f 981/845/845 900/765/765 893/764/764
f 913/706/706 881/751/751 922/850/850
f 884/809/809 909/852/852 870/802/802
f 876/777/777 890/813/813 901/900/900
f 932/806/806 933/840/840 886/799/799
f 851/717/717 861/801/801 925/831/831
f 1096/838/838 914/868/868 858/1696/1696
f 862/727/727 915/826/826 989/829/829
f 870/802/802 909/852/852 880/1697/1697
f 911/848/848 875/795/795 894/878/878
f 875/795/795 911/848/848 918/847/847
f 889/786/786 951/828/828 907/815/815
f 901/900/900 952/804/804 876/777/777
f 896/856/856 897/820/820 869/821/821
f 872/718/718 928/832/832 903/814/814
f 888/1698/1698 960/870/870 856/771/771
f 875/795/795 918/847/847 895/796/796
f 881/751/751 903/814/814 921/863/863
f 960/870/870 892/827/827 856/771/771
f 899/785/785 874/754/754 924/818/818
f 921/863/863 922/850/850 881/751/751
f 877/792/792 1189/824/824 959/784/784
f 892/827/827 916/872/872 904/791/791
f 895/796/796 943/836/836 912/797/797
f 933/840/840 896/856/856 886/799/799
f 921/863/863 934/864/864 922/850/850
f 904/791/791 962/871/871 938/790/790
f 948/851/851 880/1697/1697 909/852/852
f 884/809/809 931/841/841 909/852/852
f 899/785/785 924/818/818 970/899/899
f 885/890/890 900/765/765 1024/893/893
f 882/822/822 1041/885/885 985/823/823
f 883/833/833 908/768/768 937/902/902
f 887/825/825 947/875/875 915/826/826
f 932/806/806 1025/1699/1699 953/839/839
f 916/872/872 962/871/871 904/791/791
f 899/785/785 970/899/899 994/844/844
f 899/785/785 994/844/844 893/764/764
f 951/828/828 964/1700/1700 907/815/815
f 964/1700/1700 927/816/816 907/815/815
f 927/816/816 1003/942/942 890/813/813
f 861/801/801 919/860/860 965/879/879
f 925/831/831 861/801/801 965/879/879
f 947/875/875 887/825/825 968/834/834
f 923/811/811 950/906/906 898/812/812
f 912/797/797 943/836/836 1014/858/858
f 902/805/805 1004/854/854 932/806/806
f 954/919/919 974/855/855 896/856/856
f 928/832/832 920/1701/1701 903/814/814
f 929/932/932 955/895/895 921/863/863
f 944/849/849 922/850/850 958/910/910
f 948/851/851 960/870/870 888/1698/1698
f 929/932/932 903/814/814 920/1701/1701
f 921/863/863 956/862/862 934/864/864
f 913/706/706 945/915/915 1005/837/837
f 905/808/808 971/853/853 941/1702/1702
f 918/847/847 926/846/846 942/835/835
f 965/879/879 919/860/860 996/950/950
f 919/860/860 1062/859/859 996/950/950
f 941/1702/1702 1045/877/877 894/878/878
f 1008/857/857 978/907/907 926/846/846
f 932/806/806 1004/854/854 1025/1699/1699
f 925/831/831 975/1703/1703 928/832/832
f 930/861/861 921/863/863 955/895/895
f 1052/1704/1704 1028/876/876 989/829/829
f 898/812/812 950/906/906 917/842/842
f 973/891/891 943/836/836 942/835/835
f 922/850/850 957/865/865 958/910/910
f 986/887/887 962/871/871 892/827/827
f 939/776/776 1010/1705/1705 987/905/905
f 963/843/843 970/899/899 924/818/818
f 964/1700/1700 1003/942/942 927/816/816
f 996/950/950 1062/859/859 1057/989/989
f 928/832/832 980/933/933 920/1701/1701
f 1019/882/882 945/915/915 913/706/706
f 1051/1706/1706 999/866/866 1096/838/838
f 938/790/790 962/871/871 992/873/873
f 992/873/873 1038/903/903 939/776/776
f 940/889/889 977/888/888 971/853/853
f 943/836/836 973/891/891 1032/892/892
f 890/813/813 1003/942/942 901/900/900
f 976/1707/1707 980/933/933 928/832/832
f 931/841/841 1002/886/886 969/897/897
f 948/851/851 969/897/897 949/1708/1708
f 975/1703/1703 976/1707/1707 928/832/832
f 1000/964/964 1027/901/901 908/768/768
f 1009/874/874 968/834/834 1022/926/926
f 989/829/829 915/826/826 1023/922/922
f 947/875/875 1023/922/922 915/826/826
f 1189/824/824 1002/886/886 959/784/784
f 949/1708/1708 990/962/962 960/870/870
f 939/776/776 1044/904/904 1010/1705/1705
f 964/1700/1700 1056/941/941 1003/942/942
f 974/855/855 995/924/924 897/820/820
f 996/950/950 1048/949/949 965/879/879
f 957/865/865 934/864/864 984/909/909
f 1042/939/939 1000/964/964 946/788/788
f 960/870/870 990/962/962 1054/961/961
f 997/880/880 965/879/879 1048/949/949
f 1098/1005/1005 985/823/823 1041/885/885
f 968/834/834 937/902/902 1022/926/926
f 1023/922/922 947/875/875 1009/874/874
f 1029/830/830 1028/876/876 1078/979/979
f 1441/687/687 1189/824/824 879/789/789
f 960/870/870 1054/961/961 961/869/869
f 1092/1010/1010 1007/916/916 917/842/842
f 885/890/890 1039/894/894 977/888/888
f 953/839/839 1033/929/929 954/919/919
f 979/1709/1709 1016/972/972 975/1703/1703
f 969/897/897 990/962/962 949/1708/1708
f 900/765/765 981/845/845 1093/974/974
f 1013/917/917 1045/877/877 971/853/853
f 976/1707/1707 975/1703/1703 1016/972/972
f 956/862/862 984/909/909 934/864/864
f 1003/942/942 1004/854/854 901/900/900
f 974/855/855 1047/918/918 1062/859/859
f 974/855/855 1062/859/859 995/924/924
f 1057/989/989 1105/948/948 996/950/950
f 935/867/867 999/866/866 1020/958/958
f 1027/901/901 1068/925/925 937/902/902
f 961/869/869 1061/994/994 986/887/887
f 991/911/911 986/887/887 1069/940/940
f 993/898/898 1011/945/945 970/899/899
f 1072/946/946 1066/1710/1710 981/845/845
f 964/1700/1700 1046/928/928 1056/941/941
f 976/1707/1707 1040/943/943 980/933/933
f 929/932/932 1017/931/931 1035/912/912
f 988/956/956 1058/920/920 967/914/914
f 986/887/887 1061/994/994 1043/953/953
f 981/845/845 1066/1710/1710 1093/974/974
f 900/765/765 1093/974/974 1024/893/893
f 954/919/919 1034/930/930 1047/918/918
f 997/880/880 1049/1711/1711 982/1712/1712
f 956/862/862 983/936/936 1084/935/935
f 1045/877/877 1013/917/917 1031/966/966
f 1008/857/857 1067/954/954 978/907/907
f 1015/951/951 1049/1711/1711 997/880/880
f 989/829/829 1001/921/921 1076/992/992
f 994/844/844 1012/927/927 1072/946/946
f 1026/971/971 982/1712/1712 1049/1711/1711
f 1016/972/972 1040/943/943 976/1707/1707
f 1018/896/896 1035/912/912 1117/976/976
f 1018/896/896 1117/976/976 998/934/934
f 999/866/866 1051/1706/1706 1020/958/958
f 1042/939/939 985/823/823 1098/1005/1005
f 1010/1705/1705 1070/1713/1713 1071/1009/1009
f 1010/1705/1705 1071/1009/1009 987/905/905
f 987/905/905 1092/1010/1010 950/906/906
f 1004/854/854 1034/930/930 1025/1699/1699
f 1025/1699/1699 1034/930/930 1033/929/929
f 1096/838/838 1075/985/985 1051/1706/1706
f 1052/1704/1704 1113/977/977 1028/876/876
f 1006/923/923 1094/1015/1015 1038/903/903
f 1000/964/964 1119/973/973 1060/963/963
f 989/829/829 1076/992/992 1052/1704/1704
f 1002/886/886 1107/952/952 1037/969/969
f 1044/904/904 1079/1714/1714 1010/1705/1705
f 1079/1714/1714 1070/1713/1713 1010/1705/1705
f 1012/927/927 1162/1020/1020 1072/946/946
f 1106/968/968 1099/991/991 1001/921/921
f 1069/940/940 1094/1015/1015 1006/923/923
f 1038/903/903 1079/1714/1714 1044/904/904
f 1093/974/974 1128/995/995 1039/894/894
f 1039/894/894 1082/996/996 1116/1715/1715
f 1039/894/894 1116/1715/1715 1030/947/947
f 1031/966/966 1073/1716/1716 1109/1028/1028
f 1031/966/966 1109/1028/1028 1045/877/877
f 1062/859/859 1104/988/988 1057/989/989
f 1015/951/951 1129/970/970 1049/1711/1711
f 1063/937/937 1118/997/997 1050/913/913
f 1058/920/920 1111/1057/1057 1074/957/957
f 1051/1706/1706 1097/1717/1717 1020/958/958
f 1027/901/901 1060/963/963 1126/1039/1039
f 1115/1008/1008 1092/1010/1010 987/905/905
f 1116/1715/1715 1073/1716/1716 1030/947/947
f 1045/877/877 1109/1028/1028 1110/982/982
f 1047/918/918 1104/988/988 1062/859/859
f 1100/1026/1026 1118/997/997 1063/937/937
f 1132/1031/1031 1077/1030/1030 1052/1704/1704
f 1038/903/903 1094/1015/1015 1079/1714/1714
f 1103/981/981 1046/928/928 1014/858/858
f 1136/1013/1013 998/934/934 1117/976/976
f 1049/1711/1711 1129/970/970 1040/943/943
f 1063/937/937 1123/983/983 1100/1026/1026
f 1111/1057/1057 1124/1718/1718 1074/957/957
f 1005/837/837 1089/1018/1018 1096/838/838
f 1078/979/979 1028/876/876 1146/1043/1043
f 1121/993/993 1043/953/953 1061/994/994
f 1079/1714/1714 1086/1719/1719 1070/1713/1713
f 1012/927/927 1080/965/965 1095/999/999
f 1066/1710/1710 1072/946/946 1087/1022/1022
f 1162/1020/1020 1087/1022/1022 1072/946/946
f 1089/1018/1018 1005/837/837 1101/1003/1003
f 1052/1704/1704 1076/992/992 1132/1031/1031
f 1069/940/940 1043/953/953 1147/1014/1014
f 1066/1710/1710 1087/1022/1022 1088/1021/1021
f 1046/928/928 1173/1033/1033 1056/941/941
f 1103/981/981 1173/1033/1033 1046/928/928
f 1056/941/941 1158/975/975 1004/854/854
f 1051/1706/1706 1075/985/985 1097/1717/1717
f 1064/978/978 1146/1043/1043 1028/876/876
f 1094/1015/1015 1134/1720/1720 1079/1714/1714
f 1086/1719/1719 1114/1036/1036 1070/1713/1713
f 1148/1024/1024 1083/967/967 1067/954/954
f 1083/967/967 1122/1025/1025 1055/955/955
f 1005/837/837 1074/957/957 1124/1718/1718
f 1126/1039/1039 1068/925/925 1027/901/901
f 1079/1714/1714 1134/1720/1720 1127/1056/1056
f 1092/1010/1010 1135/1035/1035 1011/945/945
f 1108/1037/1037 1080/965/965 1011/945/945
f 1093/974/974 1066/1710/1710 1088/1021/1021
f 1128/995/995 1093/974/974 1088/1021/1021
f 1122/1025/1025 1163/1016/1016 1055/955/955
f 1143/1002/1002 1005/837/837 1124/1718/1718
f 1156/1006/1006 1150/1097/1097 1076/992/992
f 1113/977/977 1146/1043/1043 1064/978/978
f 1102/1012/1012 1165/1045/1045 1091/980/980
f 1043/953/953 1121/993/993 1147/1014/1014
f 1079/1714/1714 1127/1056/1056 1086/1719/1719
f 1116/1715/1715 1109/1028/1028 1073/1716/1716
f 1110/982/982 1148/1024/1024 1067/954/954
f 1118/997/997 1252/1051/1051 1142/1001/1001
f 1078/979/979 1146/1043/1043 1161/1042/1042
f 1115/1008/1008 1135/1035/1035 1092/1010/1010
f 1095/999/999 1080/965/965 1108/1037/1037
f 1081/1000/1000 1095/999/999 1162/1020/1020
f 1140/984/984 1130/1075/1075 1075/985/985
f 1060/963/963 1119/973/973 1126/1039/1039
f 1076/992/992 1150/1097/1097 1132/1031/1031
f 1113/977/977 1133/1721/1721 1146/1043/1043
f 1125/1019/1019 1140/984/984 1096/838/838
f 1160/1059/1059 1120/990/990 1068/925/925
f 1099/991/991 1106/968/968 1145/1048/1048
f 1113/977/977 1077/1030/1030 1133/1721/1721
f 1220/1017/1017 1121/993/993 1085/987/987
f 1193/1071/1071 1088/1021/1021 1162/1020/1020
f 1128/995/995 1088/1021/1021 1176/1065/1065
f 1163/1016/1016 1172/1032/1032 1103/981/981
f 1153/1072/1072 1101/1003/1003 1143/1002/1002
f 1101/1003/1003 1153/1072/1072 1089/1018/1018
f 1149/1722/1722 1059/959/959 1097/1717/1717
f 1091/980/980 1165/1045/1045 1151/1723/1723
f 1107/952/952 1189/824/824 1220/1017/1017
f 1112/1004/1004 1059/959/959 1184/1053/1053
f 1127/1056/1056 1152/1055/1055 1086/1719/1719
f 1114/1036/1036 1152/1055/1055 1135/1035/1035
f 1141/1011/1011 1112/1004/1004 1170/1724/1724
f 1077/1030/1030 1191/1029/1029 1133/1721/1721
f 1116/1715/1715 1137/1023/1023 1138/1046/1046
f 1124/1718/1718 1111/1057/1057 1143/1002/1002
f 1089/1018/1018 1153/1072/1072 1181/1089/1089
f 1089/1018/1018 1181/1089/1089 1139/1034/1034
f 1126/1039/1039 1160/1059/1059 1068/925/925
f 1148/1024/1024 1163/1016/1016 1122/1025/1025
f 1177/1050/1050 1056/941/941 1173/1033/1033
f 1184/1053/1053 1154/1091/1091 1112/1004/1004
f 1133/1721/1721 1208/1099/1099 1146/1043/1043
f 1127/1056/1056 1134/1720/1720 1209/1093/1093
f 1193/1071/1071 1176/1065/1065 1088/1021/1021
f 1166/1066/1066 1171/1027/1027 1138/1046/1046
f 1125/1019/1019 1174/1725/1725 1140/984/984
f 1149/1722/1722 1187/1052/1052 1059/959/959
f 1146/1043/1043 1208/1099/1099 1200/1041/1041
f 1127/1056/1056 1209/1093/1093 1157/1054/1054
f 1136/1013/1013 1252/1051/1051 1123/983/983
f 1140/984/984 1164/1078/1078 1182/1076/1076
f 1209/1093/1093 1134/1720/1720 1147/1014/1014
f 1176/1065/1065 1138/1046/1046 1137/1023/1023
f 1142/1001/1001 1252/1051/1051 1111/1057/1057
f 1149/1722/1722 1130/1075/1075 1167/1086/1086
f 1154/1091/1091 1198/1124/1124 1112/1004/1004
f 1112/1004/1004 1198/1124/1124 1170/1724/1724
f 1170/1724/1724 1168/1069/1069 1141/1011/1011
f 1139/1034/1034 1181/1089/1089 1174/1725/1725
f 1125/1019/1019 1139/1034/1034 1174/1725/1725
f 1140/984/984 1182/1076/1076 1130/1075/1075
f 1149/1722/1722 1167/1086/1086 1187/1052/1052
f 1159/1068/1068 1160/1059/1059 1144/1038/1038
f 1120/990/990 1160/1059/1059 1203/1070/1070
f 1208/1099/1099 1133/1721/1721 1191/1029/1029
f 1148/1024/1024 1202/1103/1103 1163/1016/1016
f 1195/1062/1062 1202/1103/1103 1148/1024/1024
f 1165/1045/1045 1201/1120/1120 1151/1723/1723
f 1158/975/975 1252/1051/1051 1136/1013/1013
f 1159/1068/1068 1178/1067/1067 1160/1059/1059
f 1188/1085/1085 1207/1084/1084 1156/1006/1006
f 1156/1006/1006 1207/1084/1084 1150/1097/1097
f 1171/1027/1027 1194/1073/1073 1110/982/982
f 1222/1102/1102 1172/1032/1032 1179/1063/1063
f 1183/1074/1074 1167/1086/1086 1130/1075/1075
f 1161/1042/1042 1200/1041/1041 1204/1044/1044
f 1181/1089/1089 1153/1072/1072 1180/1058/1058
f 1111/1057/1057 1218/1088/1088 1180/1058/1058
f 1168/1069/1069 1170/1724/1724 1210/1726/1726
f 1168/1069/1069 1210/1726/1726 1178/1067/1067
f 1169/1061/1061 1185/1060/1060 1186/1079/1079
f 1226/1118/1118 1201/1120/1120 1165/1045/1045
f 1192/1101/1101 1164/1078/1078 1174/1725/1725
f 1150/1097/1097 1232/1096/1096 1191/1029/1029
f 1174/1725/1725 1181/1089/1089 1239/1129/1129
f 1223/1132/1132 1212/1112/1112 1172/1032/1032
f 1196/1049/1049 1205/1087/1087 1177/1050/1050
f 1210/1726/1726 1216/1117/1117 1178/1067/1067
f 1176/1065/1065 1193/1071/1071 1166/1066/1066
f 1222/1102/1102 1223/1132/1132 1172/1032/1032
f 1206/1064/1064 1238/1107/1107 1271/1081/1081
f 1186/1079/1079 1211/1083/1083 1188/1085/1085
f 1121/993/993 1214/1092/1092 1147/1014/1014
f 1179/1063/1063 1202/1103/1103 1222/1102/1102
f 1172/1032/1032 1212/1112/1112 1173/1033/1033
f 1196/1049/1049 1217/1115/1115 1205/1087/1087
f 1197/1077/1077 1183/1074/1074 1182/1076/1076
f 1224/1082/1082 1203/1070/1070 1160/1059/1059
f 1199/1128/1128 1185/1060/1060 1203/1070/1070
f 1232/1096/1096 1253/1098/1098 1191/1029/1029
f 1208/1099/1099 1191/1029/1029 1253/1098/1098
f 1212/1112/1112 1196/1049/1049 1173/1033/1033
f 1181/1089/1089 1218/1088/1088 1239/1129/1129
f 1195/1062/1062 1221/1104/1104 1202/1103/1103
f 1216/1117/1117 1224/1082/1082 1178/1067/1067
f 1165/1045/1045 1204/1044/1044 1226/1118/1118
f 1194/1073/1073 1221/1104/1104 1195/1062/1062
f 1187/1052/1052 1219/1090/1090 1184/1053/1053
f 1219/1090/1090 1198/1124/1124 1154/1091/1091
f 1190/1080/1080 1209/1093/1093 1214/1092/1092
f 1194/1073/1073 1171/1027/1027 1240/1147/1147
f 1196/1049/1049 1212/1112/1112 1215/1111/1111
f 1239/1129/1129 1225/1100/1100 1192/1101/1101
f 1223/1132/1132 1233/1110/1110 1212/1112/1112
f 1194/1073/1073 1240/1147/1147 1221/1104/1104
f 1196/1049/1049 1215/1111/1111 1227/1126/1126
f 1210/1726/1726 1198/1124/1124 1249/1116/1116
f 1210/1726/1726 1249/1116/1116 1216/1117/1117
f 1196/1049/1049 1227/1126/1126 1217/1115/1115
f 1217/1115/1115 1234/1106/1106 1205/1087/1087
f 1211/1083/1083 1232/1096/1096 1207/1084/1084
f 1166/1066/1066 1301/1105/1105 1171/1027/1027
f 1243/1130/1130 1228/1094/1094 1197/1077/1077
f 1236/1122/1122 1223/1132/1132 1222/1102/1102
f 1240/1147/1147 1229/1121/1121 1221/1104/1104
f 1232/1096/1096 1268/1176/1176 1253/1098/1098
f 1223/1132/1132 1269/1152/1152 1233/1110/1110
f 1242/1125/1125 1215/1111/1111 1237/1154/1154
f 1217/1115/1115 1230/1727/1727 1246/1114/1114
f 1243/1130/1130 1282/1136/1136 1228/1094/1094
f 1199/1128/1128 1231/1728/1728 1294/1127/1127
f 1224/1082/1082 1265/1138/1138 1199/1128/1128
f 1276/1144/1144 1232/1096/1096 1211/1083/1083
f 1250/1133/1133 1226/1118/1118 1204/1044/1044
f 1227/1126/1126 1242/1125/1125 1251/1156/1156
f 1238/1107/1107 1234/1106/1106 1235/1143/1143
f 1249/1116/1116 1198/1124/1124 1267/1173/1173
f 1211/1083/1083 1186/1079/1079 1266/1145/1145
f 1253/1098/1098 1268/1176/1176 1262/1139/1139
f 1204/1044/1044 1253/1098/1098 1286/1165/1165
f 1223/1132/1132 1256/1131/1131 1269/1152/1152
f 1269/1152/1152 1241/1150/1150 1233/1110/1110
f 1198/1124/1124 1261/1123/1123 1267/1173/1173
f 1233/1110/1110 1247/1149/1149 1215/1111/1111
f 1230/1727/1727 1251/1156/1156 1248/1729/1729
f 1259/1113/1113 1260/1109/1109 1187/1052/1052
f 1276/1144/1144 1268/1176/1176 1232/1096/1096
f 1240/1147/1147 1245/1146/1146 1229/1121/1121
f 1236/1122/1122 1254/1159/1159 1284/1161/1161
f 1215/1111/1111 1247/1149/1149 1237/1154/1154
f 1252/1051/1051 1272/1180/1180 1258/1135/1135
f 1239/1129/1129 1258/1135/1135 1243/1130/1130
f 1265/1138/1138 1231/1728/1728 1199/1128/1128
f 1286/1165/1165 1250/1133/1133 1204/1044/1044
f 1234/1106/1106 1274/1141/1141 1235/1143/1143
f 1238/1107/1107 1235/1143/1143 1271/1081/1081
f 1218/1088/1088 1258/1135/1135 1239/1129/1129
f 1246/1114/1114 1274/1141/1141 1234/1106/1106
f 1235/1143/1143 1278/1142/1142 1271/1081/1081
f 1284/1161/1161 1256/1131/1131 1236/1122/1122
f 1242/1125/1125 1237/1154/1154 1251/1156/1156
f 1271/1081/1081 1306/1207/1207 1345/1108/1108
f 1249/1116/1116 1285/1185/1185 1265/1138/1138
f 1250/1133/1133 1263/1169/1169 1244/1119/1119
f 1186/1079/1079 1290/1157/1157 1266/1145/1145
f 1254/1159/1159 1229/1121/1121 1245/1146/1146
f 1171/1027/1027 1301/1105/1105 1240/1147/1147
f 1257/1148/1148 1270/1155/1155 1247/1149/1149
f 1272/1180/1180 1252/1051/1051 1319/1134/1134
f 1264/1153/1153 1255/1163/1163 1248/1729/1729
f 1273/1162/1162 1255/1163/1163 1264/1153/1153
f 1259/1113/1113 1316/1158/1158 1260/1109/1109
f 1259/1113/1113 1279/1137/1137 1316/1158/1158
f 1296/1172/1172 1285/1185/1185 1249/1116/1116
f 1268/1176/1176 1308/1175/1175 1262/1139/1139
f 1284/1161/1161 1338/1177/1177 1256/1131/1131
f 1337/1184/1184 1279/1137/1137 1282/1136/1136
f 1275/1151/1151 1266/1145/1145 1280/1730/1730
f 1290/1157/1157 1280/1730/1730 1266/1145/1145
f 1268/1176/1176 1276/1144/1144 1281/1174/1174
f 1441/687/687 1214/1092/1092 1220/1017/1017
f 1333/1179/1179 1311/1193/1193 1158/975/975
f 1158/975/975 1311/1193/1193 1319/1134/1134
f 1265/1138/1138 1285/1185/1185 1293/1187/1187
f 1265/1138/1138 1289/1731/1731 1294/1127/1127
f 1270/1155/1155 1302/1182/1182 1264/1153/1153
f 1271/1081/1081 1278/1142/1142 1288/1732/1732
f 1326/1214/1214 1296/1172/1172 1267/1173/1173
f 1245/1146/1146 1301/1105/1105 1277/1160/1160
f 1362/1170/1170 1270/1155/1155 1257/1148/1148
f 1302/1182/1182 1292/1189/1189 1264/1153/1153
f 1273/1162/1162 1292/1189/1189 1274/1141/1141
f 1267/1173/1173 1316/1158/1158 1326/1214/1214
f 1280/1730/1730 1295/1205/1205 1275/1151/1151
f 1299/1178/1178 1275/1151/1151 1295/1205/1205
f 1317/1203/1203 1326/1214/1214 1316/1158/1158
f 1280/1730/1730 1290/1157/1157 1298/1204/1204
f 1299/1178/1178 1281/1174/1174 1276/1144/1144
f 1292/1189/1189 1303/1171/1171 1274/1141/1141
f 1303/1171/1171 1288/1732/1732 1278/1142/1142
f 1312/1217/1217 1307/1186/1186 1285/1185/1185
f 1271/1081/1081 1318/1199/1199 1306/1207/1207
f 1272/1180/1180 1359/1194/1194 1282/1136/1136
f 1271/1081/1081 1364/1196/1196 1404/1198/1198
f 1285/1185/1185 1324/1733/1733 1312/1217/1217
f 1289/1731/1731 1297/1220/1220 1294/1127/1127
f 1304/1223/1223 1305/1190/1190 1292/1189/1189
f 1319/1134/1134 1342/1242/1242 1272/1180/1180
f 1281/1174/1174 1299/1178/1178 1347/1200/1200
f 1283/1140/1140 1313/1734/1734 1300/1164/1164
f 1300/1164/1164 1309/1735/1735 1310/1181/1181
f 1307/1186/1186 1297/1220/1220 1293/1187/1187
f 1303/1171/1171 1305/1190/1190 1328/1211/1211
f 1283/1140/1140 1334/1191/1191 1313/1734/1734
f 1333/1179/1179 1341/1234/1234 1311/1193/1193
f 1296/1172/1172 1330/1225/1225 1324/1733/1733
f 1312/1217/1217 1325/1216/1216 1307/1186/1186
f 1297/1220/1220 1307/1186/1186 1320/1221/1221
f 1328/1211/1211 1314/1195/1195 1288/1732/1732
f 1347/1200/1200 1334/1191/1191 1308/1175/1175
f 1298/1204/1204 1297/1220/1220 1351/1219/1219
f 1304/1223/1223 1328/1211/1211 1305/1190/1190
f 1318/1199/1199 1331/1227/1227 1322/1210/1210
f 1341/1234/1234 1369/1233/1233 1311/1193/1193
f 1323/1197/1197 1349/1236/1236 1333/1179/1179
f 1342/1242/1242 1329/1212/1212 1272/1180/1180
f 1334/1191/1191 1335/1257/1257 1313/1734/1734
f 1309/1735/1735 1321/1168/1168 1310/1181/1181
f 1350/1201/1201 1355/1202/1202 1316/1158/1158
f 1315/1188/1188 1348/1209/1209 1327/1222/1222
f 1380/1218/1218 1306/1207/1207 1332/1241/1241
f 1323/1197/1197 1345/1108/1108 1353/1229/1229
f 1311/1193/1193 1369/1233/1233 1336/1192/1192
f 1354/1208/1208 1352/1251/1251 1319/1134/1134
f 1326/1214/1214 1357/1213/1213 1360/1224/1224
f 1347/1200/1200 1335/1257/1257 1334/1191/1191
f 1344/1206/1206 1380/1218/1218 1345/1108/1108
f 1317/1203/1203 1356/1230/1230 1357/1213/1213
f 1322/1210/1210 1331/1227/1227 1390/1283/1283
f 1353/1229/1229 1349/1236/1236 1323/1197/1197
f 1359/1194/1194 1397/1255/1255 1346/1183/1183
f 1336/1192/1192 1369/1233/1233 1354/1208/1208
f 1309/1735/1735 1335/1257/1257 1321/1168/1168
f 1322/1210/1210 1390/1283/1283 1358/1240/1240
f 1332/1241/1241 1358/1240/1240 1368/1267/1267
f 1368/1267/1267 1380/1218/1218 1332/1241/1241
f 1349/1236/1236 1396/1232/1232 1341/1234/1234
f 1329/1212/1212 1342/1242/1242 1411/1264/1264
f 1348/1209/1209 1376/1231/1231 1340/1282/1282
f 1379/1252/1252 1390/1283/1283 1331/1227/1227
f 1373/1271/1271 1339/1215/1215 1343/1226/1226
f 1338/1177/1177 1468/1247/1247 1362/1170/1170
f 1380/1218/1218 1377/1228/1228 1345/1108/1108
f 1349/1236/1236 1365/1736/1736 1396/1232/1232
f 1319/1134/1134 1352/1251/1251 1418/1237/1237
f 1350/1201/1201 1363/1260/1260 1355/1202/1202
f 1339/1215/1215 1373/1271/1271 1399/1243/1243
f 1381/1249/1249 1365/1736/1736 1349/1236/1236
f 1342/1242/1242 1405/1238/1238 1411/1264/1264
f 1357/1213/1213 1367/1256/1256 1360/1224/1224
f 1343/1226/1226 1366/1245/1245 1361/1737/1737
f 1340/1282/1282 1420/1258/1258 1328/1211/1211
f 1393/1263/1263 1451/1738/1738 1354/1208/1208
f 1343/1226/1226 1361/1737/1737 1373/1271/1271
f 1366/1245/1245 1372/1739/1739 1361/1737/1737
f 1384/1253/1253 1375/1262/1262 1369/1233/1233
f 1382/1250/1250 1354/1208/1208 1451/1738/1738
f 1329/1212/1212 1370/1254/1254 1359/1194/1194
f 1355/1202/1202 1386/1268/1268 1356/1230/1230
f 1390/1283/1283 1400/1266/1266 1358/1240/1240
f 1374/1246/1246 1476/1321/1321 1335/1257/1257
f 1340/1282/1282 1376/1231/1231 1395/1305/1305
f 1352/1251/1251 1382/1250/1250 1418/1237/1237
f 1413/1740/1740 1360/1224/1224 1367/1256/1256
f 1366/1245/1245 1360/1224/1224 1371/1301/1301
f 1376/1231/1231 1389/1275/1275 1395/1305/1305
f 1372/1739/1739 1366/1245/1245 1371/1301/1301
f 1360/1224/1224 1413/1740/1740 1371/1301/1301
f 1351/1219/1219 1387/1261/1261 1408/1272/1272
f 1364/1196/1196 1427/1235/1235 1404/1198/1198
f 1368/1267/1267 1421/1276/1276 1380/1218/1218
f 1383/1239/1239 1412/1317/1317 1363/1260/1260
f 1385/1259/1259 1386/1268/1268 1355/1202/1202
f 1372/1739/1739 1414/1270/1270 1361/1737/1737
f 1377/1228/1228 1435/1277/1277 1378/1248/1248
f 1375/1262/1262 1409/1273/1273 1388/1288/1288
f 1382/1250/1250 1451/1738/1738 1417/1329/1329
f 1381/1249/1249 1415/1304/1304 1365/1736/1736
f 1393/1263/1263 1375/1262/1262 1388/1288/1288
f 1391/1300/1300 1372/1739/1739 1371/1301/1301
f 1404/1198/1198 1488/1364/1364 1379/1252/1252
f 1418/1237/1237 1382/1250/1250 1417/1329/1329
f 1397/1255/1255 1442/1292/1292 1407/1297/1297
f 1402/1244/1244 1412/1317/1317 1383/1239/1239
f 1414/1270/1270 1372/1739/1739 1391/1300/1300
f 1395/1305/1305 1454/1281/1281 1340/1282/1282
f 1401/1278/1278 1415/1304/1304 1381/1249/1249
f 1367/1256/1256 1394/1741/1741 1413/1740/1740
f 1367/1256/1256 1426/1310/1310 1394/1741/1741
f 1387/1261/1261 1399/1243/1243 1403/1742/1742
f 1415/1304/1304 1392/1295/1295 1365/1736/1736
f 1388/1288/1288 1409/1273/1273 1410/1286/1286
f 1399/1243/1243 1414/1270/1270 1403/1742/1742
f 1388/1288/1288 1429/1287/1287 1393/1263/1263
f 1370/1254/1254 1436/1265/1265 1406/1316/1316
f 1412/1317/1317 1385/1259/1259 1363/1260/1260
f 1398/1269/1269 1426/1310/1310 1367/1256/1256
f 1413/1740/1740 1453/1299/1299 1371/1301/1301
f 1416/1290/1290 1451/1738/1738 1393/1263/1263
f 1397/1255/1255 1406/1316/1316 1440/1291/1291
f 1426/1310/1310 1437/1324/1324 1394/1741/1741
f 1412/1317/1317 1423/1293/1293 1385/1259/1259
f 1386/1268/1268 1423/1293/1293 1398/1269/1269
f 1394/1741/1741 1437/1324/1324 1413/1740/1740
f 1374/1246/1246 1433/1302/1302 1476/1321/1321
f 1445/1296/1296 1428/1312/1312 1384/1253/1253
f 1384/1253/1253 1428/1312/1312 1409/1273/1273
f 1432/1279/1279 1443/1743/1743 1408/1272/1272
f 1404/1198/1198 1495/1314/1314 1488/1364/1364
f 1451/1738/1738 1496/1327/1327 1417/1329/1329
f 1412/1317/1317 1402/1244/1244 1430/1744/1744
f 1414/1270/1270 1391/1300/1300 1462/1320/1320
f 1414/1270/1270 1449/1349/1349 1403/1742/1742
f 1416/1290/1290 1446/1337/1337 1451/1738/1738
f 1431/1326/1326 1453/1299/1299 1413/1740/1740
f 1414/1270/1270 1462/1320/1320 1449/1349/1349
f 1454/1281/1281 1487/1323/1323 1420/1258/1258
f 1425/1285/1285 1457/1319/1319 1450/1336/1336
f 1429/1287/1287 1410/1286/1286 1439/1313/1313
f 1416/1290/1290 1429/1287/1287 1446/1337/1337
f 1402/1244/1244 1452/1298/1298 1430/1744/1744
f 1430/1744/1744 1459/1318/1318 1412/1317/1317
f 1431/1326/1326 1413/1740/1740 1437/1324/1324
f 1500/1322/1322 1321/1168/1168 1335/1257/1257
f 1379/1252/1252 1488/1364/1364 1434/1284/1284
f 1442/1292/1292 1440/1291/1291 1469/1745/1745
f 1433/1302/1302 1424/1280/1280 1466/1746/1746
f 1421/1276/1276 1484/1339/1339 1435/1277/1277
f 1417/1329/1329 1456/1342/1342 1418/1237/1237
f 1449/1349/1349 1475/1747/1747 1432/1279/1279
f 1427/1235/1235 1487/1323/1323 1495/1314/1314
f 1488/1364/1364 1479/1345/1345 1434/1284/1284
f 1417/1329/1329 1458/1328/1328 1456/1342/1342
f 1398/1269/1269 1419/1307/1307 1460/1309/1309
f 1437/1324/1324 1426/1310/1310 1448/1332/1332
f 1457/1319/1319 1434/1284/1284 1479/1345/1345
f 1445/1296/1296 1446/1337/1337 1429/1287/1287
f 1411/1264/1264 1405/1238/1238 1490/1315/1315
f 1463/1350/1350 1433/1302/1302 1466/1746/1746
f 1442/1292/1292 1465/1748/1748 1452/1298/1298
f 1482/1334/1334 1433/1302/1302 1463/1350/1350
f 1493/1331/1331 1406/1316/1316 1447/1749/1749
f 1467/1343/1343 1430/1744/1744 1452/1298/1298
f 1459/1318/1318 1430/1744/1744 1467/1343/1343
f 1459/1318/1318 1480/1344/1344 1423/1293/1293
f 1480/1344/1344 1419/1307/1307 1423/1293/1293
f 1419/1307/1307 1474/1361/1361 1460/1309/1309
f 1503/1338/1338 1444/1294/1294 1450/1336/1336
f 1451/1738/1738 1446/1337/1337 1471/1750/1750
f 1469/1745/1745 1465/1748/1748 1442/1292/1292
f 1435/1277/1277 1470/1366/1366 1455/1311/1311
f 1451/1738/1738 1471/1750/1750 1496/1327/1327
f 1473/1751/1751 1419/1307/1307 1480/1344/1344
f 1460/1309/1309 1474/1361/1361 1448/1332/1332
f 1443/1743/1743 1475/1747/1747 1502/1348/1348
f 1443/1743/1743 1502/1348/1348 1481/1752/1752
f 1477/1308/1308 1483/1356/1356 1454/1281/1281
f 1422/1306/1306 1455/1311/1311 1470/1366/1366
f 1440/1291/1291 1493/1331/1331 1469/1745/1745
f 1465/1748/1748 1467/1343/1343 1452/1298/1298
f 1419/1307/1307 1473/1751/1751 1474/1361/1361
f 1466/1746/1746 1485/1351/1351 1463/1350/1350
f 1461/1325/1325 1462/1320/1320 1453/1299/1299
f 1321/1168/1168 1500/1322/1322 1518/1355/1355
f 1464/1289/1289 1520/1391/1391 1497/1330/1330
f 1447/1749/1749 1492/1753/1753 1493/1331/1331
f 1468/1247/1247 1530/1405/1405 1486/1274/1274
f 1477/1308/1308 1527/1352/1352 1483/1356/1356
f 1475/1747/1747 1449/1349/1349 1502/1348/1348
f 1466/1746/1746 1481/1752/1752 1485/1351/1351
f 1487/1323/1323 1506/1357/1357 1507/1384/1384
f 1487/1323/1323 1507/1384/1384 1495/1314/1314
f 1495/1314/1314 1509/1359/1359 1488/1364/1364
f 1473/1751/1751 1480/1344/1344 1474/1361/1361
f 1446/1337/1337 1513/1754/1754 1471/1750/1750
f 1501/1404/1404 1472/1755/1755 1478/1368/1368
f 1488/1364/1364 1519/1378/1378 1479/1345/1345
f 1446/1337/1337 1544/1333/1333 1513/1754/1754
f 1481/1752/1752 1514/1373/1373 1485/1351/1351
f 1471/1750/1750 1513/1754/1754 1510/1387/1387
f 1498/1346/1346 1482/1334/1334 1485/1351/1351
f 1495/1314/1314 1507/1384/1384 1508/1375/1375
f 1511/1369/1369 1492/1753/1753 1490/1315/1315
f 1492/1753/1753 1534/1367/1367 1493/1331/1331
f 1502/1348/1348 1514/1373/1373 1481/1752/1752
f 1499/1353/1353 1529/1398/1398 1494/1340/1340
f 1484/1339/1339 1523/1365/1365 1470/1366/1366
f 1513/1754/1754 1544/1333/1333 1562/1424/1424
f 1508/1375/1375 1532/1358/1358 1495/1314/1314
f 1499/1353/1353 1498/1346/1346 1537/1396/1396
f 1500/1322/1322 1535/1374/1374 1512/1354/1354
f 1486/1274/1274 1530/1405/1405 1527/1352/1352
f 1545/1386/1386 1533/1370/1370 1496/1327/1327
f 1504/1347/1347 1524/1389/1389 1520/1391/1391
f 1492/1753/1753 1521/1756/1756 1534/1367/1367
f 1512/1354/1354 1535/1374/1374 1526/1380/1380
f 1503/1338/1338 1489/1335/1335 1541/1377/1377
f 1496/1327/1327 1510/1387/1387 1545/1386/1386
f 1492/1753/1753 1511/1369/1369 1521/1756/1756
f 1488/1364/1364 1548/1757/1757 1519/1378/1378
f 1484/1339/1339 1503/1338/1338 1523/1365/1365
f 1474/1361/1361 1593/1429/1429 1448/1332/1332
f 1537/1396/1396 1498/1346/1346 1517/1379/1379
f 1514/1373/1373 1528/1372/1372 1485/1351/1351
f 1515/1371/1371 1494/1340/1340 1568/1426/1426
f 1547/1363/1363 1548/1757/1757 1488/1364/1364
f 1520/1391/1391 1542/1392/1392 1497/1330/1330
f 1542/1392/1392 1511/1369/1369 1497/1330/1330
f 1485/1351/1351 1528/1372/1372 1516/1362/1362
f 1537/1396/1396 1517/1379/1379 1525/1421/1421
f 1518/1355/1355 1512/1354/1354 1569/1403/1403
f 1546/1376/1376 1508/1375/1375 1507/1384/1384
f 1556/1385/1385 1510/1387/1387 1513/1754/1754
f 1527/1352/1352 1538/1409/1409 1531/1758/1758
f 1533/1370/1370 1524/1389/1389 1504/1347/1347
f 1494/1340/1340 1529/1398/1398 1550/1759/1759
f 1562/1424/1424 1556/1385/1385 1513/1754/1754
f 1597/1360/1360 1593/1429/1429 1474/1361/1361
f 1448/1332/1332 1593/1429/1429 1587/1394/1394
f 1536/1383/1383 1505/1382/1382 1540/1410/1410
f 1549/1393/1393 1521/1756/1756 1511/1369/1369
f 1478/1368/1368 1534/1367/1367 1543/1439/1439
f 1597/1360/1360 1480/1344/1344 1501/1404/1404
f 1512/1354/1354 1551/1381/1381 1569/1403/1403
f 1527/1352/1352 1564/1406/1406 1552/1760/1760
f 1587/1394/1394 1528/1372/1372 1502/1348/1348
f 1550/1759/1759 1529/1398/1398 1567/1397/1397
f 1531/1758/1758 1538/1409/1409 1505/1382/1382
f 1532/1358/1358 1546/1376/1376 1522/1388/1388
f 1534/1367/1367 1549/1393/1393 1543/1439/1439
f 1525/1421/1421 1567/1397/1397 1537/1396/1396
f 1526/1380/1380 1535/1374/1374 1553/1418/1418
f 1526/1380/1380 1553/1418/1418 1561/1401/1401
f 1545/1386/1386 1574/1425/1425 1533/1370/1370
f 1528/1372/1372 1560/1407/1407 1516/1362/1362
f 1539/1399/1399 1515/1371/1371 1568/1426/1426
f 1519/1378/1378 1548/1757/1757 1541/1377/1377
f 1535/1374/1374 1539/1399/1399 1553/1418/1418
f 1541/1377/1377 1548/1757/1757 1555/1415/1415
f 1575/1413/1413 1557/1761/1761 1542/1392/1392
f 1567/1397/1397 1525/1421/1421 1583/1422/1422
f 1579/1395/1395 1589/1414/1414 1546/1376/1376
f 1522/1388/1388 1589/1414/1414 1559/1411/1411
f 1562/1424/1424 1577/1436/1436 1556/1385/1385
f 1549/1393/1393 1557/1761/1761 1543/1439/1439
f 1478/1368/1368 1543/1439/1439 1597/1360/1360
f 1563/1402/1402 1551/1381/1381 1561/1401/1401
f 1547/1363/1363 1559/1411/1411 1565/1431/1431
f 1548/1757/1757 1547/1363/1363 1555/1415/1415
f 1524/1389/1389 1595/1442/1442 1578/1412/1412
f 1567/1397/1397 1568/1426/1426 1550/1759/1759
f 1552/1760/1760 1564/1406/1406 1576/1419/1419
f 1533/1370/1370 1595/1442/1442 1524/1389/1389
f 1557/1761/1761 1570/1438/1438 1543/1439/1439
f 1558/1408/1408 1560/1407/1407 1571/1420/1420
f 1592/1427/1427 1575/1413/1413 1554/1390/1390
f 1561/1401/1401 1581/1417/1417 1573/1433/1433
f 1301/1105/1105 1613/1456/1456 1468/1247/1247
f 1533/1370/1370 1606/1458/1458 1595/1442/1442
f 1562/1424/1424 1572/1454/1454 1577/1436/1436
f 1564/1406/1406 1468/1247/1247 1576/1419/1419
f 1557/1761/1761 1575/1413/1413 1570/1438/1438
f 1587/1394/1394 1594/1434/1434 1528/1372/1372
f 1582/1437/1437 1574/1425/1425 1566/1400/1400
f 1533/1370/1370 1599/1444/1444 1606/1458/1458
f 1580/1447/1447 1569/1403/1403 1573/1433/1433
f 1560/1407/1407 1588/1440/1440 1571/1420/1420
f 1562/1424/1424 1590/1423/1423 1572/1454/1454
f 1578/1412/1412 1596/1441/1441 1600/1448/1448
f 1587/1394/1394 1619/1471/1471 1594/1434/1434
f 1581/1417/1417 1568/1426/1426 1583/1422/1422
f 1592/1427/1427 1601/1463/1463 1575/1413/1413
f 1584/1430/1430 1594/1434/1434 1610/1476/1476
f 1468/1247/1247 1613/1456/1456 1576/1419/1419
f 1614/1416/1416 1735/1522/1522 1523/1365/1365
f 1572/1454/1454 1582/1437/1437 1577/1436/1436
f 1585/1445/1445 1641/1468/1468 1587/1394/1394
f 1585/1445/1445 1593/1429/1429 1639/1508/1508
f 1641/1468/1468 1586/1472/1472 1587/1394/1394
f 1583/1422/1422 1657/1452/1452 1581/1417/1417
f 1581/1417/1417 1657/1452/1452 1611/1435/1435
f 1600/1448/1448 1620/1464/1464 1603/1446/1446
f 1611/1435/1435 1627/1490/1490 1580/1447/1447
f 1574/1425/1425 1640/1455/1455 1615/1492/1492
f 1592/1427/1427 1617/1466/1466 1601/1463/1463
f 1597/1360/1360 1604/1495/1495 1652/1510/1510
f 1597/1360/1360 1652/1510/1510 1609/1428/1428
f 1609/1428/1428 1649/1480/1480 1593/1429/1429
f 1623/1762/1762 1580/1447/1447 1627/1490/1490
f 1214/1092/1092 1613/1456/1456 1301/1105/1105
f 1603/1446/1446 1617/1466/1466 1592/1427/1427
f 1601/1463/1463 1617/1466/1466 1625/1462/1462
f 1597/1360/1360 1608/1461/1461 1604/1495/1495
f 1639/1508/1508 1612/1467/1467 1585/1445/1445
f 1584/1430/1430 1610/1476/1476 1588/1440/1440
f 1616/1449/1449 1607/1459/1459 1597/1360/1360
f 1595/1442/1442 1606/1458/1458 1596/1441/1441
f 1619/1471/1471 1630/1474/1474 1610/1476/1476
f 1588/1440/1440 1605/1475/1475 1598/1443/1443
f 1617/1466/1466 1603/1446/1446 1620/1464/1464
f 1599/1444/1444 1602/1432/1432 1624/1457/1457
f 1622/1450/1450 1701/1763/1763 1643/1500/1500
f 1596/1441/1441 1620/1464/1464 1600/1448/1448
f 1605/1475/1475 1635/1469/1469 1598/1443/1443
f 1637/1451/1451 1621/1764/1764 1616/1449/1449
f 1607/1459/1459 1616/1449/1449 1638/1485/1485
f 1604/1495/1495 1608/1461/1461 1631/1478/1478
f 1586/1472/1472 1641/1468/1468 1633/1470/1470
f 1617/1466/1466 1645/1488/1488 1625/1462/1462
f 1619/1471/1471 1661/1517/1517 1634/1473/1473
f 1657/1452/1452 1627/1490/1490 1611/1435/1435
f 1653/1765/1765 1623/1762/1762 1681/1538/1538
f 1523/1365/1365 1701/1763/1763 1622/1450/1450
f 1617/1466/1466 1628/1465/1465 1645/1488/1488
f 1661/1517/1517 1619/1471/1471 1660/1484/1484
f 1622/1450/1450 1643/1500/1500 1662/1496/1496
f 1632/1481/1481 1636/1514/1514 1624/1457/1457
f 1523/1365/1365 1735/1522/1522 1701/1763/1763
f 1631/1478/1478 1656/1493/1493 1604/1495/1495
f 1609/1428/1428 1652/1510/1510 1659/1479/1479
f 1650/1504/1504 1638/1485/1485 1621/1764/1764
f 1632/1481/1481 1615/1492/1492 1664/1512/1512
f 1658/1519/1519 1676/1489/1489 1657/1452/1452
f 1660/1484/1484 1641/1468/1468 1682/1528/1528
f 1624/1457/1457 1636/1514/1514 1644/1513/1513
f 1650/1504/1504 1667/1534/1534 1638/1485/1485
f 1593/1429/1429 1671/1483/1483 1639/1508/1508
f 1639/1508/1508 1647/1501/1501 1612/1467/1467
f 1634/1473/1473 1661/1517/1517 1675/1511/1511
f 1626/1477/1477 1644/1513/1513 1645/1488/1488
f 1654/1505/1505 1682/1528/1528 1641/1468/1468
f 1646/1482/1482 1677/1506/1506 1666/1503/1503
f 1650/1504/1504 1674/1535/1535 1667/1534/1534
f 1656/1493/1493 1704/1525/1525 1651/1494/1494
f 1668/1507/1507 1672/1766/1766 1639/1508/1508
f 1672/1766/1766 1647/1501/1501 1639/1508/1508
f 1655/1497/1497 1663/1531/1531 1648/1491/1491
f 1656/1493/1493 1638/1485/1485 1690/1526/1526
f 1651/1494/1494 1704/1525/1525 1679/1515/1515
f 1655/1497/1497 1662/1496/1496 1669/1530/1530
f 1683/1767/1767 1684/1518/1518 1635/1469/1469
f 1659/1479/1479 1652/1510/1510 1693/1520/1520
f 1696/1498/1498 1683/1767/1767 1635/1469/1469
f 1701/1763/1763 1735/1522/1522 1665/1499/1499
f 1665/1499/1499 1699/1542/1542 1662/1496/1496
f 1669/1530/1530 1662/1496/1496 1699/1542/1542
f 1663/1531/1531 1685/1539/1539 1664/1512/1512
f 1645/1488/1488 1713/1524/1524 1677/1506/1506
f 1672/1766/1766 1691/1546/1546 1692/1565/1565
f 1682/1528/1528 1703/1549/1549 1680/1516/1516
f 1683/1767/1767 1698/1541/1541 1684/1518/1518
f 1735/1522/1522 1699/1542/1542 1665/1499/1499
f 1673/1529/1529 1685/1539/1539 1663/1531/1531
f 1681/1538/1538 1720/1561/1561 1653/1765/1765
f 1670/1509/1509 1679/1515/1515 1702/1555/1555
f 1710/1523/1523 1672/1766/1766 1692/1565/1565
f 1680/1516/1516 1687/1768/1768 1675/1511/1511
f 1675/1511/1511 1687/1768/1768 1688/1532/1532
f 1673/1529/1529 1706/1543/1543 1685/1539/1539
f 1670/1509/1509 1702/1555/1555 1715/1527/1527
f 1694/1547/1547 1691/1546/1546 1668/1507/1507
f 1683/1767/1767 1696/1498/1498 1697/1551/1551
f 1689/1521/1521 1711/1559/1559 1695/1487/1487
f 1652/1510/1510 1715/1527/1527 1693/1520/1520
f 1687/1768/1768 1680/1516/1516 1703/1549/1549
f 1700/1550/1550 1687/1768/1768 1703/1549/1549
f 1710/1523/1523 1707/1548/1548 1682/1528/1528
f 1683/1767/1767 1697/1551/1551 1698/1541/1541
f 1671/1483/1483 1693/1520/1520 1694/1547/1547
f 1696/1498/1498 1711/1559/1559 1721/1566/1566
f 1703/1549/1549 1717/1556/1556 1700/1550/1550
f 1693/1520/1520 1705/1558/1558 1694/1547/1547
f 1713/1524/1524 1678/1536/1536 1686/1533/1533
f 1704/1525/1525 1736/1554/1554 1679/1515/1515
f 1726/1537/1537 1720/1561/1561 1681/1538/1538
f 1691/1546/1546 1712/1545/1545 1692/1565/1565
f 1703/1549/1549 1707/1548/1548 1717/1556/1556
f 1709/1557/1557 1716/1769/1769 1705/1558/1558
f 1714/1552/1552 1738/1572/1572 1698/1541/1541
f 1705/1558/1558 1748/1564/1564 1712/1545/1545
f 1710/1523/1523 1740/1583/1583 1707/1548/1548
f 1715/1527/1527 1716/1769/1769 1709/1557/1557
f 1712/1545/1545 1748/1564/1564 1692/1565/1565
f 1698/1541/1541 1738/1572/1572 1723/1553/1553
f 1704/1525/1525 1690/1526/1526 1744/1563/1563
f 1719/1770/1770 1716/1769/1769 1715/1527/1527
f 1716/1769/1769 1748/1564/1564 1705/1558/1558
f 1708/1540/1540 1717/1556/1556 1724/1576/1576
f 1718/1544/1544 1727/1574/1574 1711/1559/1559
f 1710/1523/1523 1748/1564/1564 1740/1583/1583
f 1724/1576/1576 1717/1556/1556 1732/1570/1570
f 1708/1540/1540 1724/1576/1576 1729/1569/1569
f 1727/1574/1574 1725/1571/1571 1711/1559/1559
f 1740/1583/1583 1732/1570/1570 1707/1548/1548
f 1690/1526/1526 1678/1536/1536 1744/1563/1563
f 1733/1573/1573 1718/1544/1544 1729/1569/1569
f 1721/1566/1566 1725/1571/1571 1734/1567/1567
f 1720/1561/1561 1728/1560/1560 1760/1594/1594
f 1736/1554/1554 1744/1563/1563 1719/1770/1770
f 1719/1770/1770 1744/1563/1563 1748/1564/1564
f 1734/1567/1567 1738/1572/1572 1722/1562/1562
f 1756/1577/1577 1741/1575/1575 1724/1576/1576
f 1723/1553/1553 1739/1771/1771 1731/1568/1568
f 1728/1560/1560 1726/1537/1537 1742/1579/1579
f 1738/1572/1572 1739/1771/1771 1723/1553/1553
f 1734/1567/1567 1754/1580/1580 1738/1572/1572
f 1742/1579/1579 1747/1592/1592 1728/1560/1560
f 1741/1575/1575 1733/1573/1573 1729/1569/1569
f 1739/1771/1771 1742/1579/1579 1731/1568/1568
f 1739/1771/1771 1743/1587/1587 1742/1579/1579
f 1730/1578/1578 1759/1596/1596 1734/1567/1567
f 1738/1572/1572 1745/1581/1581 1749/1772/1772
f 1747/1592/1592 1742/1579/1579 1752/1588/1588
f 1741/1575/1575 1757/1585/1585 1746/1773/1773
f 1738/1572/1572 1749/1772/1772 1739/1771/1771
f 1746/1773/1773 1737/1590/1590 1733/1573/1573
f 1734/1567/1567 1759/1596/1596 1764/1586/1586
f 1735/1522/1522 1751/1582/1582 1706/1543/1543
f 1746/1773/1773 1770/1595/1595 1737/1590/1590
f 1751/1582/1582 1744/1563/1563 1678/1536/1536
f 1740/1583/1583 1772/1598/1598 1756/1577/1577
f 1739/1771/1771 1749/1772/1772 1750/1591/1591
f 1754/1580/1580 1766/1597/1597 1745/1581/1581
f 1766/1597/1597 1761/1601/1601 1745/1581/1581
f 1745/1581/1581 1761/1601/1601 1762/1604/1604
f 1745/1581/1581 1762/1604/1604 1749/1772/1772
f 1748/1564/1564 1772/1598/1598 1740/1583/1583
f 1772/1598/1598 1755/1584/1584 1756/1577/1577
f 1750/1591/1591 1763/1607/1607 1752/1588/1588
f 1749/1772/1772 1762/1604/1604 1750/1591/1591
f 1753/1593/1593 1763/1607/1607 1775/1606/1606
f 1760/1594/1594 1753/1593/1593 1767/1774/1774
f 1744/1563/1563 1772/1598/1598 1748/1564/1564
f 1768/1602/1602 1764/1586/1586 1759/1596/1596
f 1753/1593/1593 1775/1606/1606 1767/1774/1774
f 1762/1604/1604 1765/1603/1603 1750/1591/1591
f 1751/1582/1582 1772/1598/1598 1744/1563/1563
f 1773/1605/1605 1771/1599/1599 1766/1597/1597
f 1771/1599/1599 1765/1603/1603 1769/1600/1600
f 1767/1774/1774 1775/1606/1606 1776/1609/1609
f 1750/1591/1591 1765/1603/1603 1775/1606/1606
f 1441/687/687 1613/1456/1456 1214/1092/1092
f 1765/1603/1603 1771/1599/1599 1774/1608/1608
f 15/17/17 11/13/13 10/9/9
f 16/15/15 9/8/8 21/24/24
f 23/31/31 12/1611/1611 19/12/12
f 15/17/17 13/14/14 35/23/23
f 26/1613/1613 24/10/10 31/30/30
f 39/33/33 18/22/22 25/21/21
f 72/49/49 37/29/29 56/77/77
f 84/72/72 60/44/44 86/71/71
f 74/58/58 72/49/49 83/78/78
f 100/83/83 65/84/84 80/66/66
f 90/68/68 100/83/83 111/89/89
f 92/80/80 91/79/79 116/96/96
f 75/65/65 83/78/78 100/83/83
f 126/124/124 130/1618/1618 136/1620/1620
f 130/1618/1618 158/162/162 136/1620/1620
f 127/126/126 139/139/139 145/125/125
f 166/147/147 128/135/135 140/1775/1775
f 176/164/164 181/163/163 243/214/214
f 134/138/138 157/160/160 139/139/139
f 148/152/152 174/151/151 160/1622/1622
f 144/150/150 148/152/152 162/154/154
f 169/141/141 149/131/131 163/137/137
f 159/112/112 173/132/132 178/172/172
f 177/1623/1623 151/143/143 150/146/146
f 161/166/166 164/153/153 188/189/189
f 175/186/186 177/1623/1623 155/145/145
f 152/1617/1617 165/1621/1621 190/180/180
f 192/192/192 172/1624/1624 169/141/141
f 155/145/145 172/1624/1624 175/186/186
f 167/144/144 176/164/164 191/175/175
f 162/154/154 186/1625/1625 168/149/149
f 179/173/173 171/165/165 159/112/112
f 178/172/172 173/132/132 207/228/228
f 187/156/156 177/1623/1623 195/187/187
f 184/170/170 156/157/157 187/156/156
f 193/198/198 185/158/158 191/175/175
f 179/173/173 238/224/224 197/181/181
f 220/203/203 192/192/192 183/201/201
f 229/219/219 187/156/156 195/187/187
f 189/184/184 213/193/193 224/212/212
f 236/231/231 198/1627/1627 214/179/179
f 231/252/252 198/1627/1627 236/231/231
f 229/219/219 196/1626/1626 187/156/156
f 247/240/240 194/169/169 215/1628/1628
f 260/237/237 209/155/155 251/1633/1633
f 206/177/177 234/200/200 211/210/210
f 206/177/177 211/210/210 212/205/205
f 196/1626/1626 230/221/221 221/235/235
f 176/164/164 243/214/214 191/175/175
f 251/1633/1633 209/155/155 222/182/182
f 210/206/206 212/205/205 235/246/246
f 240/211/211 213/193/193 220/203/203
f 227/207/207 224/212/212 240/211/211
f 196/1626/1626 229/219/219 230/221/221
f 225/218/218 216/194/194 233/216/216
f 220/203/203 242/1629/1629 240/211/211
f 236/231/231 214/179/179 256/232/232
f 255/226/226 233/216/216 216/194/194
f 255/226/226 244/217/217 233/216/216
f 231/252/252 236/231/231 269/230/230
f 257/242/242 237/195/195 247/240/240
f 284/254/254 251/1633/1633 264/225/225
f 260/237/237 251/1633/1633 284/254/254
f 257/242/242 253/241/241 274/247/247
f 253/241/241 298/264/264 274/247/247
f 267/266/266 245/229/229 272/238/238
f 283/278/278 254/236/236 261/1632/1632
f 258/248/248 265/261/261 271/249/249
f 275/1634/1634 287/272/272 269/230/230
f 270/250/250 274/247/247 288/259/259
f 279/253/253 270/250/250 289/260/260
f 305/265/265 282/1635/1635 284/254/254
f 268/269/269 302/268/268 276/239/239
f 294/255/255 277/220/220 307/284/284
f 267/266/266 305/265/265 291/245/245
f 289/260/260 288/259/259 300/270/270
f 298/264/264 290/215/215 306/263/263
f 304/281/281 306/263/263 314/288/288
f 304/281/281 315/290/290 310/287/287
f 306/263/263 273/257/257 335/297/297
f 314/288/288 317/296/296 320/1639/1639
f 328/1643/1643 323/1636/1636 319/277/277
f 331/313/313 313/299/299 327/303/303
f 324/1644/1644 322/295/295 338/316/316
f 341/1646/1646 332/1641/1641 333/1642/1642
f 341/1646/1646 333/1642/1642 344/334/334
f 350/323/323 338/316/316 336/1645/1645
f 340/311/311 339/304/304 347/324/324
f 358/1647/1647 342/306/306 366/321/321
f 347/324/324 343/319/319 352/318/318
f 341/1646/1646 344/334/334 356/326/326
f 367/309/309 355/322/322 378/341/341
f 371/1649/1649 359/307/307 358/1647/1647
f 371/1649/1649 358/1647/1647 369/1648/1648
f 371/1649/1649 369/1648/1648 373/355/355
f 407/348/348 381/354/354 411/383/383
f 391/345/345 400/376/376 386/375/375
f 384/336/336 393/1651/1651 403/364/364
f 410/1653/1653 385/352/352 426/368/368
f 405/1654/1654 388/358/358 395/356/356
f 398/366/366 397/360/360 415/371/371
f 403/364/364 401/351/351 418/373/373
f 400/376/376 414/379/379 423/1655/1655
f 430/387/387 402/1652/1652 405/1654/1654
f 407/348/348 411/383/383 416/391/391
f 424/380/380 402/1652/1652 430/387/387
f 406/349/349 402/1652/1652 424/380/380
f 411/383/383 399/353/353 410/1653/1653
f 413/357/357 409/367/367 425/377/377
f 411/383/383 410/1653/1653 427/384/384
f 422/343/343 421/382/382 432/395/395
f 437/374/374 423/1655/1655 414/379/379
f 425/377/377 415/371/371 434/400/400
f 449/408/408 437/374/374 414/379/379
f 445/417/417 446/388/388 436/394/394
f 448/399/399 432/395/395 440/402/402
f 459/420/420 438/396/396 448/399/399
f 469/426/426 438/396/396 459/420/420
f 455/405/405 444/397/397 458/416/416
f 449/408/408 441/422/422 470/423/423
f 466/403/403 454/409/409 465/1658/1658
f 456/410/410 455/405/405 467/431/431
f 478/440/440 465/1658/1658 470/423/423
f 478/440/440 466/403/403 465/1658/1658
f 473/435/435 466/403/403 478/440/440
f 493/441/441 469/426/426 477/437/437
f 468/424/424 475/436/436 474/1659/1659
f 479/1662/1662 471/425/425 474/1659/1659
f 471/425/425 479/1662/1662 500/457/457
f 489/411/411 483/432/432 507/464/464
f 473/435/435 531/448/448 499/454/454
f 479/1662/1662 491/456/456 500/457/457
f 488/452/452 487/1661/1661 505/443/443
f 493/441/441 513/1663/1663 522/447/447
f 498/463/463 483/432/432 516/461/461
f 504/446/446 533/449/449 521/473/473
f 506/462/462 507/464/464 498/463/463
f 501/439/439 508/434/434 512/466/466
f 503/429/429 520/458/458 535/485/485
f 520/458/458 500/457/457 519/455/455
f 533/449/449 503/429/429 535/485/485
f 533/449/449 528/474/474 521/473/473
f 537/492/492 514/468/468 536/467/467
f 506/462/462 530/481/481 515/450/450
f 532/490/490 526/502/502 509/1664/1664
f 523/496/496 517/471/471 539/453/453
f 530/481/481 517/471/471 523/496/496
f 525/472/472 512/466/466 524/494/494
f 548/484/484 533/449/449 535/485/485
f 541/497/497 533/449/449 548/484/484
f 572/515/515 546/504/504 549/499/499
f 551/500/500 550/480/480 562/512/512
f 565/544/544 544/477/477 554/509/509
f 556/506/506 563/520/520 571/522/522
f 560/508/508 573/526/526 570/514/514
f 565/544/544 589/527/527 629/556/556
f 571/522/522 563/520/520 584/519/519
f 571/522/522 584/519/519 580/523/523
f 579/532/532 580/523/523 590/530/530
f 569/518/518 579/532/532 586/1776/1776
f 581/536/536 569/518/518 586/1776/1776
f 586/1776/1776 579/532/532 588/531/531
f 583/1666/1666 582/516/516 605/529/529
f 581/536/536 586/1776/1776 591/538/538
f 591/538/538 586/1776/1776 588/531/531
f 601/533/533 605/529/529 596/551/551
f 607/555/555 599/539/539 616/535/535
f 618/550/550 600/549/549 603/558/558
f 631/552/552 608/547/547 601/533/533
f 624/572/572 608/547/547 631/552/552
f 610/1669/1669 613/554/554 617/557/557
f 610/1669/1669 617/557/557 612/559/559
f 621/1671/1671 606/542/542 620/1670/1670
f 613/554/554 616/535/535 638/553/553
f 622/565/565 617/557/557 633/564/564
f 632/1673/1673 621/1671/1671 628/571/571
f 634/578/578 626/570/570 625/566/566
f 639/573/573 626/570/570 634/578/578
f 639/573/573 635/577/577 641/1675/1675
f 641/1675/1675 637/582/582 660/592/592
f 653/588/588 646/574/574 649/585/585
f 648/583/583 652/1677/1677 655/601/601
f 669/612/612 652/1677/1677 650/576/576
f 653/588/588 657/608/608 668/610/610
f 649/585/585 651/1678/1678 657/608/608
f 667/609/609 657/608/608 654/1679/1679
f 654/1679/1679 660/592/592 692/606/606
f 654/1679/1679 692/606/606 667/609/609
f 682/1684/1684 661/597/597 671/1681/1681
f 671/1681/1681 664/602/602 685/631/631
f 661/597/597 682/1684/1684 677/621/621
f 663/596/596 680/587/587 690/619/619
f 683/650/650 715/614/614 662/600/600
f 690/619/619 680/587/587 684/624/624
f 671/1681/1681 685/631/631 714/657/657
f 702/598/598 731/611/611 666/590/590
f 678/623/623 704/622/622 707/626/626
f 698/627/627 727/649/649 695/1687/1687
f 706/630/630 675/591/591 713/669/669
f 718/646/646 704/622/622 719/654/654
f 707/626/626 730/679/679 727/649/649
f 710/635/635 699/1683/1683 749/670/670
f 733/628/628 703/638/638 728/615/615
f 721/672/672 710/635/635 749/670/670
f 763/702/702 722/656/656 767/659/659
f 756/667/667 737/661/661 775/721/721
f 762/678/678 742/1686/1686 751/685/685
f 750/1690/1690 713/669/669 741/668/668
f 736/640/640 746/693/693 754/688/688
f 759/682/682 739/666/666 744/665/665
f 740/683/683 759/682/682 764/691/691
f 756/667/667 775/721/721 798/720/720
f 750/1690/1690 756/667/667 798/720/720
f 788/731/731 771/690/690 768/681/681
f 773/605/605 778/1691/1691 803/714/714
f 782/704/704 773/605/605 790/715/715
f 784/740/740 786/692/692 809/735/735
f 786/692/692 801/736/736 809/735/735
f 804/707/707 780/648/648 822/737/737
f 829/763/763 832/762/762 790/715/715
f 805/723/723 808/695/695 893/764/764
f 814/741/741 831/732/732 841/759/759
f 797/743/743 842/1692/1692 835/744/744
f 840/772/772 841/759/759 831/732/732
f 868/773/773 827/760/760 841/759/759
f 829/763/763 827/760/760 828/761/761
f 828/761/761 827/760/760 834/774/774
f 817/749/749 843/769/769 845/1694/1694
f 866/755/755 825/725/725 904/791/791
f 860/779/779 855/778/778 886/799/799
f 959/784/784 846/766/766 845/1694/1694
f 860/779/779 896/856/856 869/821/821
f 882/822/822 864/1695/1695 936/883/883
f 906/794/794 905/808/808 941/1702/1702
f 936/883/883 858/1696/1696 914/868/868
f 891/800/800 897/820/820 919/860/860
f 888/1698/1698 880/1697/1697 948/851/851
f 936/883/883 914/868/868 1021/884/884
f 968/834/834 883/833/833 937/902/902
f 895/796/796 918/847/847 942/835/835
f 882/822/822 936/883/883 1041/885/885
f 924/818/818 898/812/812 963/843/843
f 906/794/794 941/1702/1702 894/878/878
f 954/919/919 896/856/856 933/840/840
f 1008/857/857 911/848/848 894/878/878
f 921/863/863 903/814/814 929/932/932
f 910/807/807 940/889/889 971/853/853
f 925/831/831 966/881/881 975/1703/1703
f 923/811/811 939/776/776 987/905/905
f 966/881/881 925/831/831 965/879/879
f 954/919/919 933/840/840 953/839/839
f 960/870/870 948/851/851 949/1708/1708
f 920/1701/1701 980/933/933 929/932/932
f 1019/882/882 944/849/849 958/910/910
f 908/768/768 946/788/788 1000/964/964
f 1045/877/877 941/1702/1702 971/853/853
f 975/1703/1703 966/881/881 979/1709/1709
f 1035/912/912 955/895/895 929/932/932
f 988/956/956 967/914/914 945/915/915
f 973/891/891 926/846/846 972/908/908
f 1033/929/929 953/839/839 1025/1699/1699
f 917/842/842 950/906/906 1092/1010/1010
f 964/1700/1700 951/828/828 1046/928/928
f 979/1709/1709 966/881/881 982/1712/1712
f 998/934/934 930/861/861 1018/896/896
f 956/862/862 930/861/861 983/936/936
f 988/956/956 945/915/915 1019/882/882
f 983/936/936 930/861/861 998/934/934
f 982/1712/1712 966/881/881 997/880/880
f 1026/971/971 979/1709/1709 982/1712/1712
f 1016/972/972 979/1709/1709 1026/971/971
f 1021/884/884 935/867/867 1020/958/958
f 969/897/897 1002/886/886 1037/969/969
f 990/962/962 969/897/897 1053/960/960
f 1061/994/994 961/869/869 1054/961/961
f 970/899/899 1011/945/945 1080/965/965
f 1019/882/882 1036/938/938 1058/920/920
f 1061/994/994 1054/961/961 1085/987/987
f 1098/1005/1005 1041/885/885 1090/944/944
f 1073/1716/1716 1031/966/966 1030/947/947
f 1020/958/958 1097/1717/1717 1059/959/959
f 1162/1020/1020 1012/927/927 1081/1000/1000
f 1008/857/857 1045/877/877 1067/954/954
f 1026/971/971 1049/1711/1711 1040/943/943
f 1053/960/960 1037/969/969 1065/1007/1007
f 1129/970/970 1015/951/951 1048/949/949
f 1084/935/935 998/934/934 1136/1013/1013
f 1118/997/997 1036/938/938 1050/913/913
f 1077/1030/1030 1113/977/977 1052/1704/1704
f 1065/1007/1007 1037/969/969 1107/952/952
f 1111/1057/1057 1058/920/920 1142/1001/1001
f 1120/990/990 1106/968/968 1022/926/926
f 1114/1036/1036 1071/1009/1009 1070/1713/1713
f 1071/1009/1009 1114/1036/1036 1115/1008/1008
f 1097/1717/1717 1075/985/985 1149/1722/1722
f 1102/1012/1012 1078/979/979 1161/1042/1042
f 1114/1036/1036 1086/1719/1719 1152/1055/1055
f 1149/1722/1722 1075/985/985 1130/1075/1075
f 1098/1005/1005 1112/1004/1004 1141/1011/1011
f 1156/1006/1006 1099/991/991 1145/1048/1048
f 1094/1015/1015 1147/1014/1014 1134/1720/1720
f 1109/1028/1028 1116/1715/1715 1138/1046/1046
f 1137/1023/1023 1128/995/995 1176/1065/1065
f 1116/1715/1715 1082/996/996 1137/1023/1023
f 1204/1044/1044 1102/1012/1012 1161/1042/1042
f 1159/1068/1068 1131/986/986 1141/1011/1011
f 1144/1038/1038 1131/986/986 1159/1068/1068
f 1106/968/968 1155/1040/1040 1175/1047/1047
f 1191/1029/1029 1132/1031/1031 1150/1097/1097
f 1120/990/990 1185/1060/1060 1155/1040/1040
f 1159/1068/1068 1141/1011/1011 1168/1069/1069
f 1164/1078/1078 1140/984/984 1174/1725/1725
f 1156/1006/1006 1175/1047/1047 1188/1085/1085
f 1179/1063/1063 1163/1016/1016 1202/1103/1103
f 1190/1080/1080 1157/1054/1054 1209/1093/1093
f 1170/1724/1724 1198/1124/1124 1210/1726/1726
f 1186/1079/1079 1185/1060/1060 1199/1128/1128
f 1192/1101/1101 1174/1725/1725 1239/1129/1129
f 1197/1077/1077 1164/1078/1078 1192/1101/1101
f 1203/1070/1070 1224/1082/1082 1199/1128/1128
f 1222/1102/1102 1221/1104/1104 1229/1121/1121
f 1197/1077/1077 1225/1100/1100 1243/1130/1130
f 1187/1052/1052 1213/1095/1095 1259/1113/1113
f 1251/1156/1156 1230/1727/1727 1227/1126/1126
f 1254/1159/1159 1236/1122/1122 1229/1121/1121
f 1233/1110/1110 1241/1150/1150 1247/1149/1149
f 1248/1729/1729 1246/1114/1114 1230/1727/1727
f 1246/1114/1114 1248/1729/1729 1255/1163/1163
f 1237/1154/1154 1247/1149/1149 1270/1155/1155
f 1246/1114/1114 1255/1163/1163 1274/1141/1141
f 1286/1165/1165 1253/1098/1098 1283/1140/1140
f 1264/1153/1153 1248/1729/1729 1251/1156/1156
f 1263/1169/1169 1250/1133/1133 1287/1167/1167
f 1267/1173/1173 1261/1123/1123 1316/1158/1158
f 1269/1152/1152 1256/1131/1131 1338/1177/1177
f 1294/1127/1127 1231/1728/1728 1265/1138/1138
f 1283/1140/1140 1262/1139/1139 1308/1175/1175
f 1293/1187/1187 1289/1731/1731 1265/1138/1138
f 1291/1166/1166 1287/1167/1167 1250/1133/1133
f 1273/1162/1162 1264/1153/1153 1292/1189/1189
f 1285/1185/1185 1296/1172/1172 1324/1733/1733
f 1298/1204/1204 1290/1157/1157 1294/1127/1127
f 1338/1177/1177 1284/1161/1161 1277/1160/1160
f 1280/1730/1730 1298/1204/1204 1295/1205/1205
f 1297/1220/1220 1289/1731/1731 1293/1187/1187
f 1292/1189/1189 1315/1188/1188 1304/1223/1223
f 1271/1081/1081 1288/1732/1732 1314/1195/1195
f 1294/1127/1127 1297/1220/1220 1298/1204/1204
f 1303/1171/1171 1328/1211/1211 1288/1732/1732
f 1347/1200/1200 1299/1178/1178 1295/1205/1205
f 1300/1164/1164 1313/1734/1734 1309/1735/1735
f 1309/1735/1735 1313/1734/1734 1335/1257/1257
f 1343/1226/1226 1312/1217/1217 1324/1733/1733
f 1307/1186/1186 1325/1216/1216 1320/1221/1221
f 1306/1207/1207 1322/1210/1210 1332/1241/1241
f 1343/1226/1226 1324/1733/1733 1330/1225/1225
f 1443/1743/1743 1424/1280/1280 1408/1272/1272
f 1340/1282/1282 1327/1222/1222 1348/1209/1209
f 1327/1222/1222 1340/1282/1282 1328/1211/1211
f 1354/1208/1208 1369/1233/1233 1393/1263/1263
f 1346/1183/1183 1397/1255/1255 1407/1297/1297
f 1383/1239/1239 1337/1184/1184 1402/1244/1244
f 1350/1201/1201 1383/1239/1239 1363/1260/1260
f 1402/1244/1244 1346/1183/1183 1407/1297/1297
f 1373/1271/1271 1361/1737/1737 1414/1270/1270
f 1444/1294/1294 1368/1267/1267 1400/1266/1266
f 1400/1266/1266 1390/1283/1283 1425/1285/1285
f 1377/1228/1228 1380/1218/1218 1435/1277/1277
f 1367/1256/1256 1356/1230/1230 1398/1269/1269
f 1381/1249/1249 1378/1248/1248 1401/1278/1278
f 1397/1255/1255 1370/1254/1254 1406/1316/1316
f 1396/1232/1232 1365/1736/1736 1392/1295/1295
f 1392/1295/1295 1415/1304/1304 1438/1303/1303
f 1401/1278/1278 1435/1277/1277 1422/1306/1306
f 1400/1266/1266 1425/1285/1285 1450/1336/1336
f 1445/1296/1296 1392/1295/1295 1438/1303/1303
f 1409/1273/1273 1439/1313/1313 1410/1286/1286
f 1449/1349/1349 1432/1279/1279 1387/1261/1261
f 1483/1356/1356 1487/1323/1323 1454/1281/1281
f 1449/1349/1349 1387/1261/1261 1403/1742/1742
f 1450/1336/1336 1444/1294/1294 1400/1266/1266
f 1407/1297/1297 1442/1292/1292 1452/1298/1298
f 1481/1752/1752 1466/1746/1746 1424/1280/1280
f 1484/1339/1339 1421/1276/1276 1444/1294/1294
f 1464/1289/1289 1418/1237/1237 1456/1342/1342
f 1439/1313/1313 1428/1312/1312 1445/1296/1296
f 1481/1752/1752 1424/1280/1280 1443/1743/1743
f 1438/1303/1303 1422/1306/1306 1470/1366/1366
f 1406/1316/1316 1490/1315/1315 1447/1749/1749
f 1443/1743/1743 1432/1279/1279 1475/1747/1747
f 1470/1366/1366 1435/1277/1277 1484/1339/1339
f 1503/1338/1338 1450/1336/1336 1489/1335/1335
f 1544/1333/1333 1438/1303/1303 1470/1366/1366
f 1492/1753/1753 1447/1749/1749 1490/1315/1315
f 1469/1745/1745 1472/1755/1755 1465/1748/1748
f 1467/1343/1343 1465/1748/1748 1501/1404/1404
f 1467/1343/1343 1501/1404/1404 1480/1344/1344
f 1496/1327/1327 1471/1750/1750 1510/1387/1387
f 1464/1289/1289 1456/1342/1342 1504/1347/1347
f 1464/1289/1289 1504/1347/1347 1520/1391/1391
f 1465/1748/1748 1472/1755/1755 1501/1404/1404
f 1499/1353/1353 1476/1321/1321 1498/1346/1346
f 1537/1396/1396 1529/1398/1398 1499/1353/1353
f 1472/1755/1755 1469/1745/1745 1478/1368/1368
f 1489/1335/1335 1479/1345/1345 1519/1378/1378
f 1527/1352/1352 1531/1758/1758 1483/1356/1356
f 1483/1356/1356 1531/1758/1758 1505/1382/1382
f 1568/1426/1426 1494/1340/1340 1550/1759/1759
f 1509/1359/1359 1532/1358/1358 1522/1388/1388
f 1552/1760/1760 1538/1409/1409 1527/1352/1352
f 1554/1390/1390 1542/1392/1392 1520/1391/1391
f 1534/1367/1367 1521/1756/1756 1549/1393/1393
f 1517/1379/1379 1516/1362/1362 1558/1408/1408
f 1564/1406/1406 1527/1352/1352 1530/1405/1405
f 1579/1395/1395 1536/1383/1383 1540/1410/1410
f 1549/1393/1393 1542/1392/1392 1557/1761/1761
f 1517/1379/1379 1558/1408/1408 1571/1420/1420
f 1619/1471/1471 1610/1476/1476 1594/1434/1434
f 1573/1433/1433 1563/1402/1402 1561/1401/1401
f 1555/1415/1415 1547/1363/1363 1565/1431/1431
f 1566/1400/1400 1556/1385/1385 1582/1437/1437
f 1565/1431/1431 1559/1411/1411 1589/1414/1414
f 1568/1426/1426 1567/1397/1397 1583/1422/1422
f 1637/1451/1451 1575/1413/1413 1601/1463/1463
f 1574/1425/1425 1615/1492/1492 1602/1432/1432
f 1619/1471/1471 1587/1394/1394 1586/1472/1472
f 1640/1455/1455 1582/1437/1437 1591/1453/1453
f 1638/1485/1485 1616/1449/1449 1621/1764/1764
f 1618/1460/1460 1607/1459/1459 1629/1486/1486
f 1591/1453/1453 1622/1450/1450 1662/1496/1496
f 1602/1432/1432 1615/1492/1492 1632/1481/1481
f 1605/1475/1475 1610/1476/1476 1630/1474/1474
f 1621/1764/1764 1637/1451/1451 1650/1504/1504
f 1623/1762/1762 1627/1490/1490 1681/1538/1538
f 1625/1462/1462 1645/1488/1488 1646/1482/1482
f 1631/1478/1478 1618/1460/1460 1629/1486/1486
f 1652/1510/1510 1604/1495/1495 1651/1494/1494
f 1633/1470/1470 1641/1468/1468 1660/1484/1484
f 1648/1491/1491 1664/1512/1512 1615/1492/1492
f 1632/1481/1481 1664/1512/1512 1636/1514/1514
f 1626/1477/1477 1624/1457/1457 1644/1513/1513
f 1637/1451/1451 1646/1482/1482 1666/1503/1503
f 1630/1474/1474 1642/1502/1502 1689/1521/1521
f 1627/1490/1490 1676/1489/1489 1681/1538/1538
f 1638/1485/1485 1667/1534/1534 1690/1526/1526
f 1643/1500/1500 1701/1763/1763 1665/1499/1499
f 1648/1491/1491 1663/1531/1531 1664/1512/1512
f 1650/1504/1504 1666/1503/1503 1674/1535/1535
f 1666/1503/1503 1677/1506/1506 1686/1533/1533
f 1691/1546/1546 1672/1766/1766 1668/1507/1507
f 1682/1528/1528 1654/1505/1505 1710/1523/1523
f 1680/1516/1516 1661/1517/1517 1682/1528/1528
f 1668/1507/1507 1671/1483/1483 1694/1547/1547
f 1674/1535/1535 1666/1503/1503 1686/1533/1533
f 1647/1501/1501 1672/1766/1766 1710/1523/1523
f 1669/1530/1530 1699/1542/1542 1673/1529/1529
f 1678/1536/1536 1667/1534/1534 1686/1533/1533
f 1687/1768/1768 1700/1550/1550 1688/1532/1532
f 1736/1554/1554 1715/1527/1527 1702/1555/1555
f 1697/1551/1551 1696/1498/1498 1721/1566/1566
f 1696/1498/1498 1695/1487/1487 1711/1559/1559
f 1694/1547/1547 1705/1558/1558 1712/1545/1545
f 1719/1770/1770 1715/1527/1527 1736/1554/1554
f 1748/1564/1564 1716/1769/1769 1719/1770/1770
f 1733/1573/1573 1737/1590/1590 1730/1578/1578
f 1733/1573/1573 1741/1575/1575 1746/1773/1773
f 1756/1577/1577 1755/1584/1584 1741/1575/1575
f 1743/1587/1587 1739/1771/1771 1750/1591/1591
f 1746/1773/1773 1757/1585/1585 1770/1595/1595
f 1753/1593/1593 1747/1592/1592 1752/1588/1588
f 1763/1607/1607 1753/1593/1593 1752/1588/1588
f 1759/1596/1596 1758/1589/1589 1768/1602/1602
f 1761/1601/1601 1766/1597/1597 1771/1599/1599
f 1762/1604/1604 1761/1601/1601 1769/1600/1600
f 156/157/157 157/160/160 134/138/138
f 533/449/449 541/497/497 528/474/474
f 837/757/757 853/783/783 843/769/769
f 1022/926/926 1023/922/922 1009/874/874
f 1021/884/884 914/868/868 935/867/867
f 1320/1221/1221 1339/1215/1215 1399/1243/1243
f 1227/1126/1126 1230/1727/1727 1217/1115/1115
f 1493/1331/1331 1478/1368/1368 1469/1745/1745
f 1552/1760/1760 1576/1419/1419 1538/1409/1409
f 4/998/998 2/1/1 1/3/3
f 837/757/757 877/792/792 853/783/783
f 1022/926/926 1106/968/968 1023/922/922
f 1320/1221/1221 1325/1216/1216 1339/1215/1215
